district_geoid,district_state,district_number,county_fips,overlap_weight
0101,01,01,01003,0.277401
0101,01,01,01053,0.140651
0101,01,01,01097,0.214506
0101,01,01,01099,0.178963
0101,01,01,01129,0.188478
0102,01,02,01001,0.057116
0102,01,02,01005,0.085033
0102,01,02,01011,0.059841
0102,01,02,01013,0.07464
0102,01,02,01031,0.065238
0102,01,02,01035,0.081696
0102,01,02,01039,0.099019
0102,01,02,01041,0.058501
0102,01,02,01045,0.053913
0102,01,02,01051,0.059428
0102,01,02,01053,0.013385
0102,01,02,01061,0.055197
0102,01,02,01067,0.053975
0102,01,02,01069,0.055711
0102,01,02,01101,0.062733
0102,01,02,01109,0.064573
0103,01,03,01015,0.073393
0103,01,03,01017,0.072263
0103,01,03,01019,0.06705
0103,01,03,01021,0.019575
0103,01,03,01027,0.07316
0103,01,03,01029,0.067847
0103,01,03,01037,0.078846
0103,01,03,01081,0.073593
0103,01,03,01087,0.073729
0103,01,03,01111,0.070324
0103,01,03,01113,0.077668
0103,01,03,01115,0.076504
0103,01,03,01121,0.089253
0103,01,03,01123,0.086795
0104,01,04,01033,0.067335
0104,01,04,01043,0.083436
0104,01,04,01049,0.088244
0104,01,04,01055,0.060766
0104,01,04,01057,0.071279
0104,01,04,01059,0.071987
0104,01,04,01075,0.068686
0104,01,04,01077,0.037369
0104,01,04,01079,0.078433
0104,01,04,01093,0.0843
0104,01,04,01095,0.064257
0104,01,04,01125,0.064466
0104,01,04,01127,0.089829
0104,01,04,01133,0.069611
0105,01,05,01071,0.321011
0105,01,05,01077,0.100929
0105,01,05,01083,0.166746
0105,01,05,01089,0.2387
0105,01,05,01103,0.172614
0106,01,06,01007,0.193476
0106,01,06,01009,0.200445
0106,01,06,01021,0.16512
0106,01,06,01073,0.196829
0106,01,06,01117,0.24413
0107,01,07,01023,0.084027
0107,01,07,01025,0.113917
0107,01,07,01047,0.09003
0107,01,07,01063,0.059517
0107,01,07,01065,0.059238
0107,01,07,01073,0.043994
0107,01,07,01085,0.06587
0107,01,07,01091,0.089861
0107,01,07,01101,0.012183
0107,01,07,01105,0.066199
0107,01,07,01107,0.081077
0107,01,07,01119,0.083139
0107,01,07,01125,0.06928
0107,01,07,01131,0.08167
0200,02,00,02013,0.012233
0200,02,00,02016,0.007693
0200,02,00,02020,0.002989
0200,02,00,02050,0.071148
0200,02,00,02060,0.000844
0200,02,00,02063,0.016689
0200,02,00,02066,0.043242
0200,02,00,02068,0.022138
0200,02,00,02070,0.032107
0200,02,00,02090,0.012845
0200,02,00,02100,0.004104
0200,02,00,02105,0.01148
0200,02,00,02110,0.004735
0200,02,00,02122,0.02805
0200,02,00,02130,0.008506
0200,02,00,02150,0.011714
0200,02,00,02158,0.029906
0200,02,00,02164,0.041735
0200,02,00,02170,0.043268
0200,02,00,02180,0.040225
0200,02,00,02185,0.155552
0200,02,00,02188,0.062455
0200,02,00,02195,0.00508
0200,02,00,02198,0.009225
0200,02,00,02220,0.005026
0200,02,00,02230,0.00076
0200,02,00,02240,0.043485
0200,02,00,02275,0.004476
0200,02,00,02282,0.01335
0200,02,00,02290,0.254938
0401,04,01,04013,1.0
0402,04,02,04001,0.191905
0402,04,02,04005,0.319028
0402,04,02,04007,0.081526
0402,04,02,04009,0.02887
0402,04,02,04013,0.002566
0402,04,02,04015,0.016133
0402,04,02,04017,0.170504
0402,04,02,04021,0.050267
0402,04,02,04025,0.139201
0403,04,03,04013,1.0
0404,04,04,04013,1.0
0405,04,05,04013,0.5624
0405,04,05,04021,0.4376
0406,04,06,04003,0.421595
0406,04,06,04009,0.214542
0406,04,06,04011,0.134555
0406,04,06,04019,0.130107
0406,04,06,04021,0.099201
0407,04,07,04003,0.028399
0407,04,07,04013,0.195608
0407,04,07,04019,0.480457
0407,04,07,04021,0.058202
0407,04,07,04023,0.080184
0407,04,07,04027,0.15715
0408,04,08,04013,1.0
0409,04,09,04012,0.193573
0409,04,09,04013,0.139955
0409,04,09,04015,0.533408
0409,04,09,04027,0.133064
0501,05,01,05001,0.049982
0501,05,01,05005,0.027906
0501,05,01,05009,0.029709
0501,05,01,05017,0.03209
0501,05,01,05021,0.032203
0501,05,01,05031,0.035625
0501,05,01,05035,0.030875
0501,05,01,05037,0.031049
0501,05,01,05041,0.037341
0501,05,01,05049,0.031136
0501,05,01,05055,0.029085
0501,05,01,05063,0.038474
0501,05,01,05065,0.029228
0501,05,01,05067,0.03192
0501,05,01,05075,0.029599
0501,05,01,05077,0.030217
0501,05,01,05079,0.028185
0501,05,01,05085,0.038864
0501,05,01,05089,0.030058
0501,05,01,05093,0.045446
0501,05,01,05095,0.030603
0501,05,01,05107,0.034779
0501,05,01,05111,0.038202
0501,05,01,05117,0.032621
0501,05,01,05119,0.005906
0501,05,01,05121,0.032842
0501,05,01,05123,0.031979
0501,05,01,05129,0.033544
0501,05,01,05135,0.03046
0501,05,01,05137,0.030551
0501,05,01,05147,0.02952
0502,05,02,05023,0.104488
0502,05,02,05029,0.104103
0502,05,02,05045,0.122084
0502,05,02,05105,0.104001
0502,05,02,05119,0.099962
0502,05,02,05125,0.136473
0502,05,02,05141,0.133838
0502,05,02,05145,0.195049
0503,05,03,05007,0.203549
0503,05,03,05015,0.151256
0503,05,03,05033,0.142932
0503,05,03,05087,0.200309
0503,05,03,05131,0.075895
0503,05,03,05143,0.226059
0504,05,04,05003,0.040813
0504,05,04,05011,0.028627
0504,05,04,05013,0.02772
0504,05,04,05019,0.038188
0504,05,04,05025,0.026367
0504,05,04,05027,0.033782
0504,05,04,05039,0.029428
0504,05,04,05043,0.036543
0504,05,04,05047,0.026854
0504,05,04,05051,0.029883
0504,05,04,05053,0.027865
0504,05,04,05057,0.032068
0504,05,04,05059,0.027118
0504,05,04,05061,0.0259
0504,05,04,05069,0.03847
0504,05,04,05071,0.029149
0504,05,04,05073,0.023349
0504,05,04,05081,0.023427
0504,05,04,05083,0.031271
0504,05,04,05091,0.027519
0504,05,04,05097,0.034417
0504,05,04,05099,0.027243
0504,05,04,05101,0.036208
0504,05,04,05103,0.032312
0504,05,04,05109,0.026474
0504,05,04,05113,0.037785
0504,05,04,05115,0.035769
0504,05,04,05119,0.0049
0504,05,04,05127,0.039373
0504,05,04,05131,0.009486
0504,05,04,05133,0.024853
0504,05,04,05139,0.045821
0504,05,04,05149,0.041021
0601,06,01,06007,0.062004
0601,06,01,06011,0.043599
0601,06,01,06021,0.049784
0601,06,01,06035,0.172064
0601,06,01,06049,0.149593
0601,06,01,06089,0.143049
0601,06,01,06093,0.237893
0601,06,01,06101,0.022835
0601,06,01,06103,0.111738
0601,06,01,06115,0.007441
0602,06,02,06015,0.077173
0602,06,02,06023,0.273662
0602,06,02,06041,0.039914
0602,06,02,06045,0.268955
0602,06,02,06075,1e-06
0602,06,02,06097,0.096462
0602,06,02,06105,0.243833
0603,06,03,06003,0.034077
0603,06,03,06017,0.059534
0603,06,03,06027,0.470641
0603,06,03,06051,0.140718
0603,06,03,06057,0.044204
0603,06,03,06061,0.064942
0603,06,03,06063,0.117833
0603,06,03,06067,0.003953
0603,06,03,06091,0.043992
0603,06,03,06115,0.020105
0604,06,04,06033,0.332408
0604,06,04,06055,0.197949
0604,06,04,06095,0.126721
0604,06,04,06097,0.084094
0604,06,04,06113,0.258828
0605,06,05,06005,0.060625
0605,06,05,06009,0.104003
0605,06,05,06017,0.042613
0605,06,05,06019,0.217469
0605,06,05,06039,0.149159
0605,06,05,06043,0.147726
0605,06,05,06099,0.051957
0605,06,05,06109,0.226448
0606,06,06,06067,1.0
0607,06,07,06067,0.92308
0607,06,07,06095,0.02354
0607,06,07,06113,0.05338
0608,06,08,06013,0.321078
0608,06,08,06095,0.678922
0609,06,09,06013,0.026867
0609,06,09,06077,0.866083
0609,06,09,06099,0.107049
0610,06,10,06001,0.02087
0610,06,10,06013,0.97913
0611,06,11,06075,1.0
0612,06,12,06001,0.999496
0612,06,12,06075,0.000504
0613,06,13,06019,0.415179
0613,06,13,06039,0.107114
0613,06,13,06047,0.307981
0613,06,13,06077,0.035878
0613,06,13,06099,0.133848
0614,06,14,06001,1.0
0615,06,15,06075,0.045342
0615,06,15,06081,0.954658
0616,06,16,06081,0.638176
0616,06,16,06085,0.361824
0617,06,17,06001,0.296514
0617,06,17,06085,0.703486
0618,06,18,06053,0.52324
0618,06,18,06069,0.303669
0618,06,18,06085,0.163399
0618,06,18,06087,0.009693
0619,06,19,06053,0.315629
0619,06,19,06079,0.461735
0619,06,19,06085,0.080342
0619,06,19,06087,0.142295
0620,06,20,06019,0.078284
0620,06,20,06029,0.544689
0620,06,20,06031,0.024797
0620,06,20,06107,0.35223
0621,06,21,06019,0.51133
0621,06,21,06107,0.48867
0622,06,22,06029,0.505591
0622,06,22,06031,0.266892
0622,06,22,06107,0.227517
0623,06,23,06029,0.038145
0623,06,23,06037,0.020402
0623,06,23,06071,0.941454
0624,06,24,06079,0.409391
0624,06,24,06083,0.559528
0624,06,24,06111,0.031081
0625,06,25,06025,0.349247
0625,06,25,06065,0.434925
0625,06,25,06071,0.215828
0626,06,26,06037,0.017262
0626,06,26,06111,0.982738
0627,06,27,06037,1.0
0628,06,28,06037,0.746735
0628,06,28,06071,0.253265
0629,06,29,06037,1.0
0630,06,30,06037,1.0
0631,06,31,06037,1.0
0632,06,32,06037,0.987673
0632,06,32,06111,0.012327
0633,06,33,06071,1.0
0634,06,34,06037,1.0
0635,06,35,06037,0.127982
0635,06,35,06065,0.061987
0635,06,35,06071,0.810031
0636,06,36,06037,1.0
0637,06,37,06037,1.0
0638,06,38,06037,0.949381
0638,06,38,06059,0.050619
0639,06,39,06065,1.0
0640,06,40,06059,0.875614
0640,06,40,06065,0.020267
0640,06,40,06071,0.104118
0641,06,41,06065,1.0
0642,06,42,06037,1.0
0643,06,43,06037,1.0
0644,06,44,06037,1.0
0645,06,45,06037,0.111203
0645,06,45,06059,0.888797
0646,06,46,06059,1.0
0647,06,47,06059,1.0
0648,06,48,06065,0.104884
0648,06,48,06073,0.895116
0649,06,49,06059,0.207377
0649,06,49,06073,0.792623
0650,06,50,06073,1.0
0651,06,51,06073,1.0
0652,06,52,06073,1.0
0801,08,01,08005,0.007516
0801,08,01,08031,0.992435
0801,08,01,08059,5e-05
0802,08,02,08013,0.063466
0802,08,02,08014,2.1e-05
0802,08,02,08019,0.034519
0802,08,02,08037,0.108538
0802,08,02,08047,0.013108
0802,08,02,08049,0.161331
0802,08,02,08057,0.140998
0802,08,02,08059,0.002849
0802,08,02,08069,0.212107
0802,08,02,08107,0.206379
0802,08,02,08117,0.053152
0802,08,02,08123,0.003533
0803,08,03,08003,0.014467
0803,08,03,08007,0.027029
0803,08,03,08021,0.025774
0803,08,03,08023,0.024576
0803,08,03,08029,0.022865
0803,08,03,08033,0.021365
0803,08,03,08037,0.008854
0803,08,03,08045,0.059007
0803,08,03,08051,0.064847
0803,08,03,08053,0.022367
0803,08,03,08055,0.031852
0803,08,03,08067,0.033827
0803,08,03,08071,0.095554
0803,08,03,08077,0.066641
0803,08,03,08079,0.017533
0803,08,03,08081,0.094959
0803,08,03,08083,0.040627
0803,08,03,08085,0.044863
0803,08,03,08089,0.025264
0803,08,03,08091,0.010824
0803,08,03,08097,0.019433
0803,08,03,08101,0.047779
0803,08,03,08103,0.064483
0803,08,03,08105,0.018257
0803,08,03,08109,0.063434
0803,08,03,08111,0.007758
0803,08,03,08113,0.02576
0804,08,04,08001,0.0259
0804,08,04,08005,0.018846
0804,08,04,08009,0.0795
0804,08,04,08011,0.047073
0804,08,04,08017,0.055332
0804,08,04,08025,0.024501
0804,08,04,08035,0.026026
0804,08,04,08039,0.05759
0804,08,04,08041,0.020348
0804,08,04,08061,0.055007
0804,08,04,08063,0.067235
0804,08,04,08069,0.004394
0804,08,04,08073,0.080206
0804,08,04,08075,0.057209
0804,08,04,08087,0.039843
0804,08,04,08095,0.021405
0804,08,04,08099,0.05098
0804,08,04,08115,0.017053
0804,08,04,08121,0.078352
0804,08,04,08123,0.099629
0804,08,04,08125,0.07357
0805,08,05,08041,1.0
0806,08,06,08001,0.304159
0806,08,06,08005,0.623042
0806,08,06,08031,0.001101
0806,08,06,08035,0.012462
0806,08,06,08059,0.059236
0807,08,07,08001,8.1e-05
0807,08,07,08013,2e-06
0807,08,07,08014,0.004571
0807,08,07,08015,0.141514
0807,08,07,08027,0.103143
0807,08,07,08041,0.000102
0807,08,07,08043,0.214193
0807,08,07,08059,0.099649
0807,08,07,08065,0.052634
0807,08,07,08093,0.306306
0807,08,07,08119,0.077791
0807,08,07,08123,1.5e-05
0808,08,08,08001,0.238134
0808,08,08,08069,0.026717
0808,08,08,08123,0.735149
0901,09,01,09003,0.65823
0901,09,01,09005,0.262369
0901,09,01,09007,0.079401
0902,09,02,09003,0.069501
0902,09,02,09007,0.126748
0902,09,02,09009,0.017885
0902,09,02,09011,0.329054
0902,09,02,09013,0.20303
0902,09,02,09015,0.253781
0903,09,03,09001,0.072411
0903,09,03,09007,0.128748
0903,09,03,09009,0.798842
0904,09,04,09001,0.926389
0904,09,04,09009,0.073611
0905,09,05,09001,0.143295
0905,09,05,09003,0.130311
0905,09,05,09005,0.600498
0905,09,05,09009,0.125896
1000,10,00,10001,0.300767
1000,10,00,10003,0.218796
1000,10,00,10005,0.480436
1198,11,98,11001,1.0
1201,12,01,12033,0.205439
1201,12,01,12091,0.290867
1201,12,01,12113,0.316573
1201,12,01,12131,0.187121
1202,12,02,12005,0.07699
1202,12,02,12013,0.057576
1202,12,02,12037,0.055307
1202,12,02,12039,0.052404
1202,12,02,12045,0.056167
1202,12,02,12059,0.048596
1202,12,02,12063,0.093181
1202,12,02,12065,0.060696
1202,12,02,12067,0.004366
1202,12,02,12073,0.067835
1202,12,02,12077,0.084796
1202,12,02,12079,0.070687
1202,12,02,12123,0.105882
1202,12,02,12129,0.061542
1202,12,02,12131,0.044641
1202,12,02,12133,0.059335
1203,12,03,12001,0.11959
1203,12,03,12003,0.079928
1203,12,03,12007,0.040148
1203,12,03,12023,0.108926
1203,12,03,12029,0.09629
1203,12,03,12041,0.04776
1203,12,03,12047,0.07024
1203,12,03,12067,0.068332
1203,12,03,12075,0.152721
1203,12,03,12083,0.088758
1203,12,03,12121,0.094044
1203,12,03,12125,0.033264
1204,12,04,12019,0.339278
1204,12,04,12031,0.296715
1204,12,04,12089,0.364007
1205,12,05,12031,0.395073
1205,12,05,12109,0.604927
1206,12,06,12035,0.142579
1206,12,06,12069,0.128558
1206,12,06,12083,0.275229
1206,12,06,12107,0.213594
1206,12,06,12109,0.071121
1206,12,06,12127,0.168919
1207,12,07,12095,1.2e-05
1207,12,07,12117,0.370654
1207,12,07,12127,0.629334
1208,12,08,12009,0.618779
1208,12,08,12061,0.306539
1208,12,08,12095,0.074682
1209,12,09,12095,0.158354
1209,12,09,12097,0.804372
1209,12,09,12105,0.037275
1210,12,10,12095,1.0
1211,12,11,12069,0.321001
1211,12,11,12095,0.163498
1211,12,11,12105,0.166995
1211,12,11,12119,0.348505
1212,12,12,12017,0.35253
1212,12,12,12053,0.286526
1212,12,12,12083,0.0
1212,12,12,12101,0.360944
1213,12,13,12103,1.0
1214,12,14,12057,0.828423
1214,12,14,12103,0.171577
1215,12,15,12057,0.592734
1215,12,15,12101,0.230508
1215,12,15,12105,0.176758
1216,12,16,12057,0.356593
1216,12,16,12081,0.643407
1217,12,17,12015,0.468565
1217,12,17,12071,0.148942
1217,12,17,12115,0.382493
1218,12,18,12021,0.01109
1218,12,18,12027,0.098727
1218,12,18,12043,0.125108
1218,12,18,12049,0.098863
1218,12,18,12051,0.179244
1218,12,18,12055,0.157801
1218,12,18,12093,0.119268
1218,12,18,12105,0.209898
1219,12,19,12021,0.168927
1219,12,19,12071,0.831073
1220,12,20,12011,0.411356
1220,12,20,12099,0.588644
1221,12,21,12085,0.361086
1221,12,21,12099,0.259344
1221,12,21,12111,0.37957
1222,12,22,12099,1.0
1223,12,23,12011,0.657792
1223,12,23,12099,0.342208
1224,12,24,12011,0.104134
1224,12,24,12086,0.895866
1225,12,25,12011,1.0
1226,12,26,12021,0.787052
1226,12,26,12086,0.212948
1227,12,27,12086,1.0
1228,12,28,12086,0.550016
1228,12,28,12087,0.449984
1301,13,01,13001,0.069053
1301,13,01,13005,0.038595
1301,13,01,13025,0.060217
1301,13,01,13029,0.059446
1301,13,01,13039,0.08564
1301,13,01,13049,0.105981
1301,13,01,13051,0.058843
1301,13,01,13103,0.026428
1301,13,01,13127,0.057011
1301,13,01,13179,0.070167
1301,13,01,13183,0.054396
1301,13,01,13191,0.058603
1301,13,01,13229,0.046254
1301,13,01,13299,0.12217
1301,13,01,13305,0.087196
1302,13,02,13007,0.034357
1302,13,02,13021,0.01951
1302,13,02,13037,0.02817
1302,13,02,13053,0.024991
1302,13,02,13061,0.019632
1302,13,02,13079,0.032644
1302,13,02,13087,0.060005
1302,13,02,13093,0.039448
1302,13,02,13095,0.033019
1302,13,02,13099,0.051501
1302,13,02,13131,0.04566
1302,13,02,13153,0.004813
1302,13,02,13177,0.035756
1302,13,02,13193,0.040255
1302,13,02,13197,0.036744
1302,13,02,13201,0.028375
1302,13,02,13205,0.051457
1302,13,02,13215,0.018417
1302,13,02,13225,0.015099
1302,13,02,13239,0.015195
1302,13,02,13243,0.043025
1302,13,02,13249,0.016769
1302,13,02,13253,0.023866
1302,13,02,13259,0.046091
1302,13,02,13261,0.048515
1302,13,02,13263,0.039322
1302,13,02,13269,0.037846
1302,13,02,13273,0.033737
1302,13,02,13275,0.054719
1302,13,02,13307,0.021064
1303,13,03,13045,0.119805
1303,13,03,13077,0.105868
1303,13,03,13097,0.025854
1303,13,03,13113,0.03905
1303,13,03,13143,0.067727
1303,13,03,13145,0.111324
1303,13,03,13149,0.071041
1303,13,03,13151,0.011175
1303,13,03,13171,0.044045
1303,13,03,13199,0.12023
1303,13,03,13215,0.007966
1303,13,03,13231,0.051866
1303,13,03,13255,0.047038
1303,13,03,13285,0.099372
1303,13,03,13293,0.07764
1304,13,04,13089,0.518571
1304,13,04,13217,0.165988
1304,13,04,13247,0.315441
1305,13,05,13063,0.089219
1305,13,05,13089,0.218584
1305,13,05,13121,0.692198
1306,13,06,13057,0.172331
1306,13,06,13067,0.088451
1306,13,06,13085,0.271118
1306,13,06,13117,0.288851
1306,13,06,13121,0.154145
1306,13,06,13135,0.025104
1307,13,07,13121,0.108188
1307,13,07,13135,0.891812
1308,13,08,13003,0.031361
1308,13,08,13009,0.023673
1308,13,08,13017,0.022888
1308,13,08,13019,0.041487
1308,13,08,13021,0.005051
1308,13,08,13023,0.019754
1308,13,08,13027,0.04513
1308,13,08,13065,0.074578
1308,13,08,13069,0.054197
1308,13,08,13071,0.050058
1308,13,08,13075,0.020905
1308,13,08,13081,0.024952
1308,13,08,13091,0.045384
1308,13,08,13101,0.03847
1308,13,08,13153,0.030028
1308,13,08,13155,0.032427
1308,13,08,13161,0.030282
1308,13,08,13169,0.036049
1308,13,08,13173,0.017985
1308,13,08,13185,0.045501
1308,13,08,13207,0.036245
1308,13,08,13235,0.022809
1308,13,08,13271,0.040017
1308,13,08,13277,0.023873
1308,13,08,13287,0.026118
1308,13,08,13289,0.032875
1308,13,08,13315,0.034572
1308,13,08,13319,0.041106
1308,13,08,13321,0.052224
1309,13,09,13011,0.059678
1309,13,09,13111,0.099312
1309,13,09,13119,0.067049
1309,13,09,13123,0.109345
1309,13,09,13135,0.032597
1309,13,09,13137,0.071031
1309,13,09,13139,0.100821
1309,13,09,13147,0.059628
1309,13,09,13187,0.072589
1309,13,09,13241,0.094958
1309,13,09,13257,0.045888
1309,13,09,13281,0.04271
1309,13,09,13291,0.082631
1309,13,09,13311,0.061763
1310,13,10,13013,0.032108
1310,13,10,13035,0.036624
1310,13,10,13059,0.023771
1310,13,10,13105,0.070003
1310,13,10,13133,0.077264
1310,13,10,13141,0.093922
1310,13,10,13151,0.035633
1310,13,10,13157,0.067722
1310,13,10,13159,0.073453
1310,13,10,13195,0.05629
1310,13,10,13211,0.069267
1310,13,10,13217,0.040971
1310,13,10,13219,0.036754
1310,13,10,13221,0.087541
1310,13,10,13237,0.068723
1310,13,10,13265,0.038801
1310,13,10,13297,0.065162
1310,13,10,13317,0.02599
1311,13,11,13015,0.401767
1311,13,11,13057,0.251327
1311,13,11,13067,0.143742
1311,13,11,13227,0.203164
1312,13,12,13031,0.070173
1312,13,12,13033,0.085856
1312,13,12,13043,0.025232
1312,13,12,13073,0.030125
1312,13,12,13103,0.029514
1312,13,12,13107,0.070652
1312,13,12,13109,0.018987
1312,13,12,13125,0.014922
1312,13,12,13163,0.054663
1312,13,12,13165,0.036056
1312,13,12,13167,0.031457
1312,13,12,13175,0.083811
1312,13,12,13181,0.02184
1312,13,12,13189,0.026718
1312,13,12,13209,0.025034
1312,13,12,13245,0.03367
1312,13,12,13251,0.067039
1312,13,12,13267,0.049917
1312,13,12,13279,0.037789
1312,13,12,13283,0.020703
1312,13,12,13301,0.02952
1312,13,12,13303,0.070439
1312,13,12,13309,0.030675
1312,13,12,13317,0.035208
1313,13,13,13063,0.202473
1313,13,13,13067,0.089102
1313,13,13,13097,0.156627
1313,13,13,13113,0.054004
1313,13,13,13121,0.339466
1313,13,13,13151,0.158329
1314,13,14,13047,0.049531
1314,13,14,13055,0.095703
1314,13,14,13067,0.016565
1314,13,14,13083,0.053138
1314,13,14,13115,0.155717
1314,13,14,13129,0.108872
1314,13,14,13213,0.105222
1314,13,14,13223,0.095404
1314,13,14,13233,0.094789
1314,13,14,13295,0.136345
1314,13,14,13313,0.088714
1501,15,01,15003,1.0
1502,15,02,15001,0.647717
1502,15,02,15003,0.063929
1502,15,02,15005,0.001928
1502,15,02,15007,0.099669
1502,15,02,15009,0.186757
1601,16,01,16001,0.020451
1601,16,01,16003,0.034589
1601,16,01,16009,0.019719
1601,16,01,16015,0.048212
1601,16,01,16017,0.04399
1601,16,01,16021,0.0322
1601,16,01,16027,0.0149
1601,16,01,16035,0.062369
1601,16,01,16045,0.014207
1601,16,01,16049,0.215166
1601,16,01,16055,0.031416
1601,16,01,16057,0.027306
1601,16,01,16061,0.012153
1601,16,01,16069,0.021531
1601,16,01,16073,0.194625
1601,16,01,16075,0.010327
1601,16,01,16079,0.06694
1601,16,01,16085,0.093024
1601,16,01,16087,0.036875
1602,16,02,16001,0.005694
1602,16,02,16005,0.025725
1602,16,02,16007,0.022563
1602,16,02,16011,0.048415
1602,16,02,16013,0.060995
1602,16,02,16019,0.043149
1602,16,02,16023,0.051716
1602,16,02,16025,0.024841
1602,16,02,16029,0.040795
1602,16,02,16031,0.059327
1602,16,02,16033,0.040771
1602,16,02,16037,0.11382
1602,16,02,16039,0.071108
1602,16,02,16041,0.015332
1602,16,02,16043,0.043102
1602,16,02,16047,0.016865
1602,16,02,16051,0.02529
1602,16,02,16053,0.013818
1602,16,02,16059,0.105531
1602,16,02,16063,0.02778
1602,16,02,16065,0.010851
1602,16,02,16067,0.017505
1602,16,02,16071,0.027724
1602,16,02,16077,0.032462
1602,16,02,16081,0.010385
1602,16,02,16083,0.044437
1701,17,01,17031,0.14534
1701,17,01,17091,0.155984
1701,17,01,17197,0.698676
1702,17,02,17019,0.047227
1702,17,02,17031,0.0418
1702,17,02,17053,0.111744
1702,17,02,17075,0.285283
1702,17,02,17091,0.148361
1702,17,02,17105,0.15903
1702,17,02,17183,0.163138
1702,17,02,17197,0.043417
1703,17,03,17031,0.356242
1703,17,03,17043,0.643758
1704,17,04,17031,0.863084
1704,17,04,17043,0.136916
1705,17,05,17031,0.755819
1705,17,05,17097,0.244181
1706,17,06,17031,0.613118
1706,17,06,17043,0.386882
1707,17,07,17031,1.0
1708,17,08,17031,0.35711
1708,17,08,17043,0.176262
1708,17,08,17089,0.466628
1709,17,09,17031,0.491859
1709,17,09,17097,0.230974
1709,17,09,17111,0.277167
1710,17,10,17031,0.069714
1710,17,10,17097,0.676739
1710,17,10,17111,0.253546
1711,17,11,17007,0.100968
1711,17,11,17031,0.012097
1711,17,11,17037,0.09153
1711,17,11,17043,0.085131
1711,17,11,17089,0.331849
1711,17,11,17097,0.023743
1711,17,11,17111,0.321046
1711,17,11,17197,0.033635
1712,17,12,17003,0.016795
1712,17,12,17023,0.035772
1712,17,12,17025,0.033416
1712,17,12,17027,0.033814
1712,17,12,17029,0.019072
1712,17,12,17033,0.031653
1712,17,12,17035,0.024682
1712,17,12,17047,0.015868
1712,17,12,17049,0.034159
1712,17,12,17055,0.029176
1712,17,12,17059,0.023041
1712,17,12,17065,0.031011
1712,17,12,17069,0.012656
1712,17,12,17077,0.041636
1712,17,12,17079,0.035289
1712,17,12,17081,0.040756
1712,17,12,17087,0.024525
1712,17,12,17101,0.026554
1712,17,12,17121,0.040849
1712,17,12,17127,0.01692
1712,17,12,17133,0.027492
1712,17,12,17145,0.03153
1712,17,12,17151,0.026318
1712,17,12,17153,0.014217
1712,17,12,17157,0.041051
1712,17,12,17159,0.025687
1712,17,12,17163,0.037155
1712,17,12,17165,0.027111
1712,17,12,17181,0.029496
1712,17,12,17185,0.015934
1712,17,12,17189,0.040139
1712,17,12,17191,0.05093
1712,17,12,17193,0.035316
1712,17,12,17199,0.029981
1713,17,13,17019,0.084627
1713,17,13,17115,0.086448
1713,17,13,17117,0.381119
1713,17,13,17119,0.114878
1713,17,13,17147,0.086391
1713,17,13,17163,0.06048
1713,17,13,17167,0.186057
1714,17,14,17011,0.07907
1714,17,14,17037,0.22389
1714,17,14,17089,0.041139
1714,17,14,17093,0.162149
1714,17,14,17099,0.352395
1714,17,14,17155,0.03622
1714,17,14,17197,0.105137
1715,17,15,17001,0.051045
1715,17,15,17005,0.022703
1715,17,15,17009,0.018249
1715,17,15,17013,0.015151
1715,17,15,17017,0.022429
1715,17,15,17019,0.036979
1715,17,15,17021,0.04235
1715,17,15,17029,0.014383
1715,17,15,17039,0.023731
1715,17,15,17041,0.02487
1715,17,15,17045,0.037207
1715,17,15,17051,0.042765
1715,17,15,17057,0.022202
1715,17,15,17061,0.032415
1715,17,15,17067,0.04738
1715,17,15,17071,0.022611
1715,17,15,17083,0.022065
1715,17,15,17107,0.036892
1715,17,15,17109,0.03046
1715,17,15,17115,0.022971
1715,17,15,17119,0.027182
1715,17,15,17125,0.032195
1715,17,15,17129,0.018766
1715,17,15,17131,0.020543
1715,17,15,17135,0.042009
1715,17,15,17137,0.033961
1715,17,15,17139,0.020054
1715,17,15,17147,0.014539
1715,17,15,17149,0.049624
1715,17,15,17167,0.02668
1715,17,15,17169,0.026103
1715,17,15,17171,0.01497
1715,17,15,17173,0.045276
1715,17,15,17183,0.01548
1715,17,15,17187,0.023757
1716,17,16,17007,0.021087
1716,17,16,17011,0.079973
1716,17,16,17037,0.011787
1716,17,16,17053,0.005375
1716,17,16,17063,0.046904
1716,17,16,17073,0.078902
1716,17,16,17085,0.06741
1716,17,16,17099,0.049268
1716,17,16,17103,0.081305
1716,17,16,17105,0.047198
1716,17,16,17111,0.014878
1716,17,16,17113,0.113173
1716,17,16,17123,0.043392
1716,17,16,17141,0.085104
1716,17,16,17143,0.041332
1716,17,16,17155,0.009935
1716,17,16,17175,0.032318
1716,17,16,17177,0.02916
1716,17,16,17179,0.039
1716,17,16,17201,0.043321
1716,17,16,17203,0.059179
1717,17,17,17015,0.099378
1717,17,17,17057,0.110161
1717,17,17,17073,0.026706
1717,17,17,17095,0.159838
1717,17,17,17109,0.017633
1717,17,17,17113,0.038906
1717,17,17,17131,0.048435
1717,17,17,17143,0.055841
1717,17,17,17161,0.095382
1717,17,17,17177,0.067896
1717,17,17,17179,0.066668
1717,17,17,17187,0.032215
1717,17,17,17195,0.152634
1717,17,17,17201,0.028307
1801,18,01,18089,0.452487
1801,18,01,18091,0.168175
1801,18,01,18127,0.379338
1802,18,02,18017,0.054509
1802,18,02,18039,0.106485
1802,18,02,18049,0.084697
1802,18,02,18085,0.100556
1802,18,02,18091,0.094935
1802,18,02,18099,0.101992
1802,18,02,18103,0.08595
1802,18,02,18131,0.099706
1802,18,02,18141,0.105247
1802,18,02,18149,0.071075
1802,18,02,18169,0.094846
1803,18,03,18001,0.077195
1803,18,03,18003,0.149708
1803,18,03,18009,0.037599
1803,18,03,18033,0.08264
1803,18,03,18069,0.087153
1803,18,03,18075,0.087439
1803,18,03,18085,0.021426
1803,18,03,18087,0.086465
1803,18,03,18113,0.093575
1803,18,03,18135,0.046206
1803,18,03,18151,0.070328
1803,18,03,18179,0.083836
1803,18,03,18183,0.07643
1804,18,04,18007,0.066663
1804,18,04,18011,0.069363
1804,18,04,18015,0.061054
1804,18,04,18017,0.028714
1804,18,04,18023,0.066441
1804,18,04,18045,0.02912
1804,18,04,18063,0.066741
1804,18,04,18067,0.001861
1804,18,04,18073,0.091802
1804,18,04,18107,0.082775
1804,18,04,18109,0.066239
1804,18,04,18111,0.065898
1804,18,04,18133,0.07882
1804,18,04,18157,0.081834
1804,18,04,18171,0.059819
1804,18,04,18181,0.082856
1805,18,05,18035,0.178653
1805,18,05,18053,0.188672
1805,18,05,18057,0.179691
1805,18,05,18067,0.128364
1805,18,05,18095,0.20591
1805,18,05,18159,0.118711
1806,18,06,18005,0.090587
1806,18,06,18041,0.065509
1806,18,06,18059,0.093214
1806,18,06,18065,0.11939
1806,18,06,18081,0.097618
1806,18,06,18097,0.036555
1806,18,06,18135,0.076016
1806,18,06,18139,0.124344
1806,18,06,18145,0.125258
1806,18,06,18161,0.049109
1806,18,06,18177,0.122399
1807,18,07,18097,1.0
1808,18,08,18021,0.044169
1808,18,08,18025,0.037748
1808,18,08,18027,0.05305
1808,18,08,18037,0.052774
1808,18,08,18045,0.026943
1808,18,08,18051,0.060199
1808,18,08,18055,0.067003
1808,18,08,18083,0.063713
1808,18,08,18101,0.041472
1808,18,08,18117,0.049206
1808,18,08,18119,0.04759
1808,18,08,18121,0.05493
1808,18,08,18123,0.047151
1808,18,08,18125,0.041292
1808,18,08,18129,0.050565
1808,18,08,18147,0.049021
1808,18,08,18153,0.055233
1808,18,08,18163,0.028829
1808,18,08,18165,0.031727
1808,18,08,18167,0.049852
1808,18,08,18173,0.047534
1809,18,09,18005,0.018154
1809,18,09,18013,0.051677
1809,18,09,18019,0.061754
1809,18,09,18029,0.050534
1809,18,09,18031,0.061711
1809,18,09,18043,0.024594
1809,18,09,18047,0.063675
1809,18,09,18061,0.080185
1809,18,09,18071,0.084471
1809,18,09,18077,0.059735
1809,18,09,18079,0.062378
1809,18,09,18093,0.074395
1809,18,09,18105,0.065347
1809,18,09,18115,0.01427
1809,18,09,18137,0.073944
1809,18,09,18143,0.031538
1809,18,09,18155,0.036551
1809,18,09,18175,0.085086
1901,19,01,19031,0.053433
1901,19,01,19045,0.064083
1901,19,01,19057,0.038371
1901,19,01,19087,0.040046
1901,19,01,19095,0.054077
1901,19,01,19097,0.05865
1901,19,01,19099,0.067353
1901,19,01,19101,0.04016
1901,19,01,19103,0.056525
1901,19,01,19105,0.053078
1901,19,01,19107,0.053406
1901,19,01,19111,0.047724
1901,19,01,19115,0.037048
1901,19,01,19123,0.052639
1901,19,01,19125,0.05113
1901,19,01,19139,0.040337
1901,19,01,19163,0.042241
1901,19,01,19177,0.044703
1901,19,01,19181,0.052545
1901,19,01,19183,0.052452
1902,19,02,19005,0.049528
1902,19,02,19011,0.0555
1902,19,02,19013,0.043848
1902,19,02,19017,0.033751
1902,19,02,19019,0.04426
1902,19,02,19023,0.044963
1902,19,02,19033,0.044045
1902,19,02,19037,0.039087
1902,19,02,19043,0.060336
1902,19,02,19055,0.044772
1902,19,02,19061,0.047145
1902,19,02,19065,0.056641
1902,19,02,19067,0.038796
1902,19,02,19075,0.038895
1902,19,02,19083,0.044123
1902,19,02,19089,0.036678
1902,19,02,19113,0.055574
1902,19,02,19131,0.036369
1902,19,02,19157,0.045333
1902,19,02,19171,0.055881
1902,19,02,19191,0.053464
1902,19,02,19195,0.031011
1903,19,03,19001,0.053338
1903,19,03,19003,0.039674
1903,19,03,19007,0.046594
1903,19,03,19029,0.052868
1903,19,03,19039,0.040393
1903,19,03,19049,0.055121
1903,19,03,19051,0.047053
1903,19,03,19053,0.049835
1903,19,03,19073,0.053365
1903,19,03,19077,0.055337
1903,19,03,19117,0.040353
1903,19,03,19121,0.052564
1903,19,03,19135,0.040637
1903,19,03,19137,0.039736
1903,19,03,19145,0.050122
1903,19,03,19153,0.053612
1903,19,03,19159,0.050174
1903,19,03,19173,0.049837
1903,19,03,19175,0.039694
1903,19,03,19179,0.040462
1903,19,03,19185,0.049234
1904,19,04,19009,0.020667
1904,19,04,19015,0.026617
1904,19,04,19021,0.026823
1904,19,04,19025,0.026587
1904,19,04,19027,0.026569
1904,19,04,19035,0.026917
1904,19,04,19041,0.026466
1904,19,04,19047,0.033322
1904,19,04,19059,0.017754
1904,19,04,19063,0.018471
1904,19,04,19069,0.027153
1904,19,04,19071,0.023849
1904,19,04,19079,0.026908
1904,19,04,19081,0.026641
1904,19,04,19085,0.032514
1904,19,04,19091,0.020266
1904,19,04,19093,0.020133
1904,19,04,19109,0.045385
1904,19,04,19119,0.027416
1904,19,04,19127,0.026711
1904,19,04,19129,0.020409
1904,19,04,19133,0.032383
1904,19,04,19141,0.026736
1904,19,04,19143,0.018601
1904,19,04,19147,0.026308
1904,19,04,19149,0.040257
1904,19,04,19151,0.026932
1904,19,04,19155,0.044383
1904,19,04,19161,0.026829
1904,19,04,19165,0.027564
1904,19,04,19167,0.035828
1904,19,04,19169,0.026713
1904,19,04,19187,0.033393
1904,19,04,19189,0.018686
1904,19,04,19193,0.040727
1904,19,04,19197,0.02708
2001,20,01,20009,0.018037
2001,20,01,20023,0.020548
2001,20,01,20025,0.019636
2001,20,01,20027,0.013001
2001,20,01,20029,0.014412
2001,20,01,20039,0.018002
2001,20,01,20041,0.017066
2001,20,01,20045,0.001191
2001,20,01,20051,0.018131
2001,20,01,20053,0.014417
2001,20,01,20055,0.026232
2001,20,01,20057,0.022127
2001,20,01,20063,0.021591
2001,20,01,20065,0.018103
2001,20,01,20067,0.011581
2001,20,01,20069,0.017505
2001,20,01,20071,0.015683
2001,20,01,20075,0.020077
2001,20,01,20081,0.011635
2001,20,01,20083,0.017326
2001,20,01,20085,0.011548
2001,20,01,20087,0.010731
2001,20,01,20089,0.018333
2001,20,01,20093,0.017539
2001,20,01,20101,0.014454
2001,20,01,20105,0.014494
2001,20,01,20109,0.021618
2001,20,01,20113,0.018098
2001,20,01,20117,0.018136
2001,20,01,20119,0.019706
2001,20,01,20123,0.014139
2001,20,01,20129,0.014702
2001,20,01,20135,0.021653
2001,20,01,20137,0.01769
2001,20,01,20141,0.017982
2001,20,01,20143,0.014521
2001,20,01,20145,0.007038
2001,20,01,20147,0.017848
2001,20,01,20149,0.016939
2001,20,01,20153,0.021546
2001,20,01,20155,0.025291
2001,20,01,20157,0.014453
2001,20,01,20159,0.014632
2001,20,01,20161,0.012284
2001,20,01,20163,0.017942
2001,20,01,20165,0.014461
2001,20,01,20167,0.017856
2001,20,01,20169,0.014511
2001,20,01,20171,0.014457
2001,20,01,20175,0.012887
2001,20,01,20179,0.018051
2001,20,01,20181,0.021277
2001,20,01,20183,0.018041
2001,20,01,20187,0.013707
2001,20,01,20189,0.014652
2001,20,01,20193,0.021652
2001,20,01,20195,0.01792
2001,20,01,20199,0.018408
2001,20,01,20201,0.018027
2001,20,01,20203,0.014477
2002,20,02,20001,0.032702
2002,20,02,20005,0.028184
2002,20,02,20011,0.041538
2002,20,02,20013,0.037316
2002,20,02,20017,0.050531
2002,20,02,20021,0.038407
2002,20,02,20031,0.040977
2002,20,02,20037,0.038551
2002,20,02,20043,0.02572
2002,20,02,20045,0.025926
2002,20,02,20061,0.025144
2002,20,02,20085,0.005429
2002,20,02,20099,0.042187
2002,20,02,20103,0.030291
2002,20,02,20107,0.038833
2002,20,02,20111,0.055396
2002,20,02,20115,0.061725
2002,20,02,20125,0.042069
2002,20,02,20127,0.045452
2002,20,02,20131,0.046895
2002,20,02,20133,0.037355
2002,20,02,20139,0.046116
2002,20,02,20177,0.035561
2002,20,02,20197,0.051923
2002,20,02,20205,0.037286
2002,20,02,20207,0.03254
2002,20,02,20209,0.005947
2003,20,03,20003,0.256299
2003,20,03,20059,0.252819
2003,20,03,20091,0.209424
2003,20,03,20121,0.254635
2003,20,03,20209,0.026824
2004,20,04,20007,0.077869
2004,20,04,20015,0.098168
2004,20,04,20019,0.043867
2004,20,04,20033,0.054127
2004,20,04,20035,0.077297
2004,20,04,20047,0.042701
2004,20,04,20049,0.044237
2004,20,04,20073,0.078503
2004,20,04,20077,0.055018
2004,20,04,20079,0.037061
2004,20,04,20095,0.059285
2004,20,04,20097,0.049619
2004,20,04,20145,0.027805
2004,20,04,20151,0.05047
2004,20,04,20173,0.068453
2004,20,04,20185,0.054384
2004,20,04,20191,0.081137
2101,21,01,21001,0.035242
2101,21,01,21003,0.029942
2101,21,01,21005,0.00861
2101,21,01,21007,0.021472
2101,21,01,21021,0.015682
2101,21,01,21033,0.029981
2101,21,01,21035,0.033481
2101,21,01,21039,0.016473
2101,21,01,21045,0.038629
2101,21,01,21047,0.062391
2101,21,01,21053,0.017152
2101,21,01,21055,0.031301
2101,21,01,21057,0.026538
2101,21,01,21073,0.018073
2101,21,01,21075,0.017907
2101,21,01,21083,0.047978
2101,21,01,21101,0.037941
2101,21,01,21105,0.021067
2101,21,01,21107,0.047137
2101,21,01,21139,0.02724
2101,21,01,21141,0.044546
2101,21,01,21143,0.018595
2101,21,01,21145,0.021628
2101,21,01,21155,0.02983
2101,21,01,21157,0.026279
2101,21,01,21169,0.025186
2101,21,01,21171,0.028646
2101,21,01,21207,0.02206
2101,21,01,21213,0.020365
2101,21,01,21217,0.023162
2101,21,01,21219,0.032565
2101,21,01,21221,0.038391
2101,21,01,21225,0.029807
2101,21,01,21229,0.025823
2101,21,01,21233,0.028878
2102,21,02,21009,0.066865
2102,21,02,21027,0.078141
2102,21,02,21029,0.040736
2102,21,02,21031,0.058432
2102,21,02,21059,0.062861
2102,21,02,21061,0.041536
2102,21,02,21085,0.068558
2102,21,02,21087,0.039227
2102,21,02,21091,0.025737
2102,21,02,21093,0.085489
2102,21,02,21099,0.056577
2102,21,02,21111,0.010021
2102,21,02,21123,0.035868
2102,21,02,21141,0.005475
2102,21,02,21149,0.03463
2102,21,02,21163,0.041887
2102,21,02,21177,0.064091
2102,21,02,21179,0.029044
2102,21,02,21183,0.080537
2102,21,02,21227,0.074288
2103,21,03,21111,1.0
2104,21,04,21015,0.050791
2104,21,04,21023,0.041805
2104,21,04,21037,0.03121
2104,21,04,21041,0.026537
2104,21,04,21043,0.021436
2104,21,04,21077,0.020285
2104,21,04,21081,0.053202
2104,21,04,21089,0.071037
2104,21,04,21097,0.06319
2104,21,04,21103,0.059042
2104,21,04,21117,0.033056
2104,21,04,21135,0.099574
2104,21,04,21161,0.04952
2104,21,04,21179,0.042427
2104,21,04,21185,0.038615
2104,21,04,21187,0.072408
2104,21,04,21191,0.057157
2104,21,04,21201,0.020606
2104,21,04,21211,0.078319
2104,21,04,21215,0.038508
2104,21,04,21223,0.031274
2105,21,05,21011,0.012724
2105,21,05,21013,0.030557
2105,21,05,21019,0.013605
2105,21,05,21025,0.041906
2105,21,05,21043,0.026003
2105,21,05,21051,0.039938
2105,21,05,21063,0.019941
2105,21,05,21071,0.033469
2105,21,05,21095,0.039643
2105,21,05,21109,0.029377
2105,21,05,21115,0.022294
2105,21,05,21119,0.029915
2105,21,05,21121,0.032875
2105,21,05,21125,0.036933
2105,21,05,21127,0.035368
2105,21,05,21129,0.017774
2105,21,05,21131,0.034113
2105,21,05,21133,0.028759
2105,21,05,21137,0.028326
2105,21,05,21147,0.036322
2105,21,05,21153,0.026249
2105,21,05,21159,0.019541
2105,21,05,21165,0.017326
2105,21,05,21175,0.032435
2105,21,05,21189,0.0168
2105,21,05,21193,0.028909
2105,21,05,21195,0.066952
2105,21,05,21199,0.056032
2105,21,05,21203,0.026939
2105,21,05,21205,0.023815
2105,21,05,21231,0.038992
2105,21,05,21235,0.03726
2105,21,05,21237,0.018907
2106,21,06,21005,0.027204
2106,21,06,21011,0.034095
2106,21,06,21017,0.076409
2106,21,06,21049,0.066584
2106,21,06,21065,0.066744
2106,21,06,21067,0.074798
2106,21,06,21069,0.091915
2106,21,06,21079,0.060682
2106,21,06,21113,0.045402
2106,21,06,21151,0.115336
2106,21,06,21167,0.065681
2106,21,06,21173,0.052044
2106,21,06,21181,0.051466
2106,21,06,21197,0.047199
2106,21,06,21209,0.074305
2106,21,06,21239,0.050135
2201,22,01,22051,0.055912
2201,22,01,22057,0.205218
2201,22,01,22071,0.002874
2201,22,01,22075,0.212264
2201,22,01,22087,0.102712
2201,22,01,22103,0.229972
2201,22,01,22105,0.06177
2201,22,01,22109,0.129279
2202,22,02,22005,0.072628
2202,22,02,22007,0.089049
2202,22,02,22033,0.039215
2202,22,02,22047,0.111274
2202,22,02,22051,0.075097
2202,22,02,22071,0.125043
2202,22,02,22089,0.169419
2202,22,02,22093,0.187149
2202,22,02,22095,0.111749
2202,22,02,22121,0.019378
2203,22,03,22001,0.097872
2203,22,03,22019,0.15894
2203,22,03,22023,0.191884
2203,22,03,22045,0.085695
2203,22,03,22053,0.097316
2203,22,03,22055,0.040154
2203,22,03,22099,0.083729
2203,22,03,22101,0.06911
2203,22,03,22113,0.1753
2204,22,04,22003,0.057692
2204,22,04,22011,0.087624
2204,22,04,22013,0.061421
2204,22,04,22015,0.063554
2204,22,04,22017,0.066578
2204,22,04,22027,0.05714
2204,22,04,22031,0.066349
2204,22,04,22039,0.050148
2204,22,04,22043,0.017879
2204,22,04,22069,0.09488
2204,22,04,22081,0.029447
2204,22,04,22085,0.065606
2204,22,04,22097,0.069951
2204,22,04,22111,0.066383
2204,22,04,22115,0.100436
2204,22,04,22119,0.044913
2205,22,05,22009,0.056369
2205,22,05,22021,0.035895
2205,22,05,22025,0.047973
2205,22,05,22029,0.04723
2205,22,05,22035,0.028518
2205,22,05,22037,0.030713
2205,22,05,22041,0.0423
2205,22,05,22043,0.027578
2205,22,05,22049,0.038579
2205,22,05,22059,0.042338
2205,22,05,22061,0.031956
2205,22,05,22065,0.042292
2205,22,05,22067,0.053863
2205,22,05,22073,0.041355
2205,22,05,22077,0.037732
2205,22,05,22079,0.089466
2205,22,05,22083,0.037646
2205,22,05,22091,0.02768
2205,22,05,22105,0.038224
2205,22,05,22107,0.040858
2205,22,05,22117,0.045372
2205,22,05,22123,0.024371
2205,22,05,22125,0.027327
2205,22,05,22127,0.064368
2206,22,06,22005,0.054899
2206,22,06,22007,0.064115
2206,22,06,22033,0.11267
2206,22,06,22047,0.132565
2206,22,06,22057,0.087077
2206,22,06,22063,0.180013
2206,22,06,22089,0.017335
2206,22,06,22095,0.020121
2206,22,06,22099,0.049138
2206,22,06,22101,0.025874
2206,22,06,22109,0.209611
2206,22,06,22121,0.046582
2301,23,01,23005,0.253609
2301,23,01,23011,0.119767
2301,23,01,23013,0.110738
2301,23,01,23015,0.138255
2301,23,01,23023,0.077024
2301,23,01,23031,0.300606
2302,23,02,23001,0.016987
2302,23,02,23003,0.242164
2302,23,02,23007,0.061602
2302,23,02,23009,0.057614
2302,23,02,23011,0.017154
2302,23,02,23017,0.075395
2302,23,02,23019,0.12332
2302,23,02,23021,0.143784
2302,23,02,23025,0.142453
2302,23,02,23027,0.026498
2302,23,02,23029,0.093028
2401,24,01,24005,0.037019
2401,24,01,24011,0.082615
2401,24,01,24015,0.089561
2401,24,01,24019,0.139854
2401,24,01,24025,0.113051
2401,24,01,24029,0.071646
2401,24,01,24035,0.096128
2401,24,01,24039,0.082694
2401,24,01,24041,0.069455
2401,24,01,24045,0.096836
2401,24,01,24047,0.12114
2402,24,02,24005,0.493035
2402,24,02,24013,0.499577
2402,24,02,24510,0.007388
2403,24,03,24003,0.414073
2403,24,03,24013,0.084641
2403,24,03,24027,0.501286
2404,24,04,24031,0.065797
2404,24,04,24033,0.934203
2405,24,05,24003,0.136808
2405,24,05,24009,0.140546
2405,24,05,24017,0.301822
2405,24,05,24033,0.184404
2405,24,05,24037,0.236419
2406,24,06,24001,0.176282
2406,24,06,24021,0.275815
2406,24,06,24023,0.271008
2406,24,06,24031,0.085768
2406,24,06,24043,0.191127
2407,24,07,24005,0.424427
2407,24,07,24510,0.575573
2408,24,08,24031,0.999985
2408,24,08,24033,1.5e-05
2501,25,01,25003,0.415014
2501,25,01,25011,0.040685
2501,25,01,25013,0.276266
2501,25,01,25015,0.134512
2501,25,01,25027,0.133524
2502,25,02,25011,0.341038
2502,25,02,25015,0.127155
2502,25,02,25017,0.032076
2502,25,02,25021,0.006467
2502,25,02,25027,0.493264
2503,25,03,25009,0.082867
2503,25,03,25017,0.54543
2503,25,03,25027,0.371703
2504,25,04,25005,0.529041
2504,25,04,25017,0.050008
2504,25,04,25021,0.297076
2504,25,04,25023,0.04403
2504,25,04,25027,0.079845
2505,25,05,25017,0.933968
2505,25,05,25021,0.030946
2505,25,05,25025,0.035086
2506,25,06,25009,0.807882
2506,25,06,25017,0.192118
2507,25,07,25017,0.174677
2507,25,07,25021,0.270499
2507,25,07,25025,0.554824
2508,25,08,25005,0.098026
2508,25,08,25021,0.517694
2508,25,08,25023,0.326725
2508,25,08,25025,0.057555
2509,25,09,25001,0.314076
2509,25,09,25005,0.134427
2509,25,09,25007,0.082221
2509,25,09,25019,0.036801
2509,25,09,25021,0.007795
2509,25,09,25023,0.424679
2601,26,01,26001,0.025062
2601,26,01,26003,0.033991
2601,26,01,26007,0.021245
2601,26,01,26009,0.01767
2601,26,01,26011,0.013491
2601,26,01,26013,0.033375
2601,26,01,26019,0.011876
2601,26,01,26029,0.015466
2601,26,01,26031,0.026571
2601,26,01,26033,0.057895
2601,26,01,26039,0.020669
2601,26,01,26041,0.043504
2601,26,01,26043,0.028267
2601,26,01,26047,0.017368
2601,26,01,26053,0.040942
2601,26,01,26055,0.017249
2601,26,01,26061,0.037486
2601,26,01,26069,0.020398
2601,26,01,26071,0.043314
2601,26,01,26079,0.020793
2601,26,01,26083,0.020064
2601,26,01,26089,0.012898
2601,26,01,26095,0.033399
2601,26,01,26097,0.03796
2601,26,01,26103,0.067202
2601,26,01,26109,0.038784
2601,26,01,26113,0.020981
2601,26,01,26119,0.020308
2601,26,01,26129,0.020933
2601,26,01,26131,0.0487
2601,26,01,26135,0.021013
2601,26,01,26137,0.019131
2601,26,01,26141,0.02447
2601,26,01,26143,0.019313
2601,26,01,26153,0.043533
2601,26,01,26165,0.00468
2602,26,02,26015,0.056993
2602,26,02,26035,0.058154
2602,26,02,26045,0.009563
2602,26,02,26051,0.051705
2602,26,02,26057,0.058567
2602,26,02,26067,0.05887
2602,26,02,26073,0.059012
2602,26,02,26081,0.047082
2602,26,02,26085,0.058486
2602,26,02,26101,0.055882
2602,26,02,26105,0.051003
2602,26,02,26107,0.057204
2602,26,02,26111,0.018303
2602,26,02,26117,0.072679
2602,26,02,26121,0.037358
2602,26,02,26123,0.086441
2602,26,02,26127,0.055448
2602,26,02,26133,0.058351
2602,26,02,26139,0.003671
2602,26,02,26165,0.045229
2603,26,03,26081,0.487064
2603,26,03,26121,0.175641
2603,26,03,26139,0.337295
2604,26,04,26005,0.345849
2604,26,04,26021,0.056249
2604,26,04,26025,0.059357
2604,26,04,26077,0.176366
2604,26,04,26139,0.107463
2604,26,04,26159,0.254716
2605,26,05,26021,0.08285
2605,26,05,26023,0.096771
2605,26,05,26025,0.107895
2605,26,05,26027,0.093655
2605,26,05,26059,0.114302
2605,26,05,26075,0.134126
2605,26,05,26077,0.026966
2605,26,05,26091,0.143247
2605,26,05,26115,0.104529
2605,26,05,26149,0.095659
2606,26,06,26115,0.002396
2606,26,06,26125,0.029098
2606,26,06,26161,0.721789
2606,26,06,26163,0.246717
2607,26,07,26037,0.204828
2607,26,07,26045,0.174469
2607,26,07,26049,0.000915
2607,26,07,26065,0.201113
2607,26,07,26093,0.204443
2607,26,07,26125,0.022201
2607,26,07,26155,0.192032
2608,26,08,26017,0.198406
2608,26,08,26049,0.284513
2608,26,08,26111,0.152401
2608,26,08,26145,0.359132
2608,26,08,26157,0.005549
2609,26,09,26063,0.180245
2609,26,09,26087,0.139489
2609,26,09,26099,0.062247
2609,26,09,26125,0.084072
2609,26,09,26147,0.155558
2609,26,09,26151,0.20753
2609,26,09,26157,0.170858
2610,26,10,26099,0.8388
2610,26,10,26125,0.1612
2611,26,11,26125,1.0
2612,26,12,26125,0.187472
2612,26,12,26163,0.812528
2613,26,13,26163,1.0
2701,27,01,27013,0.061108
2701,27,01,27015,0.031023
2701,27,01,27039,0.035894
2701,27,01,27043,0.058218
2701,27,01,27045,0.070381
2701,27,01,27047,0.05779
2701,27,01,27049,0.061832
2701,27,01,27055,0.045108
2701,27,01,27063,0.057441
2701,27,01,27091,0.058206
2701,27,01,27099,0.058119
2701,27,01,27103,0.036655
2701,27,01,27105,0.058433
2701,27,01,27109,0.0534
2701,27,01,27131,0.017831
2701,27,01,27133,0.039423
2701,27,01,27147,0.035107
2701,27,01,27157,0.042729
2701,27,01,27161,0.034594
2701,27,01,27165,0.03554
2701,27,01,27169,0.051166
2702,27,02,27037,0.325577
2702,27,02,27079,0.259676
2702,27,02,27131,0.160675
2702,27,02,27139,0.206198
2702,27,02,27163,0.047874
2703,27,03,27003,0.066348
2703,27,03,27053,0.933652
2704,27,04,27123,0.500383
2704,27,04,27163,0.499617
2705,27,05,27003,0.119408
2705,27,05,27053,0.876377
2705,27,05,27123,0.004215
2706,27,06,27003,0.151047
2706,27,06,27009,0.164334
2706,27,06,27019,0.142489
2706,27,06,27053,0.000937
2706,27,06,27141,0.17424
2706,27,06,27145,0.100846
2706,27,06,27171,0.266108
2707,27,07,27005,0.027297
2707,27,07,27011,0.016084
2707,27,07,27015,0.007458
2707,27,07,27023,0.018729
2707,27,07,27027,0.033678
2707,27,07,27033,0.020621
2707,27,07,27041,0.020524
2707,27,07,27051,0.017651
2707,27,07,27057,0.009806
2707,27,07,27067,0.025693
2707,27,07,27069,0.035412
2707,27,07,27073,0.024651
2707,27,07,27081,0.017296
2707,27,07,27083,0.02302
2707,27,07,27085,0.015838
2707,27,07,27089,0.057197
2707,27,07,27093,0.01959
2707,27,07,27097,0.036253
2707,27,07,27101,0.022706
2707,27,07,27107,0.028123
2707,27,07,27111,0.063531
2707,27,07,27113,0.019868
2707,27,07,27117,0.014985
2707,27,07,27119,0.06351
2707,27,07,27121,0.021574
2707,27,07,27125,0.013933
2707,27,07,27127,0.02831
2707,27,07,27129,0.031671
2707,27,07,27135,0.053867
2707,27,07,27143,0.018974
2707,27,07,27145,0.035196
2707,27,07,27149,0.01816
2707,27,07,27151,0.023908
2707,27,07,27153,0.030453
2707,27,07,27155,0.018491
2707,27,07,27159,0.017282
2707,27,07,27167,0.0242
2707,27,07,27173,0.02446
2708,27,08,27001,0.058316
2708,27,08,27005,0.014978
2708,27,08,27007,0.080177
2708,27,08,27017,0.027567
2708,27,08,27021,0.064709
2708,27,08,27025,0.013281
2708,27,08,27029,0.031973
2708,27,08,27031,0.046498
2708,27,08,27035,0.031958
2708,27,08,27057,0.0199
2708,27,08,27059,0.013949
2708,27,08,27061,0.085396
2708,27,08,27065,0.016697
2708,27,08,27071,0.09938
2708,27,08,27075,0.067514
2708,27,08,27077,0.041545
2708,27,08,27087,0.017858
2708,27,08,27095,0.01832
2708,27,08,27115,0.045178
2708,27,08,27137,0.199989
2708,27,08,27163,0.004819
2801,28,01,28003,0.040238
2801,28,01,28009,0.040899
2801,28,01,28013,0.059
2801,28,01,28017,0.050471
2801,28,01,28019,0.042064
2801,28,01,28025,0.041247
2801,28,01,28033,0.047913
2801,28,01,28057,0.053591
2801,28,01,28071,0.063539
2801,28,01,28081,0.04526
2801,28,01,28087,0.05084
2801,28,01,28093,0.071031
2801,28,01,28095,0.076956
2801,28,01,28105,0.01153
2801,28,01,28115,0.050072
2801,28,01,28117,0.041741
2801,28,01,28137,0.040713
2801,28,01,28139,0.04605
2801,28,01,28141,0.042678
2801,28,01,28145,0.041804
2801,28,01,28155,0.042362
2802,28,02,28001,0.025692
2802,28,02,28005,0.040571
2802,28,02,28007,0.040841
2802,28,02,28011,0.048707
2802,28,02,28015,0.034919
2802,28,02,28021,0.027086
2802,28,02,28027,0.030735
2802,28,02,28029,0.043194
2802,28,02,28037,0.031339
2802,28,02,28043,0.023457
2802,28,02,28049,0.047527
2802,28,02,28051,0.042048
2802,28,02,28053,0.023257
2802,28,02,28055,0.022949
2802,28,02,28063,0.028893
2802,28,02,28079,0.032391
2802,28,02,28083,0.033013
2802,28,02,28089,0.028496
2802,28,02,28097,0.022616
2802,28,02,28107,0.038075
2802,28,02,28119,0.022506
2802,28,02,28125,0.023991
2802,28,02,28133,0.038774
2802,28,02,28135,0.035855
2802,28,02,28143,0.025236
2802,28,02,28149,0.032704
2802,28,02,28151,0.040231
2802,28,02,28157,0.037682
2802,28,02,28161,0.025959
2802,28,02,28163,0.051254
2803,28,03,28023,0.058995
2803,28,03,28031,0.035301
2803,28,03,28049,0.001244
2803,28,03,28061,0.057693
2803,28,03,28065,0.034843
2803,28,03,28067,0.005975
2803,28,03,28069,0.065359
2803,28,03,28075,0.060027
2803,28,03,28077,0.036733
2803,28,03,28085,0.050007
2803,28,03,28089,0.017195
2803,28,03,28091,0.046268
2803,28,03,28099,0.048636
2803,28,03,28101,0.049287
2803,28,03,28103,0.059301
2803,28,03,28105,0.029312
2803,28,03,28113,0.034906
2803,28,03,28121,0.066154
2803,28,03,28123,0.051971
2803,28,03,28127,0.050259
2803,28,03,28129,0.054277
2803,28,03,28147,0.034457
2803,28,03,28159,0.051802
2804,28,04,28035,0.064157
2804,28,04,28039,0.065899
2804,28,04,28041,0.098118
2804,28,04,28045,0.065248
2804,28,04,28047,0.07897
2804,28,04,28059,0.099507
2804,28,04,28067,0.086012
2804,28,04,28073,0.06836
2804,28,04,28109,0.111689
2804,28,04,28111,0.089107
2804,28,04,28131,0.061327
2804,28,04,28153,0.111606
2901,29,01,29189,0.751022
2901,29,01,29510,0.248978
2902,29,02,29071,0.515248
2902,29,02,29183,0.122722
2902,29,02,29189,0.179626
2902,29,02,29219,0.182404
2903,29,03,29019,0.037885
2903,29,03,29027,0.110031
2903,29,03,29029,0.004269
2903,29,03,29051,0.051623
2903,29,03,29053,0.074458
2903,29,03,29055,0.09789
2903,29,03,29073,0.068427
2903,29,03,29099,0.044027
2903,29,03,29125,0.069478
2903,29,03,29131,0.078126
2903,29,03,29135,0.054719
2903,29,03,29139,0.070542
2903,29,03,29151,0.079973
2903,29,03,29183,0.044924
2903,29,03,29219,0.013446
2903,29,03,29221,0.100182
2904,29,04,29011,0.041242
2904,29,04,29013,0.058286
2904,29,04,29015,0.049044
2904,29,04,29019,0.027739
2904,29,04,29029,0.043445
2904,29,04,29037,0.048527
2904,29,04,29039,0.033052
2904,29,04,29057,0.034135
2904,29,04,29059,0.037683
2904,29,04,29083,0.04855
2904,29,04,29085,0.027782
2904,29,04,29089,0.032309
2904,29,04,29095,0.010709
2904,29,04,29101,0.057768
2904,29,04,29105,0.053265
2904,29,04,29107,0.043767
2904,29,04,29141,0.041632
2904,29,04,29159,0.047525
2904,29,04,29167,0.044272
2904,29,04,29169,0.038113
2904,29,04,29185,0.04702
2904,29,04,29195,0.05263
2904,29,04,29217,0.057568
2904,29,04,29225,0.023938
2905,29,05,29047,0.185333
2905,29,05,29095,0.814667
2906,29,06,29001,0.02801
2906,29,06,29003,0.02136
2906,29,06,29005,0.02702
2906,29,06,29007,0.034178
2906,29,06,29021,0.020156
2906,29,06,29025,0.021052
2906,29,06,29033,0.034295
2906,29,06,29041,0.037087
2906,29,06,29045,0.024913
2906,29,06,29047,0.015769
2906,29,06,29049,0.020684
2906,29,06,29061,0.02781
2906,29,06,29063,0.020803
2906,29,06,29075,0.024262
2906,29,06,29079,0.021491
2906,29,06,29081,0.035672
2906,29,06,29087,0.022844
2906,29,06,29095,0.00527
2906,29,06,29103,0.024884
2906,29,06,29111,0.024934
2906,29,06,29113,0.030935
2906,29,06,29115,0.030393
2906,29,06,29117,0.026281
2906,29,06,29121,0.039557
2906,29,06,29127,0.021572
2906,29,06,29129,0.022407
2906,29,06,29137,0.031975
2906,29,06,29147,0.043297
2906,29,06,29163,0.033101
2906,29,06,29165,0.020726
2906,29,06,29171,0.025541
2906,29,06,29173,0.023194
2906,29,06,29175,0.023832
2906,29,06,29177,0.028091
2906,29,06,29197,0.015172
2906,29,06,29199,0.021551
2906,29,06,29205,0.024728
2906,29,06,29211,0.031992
2906,29,06,29227,0.013164
2907,29,07,29009,0.134726
2907,29,07,29043,0.097408
2907,29,07,29077,0.116929
2907,29,07,29097,0.110553
2907,29,07,29109,0.105918
2907,29,07,29119,0.093401
2907,29,07,29145,0.108172
2907,29,07,29209,0.080308
2907,29,07,29213,0.109484
2907,29,07,29225,0.043101
2908,29,08,29017,0.033737
2908,29,08,29023,0.037933
2908,29,08,29031,0.031586
2908,29,08,29035,0.027701
2908,29,08,29065,0.0411
2908,29,08,29067,0.044423
2908,29,08,29069,0.029588
2908,29,08,29091,0.050623
2908,29,08,29093,0.030044
2908,29,08,29099,0.017608
2908,29,08,29123,0.026993
2908,29,08,29133,0.022473
2908,29,08,29143,0.036848
2908,29,08,29149,0.043124
2908,29,08,29153,0.040676
2908,29,08,29155,0.026896
2908,29,08,29157,0.025899
2908,29,08,29161,0.036679
2908,29,08,29179,0.044142
2908,29,08,29181,0.034371
2908,29,08,29186,0.027253
2908,29,08,29187,0.024672
2908,29,08,29201,0.022932
2908,29,08,29203,0.054807
2908,29,08,29207,0.044942
2908,29,08,29215,0.064277
2908,29,08,29223,0.041451
2908,29,08,29229,0.037224
3001,30,01,30001,0.137989
3001,30,01,30023,0.01834
3001,30,01,30029,0.12665
3001,30,01,30031,0.064862
3001,30,01,30035,0.074565
3001,30,01,30039,0.042999
3001,30,01,30047,0.037106
3001,30,01,30053,0.089937
3001,30,01,30057,0.08933
3001,30,01,30061,0.030363
3001,30,01,30063,0.064555
3001,30,01,30073,0.019273
3001,30,01,30077,0.057908
3001,30,01,30081,0.059526
3001,30,01,30089,0.068722
3001,30,01,30093,0.017875
3002,30,02,30003,0.047425
3002,30,02,30005,0.040116
3002,30,02,30007,0.011315
3002,30,02,30009,0.019432
3002,30,02,30011,0.031699
3002,30,02,30013,0.025604
3002,30,02,30015,0.037696
3002,30,02,30017,0.035901
3002,30,02,30019,0.013534
3002,30,02,30021,0.022508
3002,30,02,30025,0.015378
3002,30,02,30027,0.041177
3002,30,02,30033,0.044377
3002,30,02,30037,0.011144
3002,30,02,30041,0.027513
3002,30,02,30043,0.015724
3002,30,02,30045,0.017742
3002,30,02,30049,0.032817
3002,30,02,30051,0.013569
3002,30,02,30055,0.025073
3002,30,02,30059,0.022697
3002,30,02,30065,0.017735
3002,30,02,30067,0.026593
3002,30,02,30069,0.015711
3002,30,02,30071,0.048779
3002,30,02,30073,0.00807
3002,30,02,30075,0.031297
3002,30,02,30079,0.016479
3002,30,02,30083,0.019781
3002,30,02,30085,0.022343
3002,30,02,30087,0.047523
3002,30,02,30091,0.015913
3002,30,02,30095,0.01705
3002,30,02,30097,0.017608
3002,30,02,30099,0.021556
3002,30,02,30101,0.018171
3002,30,02,30103,0.009279
3002,30,02,30105,0.046745
3002,30,02,30107,0.013498
3002,30,02,30109,0.008441
3002,30,02,30111,0.02499
3101,31,01,31023,0.097771
3101,31,01,31025,0.093166
3101,31,01,31037,0.068811
3101,31,01,31039,0.095369
3101,31,01,31053,0.088439
3101,31,01,31109,0.140007
3101,31,01,31119,0.09572
3101,31,01,31141,0.112674
3101,31,01,31143,0.025283
3101,31,01,31153,0.01576
3101,31,01,31159,0.09552
3101,31,01,31167,0.071479
3102,31,02,31055,0.267732
3102,31,02,31153,0.117968
3102,31,02,31155,0.6143
3103,31,03,31001,0.008091
3103,31,03,31003,0.012313
3103,31,03,31005,0.010273
3103,31,03,31007,0.010716
3103,31,03,31009,0.010209
3103,31,03,31011,0.009862
3103,31,03,31013,0.015447
3103,31,03,31015,0.007756
3103,31,03,31017,0.017544
3103,31,03,31019,0.013908
3103,31,03,31021,0.007061
3103,31,03,31027,0.010633
3103,31,03,31029,0.012848
3103,31,03,31031,0.085615
3103,31,03,31033,0.01718
3103,31,03,31035,0.008221
3103,31,03,31041,0.036997
3103,31,03,31043,0.003796
3103,31,03,31045,0.020058
3103,31,03,31047,0.014552
3103,31,03,31049,0.006318
3103,31,03,31051,0.006839
3103,31,03,31057,0.013211
3103,31,03,31059,0.008265
3103,31,03,31061,0.008271
3103,31,03,31063,0.014
3103,31,03,31065,0.01033
3103,31,03,31067,0.012231
3103,31,03,31069,0.024497
3103,31,03,31071,0.008178
3103,31,03,31073,0.006581
3103,31,03,31075,0.011161
3103,31,03,31077,0.008185
3103,31,03,31079,0.007849
3103,31,03,31081,0.007787
3103,31,03,31083,0.00795
3103,31,03,31085,0.010243
3103,31,03,31087,0.010198
3103,31,03,31089,0.034653
3103,31,03,31091,0.010359
3103,31,03,31093,0.008178
3103,31,03,31095,0.00819
3103,31,03,31097,0.005402
3103,31,03,31099,0.007416
3103,31,03,31101,0.015251
3103,31,03,31103,0.011105
3103,31,03,31105,0.013674
3103,31,03,31107,0.015922
3103,31,03,31111,0.036832
3103,31,03,31113,0.008198
3103,31,03,31115,0.008095
3103,31,03,31117,0.012343
3103,31,03,31121,0.006999
3103,31,03,31123,0.020455
3103,31,03,31125,0.006343
3103,31,03,31127,0.005852
3103,31,03,31129,0.008262
3103,31,03,31131,0.008844
3103,31,03,31133,0.006192
3103,31,03,31135,0.012688
3103,31,03,31137,0.007754
3103,31,03,31139,0.008234
3103,31,03,31143,0.004129
3103,31,03,31145,0.010299
3103,31,03,31147,0.007927
3103,31,03,31149,0.014484
3103,31,03,31151,0.008246
3103,31,03,31157,0.010624
3103,31,03,31161,0.035062
3103,31,03,31163,0.008128
3103,31,03,31165,0.029687
3103,31,03,31169,0.008242
3103,31,03,31171,0.010236
3103,31,03,31173,0.005654
3103,31,03,31175,0.008161
3103,31,03,31177,0.005602
3103,31,03,31179,0.006362
3103,31,03,31181,0.008258
3103,31,03,31183,0.008262
3103,31,03,31185,0.008224
3201,32,01,32003,1.0
3202,32,02,32001,0.075027
3202,32,02,32005,0.01092
3202,32,02,32007,0.263941
3202,32,02,32011,0.064177
3202,32,02,32013,0.14817
3202,32,02,32015,0.084826
3202,32,02,32017,0.000796
3202,32,02,32019,0.019442
3202,32,02,32027,0.092777
3202,32,02,32029,0.004054
3202,32,02,32031,0.097069
3202,32,02,32033,0.13658
3202,32,02,32510,0.002221
3203,32,03,32003,1.0
3204,32,04,32001,0.001638
3204,32,04,32003,0.116945
3204,32,04,32009,0.085711
3204,32,04,32017,0.253206
3204,32,04,32019,0.017661
3204,32,04,32021,0.089764
3204,32,04,32023,0.435074
3301,33,01,33001,0.164125
3301,33,01,33003,0.326118
3301,33,01,33011,0.063187
3301,33,01,33013,0.016821
3301,33,01,33015,0.258323
3301,33,01,33017,0.171427
3302,33,02,33001,0.007346
3302,33,02,33003,0.034184
3302,33,02,33005,0.103773
3302,33,02,33007,0.263514
3302,33,02,33009,0.25089
3302,33,02,33011,0.10882
3302,33,02,33013,0.131692
3302,33,02,33015,0.0208
3302,33,02,33019,0.078981
3401,34,01,34005,0.015424
3401,34,01,34007,0.601457
3401,34,01,34015,0.383119
3402,34,02,34001,0.278563
3402,34,02,34009,0.126126
3402,34,02,34011,0.242381
3402,34,02,34015,0.090762
3402,34,02,34029,0.095756
3402,34,02,34033,0.166412
3403,34,03,34005,0.734323
3403,34,03,34021,0.091053
3403,34,03,34025,0.174625
3404,34,04,34025,0.328475
3404,34,04,34029,0.671525
3405,34,05,34003,0.264475
3405,34,05,34031,0.182289
3405,34,05,34037,0.553235
3406,34,06,34023,0.658257
3406,34,06,34025,0.341743
3407,34,07,34019,0.317462
3407,34,07,34027,0.123868
3407,34,07,34035,0.132492
3407,34,07,34037,0.118253
3407,34,07,34039,0.043365
3407,34,07,34041,0.264561
3408,34,08,34013,0.114025
3408,34,08,34017,0.642656
3408,34,08,34039,0.24332
3409,34,09,34003,0.551096
3409,34,09,34017,0.071388
3409,34,09,34031,0.377516
3410,34,10,34013,0.589901
3410,34,10,34017,0.074182
3410,34,10,34039,0.335918
3411,34,11,34013,0.189059
3411,34,11,34027,0.745475
3411,34,11,34031,0.065466
3412,34,12,34021,0.287564
3412,34,12,34023,0.417494
3412,34,12,34035,0.281346
3412,34,12,34039,0.013597
3501,35,01,35001,0.030028
3501,35,01,35005,0.120946
3501,35,01,35011,0.132221
3501,35,01,35019,0.172441
3501,35,01,35027,0.274966
3501,35,01,35035,0.031123
3501,35,01,35043,0.0219
3501,35,01,35049,0.00728
3501,35,01,35057,0.190395
3501,35,01,35061,0.018698
3502,35,02,35001,0.012322
3502,35,02,35003,0.134643
3502,35,02,35005,0.023108
3502,35,02,35006,0.088281
3502,35,02,35013,0.074051
3502,35,02,35015,0.074849
3502,35,02,35017,0.077027
3502,35,02,35023,0.066863
3502,35,02,35025,0.039946
3502,35,02,35029,0.057659
3502,35,02,35031,0.008402
3502,35,02,35035,0.11795
3502,35,02,35051,0.081305
3502,35,02,35053,0.129241
3502,35,02,35061,0.014355
3503,35,03,35005,0.052638
3503,35,03,35007,0.071832
3503,35,03,35009,0.026866
3503,35,03,35015,0.006253
3503,35,03,35021,0.040627
3503,35,03,35025,0.044676
3503,35,03,35028,0.002086
3503,35,03,35031,0.095935
3503,35,03,35033,0.036819
3503,35,03,35037,0.054934
3503,35,03,35039,0.112027
3503,35,03,35041,0.046755
3503,35,03,35043,0.063563
3503,35,03,35045,0.105459
3503,35,03,35047,0.090249
3503,35,03,35049,0.034071
3503,35,03,35055,0.042097
3503,35,03,35059,0.073114
3601,36,01,36103,1.0
3602,36,02,36059,0.02899
3602,36,02,36103,0.97101
3603,36,03,36059,0.923327
3603,36,03,36081,0.076673
3604,36,04,36059,1.0
3605,36,05,36081,1.0
3606,36,06,36081,1.0
3607,36,07,36047,0.464136
3607,36,07,36081,0.535864
3608,36,08,36047,1.0
3609,36,09,36047,1.0
3610,36,10,36047,0.69508
3610,36,10,36061,0.30492
3611,36,11,36047,0.10442
3611,36,11,36085,0.89558
3612,36,12,36061,1.0
3613,36,13,36005,0.242809
3613,36,13,36061,0.757191
3614,36,14,36005,0.636586
3614,36,14,36081,0.363414
3615,36,15,36005,1.0
3616,36,16,36005,0.015366
3616,36,16,36119,0.984634
3617,36,17,36027,0.135717
3617,36,17,36079,0.279239
3617,36,17,36087,0.210389
3617,36,17,36119,0.374655
3618,36,18,36027,0.344863
3618,36,18,36071,0.4097
3618,36,18,36111,0.245438
3619,36,19,36007,0.089909
3619,36,19,36017,0.113858
3619,36,19,36021,0.080866
3619,36,19,36023,0.063552
3619,36,19,36025,0.183809
3619,36,19,36039,0.082459
3619,36,19,36077,0.054374
3619,36,19,36105,0.123357
3619,36,19,36107,0.066099
3619,36,19,36109,0.060477
3619,36,19,36111,0.081241
3620,36,20,36001,0.335108
3620,36,20,36083,0.014669
3620,36,20,36091,0.51911
3620,36,20,36093,0.131112
3621,36,21,36019,0.063278
3621,36,21,36031,0.109398
3621,36,21,36033,0.099348
3621,36,21,36035,0.030211
3621,36,21,36041,0.104719
3621,36,21,36043,0.08607
3621,36,21,36045,0.026364
3621,36,21,36049,0.077722
3621,36,21,36057,0.02458
3621,36,21,36077,0.03506
3621,36,21,36083,0.038389
3621,36,21,36089,0.163386
3621,36,21,36095,0.037916
3621,36,21,36113,0.052879
3621,36,21,36115,0.050681
3622,36,22,36053,0.247484
3622,36,22,36065,0.45817
3622,36,22,36067,0.294174
3622,36,22,36075,0.000171
3623,36,23,36003,0.161194
3623,36,23,36009,0.204838
3623,36,23,36013,0.166044
3623,36,23,36015,0.063782
3623,36,23,36029,0.134996
3623,36,23,36097,0.051414
3623,36,23,36101,0.217732
3624,36,24,36011,0.105288
3624,36,24,36037,0.075046
3624,36,24,36045,0.127326
3624,36,24,36051,0.09618
3624,36,24,36063,0.039441
3624,36,24,36069,0.098055
3624,36,24,36073,0.030925
3624,36,24,36075,0.144811
3624,36,24,36099,0.04928
3624,36,24,36117,0.091928
3624,36,24,36121,0.090241
3624,36,24,36123,0.051479
3625,36,25,36055,0.77738
3625,36,25,36073,0.22262
3626,36,26,36029,0.406864
3626,36,26,36063,0.593136
3701,37,01,37015,0.089009
3701,37,01,37041,0.02198
3701,37,01,37065,0.064345
3701,37,01,37069,0.062609
3701,37,01,37073,0.043362
3701,37,01,37079,0.033957
3701,37,01,37083,0.092136
3701,37,01,37091,0.04496
3701,37,01,37117,0.058104
3701,37,01,37127,0.068802
3701,37,01,37131,0.068324
3701,37,01,37139,0.028883
3701,37,01,37143,0.031467
3701,37,01,37147,0.064611
3701,37,01,37177,0.049748
3701,37,01,37181,0.032131
3701,37,01,37185,0.054664
3701,37,01,37187,0.044113
3701,37,01,37195,0.046794
3702,37,02,37183,1.0
3703,37,03,37013,0.108545
3703,37,03,37029,0.031326
3703,37,03,37031,0.066165
3703,37,03,37049,0.0921
3703,37,03,37053,0.034139
3703,37,03,37055,0.049953
3703,37,03,37061,0.106196
3703,37,03,37095,0.079817
3703,37,03,37103,0.061441
3703,37,03,37107,0.05202
3703,37,03,37133,0.099334
3703,37,03,37137,0.043864
3703,37,03,37147,0.01888
3703,37,03,37163,0.123299
3703,37,03,37191,0.032922
3704,37,04,37001,0.207145
3704,37,04,37033,0.006046
3704,37,04,37063,0.140163
3704,37,04,37077,0.260241
3704,37,04,37135,0.194479
3704,37,04,37145,0.191926
3705,37,05,37005,0.05182
3705,37,05,37009,0.094061
3705,37,05,37011,0.054579
3705,37,05,37027,0.09821
3705,37,05,37059,0.058189
3705,37,05,37067,0.068464
3705,37,05,37121,0.048822
3705,37,05,37169,0.099155
3705,37,05,37171,0.117536
3705,37,05,37189,0.068944
3705,37,05,37193,0.16631
3705,37,05,37197,0.07391
3706,37,06,37033,0.239819
3706,37,06,37067,0.056666
3706,37,06,37081,0.375066
3706,37,06,37157,0.328449
3707,37,07,37017,0.169945
3707,37,07,37019,0.165099
3707,37,07,37047,0.182198
3707,37,07,37051,0.092222
3707,37,07,37129,0.037339
3707,37,07,37141,0.169219
3707,37,07,37155,0.183979
3708,37,08,37007,0.144324
3708,37,08,37025,0.058743
3708,37,08,37057,0.150221
3708,37,08,37123,0.133482
3708,37,08,37153,0.095182
3708,37,08,37159,0.138933
3708,37,08,37167,0.107288
3708,37,08,37179,0.171826
3709,37,09,37037,0.188028
3709,37,09,37051,0.049019
3709,37,09,37085,0.05474
3709,37,09,37093,0.107616
3709,37,09,37105,0.070354
3709,37,09,37125,0.192442
3709,37,09,37151,0.215793
3709,37,09,37153,0.033979
3709,37,09,37165,0.088029
3710,37,10,37003,0.088603
3710,37,10,37023,0.172526
3710,37,10,37027,0.009142
3710,37,10,37035,0.136788
3710,37,10,37045,0.158216
3710,37,10,37071,0.035592
3710,37,10,37097,0.195759
3710,37,10,37109,0.100825
3710,37,10,37161,0.102549
3711,37,11,37021,0.106528
3711,37,11,37039,0.07392
3711,37,11,37043,0.034885
3711,37,11,37075,0.047377
3711,37,11,37087,0.089825
3711,37,11,37089,0.060518
3711,37,11,37099,0.079691
3711,37,11,37111,0.07139
3711,37,11,37113,0.083662
3711,37,11,37115,0.072958
3711,37,11,37149,0.038569
3711,37,11,37161,0.042925
3711,37,11,37173,0.085633
3711,37,11,37175,0.061395
3711,37,11,37199,0.050724
3712,37,12,37025,0.328269
3712,37,12,37119,0.671731
3713,37,13,37085,0.216536
3713,37,13,37101,0.43256
3713,37,13,37183,0.186321
3713,37,13,37191,0.164582
3714,37,14,37071,0.525343
3714,37,14,37119,0.474657
3800,38,00,38001,0.014313
3800,38,00,38003,0.021618
3800,38,00,38005,0.020125
3800,38,00,38007,0.016646
3800,38,00,38009,0.024188
3800,38,00,38011,0.016839
3800,38,00,38013,0.015995
3800,38,00,38015,0.023664
3800,38,00,38017,0.02558
3800,38,00,38019,0.021583
3800,38,00,38021,0.016399
3800,38,00,38023,0.018278
3800,38,00,38025,0.02911
3800,38,00,38027,0.009134
3800,38,00,38029,0.021885
3800,38,00,38031,0.00919
3800,38,00,38033,0.014506
3800,38,00,38035,0.020816
3800,38,00,38037,0.024048
3800,38,00,38039,0.010271
3800,38,00,38041,0.01641
3800,38,00,38043,0.019582
3800,38,00,38045,0.01661
3800,38,00,38047,0.014386
3800,38,00,38049,0.02716
3800,38,00,38051,0.014125
3800,38,00,38053,0.040004
3800,38,00,38055,0.030585
3800,38,00,38057,0.015114
3800,38,00,38059,0.027913
3800,38,00,38061,0.026453
3800,38,00,38063,0.01423
3800,38,00,38065,0.01047
3800,38,00,38067,0.016212
3800,38,00,38069,0.014759
3800,38,00,38071,0.01718
3800,38,00,38073,0.0125
3800,38,00,38075,0.012714
3800,38,00,38077,0.020808
3800,38,00,38079,0.013088
3800,38,00,38081,0.012443
3800,38,00,38083,0.014091
3800,38,00,38085,0.015857
3800,38,00,38087,0.017614
3800,38,00,38089,0.019348
3800,38,00,38091,0.010322
3800,38,00,38093,0.032203
3800,38,00,38095,0.014858
3800,38,00,38097,0.012492
3800,38,00,38099,0.018575
3800,38,00,38101,0.029176
3800,38,00,38103,0.018415
3800,38,00,38105,0.030112
3901,39,01,39061,0.332414
3901,39,01,39165,0.667586
3902,39,02,39001,0.079079
3902,39,02,39015,0.066303
3902,39,02,39025,0.061294
3902,39,02,39027,0.055358
3902,39,02,39047,0.006874
3902,39,02,39053,0.063186
3902,39,02,39071,0.074909
3902,39,02,39073,0.057067
3902,39,02,39079,0.056926
3902,39,02,39087,0.061407
3902,39,02,39105,0.058252
3902,39,02,39129,0.067886
3902,39,02,39131,0.059631
3902,39,02,39141,0.09334
3902,39,02,39145,0.082637
3902,39,02,39163,0.05585
3903,39,03,39049,1.0
3904,39,04,39003,0.082489
3904,39,04,39005,0.086678
3904,39,04,39011,0.082252
3904,39,04,39021,0.087908
3904,39,04,39041,0.061178
3904,39,04,39065,0.096371
3904,39,04,39091,0.093957
3904,39,04,39101,0.082748
3904,39,04,39117,0.083225
3904,39,04,39139,0.101482
3904,39,04,39149,0.042533
3904,39,04,39159,0.088476
3904,39,04,39175,0.010704
3905,39,05,39033,0.072679
3905,39,05,39063,0.096111
3905,39,05,39069,0.075252
3905,39,05,39077,0.089042
3905,39,05,39093,0.088733
3905,39,05,39107,0.083652
3905,39,05,39125,0.075329
3905,39,05,39137,0.087287
3905,39,05,39147,0.099675
3905,39,05,39161,0.074011
3905,39,05,39173,0.094075
3905,39,05,39175,0.064152
3906,39,06,39013,0.111345
3906,39,06,39019,0.082571
3906,39,06,39029,0.111301
3906,39,06,39067,0.084186
3906,39,06,39081,0.085398
3906,39,06,39099,0.086102
3906,39,06,39111,0.095358
3906,39,06,39121,0.083282
3906,39,06,39151,0.0776
3906,39,06,39157,0.050617
3906,39,06,39167,0.132238
3907,39,07,39035,0.182936
3907,39,07,39075,0.07792
3907,39,07,39103,0.319097
3907,39,07,39169,0.420046
3908,39,08,39017,0.260183
3908,39,08,39037,0.333565
3908,39,08,39061,0.114621
3908,39,08,39109,0.055039
3908,39,08,39135,0.236593
3909,39,09,39039,0.15895
3909,39,09,39043,0.097077
3909,39,09,39051,0.156631
3909,39,09,39095,0.131218
3909,39,09,39123,0.098396
3909,39,09,39143,0.157712
3909,39,09,39171,0.162508
3909,39,09,39173,0.037509
3910,39,10,39023,0.116725
3910,39,10,39057,0.417513
3910,39,10,39113,0.465763
3911,39,11,39035,1.0
3912,39,12,39009,0.090245
3912,39,12,39031,0.101057
3912,39,12,39041,0.02591
3912,39,12,39045,0.090374
3912,39,12,39059,0.093579
3912,39,12,39075,0.057284
3912,39,12,39083,0.094161
3912,39,12,39089,0.12228
3912,39,12,39115,0.074617
3912,39,12,39119,0.119076
3912,39,12,39127,0.073095
3912,39,12,39157,0.058322
3913,39,13,39133,0.007375
3913,39,13,39151,0.328743
3913,39,13,39153,0.663882
3914,39,14,39007,0.288613
3914,39,14,39055,0.16456
3914,39,14,39085,0.094251
3914,39,14,39133,0.198482
3914,39,14,39155,0.254095
3915,39,15,39023,0.146088
3915,39,15,39047,0.184705
3915,39,15,39049,0.163416
3915,39,15,39097,0.241948
3915,39,15,39109,0.159891
3915,39,15,39149,0.103952
4001,40,01,40037,0.11806
4001,40,01,40131,0.034106
4001,40,01,40143,0.528661
4001,40,01,40145,0.319173
4002,40,02,40001,0.026531
4002,40,02,40005,0.045096
4002,40,02,40013,0.041804
4002,40,02,40021,0.034633
4002,40,02,40023,0.035615
4002,40,02,40029,0.023891
4002,40,02,40035,0.035194
4002,40,02,40041,0.034109
4002,40,02,40061,0.026663
4002,40,02,40063,0.037191
4002,40,02,40069,0.029729
4002,40,02,40077,0.033384
4002,40,02,40079,0.07348
4002,40,02,40089,0.085563
4002,40,02,40091,0.028584
4002,40,02,40095,0.017174
4002,40,02,40097,0.0303
4002,40,02,40101,0.037476
4002,40,02,40105,0.026158
4002,40,02,40107,0.028592
4002,40,02,40111,0.032243
4002,40,02,40115,0.021766
4002,40,02,40121,0.060356
4002,40,02,40127,0.064517
4002,40,02,40131,0.02954
4002,40,02,40135,0.031139
4002,40,02,40145,0.010062
4002,40,02,40147,0.01921
4003,40,03,40003,0.026571
4003,40,03,40007,0.055648
4003,40,03,40009,0.027648
4003,40,03,40011,0.02847
4003,40,03,40015,0.039179
4003,40,03,40017,0.022446
4003,40,03,40025,0.05626
4003,40,03,40037,0.025223
4003,40,03,40039,0.030318
4003,40,03,40043,0.030651
4003,40,03,40045,0.03776
4003,40,03,40047,0.032457
4003,40,03,40053,0.030685
4003,40,03,40055,0.019602
4003,40,03,40057,0.016474
4003,40,03,40059,0.031846
4003,40,03,40065,0.024611
4003,40,03,40071,0.028197
4003,40,03,40073,0.027537
4003,40,03,40075,0.031125
4003,40,03,40083,0.009689
4003,40,03,40093,0.029283
4003,40,03,40103,0.022436
4003,40,03,40109,0.002677
4003,40,03,40113,0.068887
4003,40,03,40117,0.017427
4003,40,03,40119,0.021001
4003,40,03,40129,0.03499
4003,40,03,40139,0.062591
4003,40,03,40149,0.030757
4003,40,03,40151,0.039447
4003,40,03,40153,0.038107
4004,40,04,40019,0.08447
4004,40,04,40027,0.055365
4004,40,04,40031,0.109858
4004,40,04,40033,0.064995
4004,40,04,40049,0.082409
4004,40,04,40051,0.113066
4004,40,04,40067,0.077972
4004,40,04,40085,0.052798
4004,40,04,40087,0.058633
4004,40,04,40099,0.042777
4004,40,04,40109,0.004745
4004,40,04,40123,0.074012
4004,40,04,40137,0.089402
4004,40,04,40141,0.089497
4005,40,05,40017,0.046472
4005,40,05,40081,0.268979
4005,40,05,40083,0.120812
4005,40,05,40109,0.162509
4005,40,05,40125,0.222497
4005,40,05,40133,0.178731
4101,41,01,41007,0.247125
4101,41,01,41009,0.19656
4101,41,01,41051,0.02849
4101,41,01,41057,0.328962
4101,41,01,41067,0.198863
4102,41,02,41001,0.042517
4102,41,02,41005,0.000327
4102,41,02,41013,0.041283
4102,41,02,41015,1e-06
4102,41,02,41017,0.025401
4102,41,02,41019,0.039746
4102,41,02,41021,0.016695
4102,41,02,41023,0.062747
4102,41,02,41025,0.140446
4102,41,02,41029,0.038571
4102,41,02,41031,0.024478
4102,41,02,41033,0.022709
4102,41,02,41035,0.082457
4102,41,02,41037,0.112787
4102,41,02,41045,0.137027
4102,41,02,41047,8.9e-05
4102,41,02,41049,0.02814
4102,41,02,41055,0.011414
4102,41,02,41059,0.044561
4102,41,02,41061,0.028229
4102,41,02,41063,0.043597
4102,41,02,41065,0.032998
4102,41,02,41069,0.023781
4103,41,03,41005,0.389581
4103,41,03,41027,0.376634
4103,41,03,41051,0.233784
4104,41,04,41003,0.058134
4104,41,04,41011,0.137437
4104,41,04,41015,0.140212
4104,41,04,41019,0.186656
4104,41,04,41039,0.392152
4104,41,04,41041,0.084472
4104,41,04,41043,0.000937
4104,41,04,41053,0.0
4105,41,05,41003,1.2e-05
4105,41,05,41005,0.227802
4105,41,05,41017,0.211873
4105,41,05,41031,0.002759
4105,41,05,41043,0.407465
4105,41,05,41047,0.148011
4105,41,05,41051,0.002078
4106,41,06,41005,0.017561
4106,41,06,41043,0.0
4106,41,06,41047,0.183133
4106,41,06,41053,0.390975
4106,41,06,41067,0.030538
4106,41,06,41071,0.377793
4201,42,01,42017,0.864015
4201,42,01,42091,0.135985
4202,42,02,42101,1.0
4203,42,03,42101,1.0
4204,42,04,42011,0.504255
4204,42,04,42091,0.495745
4205,42,05,42029,0.000719
4205,42,05,42045,0.801975
4205,42,05,42091,0.122103
4205,42,05,42101,0.075203
4206,42,06,42011,0.188779
4206,42,06,42029,0.811221
4207,42,07,42025,0.326562
4207,42,07,42077,0.295739
4207,42,07,42089,0.061017
4207,42,07,42095,0.316682
4208,42,08,42069,0.165738
4208,42,08,42079,0.18152
4208,42,08,42089,0.193936
4208,42,08,42103,0.196748
4208,42,08,42127,0.262057
4209,42,09,42011,0.051989
4209,42,09,42015,0.188942
4209,42,09,42037,0.079565
4209,42,09,42075,0.059579
4209,42,09,42079,0.063713
4209,42,09,42081,0.056094
4209,42,09,42093,0.021445
4209,42,09,42097,0.075358
4209,42,09,42107,0.1282
4209,42,09,42113,0.074086
4209,42,09,42115,0.135596
4209,42,09,42131,0.065431
4210,42,10,42041,0.30511
4210,42,10,42043,0.418307
4210,42,10,42133,0.276584
4211,42,11,42071,0.62876
4211,42,11,42133,0.37124
4212,42,12,42003,0.63781
4212,42,12,42129,0.36219
4213,42,13,42001,0.081522
4213,42,13,42009,0.159093
4213,42,13,42013,0.082557
4213,42,13,42021,0.108055
4213,42,13,42041,0.025563
4213,42,13,42055,0.121381
4213,42,13,42057,0.068769
4213,42,13,42061,0.137468
4213,42,13,42067,0.061514
4213,42,13,42087,0.064603
4213,42,13,42099,0.086671
4213,42,13,42111,0.002804
4214,42,14,42051,0.165613
4214,42,14,42059,0.120621
4214,42,14,42063,0.129914
4214,42,14,42111,0.221416
4214,42,14,42125,0.179488
4214,42,14,42129,0.182949
4215,42,15,42005,0.050325
4215,42,15,42023,0.030521
4215,42,15,42027,0.085402
4215,42,15,42031,0.046282
4215,42,15,42033,0.088223
4215,42,15,42035,0.0684
4215,42,15,42047,0.063695
4215,42,15,42053,0.032911
4215,42,15,42063,0.015953
4215,42,15,42065,0.050256
4215,42,15,42081,0.068421
4215,42,15,42083,0.075465
4215,42,15,42105,0.083287
4215,42,15,42109,0.025326
4215,42,15,42117,0.087336
4215,42,15,42119,0.024337
4215,42,15,42121,0.035743
4215,42,15,42123,0.068115
4216,42,16,42019,0.205548
4216,42,16,42039,0.263574
4216,42,16,42049,0.208003
4216,42,16,42073,0.093043
4216,42,16,42085,0.175096
4216,42,16,42121,0.054737
4217,42,17,42003,0.513298
4217,42,17,42007,0.486702
4401,44,01,44001,0.090084
4401,44,01,44005,0.382373
4401,44,01,44007,0.527544
4402,44,02,44003,0.220058
4402,44,02,44007,0.350078
4402,44,02,44009,0.429863
4501,45,01,45013,0.222468
4501,45,01,45015,0.426223
4501,45,01,45019,0.231695
4501,45,01,45029,0.071178
4501,45,01,45035,0.041194
4501,45,01,45053,0.007243
4502,45,02,45003,0.343892
4502,45,02,45011,0.176133
4502,45,02,45063,0.22451
4502,45,02,45075,0.143461
4502,45,02,45079,0.112005
4503,45,03,45001,0.087192
4503,45,03,45007,0.126717
4503,45,03,45037,0.088882
4503,45,03,45045,0.034408
4503,45,03,45047,0.080875
4503,45,03,45059,0.126543
4503,45,03,45065,0.063703
4503,45,03,45071,0.111884
4503,45,03,45073,0.111221
4503,45,03,45077,0.088213
4503,45,03,45081,0.080362
4504,45,04,45045,0.479928
4504,45,04,45083,0.520072
4505,45,05,45021,0.076146
4505,45,05,45023,0.112518
4505,45,05,45039,0.132989
4505,45,05,45055,0.140799
4505,45,05,45057,0.106396
4505,45,05,45061,0.079483
4505,45,05,45083,0.032311
4505,45,05,45085,0.087871
4505,45,05,45087,0.09952
4505,45,05,45091,0.131967
4506,45,06,45005,0.058922
4506,45,06,45009,0.056795
4506,45,06,45017,0.055032
4506,45,06,45019,0.045921
4506,45,06,45027,0.08767
4506,45,06,45029,0.125931
4506,45,06,45035,0.066695
4506,45,06,45041,0.010627
4506,45,06,45049,0.080851
4506,45,06,45053,0.091886
4506,45,06,45075,0.095252
4506,45,06,45079,0.058989
4506,45,06,45085,0.030553
4506,45,06,45089,0.134877
4507,45,07,45025,0.147749
4507,45,07,45031,0.103665
4507,45,07,45033,0.074905
4507,45,07,45041,0.13442
4507,45,07,45043,0.150454
4507,45,07,45051,0.209572
4507,45,07,45067,0.090495
4507,45,07,45069,0.088739
4600,46,00,46003,0.009345
4600,46,00,46005,0.016603
4600,46,00,46007,0.015627
4600,46,00,46009,0.007434
4600,46,00,46011,0.01045
4600,46,00,46013,0.022596
4600,46,00,46015,0.01078
4600,46,00,46017,0.006218
4600,46,00,46019,0.02968
4600,46,00,46021,0.009678
4600,46,00,46023,0.014477
4600,46,00,46025,0.01263
4600,46,00,46027,0.005435
4600,46,00,46029,0.00907
4600,46,00,46031,0.032578
4600,46,00,46033,0.020538
4600,46,00,46035,0.005746
4600,46,00,46037,0.013567
4600,46,00,46039,0.008215
4600,46,00,46041,0.030371
4600,46,00,46043,0.005696
4600,46,00,46045,0.014853
4600,46,00,46047,0.022951
4600,46,00,46049,0.01295
4600,46,00,46051,0.008989
4600,46,00,46053,0.013388
4600,46,00,46055,0.023883
4600,46,00,46057,0.006688
4600,46,00,46059,0.018951
4600,46,00,46061,0.005733
4600,46,00,46063,0.035241
4600,46,00,46065,0.009781
4600,46,00,46067,0.010724
4600,46,00,46069,0.011353
4600,46,00,46071,0.024586
4600,46,00,46073,0.00694
4600,46,00,46075,0.012791
4600,46,00,46077,0.010978
4600,46,00,46079,0.007425
4600,46,00,46081,0.010553
4600,46,00,46083,0.007615
4600,46,00,46085,0.021663
4600,46,00,46087,0.007574
4600,46,00,46089,0.014994
4600,46,00,46091,0.011055
4600,46,00,46093,0.045785
4600,46,00,46095,0.017245
4600,46,00,46097,0.007521
4600,46,00,46099,0.010643
4600,46,00,46101,0.006851
4600,46,00,46102,0.027617
4600,46,00,46103,0.036628
4600,46,00,46105,0.037864
4600,46,00,46107,0.011359
4600,46,00,46109,0.014524
4600,46,00,46111,0.007509
4600,46,00,46115,0.019833
4600,46,00,46117,0.019053
4600,46,00,46119,0.01328
4600,46,00,46121,0.018317
4600,46,00,46123,0.02127
4600,46,00,46125,0.00814
4600,46,00,46127,0.006078
4600,46,00,46129,0.009348
4600,46,00,46135,0.006875
4600,46,00,46137,0.025871
4701,47,01,47019,0.078378
4701,47,01,47029,0.100169
4701,47,01,47059,0.142896
4701,47,01,47063,0.037021
4701,47,01,47067,0.051062
4701,47,01,47073,0.111864
4701,47,01,47089,0.061312
4701,47,01,47091,0.068544
4701,47,01,47155,0.136079
4701,47,01,47163,0.094957
4701,47,01,47171,0.042734
4701,47,01,47179,0.074986
4702,47,02,47009,0.21692
4702,47,02,47013,0.129201
4702,47,02,47025,0.168702
4702,47,02,47057,0.108917
4702,47,02,47089,0.003151
4702,47,02,47093,0.197322
4702,47,02,47105,0.088998
4702,47,02,47173,0.086789
4703,47,03,47001,0.085233
4703,47,03,47011,0.083099
4703,47,03,47013,0.037244
4703,47,03,47065,0.137039
4703,47,03,47107,0.108718
4703,47,03,47123,0.160701
4703,47,03,47129,0.131988
4703,47,03,47139,0.109853
4703,47,03,47145,0.091188
4703,47,03,47151,0.054937
4704,47,04,47003,0.073169
4704,47,04,47007,0.062805
4704,47,04,47031,0.066267
4704,47,04,47051,0.08566
4704,47,04,47055,0.094378
4704,47,04,47061,0.055682
4704,47,04,47099,0.095335
4704,47,04,47103,0.088108
4704,47,04,47115,0.076971
4704,47,04,47121,0.030145
4704,47,04,47127,0.019963
4704,47,04,47143,0.048735
4704,47,04,47149,0.095666
4704,47,04,47153,0.041069
4704,47,04,47177,0.066047
4705,47,05,47037,0.090278
4705,47,05,47101,0.137001
4705,47,05,47117,0.182348
4705,47,05,47119,0.297778
4705,47,05,47187,0.150914
4705,47,05,47189,0.141681
4706,47,06,47015,0.044878
4706,47,06,47027,0.039962
4706,47,06,47035,0.115104
4706,47,06,47037,0.01886
4706,47,06,47041,0.05143
4706,47,06,47049,0.084237
4706,47,06,47087,0.05217
4706,47,06,47111,0.051891
4706,47,06,47133,0.073235
4706,47,06,47137,0.027535
4706,47,06,47141,0.067765
4706,47,06,47151,0.05321
4706,47,06,47159,0.053099
4706,47,06,47165,0.08945
4706,47,06,47169,0.019318
4706,47,06,47175,0.046192
4706,47,06,47177,0.000867
4706,47,06,47185,0.063638
4706,47,06,47189,0.04716
4707,47,07,47005,0.054157
4707,47,07,47021,0.051347
4707,47,07,47037,0.034996
4707,47,07,47039,0.056673
4707,47,07,47043,0.083156
4707,47,07,47081,0.103964
4707,47,07,47083,0.033998
4707,47,07,47085,0.090092
4707,47,07,47125,0.091519
4707,47,07,47135,0.070402
4707,47,07,47147,0.080854
4707,47,07,47161,0.078043
4707,47,07,47181,0.124608
4707,47,07,47187,0.046191
4708,47,08,47005,0.008156
4708,47,08,47017,0.064777
4708,47,08,47023,0.030969
4708,47,08,47033,0.028779
4708,47,08,47045,0.055531
4708,47,08,47047,0.076387
4708,47,08,47053,0.065328
4708,47,08,47069,0.072376
4708,47,08,47071,0.06259
4708,47,08,47075,0.057781
4708,47,08,47077,0.056361
4708,47,08,47079,0.060902
4708,47,08,47095,0.017969
4708,47,08,47097,0.051146
4708,47,08,47109,0.061003
4708,47,08,47113,0.060389
4708,47,08,47131,0.059053
4708,47,08,47157,0.025544
4708,47,08,47167,0.022057
4708,47,08,47183,0.062901
4709,47,09,47157,0.67553
4709,47,09,47167,0.32447
4801,48,01,48037,0.059274
4801,48,01,48063,0.020693
4801,48,01,48067,0.098997
4801,48,01,48159,0.030049
4801,48,01,48183,0.028885
4801,48,01,48203,0.0951
4801,48,01,48315,0.040246
4801,48,01,48343,0.026625
4801,48,01,48365,0.085727
4801,48,01,48387,0.053701
4801,48,01,48401,0.09765
4801,48,01,48403,0.051954
4801,48,01,48405,0.056069
4801,48,01,48419,0.084062
4801,48,01,48423,0.097362
4801,48,01,48449,0.042904
4801,48,01,48459,0.0307
4802,48,02,48201,0.434384
4802,48,02,48339,0.565616
4803,48,03,48085,0.467568
4803,48,03,48231,0.532432
4804,48,04,48037,0.062121
4804,48,04,48085,0.028865
4804,48,04,48119,0.049252
4804,48,04,48121,0.003182
4804,48,04,48147,0.170832
4804,48,04,48181,0.178887
4804,48,04,48223,0.147168
4804,48,04,48231,0.014582
4804,48,04,48277,0.173996
4804,48,04,48379,0.044001
4804,48,04,48387,0.102719
4804,48,04,48397,0.024394
4805,48,05,48113,0.045133
4805,48,05,48213,0.242909
4805,48,05,48257,0.217056
4805,48,05,48459,0.081292
4805,48,05,48467,0.234233
4805,48,05,48499,0.179376
4806,48,06,48001,0.181383
4806,48,06,48073,0.179734
4806,48,06,48113,0.008494
4806,48,06,48139,0.159727
4806,48,06,48161,0.087276
4806,48,06,48217,0.163671
4806,48,06,48251,0.039571
4806,48,06,48349,0.172351
4806,48,06,48439,0.007793
4807,48,07,48157,0.450911
4807,48,07,48201,0.549089
4808,48,08,48201,0.07966
4808,48,08,48339,0.241109
4808,48,08,48373,0.371157
4808,48,08,48407,0.199877
4808,48,08,48471,0.108197
4809,48,09,48039,0.142132
4809,48,09,48157,0.298458
4809,48,09,48201,0.55941
4810,48,10,48015,0.084316
4810,48,10,48021,0.059466
4810,48,10,48041,0.076444
4810,48,10,48051,0.085958
4810,48,10,48089,0.125242
4810,48,10,48149,0.123891
4810,48,10,48185,0.102702
4810,48,10,48287,0.08204
4810,48,10,48313,0.060784
4810,48,10,48453,0.051058
4810,48,10,48473,0.066944
4810,48,10,48477,0.078799
4810,48,10,48491,0.002355
4811,48,11,48027,0.009297
4811,48,11,48049,0.049176
4811,48,11,48081,0.047468
4811,48,11,48083,0.065758
4811,48,11,48095,0.051223
4811,48,11,48135,0.04675
4811,48,11,48173,0.046873
4811,48,11,48235,0.054753
4811,48,11,48267,0.065137
4811,48,11,48281,0.0371
4811,48,11,48299,0.048636
4811,48,11,48307,0.055484
4811,48,11,48319,0.048363
4811,48,11,48327,0.046967
4811,48,11,48329,0.04688
4811,48,11,48333,0.038959
4811,48,11,48399,0.054728
4811,48,11,48411,0.059114
4811,48,11,48431,0.048083
4811,48,11,48451,0.079249
4812,48,12,48367,0.617106
4812,48,12,48439,0.382894
4813,48,13,48009,0.025732
4813,48,13,48011,0.025898
4813,48,13,48023,0.024712
4813,48,13,48045,0.025638
4813,48,13,48065,0.026214
4813,48,13,48075,0.019841
4813,48,13,48077,0.031015
4813,48,13,48087,0.026163
4813,48,13,48101,0.025654
4813,48,13,48111,0.042819
4813,48,13,48117,0.042639
4813,48,13,48121,0.006275
4813,48,13,48125,0.025687
4813,48,13,48129,0.026404
4813,48,13,48155,0.020066
4813,48,13,48179,0.026378
4813,48,13,48191,0.025168
4813,48,13,48195,0.026202
4813,48,13,48197,0.019801
4813,48,13,48205,0.041646
4813,48,13,48211,0.025817
4813,48,13,48233,0.02528
4813,48,13,48269,0.025948
4813,48,13,48275,0.024231
4813,48,13,48295,0.026556
4813,48,13,48337,0.026518
4813,48,13,48341,0.025629
4813,48,13,48345,0.028189
4813,48,13,48357,0.026142
4813,48,13,48359,0.042745
4813,48,13,48375,0.025877
4813,48,13,48381,0.026
4813,48,13,48393,0.026323
4813,48,13,48421,0.026289
4813,48,13,48483,0.026052
4813,48,13,48485,0.017878
4813,48,13,48487,0.027659
4813,48,13,48497,0.012912
4814,48,14,48039,0.453158
4814,48,14,48071,0.001924
4814,48,14,48167,0.154763
4814,48,14,48245,0.253958
4814,48,14,48361,0.136197
4815,48,15,48047,0.151414
4815,48,15,48187,0.08975
4815,48,15,48215,0.204073
4815,48,15,48249,0.138865
4815,48,15,48255,0.120018
4815,48,15,48297,0.166877
4815,48,15,48493,0.129004
4816,48,16,48141,1.0
4817,48,17,48005,0.076445
4817,48,17,48145,0.073344
4817,48,17,48161,0.035109
4817,48,17,48225,0.117945
4817,48,17,48289,0.102821
4817,48,17,48293,0.086751
4817,48,17,48309,0.099324
4817,48,17,48331,0.097379
4817,48,17,48347,0.090669
4817,48,17,48395,0.081934
4817,48,17,48453,0.006081
4817,48,17,48455,0.066474
4817,48,17,48471,0.045614
4817,48,17,48491,0.020112
4818,48,18,48201,1.0
4819,48,19,48003,0.049743
4819,48,19,48017,0.027411
4819,48,19,48033,0.029747
4819,48,19,48059,0.002456
4819,48,19,48069,0.029647
4819,48,19,48079,0.025691
4819,48,19,48107,0.029838
4819,48,19,48115,0.029841
4819,48,19,48151,0.029797
4819,48,19,48153,0.032885
4819,48,19,48165,0.049797
4819,48,19,48169,0.029613
4819,48,19,48189,0.033301
4819,48,19,48207,0.029935
4819,48,19,48219,0.030109
4819,48,19,48227,0.029858
4819,48,19,48253,0.030779
4819,48,19,48263,0.029914
4819,48,19,48279,0.033682
4819,48,19,48303,0.029686
4819,48,19,48305,0.029562
4819,48,19,48317,0.030327
4819,48,19,48335,0.030199
4819,48,19,48353,0.030229
4819,48,19,48369,0.029196
4819,48,19,48415,0.030012
4819,48,19,48417,0.030305
4819,48,19,48433,0.030372
4819,48,19,48437,0.029505
4819,48,19,48441,0.030346
4819,48,19,48445,0.029461
4819,48,19,48447,0.030247
4819,48,19,48501,0.026507
4820,48,20,48029,1.0
4821,48,21,48019,0.125608
4821,48,21,48029,0.022434
4821,48,21,48031,0.112628
4821,48,21,48091,0.084384
4821,48,21,48171,0.16804
4821,48,21,48209,0.088055
4821,48,21,48259,0.105196
4821,48,21,48265,0.175207
4821,48,21,48385,0.111025
4821,48,21,48453,0.007422
4822,48,22,48039,0.070281
4822,48,22,48157,0.233781
4822,48,22,48201,0.005558
4822,48,22,48321,0.346263
4822,48,22,48481,0.344117
4823,48,23,48029,0.008528
4823,48,23,48043,0.105187
4823,48,23,48103,0.013354
4823,48,23,48105,0.047753
4823,48,23,48109,0.064846
4823,48,23,48127,0.022605
4823,48,23,48137,0.036025
4823,48,23,48141,0.01187
4823,48,23,48163,0.019281
4823,48,23,48229,0.077746
4823,48,23,48243,0.038521
4823,48,23,48271,0.023143
4823,48,23,48283,0.025289
4823,48,23,48301,0.011377
4823,48,23,48323,0.021764
4823,48,23,48325,0.022545
4823,48,23,48371,0.081034
4823,48,23,48377,0.065579
4823,48,23,48383,0.019992
4823,48,23,48389,0.044828
4823,48,23,48413,0.022294
4823,48,23,48435,0.024732
4823,48,23,48443,0.040109
4823,48,23,48461,0.021115
4823,48,23,48463,0.026398
4823,48,23,48465,0.053493
4823,48,23,48475,0.014214
4823,48,23,48495,0.01431
4823,48,23,48507,0.022069
4824,48,24,48113,0.342574
4824,48,24,48439,0.657426
4825,48,25,48059,0.091748
4825,48,25,48093,0.104254
4825,48,25,48133,0.103004
4825,48,25,48143,0.120421
4825,48,25,48221,0.04677
4825,48,25,48237,0.101276
4825,48,25,48251,0.054804
4825,48,25,48363,0.105899
4825,48,25,48367,0.034285
4825,48,25,48425,0.02072
4825,48,25,48429,0.099692
4825,48,25,48439,0.015458
4825,48,25,48503,0.101668
4826,48,26,48097,0.44509
4826,48,26,48121,0.32435
4826,48,26,48439,0.001031
4826,48,26,48497,0.229529
4827,48,27,48007,0.024172
4827,48,27,48021,0.041453
4827,48,27,48025,0.084411
4827,48,27,48055,0.052219
4827,48,27,48057,0.048613
4827,48,27,48123,0.087167
4827,48,27,48175,0.081704
4827,48,27,48177,0.102291
4827,48,27,48239,0.07954
4827,48,27,48285,0.092991
4827,48,27,48355,0.080463
4827,48,27,48391,0.073886
4827,48,27,48409,0.066498
4827,48,27,48469,0.08459
4828,48,28,48013,0.10738
4828,48,28,48029,0.029329
4828,48,28,48131,0.157915
4828,48,28,48187,0.013391
4828,48,28,48247,0.10004
4828,48,28,48311,0.100359
4828,48,28,48427,0.1077
4828,48,28,48479,0.295977
4828,48,28,48505,0.08791
4829,48,29,48201,1.0
4830,48,30,48113,0.964551
4830,48,30,48439,0.035449
4831,48,31,48027,0.155942
4831,48,31,48035,0.17513
4831,48,31,48053,0.177236
4831,48,31,48099,0.187471
4831,48,31,48193,0.148929
4831,48,31,48491,0.155292
4832,48,32,48085,0.130606
4832,48,32,48113,0.84175
4832,48,32,48121,0.027644
4833,48,33,48113,0.457705
4833,48,33,48439,0.542295
4834,48,34,48061,0.216345
4834,48,34,48215,0.072669
4834,48,34,48261,0.353874
4834,48,34,48273,0.213821
4834,48,34,48489,0.143291
4835,48,35,48029,0.163486
4835,48,35,48091,0.05403
4835,48,35,48209,0.234945
4835,48,35,48453,0.547539
4836,48,36,48071,0.099649
4836,48,36,48199,0.149817
4836,48,36,48201,0.042408
4836,48,36,48241,0.157903
4836,48,36,48245,0.042792
4836,48,36,48291,0.194862
4836,48,36,48351,0.157066
4836,48,36,48457,0.155503
4837,48,37,48453,0.927356
4837,48,37,48491,0.072644
4838,48,38,48201,1.0
4901,49,01,49003,0.564408
4901,49,01,49005,0.114415
4901,49,01,49011,0.019108
4901,49,01,49029,0.059841
4901,49,01,49033,0.101067
4901,49,01,49035,0.011927
4901,49,01,49043,0.072625
4901,49,01,49057,0.056609
4902,49,02,49001,0.066066
4902,49,02,49011,0.002674
4902,49,02,49017,0.13237
4902,49,02,49021,0.084314
4902,49,02,49023,0.063014
4902,49,02,49025,0.102055
4902,49,02,49027,0.17356
4902,49,02,49031,0.019399
4902,49,02,49035,0.005083
4902,49,02,49041,0.048865
4902,49,02,49045,0.177562
4902,49,02,49053,0.062089
4902,49,02,49055,0.062948
4903,49,03,49007,0.051521
4903,49,03,49009,0.024276
4903,49,03,49013,0.112689
4903,49,03,49015,0.155424
4903,49,03,49019,0.127924
4903,49,03,49035,0.006975
4903,49,03,49037,0.272368
4903,49,03,49043,0.039403
4903,49,03,49047,0.156124
4903,49,03,49049,0.012302
4903,49,03,49051,0.040996
4904,49,04,49023,0.211383
4904,49,04,49035,0.050487
4904,49,04,49039,0.362123
4904,49,04,49049,0.376007
5000,50,00,50001,0.083115
5000,50,00,50003,0.07321
5000,50,00,50005,0.070384
5000,50,00,50007,0.05829
5000,50,00,50009,0.071879
5000,50,00,50011,0.068422
5000,50,00,50013,0.008871
5000,50,00,50015,0.05015
5000,50,00,50017,0.074553
5000,50,00,50019,0.075348
5000,50,00,50021,0.100866
5000,50,00,50023,0.074487
5000,50,00,50025,0.085215
5000,50,00,50027,0.105212
5101,51,01,51041,0.071892
5101,51,01,51057,0.084674
5101,51,01,51073,0.071669
5101,51,01,51085,0.079455
5101,51,01,51087,0.023638
5101,51,01,51095,0.046822
5101,51,01,51097,0.103697
5101,51,01,51101,0.090128
5101,51,01,51103,0.043863
5101,51,01,51115,0.028268
5101,51,01,51119,0.042884
5101,51,01,51127,0.06911
5101,51,01,51133,0.062989
5101,51,01,51159,0.063004
5101,51,01,51193,0.075458
5101,51,01,51199,0.034453
5101,51,01,51735,0.005053
5101,51,01,51830,0.002941
5102,51,02,51001,0.208903
5102,51,02,51093,0.146773
5102,51,02,51131,0.098432
5102,51,02,51175,0.1064
5102,51,02,51550,0.13628
5102,51,02,51620,0.003848
5102,51,02,51800,0.185583
5102,51,02,51810,0.11378
5103,51,03,51550,0.179664
5103,51,03,51650,0.203913
5103,51,03,51700,0.273367
5103,51,03,51710,0.211102
5103,51,03,51740,0.131954
5104,51,04,51025,0.165208
5104,51,04,51036,0.053365
5104,51,04,51041,0.059817
5104,51,04,51053,0.147017
5104,51,04,51081,0.086138
5104,51,04,51087,0.047219
5104,51,04,51149,0.077418
5104,51,04,51175,0.108055
5104,51,04,51181,0.081388
5104,51,04,51183,0.143032
5104,51,04,51570,0.002194
5104,51,04,51595,0.002014
5104,51,04,51670,0.003021
5104,51,04,51730,0.006629
5104,51,04,51760,0.017484
5105,51,05,51003,0.075095
5105,51,05,51007,0.037548
5105,51,05,51009,0.05008
5105,51,05,51011,0.035315
5105,51,05,51019,0.010868
5105,51,05,51029,0.061244
5105,51,05,51031,0.05317
5105,51,05,51037,0.050221
5105,51,05,51049,0.031432
5105,51,05,51065,0.030338
5105,51,05,51075,0.0298
5105,51,05,51083,0.086403
5105,51,05,51085,0.023896
5105,51,05,51109,0.052308
5105,51,05,51111,0.045614
5105,51,05,51117,0.066072
5105,51,05,51125,0.04974
5105,51,05,51135,0.033219
5105,51,05,51143,0.102387
5105,51,05,51145,0.027494
5105,51,05,51147,0.036976
5105,51,05,51540,0.001083
5105,51,05,51590,0.004522
5105,51,05,51680,0.005175
5106,51,06,51005,0.071285
5106,51,06,51015,0.154371
5106,51,06,51017,0.084475
5106,51,06,51023,0.086402
5106,51,06,51043,0.028084
5106,51,06,51069,0.065948
5106,51,06,51091,0.066271
5106,51,06,51139,0.049488
5106,51,06,51161,0.026234
5106,51,06,51163,0.095225
5106,51,06,51165,0.13565
5106,51,06,51171,0.081103
5106,51,06,51187,0.034256
5106,51,06,51530,0.001028
5106,51,06,51580,0.000873
5106,51,06,51660,0.002768
5106,51,06,51678,0.000399
5106,51,06,51770,0.006788
5106,51,06,51775,0.002317
5106,51,06,51790,0.00318
5106,51,06,51820,0.00239
5106,51,06,51840,0.001467
5107,51,07,51003,0.003584
5107,51,07,51033,0.193564
5107,51,07,51047,0.139177
5107,51,07,51079,0.057239
5107,51,07,51099,0.065931
5107,51,07,51113,0.117687
5107,51,07,51137,0.12519
5107,51,07,51153,0.04765
5107,51,07,51177,0.147335
5107,51,07,51179,0.098809
5107,51,07,51630,0.003836
5108,51,08,51013,0.176599
5108,51,08,51059,0.708045
5108,51,08,51510,0.101455
5108,51,08,51610,0.013901
5109,51,09,51019,0.065265
5109,51,09,51021,0.035515
5109,51,09,51027,0.049933
5109,51,09,51035,0.047142
5109,51,09,51045,0.03258
5109,51,09,51051,0.032814
5109,51,09,51063,0.037825
5109,51,09,51067,0.068577
5109,51,09,51071,0.035472
5109,51,09,51077,0.043869
5109,51,09,51089,0.037967
5109,51,09,51105,0.043233
5109,51,09,51121,0.038414
5109,51,09,51141,0.047957
5109,51,09,51155,0.03176
5109,51,09,51161,0.00856
5109,51,09,51167,0.047021
5109,51,09,51169,0.053207
5109,51,09,51173,0.044828
5109,51,09,51185,0.051516
5109,51,09,51191,0.055726
5109,51,09,51195,0.040061
5109,51,09,51197,0.045872
5109,51,09,51520,0.001278
5109,51,09,51640,0.000818
5109,51,09,51690,0.001088
5109,51,09,51720,0.000742
5109,51,09,51750,0.000961
5110,51,10,51059,0.024892
5110,51,10,51061,0.383316
5110,51,10,51107,0.305081
5110,51,10,51153,0.121523
5110,51,10,51157,0.157571
5110,51,10,51683,0.005823
5110,51,10,51685,0.001795
5111,51,11,51059,0.975133
5111,51,11,51600,0.024867
5301,53,01,53033,0.222827
5301,53,01,53061,0.777173
5302,53,02,53029,0.047336
5302,53,02,53055,0.039489
5302,53,02,53057,0.392873
5302,53,02,53061,0.041674
5302,53,02,53073,0.478628
5303,53,03,53011,0.08598
5303,53,03,53015,0.156115
5303,53,03,53041,0.32871
5303,53,03,53049,0.127721
5303,53,03,53059,0.22686
5303,53,03,53067,0.038645
5303,53,03,53069,0.035969
5304,53,04,53001,0.007525
5304,53,04,53005,0.095056
5304,53,04,53017,0.101679
5304,53,04,53021,0.006726
5304,53,04,53025,0.149817
5304,53,04,53039,0.104645
5304,53,04,53047,0.29444
5304,53,04,53077,0.240111
5305,53,05,53001,0.095683
5305,53,05,53003,0.033993
5305,53,05,53013,0.046419
5305,53,05,53019,0.117746
5305,53,05,53021,0.059924
5305,53,05,53023,0.037988
5305,53,05,53043,0.123483
5305,53,05,53051,0.074832
5305,53,05,53063,0.094283
5305,53,05,53065,0.132381
5305,53,05,53071,0.067873
5305,53,05,53075,0.115395
5306,53,06,53009,0.249942
5306,53,06,53027,0.273335
5306,53,06,53031,0.259284
5306,53,06,53035,0.056795
5306,53,06,53045,0.137934
5306,53,06,53053,0.02271
5307,53,07,53033,1.0
5308,53,08,53007,0.297243
5308,53,08,53017,6.8e-05
5308,53,08,53033,0.175169
5308,53,08,53037,0.233759
5308,53,08,53053,0.126385
5308,53,08,53061,0.167376
5309,53,09,53033,1.0
5310,53,10,53053,0.378457
5310,53,10,53067,0.621543
5401,54,01,54005,0.034974
5401,54,01,54007,0.035616
5401,54,01,54011,0.019597
5401,54,01,54013,0.019473
5401,54,01,54015,0.023845
5401,54,01,54019,0.046137
5401,54,01,54021,0.023605
5401,54,01,54025,0.071116
5401,54,01,54035,0.032382
5401,54,01,54039,0.062876
5401,54,01,54043,0.03048
5401,54,01,54045,0.03164
5401,54,01,54047,0.0372
5401,54,01,54053,0.030039
5401,54,01,54055,0.029216
5401,54,01,54059,0.029507
5401,54,01,54063,0.032967
5401,54,01,54067,0.045108
5401,54,01,54071,0.048539
5401,54,01,54075,0.065567
5401,54,01,54079,0.024106
5401,54,01,54081,0.042214
5401,54,01,54087,0.033721
5401,54,01,54089,0.025146
5401,54,01,54099,0.035286
5401,54,01,54101,0.038596
5401,54,01,54105,0.016214
5401,54,01,54109,0.03483
5402,54,02,54001,0.035157
5402,54,02,54003,0.033104
5402,54,02,54009,0.009194
5402,54,02,54017,0.032958
5402,54,02,54023,0.049208
5402,54,02,54027,0.066014
5402,54,02,54029,0.008515
5402,54,02,54031,0.060026
5402,54,02,54033,0.042883
5402,54,02,54037,0.021574
5402,54,02,54041,0.039885
5402,54,02,54049,0.031827
5402,54,02,54051,0.031484
5402,54,02,54057,0.033799
5402,54,02,54061,0.037119
5402,54,02,54065,0.023613
5402,54,02,54069,0.010909
5402,54,02,54073,0.013413
5402,54,02,54077,0.066881
5402,54,02,54083,0.107174
5402,54,02,54085,0.046592
5402,54,02,54091,0.01781
5402,54,02,54093,0.043196
5402,54,02,54095,0.02642
5402,54,02,54097,0.036557
5402,54,02,54103,0.03691
5402,54,02,54107,0.037779
5501,55,01,55059,0.177215
5501,55,01,55079,0.054728
5501,55,01,55101,0.216854
5501,55,01,55105,0.211258
5501,55,01,55127,0.339945
5502,55,02,55025,0.278198
5502,55,02,55045,0.135797
5502,55,02,55049,0.177336
5502,55,02,55065,0.147317
5502,55,02,55105,0.091635
5502,55,02,55111,0.169716
5503,55,03,55001,0.057509
5503,55,03,55011,0.060194
5503,55,03,55017,0.019193
5503,55,03,55023,0.050829
5503,55,03,55033,0.075726
5503,55,03,55035,0.056821
5503,55,03,55043,0.102155
5503,55,03,55053,0.060026
5503,55,03,55057,0.038193
5503,55,03,55063,0.040243
5503,55,03,55081,0.068388
5503,55,03,55091,0.020665
5503,55,03,55093,0.051129
5503,55,03,55097,0.071336
5503,55,03,55103,0.05221
5503,55,03,55111,0.009051
5503,55,03,55121,0.065287
5503,55,03,55123,0.070506
5503,55,03,55141,0.030539
5504,55,04,55079,1.0
5505,55,05,55027,0.258983
5505,55,05,55055,0.259624
5505,55,05,55079,0.008187
5505,55,05,55127,0.015831
5505,55,05,55131,0.200911
5505,55,05,55133,0.256465
5506,55,06,55015,0.014138
5506,55,06,55021,0.152179
5506,55,06,55027,0.063727
5506,55,06,55039,0.143039
5506,55,06,55047,0.069484
5506,55,06,55071,0.117145
5506,55,06,55077,0.090589
5506,55,06,55089,0.04632
5506,55,06,55117,0.101684
5506,55,06,55137,0.124471
5506,55,06,55139,0.077224
5507,55,07,55003,0.045216
5507,55,07,55005,0.037344
5507,55,07,55007,0.063948
5507,55,07,55013,0.035549
5507,55,07,55017,0.034308
5507,55,07,55019,0.052344
5507,55,07,55031,0.056436
5507,55,07,55037,0.021121
5507,55,07,55041,0.043887
5507,55,07,55051,0.032808
5507,55,07,55053,0.013588
5507,55,07,55057,0.014638
5507,55,07,55067,0.037675
5507,55,07,55069,0.038022
5507,55,07,55073,0.066861
5507,55,07,55081,0.00576
5507,55,07,55085,0.048201
5507,55,07,55095,0.039563
5507,55,07,55099,0.054263
5507,55,07,55107,0.03953
5507,55,07,55109,0.031248
5507,55,07,55113,0.054417
5507,55,07,55119,0.042191
5507,55,07,55125,0.037113
5507,55,07,55129,0.034491
5507,55,07,55141,0.019479
5508,55,08,55009,0.079344
5508,55,08,55015,0.03699
5508,55,08,55029,0.07214
5508,55,08,55061,0.051259
5508,55,08,55075,0.209473
5508,55,08,55078,0.053528
5508,55,08,55083,0.149304
5508,55,08,55087,0.09543
5508,55,08,55115,0.133698
5508,55,08,55135,0.111915
5508,55,08,55139,0.006917
5600,56,00,56001,0.044025
5600,56,00,56003,0.03231
5600,56,00,56005,0.049461
5600,56,00,56007,0.081346
5600,56,00,56009,0.043826
5600,56,00,56011,0.029401
5600,56,00,56013,0.09459
5600,56,00,56015,0.022923
5600,56,00,56017,0.020645
5600,56,00,56019,0.042787
5600,56,00,56021,0.027664
5600,56,00,56023,0.041975
5600,56,00,56025,0.055007
5600,56,00,56027,0.027048
5600,56,00,56029,0.071471
5600,56,00,56031,0.021439
5600,56,00,56033,0.02599
5600,56,00,56035,0.05033
5600,56,00,56037,0.107396
5600,56,00,56039,0.041167
5600,56,00,56041,0.021441
5600,56,00,56043,0.023058
5600,56,00,56045,0.024699
6098,60,98,60010,0.329314
6098,60,98,60020,0.29137
6098,60,98,60030,0.000415
6098,60,98,60040,0.012301
6098,60,98,60050,0.3666
6698,66,98,66010,1.0
6998,69,98,69085,0.338915
6998,69,98,69100,0.180178
6998,69,98,69110,0.251732
6998,69,98,69120,0.229175
7298,72,98,72001,0.019475
7298,72,98,72003,0.009012
7298,72,98,72005,0.010668
7298,72,98,72007,0.008786
7298,72,98,72009,0.009144
7298,72,98,72011,0.011472
7298,72,98,72013,0.036778
7298,72,98,72015,0.004383
7298,72,98,72017,0.00546
7298,72,98,72019,0.010003
7298,72,98,72021,0.012959
7298,72,98,72023,0.020549
7298,72,98,72025,0.017114
7298,72,98,72027,0.013537
7298,72,98,72029,0.009599
7298,72,98,72031,0.01325
7298,72,98,72033,0.001411
7298,72,98,72035,0.015166
7298,72,98,72037,0.008479
7298,72,98,72039,0.019428
7298,72,98,72041,0.01052
7298,72,98,72043,0.022782
7298,72,98,72045,0.008294
7298,72,98,72047,0.012431
7298,72,98,72049,0.003401
7298,72,98,72051,0.00675
7298,72,98,72053,0.008733
7298,72,98,72054,0.004442
7298,72,98,72055,0.01082
7298,72,98,72057,0.018994
7298,72,98,72059,0.012344
7298,72,98,72061,0.008056
7298,72,98,72063,0.008143
7298,72,98,72065,0.0122
7298,72,98,72067,0.003313
7298,72,98,72069,0.013059
7298,72,98,72071,0.016153
7298,72,98,72073,0.013005
7298,72,98,72075,0.017603
7298,72,98,72077,0.007736
7298,72,98,72079,0.017509
7298,72,98,72081,0.017945
7298,72,98,72083,0.013538
7298,72,98,72085,0.009894
7298,72,98,72087,0.005658
7298,72,98,72089,0.007538
7298,72,98,72091,0.013182
7298,72,98,72093,0.010695
7298,72,98,72095,0.006181
7298,72,98,72097,0.022683
7298,72,98,72099,0.014701
7298,72,98,72101,0.011352
7298,72,98,72103,0.015086
7298,72,98,72105,0.008002
7298,72,98,72107,0.01858
7298,72,98,72109,0.013609
7298,72,98,72111,0.01303
7298,72,98,72113,0.033565
7298,72,98,72115,0.006624
7298,72,98,72117,0.004172
7298,72,98,72119,0.017703
7298,72,98,72121,0.010604
7298,72,98,72123,0.020268
7298,72,98,72125,0.015915
7298,72,98,72127,0.013985
7298,72,98,72129,0.015509
7298,72,98,72131,0.020566
7298,72,98,72133,0.009939
7298,72,98,72135,0.00789
7298,72,98,72137,0.006788
7298,72,98,72139,0.006062
7298,72,98,72141,0.033154
7298,72,98,72143,0.008097
7298,72,98,72145,0.013389
7298,72,98,72147,0.014832
7298,72,98,72149,0.010407
7298,72,98,72151,0.016124
7298,72,98,72153,0.019774
7898,78,98,78010,0.620406
7898,78,98,78020,0.146537
7898,78,98,78030,0.233057
