fips,state_fips,state,key_vote_score,legislator_count,coverage_type
01001,01,AL,0.0,2,senate_only
01003,01,AL,0.0,4,house_and_senate
01005,01,AL,0.0,2,senate_only
01007,01,AL,0.0,3,house_and_senate
01009,01,AL,0.0,3,house_and_senate
01011,01,AL,0.0,2,senate_only
01013,01,AL,0.0,2,senate_only
01015,01,AL,0.0,3,house_and_senate
01017,01,AL,0.0,3,house_and_senate
01019,01,AL,0.0,3,house_and_senate
01021,01,AL,0.0,4,house_and_senate
01023,01,AL,0.7379,3,house_and_senate
01025,01,AL,0.7924,3,house_and_senate
01027,01,AL,0.0,3,house_and_senate
01029,01,AL,0.0,3,house_and_senate
01031,01,AL,0.0,2,senate_only
01033,01,AL,0.0,3,house_and_senate
01035,01,AL,0.0,2,senate_only
01037,01,AL,0.0,3,house_and_senate
01039,01,AL,0.0,2,senate_only
01041,01,AL,0.0,2,senate_only
01043,01,AL,0.0,3,house_and_senate
01045,01,AL,0.0,2,senate_only
01047,01,AL,0.751,3,house_and_senate
01049,01,AL,0.0,3,house_and_senate
01051,01,AL,0.0,2,senate_only
01053,01,AL,0.0,4,house_and_senate
01055,01,AL,0.0,3,house_and_senate
01057,01,AL,0.0,3,house_and_senate
01059,01,AL,0.0,3,house_and_senate
01061,01,AL,0.0,2,senate_only
01063,01,AL,0.666,3,house_and_senate
01065,01,AL,0.6649,3,house_and_senate
01067,01,AL,0.0,2,senate_only
01069,01,AL,0.0,2,senate_only
01071,01,AL,0.0,3,house_and_senate
01073,01,AL,0.1625,4,house_and_senate
01075,01,AL,0.0,3,house_and_senate
01077,01,AL,0.0,4,house_and_senate
01079,01,AL,0.0,3,house_and_senate
01081,01,AL,0.0,3,house_and_senate
01083,01,AL,0.0,3,house_and_senate
01085,01,AL,0.6881,3,house_and_senate
01087,01,AL,0.0,3,house_and_senate
01089,01,AL,0.0,3,house_and_senate
01091,01,AL,0.7506,3,house_and_senate
01093,01,AL,0.0,3,house_and_senate
01095,01,AL,0.0,3,house_and_senate
01097,01,AL,0.0,4,house_and_senate
01099,01,AL,0.0,4,house_and_senate
01101,01,AL,0.2898,3,house_and_senate
01103,01,AL,0.0,3,house_and_senate
01105,01,AL,0.6892,3,house_and_senate
01107,01,AL,0.7309,3,house_and_senate
01109,01,AL,0.0,2,senate_only
01111,01,AL,0.0,3,house_and_senate
01113,01,AL,0.0,3,house_and_senate
01115,01,AL,0.0,3,house_and_senate
01117,01,AL,0.0,3,house_and_senate
01119,01,AL,0.7358,3,house_and_senate
01121,01,AL,0.0,3,house_and_senate
01123,01,AL,0.0,3,house_and_senate
01125,01,AL,0.4235,4,house_and_senate
01127,01,AL,0.0,3,house_and_senate
01129,01,AL,0.0,4,house_and_senate
01131,01,AL,0.7323,3,house_and_senate
01133,01,AL,0.0,3,house_and_senate
02013,02,AK,0.155,3,house_and_senate
02016,02,AK,0.1035,3,house_and_senate
02020,02,AK,0.0429,3,house_and_senate
02050,02,AK,0.5163,3,house_and_senate
02060,02,AK,0.0125,3,house_and_senate
02063,02,AK,0.2002,3,house_and_senate
02066,02,AK,0.3934,3,house_and_senate
02068,02,AK,0.2493,3,house_and_senate
02070,02,AK,0.3251,3,house_and_senate
02090,02,AK,0.1615,3,house_and_senate
02100,02,AK,0.058,3,house_and_senate
02105,02,AK,0.1469,3,house_and_senate
02110,02,AK,0.0663,3,house_and_senate
02122,02,AK,0.2961,3,house_and_senate
02130,02,AK,0.1132,3,house_and_senate
02150,02,AK,0.1495,3,house_and_senate
02158,02,AK,0.3097,3,house_and_senate
02164,02,AK,0.385,3,house_and_senate
02170,02,AK,0.3936,3,house_and_senate
02180,02,AK,0.3763,3,house_and_senate
02185,02,AK,0.7,3,house_and_senate
02188,02,AK,0.4837,3,house_and_senate
02195,02,AK,0.0708,3,house_and_senate
02198,02,AK,0.1216,3,house_and_senate
02220,02,AK,0.0701,3,house_and_senate
02230,02,AK,0.0113,3,house_and_senate
02240,02,AK,0.3948,3,house_and_senate
02275,02,AK,0.0629,3,house_and_senate
02282,02,AK,0.1668,3,house_and_senate
02290,02,AK,0.7927,3,house_and_senate
04001,04,AZ,0.8975,3,house_and_senate
04003,04,AZ,0.8247,4,house_and_senate
04005,04,AZ,0.9263,3,house_and_senate
04007,04,AZ,0.8449,3,house_and_senate
04009,04,AZ,0.7945,3,house_and_senate
04011,04,AZ,0.75,2,senate_only
04012,04,AZ,0.3059,3,house_and_senate
04013,04,AZ,0.4769,11,house_and_senate
04015,04,AZ,0.1701,4,house_and_senate
04017,04,AZ,0.8903,3,house_and_senate
04019,04,AZ,0.9695,4,house_and_senate
04021,04,AZ,0.3615,6,house_and_senate
04023,04,AZ,0.8865,4,house_and_senate
04025,04,AZ,0.8777,3,house_and_senate
04027,04,AZ,0.7135,5,house_and_senate
05001,05,AR,0.0,3,house_and_senate
05003,05,AR,0.0,3,house_and_senate
05005,05,AR,0.0,3,house_and_senate
05007,05,AR,0.0,3,house_and_senate
05009,05,AR,0.0,3,house_and_senate
05011,05,AR,0.0,3,house_and_senate
05013,05,AR,0.0,3,house_and_senate
05015,05,AR,0.0,3,house_and_senate
05017,05,AR,0.0,3,house_and_senate
05019,05,AR,0.0,3,house_and_senate
05021,05,AR,0.0,3,house_and_senate
05023,05,AR,0.0,3,house_and_senate
05025,05,AR,0.0,3,house_and_senate
05027,05,AR,0.0,3,house_and_senate
05029,05,AR,0.0,3,house_and_senate
05031,05,AR,0.0,3,house_and_senate
05033,05,AR,0.0,3,house_and_senate
05035,05,AR,0.0,3,house_and_senate
05037,05,AR,0.0,3,house_and_senate
05039,05,AR,0.0,3,house_and_senate
05041,05,AR,0.0,3,house_and_senate
05043,05,AR,0.0,3,house_and_senate
05045,05,AR,0.0,3,house_and_senate
05047,05,AR,0.0,3,house_and_senate
05049,05,AR,0.0,3,house_and_senate
05051,05,AR,0.0,3,house_and_senate
05053,05,AR,0.0,3,house_and_senate
05055,05,AR,0.0,3,house_and_senate
05057,05,AR,0.0,3,house_and_senate
05059,05,AR,0.0,3,house_and_senate
05061,05,AR,0.0,3,house_and_senate
05063,05,AR,0.0,3,house_and_senate
05065,05,AR,0.0,3,house_and_senate
05067,05,AR,0.0,3,house_and_senate
05069,05,AR,0.0,3,house_and_senate
05071,05,AR,0.0,3,house_and_senate
05073,05,AR,0.0,3,house_and_senate
05075,05,AR,0.0,3,house_and_senate
05077,05,AR,0.0,3,house_and_senate
05079,05,AR,0.0,3,house_and_senate
05081,05,AR,0.0,3,house_and_senate
05083,05,AR,0.0,3,house_and_senate
05085,05,AR,0.0,3,house_and_senate
05087,05,AR,0.0,3,house_and_senate
05089,05,AR,0.0,3,house_and_senate
05091,05,AR,0.0,3,house_and_senate
05093,05,AR,0.0,3,house_and_senate
05095,05,AR,0.0,3,house_and_senate
05097,05,AR,0.0,3,house_and_senate
05099,05,AR,0.0,3,house_and_senate
05101,05,AR,0.0,3,house_and_senate
05103,05,AR,0.0,3,house_and_senate
05105,05,AR,0.0,3,house_and_senate
05107,05,AR,0.0,3,house_and_senate
05109,05,AR,0.0,3,house_and_senate
05111,05,AR,0.0,3,house_and_senate
05113,05,AR,0.0,3,house_and_senate
05115,05,AR,0.0,3,house_and_senate
05117,05,AR,0.0,3,house_and_senate
05119,05,AR,0.0,5,house_and_senate
05121,05,AR,0.0,3,house_and_senate
05123,05,AR,0.0,3,house_and_senate
05125,05,AR,0.0,3,house_and_senate
05127,05,AR,0.0,3,house_and_senate
05129,05,AR,0.0,3,house_and_senate
05131,05,AR,0.0,4,house_and_senate
05133,05,AR,0.0,3,house_and_senate
05135,05,AR,0.0,3,house_and_senate
05137,05,AR,0.0,3,house_and_senate
05139,05,AR,0.0,3,house_and_senate
05141,05,AR,0.0,3,house_and_senate
05143,05,AR,0.0,3,house_and_senate
05145,05,AR,0.0,3,house_and_senate
05147,05,AR,0.0,3,house_and_senate
05149,05,AR,0.0,3,house_and_senate
06001,06,CA,1.0,7,house_and_senate
06003,06,CA,1.0,2,senate_only
06005,06,CA,0.3626,3,house_and_senate
06007,06,CA,0.3574,3,house_and_senate
06009,06,CA,0.249,3,house_and_senate
06011,06,CA,0.4416,3,house_and_senate
06013,06,CA,1.0,6,house_and_senate
06015,06,CA,1.0,3,house_and_senate
06017,06,CA,0.4473,3,house_and_senate
06019,06,CA,0.6486,5,house_and_senate
06021,06,CA,0.4092,3,house_and_senate
06023,06,CA,1.0,3,house_and_senate
06025,06,CA,1.0,3,house_and_senate
06027,06,CA,1.0,2,senate_only
06029,06,CA,0.0212,6,house_and_senate
06031,06,CA,0.0581,5,house_and_senate
06033,06,CA,1.0,3,house_and_senate
06035,06,CA,0.1669,3,house_and_senate
06037,06,CA,0.9036,18,house_and_senate
06039,06,CA,0.1878,3,house_and_senate
06041,06,CA,1.0,3,house_and_senate
06043,06,CA,0.1892,3,house_and_senate
06045,06,CA,1.0,3,house_and_senate
06047,06,CA,1.0,2,senate_only
06049,06,CA,0.1873,3,house_and_senate
06051,06,CA,1.0,2,senate_only
06053,06,CA,1.0,4,house_and_senate
06055,06,CA,1.0,3,house_and_senate
06057,06,CA,1.0,2,senate_only
06059,06,CA,0.7026,10,house_and_senate
06061,06,CA,1.0,2,senate_only
06063,06,CA,1.0,2,senate_only
06065,06,CA,0.5797,9,house_and_senate
06067,06,CA,1.0,4,house_and_senate
06069,06,CA,1.0,3,house_and_senate
06071,06,CA,0.7187,10,house_and_senate
06073,06,CA,0.8104,7,house_and_senate
06075,06,CA,1.0,5,house_and_senate
06077,06,CA,1.0,4,house_and_senate
06079,06,CA,1.0,4,house_and_senate
06081,06,CA,1.0,3,house_and_senate
06083,06,CA,1.0,3,house_and_senate
06085,06,CA,1.0,6,house_and_senate
06087,06,CA,1.0,4,house_and_senate
06089,06,CA,0.1942,3,house_and_senate
06091,06,CA,1.0,2,senate_only
06093,06,CA,0.1266,3,house_and_senate
06095,06,CA,1.0,5,house_and_senate
06097,06,CA,1.0,4,house_and_senate
06099,06,CA,0.8271,5,house_and_senate
06101,06,CA,0.6016,3,house_and_senate
06103,06,CA,0.2358,3,house_and_senate
06105,06,CA,1.0,3,house_and_senate
06107,06,CA,0.3932,6,house_and_senate
06109,06,CA,0.1322,3,house_and_senate
06111,06,CA,1.0,5,house_and_senate
06113,06,CA,1.0,4,house_and_senate
06115,06,CA,0.8225,3,house_and_senate
08001,08,CO,0.8663,6,house_and_senate
08003,08,CO,1.0,2,senate_only
08005,08,CO,0.9461,6,house_and_senate
08007,08,CO,1.0,2,senate_only
08009,08,CO,0.1643,4,house_and_senate
08011,08,CO,0.2492,4,house_and_senate
08013,08,CO,1.0,4,house_and_senate
08014,08,CO,1.0,4,house_and_senate
08015,08,CO,1.0,3,house_and_senate
08017,08,CO,0.2202,4,house_and_senate
08019,08,CO,1.0,3,house_and_senate
08021,08,CO,1.0,2,senate_only
08023,08,CO,1.0,2,senate_only
08025,08,CO,0.3894,4,house_and_senate
08027,08,CO,1.0,3,house_and_senate
08029,08,CO,1.0,2,senate_only
08031,08,CO,1.0,4,house_and_senate
08033,08,CO,1.0,2,senate_only
08035,08,CO,0.4565,5,house_and_senate
08037,08,CO,1.0,3,house_and_senate
08039,08,CO,0.2134,4,house_and_senate
08041,08,CO,0.0292,6,house_and_senate
08043,08,CO,1.0,3,house_and_senate
08045,08,CO,1.0,2,senate_only
08047,08,CO,1.0,3,house_and_senate
08049,08,CO,1.0,3,house_and_senate
08051,08,CO,1.0,2,senate_only
08053,08,CO,1.0,2,senate_only
08055,08,CO,1.0,2,senate_only
08057,08,CO,1.0,3,house_and_senate
08059,08,CO,1.0,6,house_and_senate
08061,08,CO,0.2212,4,house_and_senate
08063,08,CO,0.1886,4,house_and_senate
08065,08,CO,1.0,3,house_and_senate
08067,08,CO,1.0,2,senate_only
08069,08,CO,0.9651,5,house_and_senate
08071,08,CO,1.0,2,senate_only
08073,08,CO,0.163,4,house_and_senate
08075,08,CO,0.2145,4,house_and_senate
08077,08,CO,1.0,2,senate_only
08079,08,CO,1.0,2,senate_only
08081,08,CO,1.0,2,senate_only
08083,08,CO,1.0,2,senate_only
08085,08,CO,1.0,2,senate_only
08087,08,CO,0.2817,4,house_and_senate
08089,08,CO,1.0,2,senate_only
08091,08,CO,1.0,2,senate_only
08093,08,CO,1.0,3,house_and_senate
08095,08,CO,0.422,4,house_and_senate
08097,08,CO,1.0,2,senate_only
08099,08,CO,0.2346,4,house_and_senate
08101,08,CO,1.0,2,senate_only
08103,08,CO,1.0,2,senate_only
08105,08,CO,1.0,2,senate_only
08107,08,CO,1.0,3,house_and_senate
08109,08,CO,1.0,2,senate_only
08111,08,CO,1.0,2,senate_only
08113,08,CO,1.0,2,senate_only
08115,08,CO,0.4782,4,house_and_senate
08117,08,CO,1.0,3,house_and_senate
08119,08,CO,1.0,3,house_and_senate
08121,08,CO,0.1663,4,house_and_senate
08123,08,CO,0.1487,6,house_and_senate
08125,08,CO,0.1752,4,house_and_senate
09001,09,CT,1.0,5,house_and_senate
09003,09,CT,1.0,5,house_and_senate
09005,09,CT,1.0,4,house_and_senate
09007,09,CT,1.0,5,house_and_senate
09009,09,CT,1.0,6,house_and_senate
09011,09,CT,1.0,3,house_and_senate
09013,09,CT,1.0,3,house_and_senate
09015,09,CT,1.0,3,house_and_senate
10001,10,DE,0.6554,3,house_and_senate
10003,10,DE,0.6235,3,house_and_senate
10005,10,DE,0.7094,3,house_and_senate
12001,12,FL,0.0,3,house_and_senate
12003,12,FL,0.0,3,house_and_senate
12005,12,FL,0.0,3,house_and_senate
12007,12,FL,0.0,3,house_and_senate
12009,12,FL,0.0,3,house_and_senate
12011,12,FL,0.9807,5,house_and_senate
12013,12,FL,0.0,3,house_and_senate
12015,12,FL,0.0,3,house_and_senate
12017,12,FL,0.0,3,house_and_senate
12019,12,FL,0.0,2,senate_only
12021,12,FL,0.3947,5,house_and_senate
12023,12,FL,0.0,3,house_and_senate
12027,12,FL,0.0,3,house_and_senate
12029,12,FL,0.0,3,house_and_senate
12031,12,FL,0.4818,4,house_and_senate
12033,12,FL,0.0,3,house_and_senate
12035,12,FL,0.0,3,house_and_senate
12037,12,FL,0.0,3,house_and_senate
12039,12,FL,0.0,3,house_and_senate
12041,12,FL,0.0,3,house_and_senate
12043,12,FL,0.0,3,house_and_senate
12045,12,FL,0.0,3,house_and_senate
12047,12,FL,0.0,3,house_and_senate
12049,12,FL,0.0,3,house_and_senate
12051,12,FL,0.0,3,house_and_senate
12053,12,FL,0.0,3,house_and_senate
12055,12,FL,0.0,3,house_and_senate
12057,12,FL,0.6819,4,house_and_senate
12059,12,FL,0.0,3,house_and_senate
12061,12,FL,0.0,3,house_and_senate
12063,12,FL,0.0,3,house_and_senate
12065,12,FL,0.0,3,house_and_senate
12067,12,FL,0.0,4,house_and_senate
12069,12,FL,0.0,4,house_and_senate
12071,12,FL,0.0,4,house_and_senate
12073,12,FL,0.0,3,house_and_senate
12075,12,FL,0.0,3,house_and_senate
12077,12,FL,0.0,3,house_and_senate
12079,12,FL,0.0,3,house_and_senate
12081,12,FL,0.0,3,house_and_senate
12083,12,FL,0.0,5,house_and_senate
12085,12,FL,0.0,3,house_and_senate
12086,12,FL,0.661,6,house_and_senate
12087,12,FL,0.4689,3,house_and_senate
12089,12,FL,0.0,2,senate_only
12091,12,FL,0.0,3,house_and_senate
12093,12,FL,0.0,3,house_and_senate
12095,12,FL,0.8121,7,house_and_senate
12097,12,FL,0.9642,3,house_and_senate
12099,12,FL,0.8995,6,house_and_senate
12101,12,FL,0.0,3,house_and_senate
12103,12,FL,0.9752,4,house_and_senate
12105,12,FL,0.0839,5,house_and_senate
12107,12,FL,0.0,3,house_and_senate
12109,12,FL,0.4615,5,house_and_senate
12111,12,FL,0.0,3,house_and_senate
12113,12,FL,0.0,3,house_and_senate
12115,12,FL,0.0,3,house_and_senate
12117,12,FL,0.9255,3,house_and_senate
12119,12,FL,0.0,3,house_and_senate
12121,12,FL,0.0,3,house_and_senate
12123,12,FL,0.0,3,house_and_senate
12125,12,FL,0.0,3,house_and_senate
12127,12,FL,0.76,4,house_and_senate
12129,12,FL,0.0,3,house_and_senate
12131,12,FL,0.0,4,house_and_senate
12133,12,FL,0.0,3,house_and_senate
13001,13,GA,0.1541,3,house_and_senate
13003,13,GA,0.2863,3,house_and_senate
13005,13,GA,0.2458,3,house_and_senate
13007,13,GA,1.0,3,house_and_senate
13009,13,GA,0.347,3,house_and_senate
13011,13,GA,0.1741,3,house_and_senate
13013,13,GA,0.2815,3,house_and_senate
13015,13,GA,0.0304,3,house_and_senate
13017,13,GA,0.3547,3,house_and_senate
13019,13,GA,0.2327,3,house_and_senate
13021,13,GA,0.864,4,house_and_senate
13023,13,GA,0.389,3,house_and_senate
13025,13,GA,0.1728,3,house_and_senate
13027,13,GA,0.218,3,house_and_senate
13029,13,GA,0.1746,3,house_and_senate
13031,13,GA,0.152,3,house_and_senate
13033,13,GA,0.1278,3,house_and_senate
13035,13,GA,0.2556,3,house_and_senate
13037,13,GA,1.0,3,house_and_senate
13039,13,GA,0.1281,3,house_and_senate
13043,13,GA,0.3327,3,house_and_senate
13045,13,GA,0.095,3,house_and_senate
13047,13,GA,0.2025,3,house_and_senate
13049,13,GA,0.1061,3,house_and_senate
13051,13,GA,0.1761,3,house_and_senate
13053,13,GA,1.0,3,house_and_senate
13055,13,GA,0.1162,3,house_and_senate
13057,13,GA,0.4239,4,house_and_senate
13059,13,GA,0.346,3,house_and_senate
13061,13,GA,1.0,3,house_and_senate
13063,13,GA,1.0,4,house_and_senate
13065,13,GA,0.1443,3,house_and_senate
13067,13,GA,0.5426,6,house_and_senate
13069,13,GA,0.1884,3,house_and_senate
13071,13,GA,0.2008,3,house_and_senate
13073,13,GA,0.2946,3,house_and_senate
13075,13,GA,0.3757,3,house_and_senate
13077,13,GA,0.1062,3,house_and_senate
13079,13,GA,1.0,3,house_and_senate
13081,13,GA,0.3352,3,house_and_senate
13083,13,GA,0.1914,3,house_and_senate
13085,13,GA,1.0,3,house_and_senate
13087,13,GA,1.0,3,house_and_senate
13089,13,GA,1.0,4,house_and_senate
13091,13,GA,0.217,3,house_and_senate
13093,13,GA,1.0,3,house_and_senate
13095,13,GA,1.0,3,house_and_senate
13097,13,GA,0.8675,4,house_and_senate
13099,13,GA,1.0,3,house_and_senate
13101,13,GA,0.2464,3,house_and_senate
13103,13,GA,0.1836,4,house_and_senate
13105,13,GA,0.1523,3,house_and_senate
13107,13,GA,0.1511,3,house_and_senate
13109,13,GA,0.3985,3,house_and_senate
13111,13,GA,0.1124,3,house_and_senate
13113,13,GA,0.6303,4,house_and_senate
13115,13,GA,0.0747,3,house_and_senate
13117,13,GA,1.0,3,house_and_senate
13119,13,GA,0.158,3,house_and_senate
13121,13,GA,1.0,6,house_and_senate
13123,13,GA,0.1032,3,house_and_senate
13125,13,GA,0.4574,3,house_and_senate
13127,13,GA,0.1808,3,house_and_senate
13129,13,GA,0.1036,3,house_and_senate
13131,13,GA,1.0,3,house_and_senate
13133,13,GA,0.14,3,house_and_senate
13135,13,GA,0.9661,5,house_and_senate
13137,13,GA,0.1504,3,house_and_senate
13139,13,GA,0.1109,3,house_and_senate
13141,13,GA,0.1181,3,house_and_senate
13143,13,GA,0.1566,3,house_and_senate
13145,13,GA,0.1015,3,house_and_senate
13147,13,GA,0.1742,3,house_and_senate
13149,13,GA,0.1504,3,house_and_senate
13151,13,GA,0.785,5,house_and_senate
13153,13,GA,0.3668,4,house_and_senate
13155,13,GA,0.2795,3,house_and_senate
13157,13,GA,0.1566,3,house_and_senate
13159,13,GA,0.1462,3,house_and_senate
13161,13,GA,0.2935,3,house_and_senate
13163,13,GA,0.1871,3,house_and_senate
13165,13,GA,0.2586,3,house_and_senate
13167,13,GA,0.2856,3,house_and_senate
13169,13,GA,0.2587,3,house_and_senate
13171,13,GA,0.2221,3,house_and_senate
13173,13,GA,0.4116,3,house_and_senate
13175,13,GA,0.1305,3,house_and_senate
13177,13,GA,1.0,3,house_and_senate
13179,13,GA,0.152,3,house_and_senate
13181,13,GA,0.3655,3,house_and_senate
13183,13,GA,0.1878,3,house_and_senate
13185,13,GA,0.2166,3,house_and_senate
13187,13,GA,0.1477,3,house_and_senate
13189,13,GA,0.3201,3,house_and_senate
13191,13,GA,0.1767,3,house_and_senate
13193,13,GA,1.0,3,house_and_senate
13195,13,GA,0.1826,3,house_and_senate
13197,13,GA,1.0,3,house_and_senate
13199,13,GA,0.0947,3,house_and_senate
13201,13,GA,1.0,3,house_and_senate
13205,13,GA,1.0,3,house_and_senate
13207,13,GA,0.2576,3,house_and_senate
13209,13,GA,0.3344,3,house_and_senate
13211,13,GA,0.1537,3,house_and_senate
13213,13,GA,0.1068,3,house_and_senate
13215,13,GA,0.7955,4,house_and_senate
13217,13,GA,0.8134,4,house_and_senate
13219,13,GA,0.255,3,house_and_senate
13221,13,GA,0.1256,3,house_and_senate
13223,13,GA,0.1165,3,house_and_senate
13225,13,GA,1.0,3,house_and_senate
13227,13,GA,0.0583,3,house_and_senate
13229,13,GA,0.2138,3,house_and_senate
13231,13,GA,0.1952,3,house_and_senate
13233,13,GA,0.1172,3,house_and_senate
13235,13,GA,0.3555,3,house_and_senate
13237,13,GA,0.1547,3,house_and_senate
13239,13,GA,1.0,3,house_and_senate
13241,13,GA,0.117,3,house_and_senate
13243,13,GA,1.0,3,house_and_senate
13245,13,GA,0.272,3,house_and_senate
13247,13,GA,1.0,3,house_and_senate
13249,13,GA,1.0,3,house_and_senate
13251,13,GA,0.158,3,house_and_senate
13253,13,GA,1.0,3,house_and_senate
13255,13,GA,0.211,3,house_and_senate
13257,13,GA,0.2151,3,house_and_senate
13259,13,GA,1.0,3,house_and_senate
13261,13,GA,1.0,3,house_and_senate
13263,13,GA,1.0,3,house_and_senate
13265,13,GA,0.2448,3,house_and_senate
13267,13,GA,0.2013,3,house_and_senate
13269,13,GA,1.0,3,house_and_senate
13271,13,GA,0.2392,3,house_and_senate
13273,13,GA,1.0,3,house_and_senate
13275,13,GA,1.0,3,house_and_senate
13277,13,GA,0.3451,3,house_and_senate
13279,13,GA,0.2497,3,house_and_senate
13281,13,GA,0.2275,3,house_and_senate
13283,13,GA,0.3779,3,house_and_senate
13285,13,GA,0.1124,3,house_and_senate
13287,13,GA,0.3251,3,house_and_senate
13289,13,GA,0.2767,3,house_and_senate
13291,13,GA,0.1321,3,house_and_senate
13293,13,GA,0.1394,3,house_and_senate
13295,13,GA,0.0845,3,house_and_senate
13297,13,GA,0.1618,3,house_and_senate
13299,13,GA,0.0933,3,house_and_senate
13301,13,GA,0.2988,3,house_and_senate
13303,13,GA,0.1515,3,house_and_senate
13305,13,GA,0.1261,3,house_and_senate
13307,13,GA,1.0,3,house_and_senate
13309,13,GA,0.2908,3,house_and_senate
13311,13,GA,0.1692,3,house_and_senate
13313,13,GA,0.1242,3,house_and_senate
13315,13,GA,0.2668,3,house_and_senate
13317,13,GA,0.1705,4,house_and_senate
13319,13,GA,0.2343,3,house_and_senate
13321,13,GA,0.1941,3,house_and_senate
15001,15,HI,1.0,3,house_and_senate
15003,15,HI,1.0,4,house_and_senate
15005,15,HI,1.0,3,house_and_senate
15007,15,HI,1.0,3,house_and_senate
15009,15,HI,1.0,3,house_and_senate
16001,16,ID,0.0,4,house_and_senate
16003,16,ID,0.0,3,house_and_senate
16005,16,ID,0.0,3,house_and_senate
16007,16,ID,0.0,3,house_and_senate
16009,16,ID,0.0,3,house_and_senate
16011,16,ID,0.0,3,house_and_senate
16013,16,ID,0.0,3,house_and_senate
16015,16,ID,0.0,3,house_and_senate
16017,16,ID,0.0,3,house_and_senate
16019,16,ID,0.0,3,house_and_senate
16021,16,ID,0.0,3,house_and_senate
16023,16,ID,0.0,3,house_and_senate
16025,16,ID,0.0,3,house_and_senate
16027,16,ID,0.0,3,house_and_senate
16029,16,ID,0.0,3,house_and_senate
16031,16,ID,0.0,3,house_and_senate
16033,16,ID,0.0,3,house_and_senate
16035,16,ID,0.0,3,house_and_senate
16037,16,ID,0.0,3,house_and_senate
16039,16,ID,0.0,3,house_and_senate
16041,16,ID,0.0,3,house_and_senate
16043,16,ID,0.0,3,house_and_senate
16045,16,ID,0.0,3,house_and_senate
16047,16,ID,0.0,3,house_and_senate
16049,16,ID,0.0,3,house_and_senate
16051,16,ID,0.0,3,house_and_senate
16053,16,ID,0.0,3,house_and_senate
16055,16,ID,0.0,3,house_and_senate
16057,16,ID,0.0,3,house_and_senate
16059,16,ID,0.0,3,house_and_senate
16061,16,ID,0.0,3,house_and_senate
16063,16,ID,0.0,3,house_and_senate
16065,16,ID,0.0,3,house_and_senate
16067,16,ID,0.0,3,house_and_senate
16069,16,ID,0.0,3,house_and_senate
16071,16,ID,0.0,3,house_and_senate
16073,16,ID,0.0,3,house_and_senate
16075,16,ID,0.0,3,house_and_senate
16077,16,ID,0.0,3,house_and_senate
16079,16,ID,0.0,3,house_and_senate
16081,16,ID,0.0,3,house_and_senate
16083,16,ID,0.0,3,house_and_senate
16085,16,ID,0.0,3,house_and_senate
16087,16,ID,0.0,3,house_and_senate
17001,17,IL,0.2775,3,house_and_senate
17003,17,IL,0.5386,3,house_and_senate
17005,17,IL,0.4634,3,house_and_senate
17007,17,IL,0.8056,5,house_and_senate
17009,17,IL,0.5179,3,house_and_senate
17011,17,IL,0.5362,5,house_and_senate
17013,17,IL,0.5641,3,house_and_senate
17015,17,IL,1.0,3,house_and_senate
17017,17,IL,0.4664,3,house_and_senate
17019,17,IL,0.5792,5,house_and_senate
17021,17,IL,0.3165,3,house_and_senate
17023,17,IL,0.3541,3,house_and_senate
17025,17,IL,0.3698,3,house_and_senate
17027,17,IL,0.367,3,house_and_senate
17029,17,IL,0.3695,4,house_and_senate
17031,17,IL,1.0,13,house_and_senate
17033,17,IL,0.3825,3,house_and_senate
17035,17,IL,0.4427,3,house_and_senate
17037,17,IL,0.9507,6,house_and_senate
17039,17,IL,0.4524,3,house_and_senate
17041,17,IL,0.4408,3,house_and_senate
17043,17,IL,1.0,7,house_and_senate
17045,17,IL,0.3451,3,house_and_senate
17047,17,IL,0.5527,3,house_and_senate
17049,17,IL,0.3647,3,house_and_senate
17051,17,IL,0.3144,3,house_and_senate
17053,17,IL,0.9433,5,house_and_senate
17055,17,IL,0.4019,3,house_and_senate
17057,17,IL,0.8539,4,house_and_senate
17059,17,IL,0.4598,3,house_and_senate
17061,17,IL,0.3769,3,house_and_senate
17063,17,IL,0.3797,4,house_and_senate
17065,17,IL,0.3874,3,house_and_senate
17067,17,IL,0.2927,3,house_and_senate
17069,17,IL,0.6077,3,house_and_senate
17071,17,IL,0.4644,3,house_and_senate
17073,17,IL,0.4202,5,house_and_senate
17075,17,IL,1.0,3,house_and_senate
17077,17,IL,0.3202,3,house_and_senate
17079,17,IL,0.3572,3,house_and_senate
17081,17,IL,0.3248,3,house_and_senate
17083,17,IL,0.4705,3,house_and_senate
17085,17,IL,0.3452,4,house_and_senate
17087,17,IL,0.4443,3,house_and_senate
17089,17,IL,1.0,5,house_and_senate
17091,17,IL,1.0,4,house_and_senate
17093,17,IL,1.0,3,house_and_senate
17095,17,IL,1.0,3,house_and_senate
17097,17,IL,1.0,6,house_and_senate
17099,17,IL,0.8429,5,house_and_senate
17101,17,IL,0.4248,3,house_and_senate
17103,17,IL,0.3307,4,house_and_senate
17105,17,IL,0.7407,5,house_and_senate
17107,17,IL,0.347,3,house_and_senate
17109,17,IL,0.5501,4,house_and_senate
17111,17,IL,0.9752,7,house_and_senate
17113,17,IL,0.4041,5,house_and_senate
17115,17,IL,0.487,4,house_and_senate
17117,17,IL,0.5245,3,house_and_senate
17119,17,IL,0.4766,4,house_and_senate
17121,17,IL,0.3243,3,house_and_senate
17123,17,IL,0.3882,4,house_and_senate
17125,17,IL,0.3785,3,house_and_senate
17127,17,IL,0.5368,3,house_and_senate
17129,17,IL,0.511,3,house_and_senate
17131,17,IL,0.7681,4,house_and_senate
17133,17,IL,0.4163,3,house_and_senate
17135,17,IL,0.3182,3,house_and_senate
17137,17,IL,0.366,3,house_and_senate
17139,17,IL,0.4944,3,house_and_senate
17141,17,IL,0.3275,4,house_and_senate
17143,17,IL,0.6079,5,house_and_senate
17145,17,IL,0.3834,3,house_and_senate
17147,17,IL,0.521,4,house_and_senate
17149,17,IL,0.2832,3,house_and_senate
17151,17,IL,0.4269,3,house_and_senate
17153,17,IL,0.5797,3,house_and_senate
17155,17,IL,0.8031,5,house_and_senate
17157,17,IL,0.3232,3,house_and_senate
17159,17,IL,0.4329,3,house_and_senate
17161,17,IL,1.0,3,house_and_senate
17163,17,IL,0.4252,4,house_and_senate
17165,17,IL,0.4197,3,house_and_senate
17167,17,IL,0.4848,4,house_and_senate
17169,17,IL,0.429,3,house_and_senate
17171,17,IL,0.5671,3,house_and_senate
17173,17,IL,0.3022,3,house_and_senate
17175,17,IL,0.4246,4,house_and_senate
17177,17,IL,0.7,5,house_and_senate
17179,17,IL,0.6439,5,house_and_senate
17181,17,IL,0.3993,3,house_and_senate
17183,17,IL,0.9219,4,house_and_senate
17185,17,IL,0.5517,3,house_and_senate
17187,17,IL,0.6857,4,house_and_senate
17189,17,IL,0.3282,3,house_and_senate
17191,17,IL,0.278,3,house_and_senate
17193,17,IL,0.357,3,house_and_senate
17195,17,IL,1.0,3,house_and_senate
17197,17,IL,1.0,6,house_and_senate
17199,17,IL,0.3954,3,house_and_senate
17201,17,IL,0.5171,5,house_and_senate
17203,17,IL,0.3566,4,house_and_senate
18001,18,IN,0.0,3,house_and_senate
18003,18,IN,0.0,3,house_and_senate
18005,18,IN,0.0,4,house_and_senate
18007,18,IN,0.0,3,house_and_senate
18009,18,IN,0.0,3,house_and_senate
18011,18,IN,0.0,3,house_and_senate
18013,18,IN,0.0,3,house_and_senate
18015,18,IN,0.0,3,house_and_senate
18017,18,IN,0.0,4,house_and_senate
18019,18,IN,0.0,3,house_and_senate
18021,18,IN,0.0,3,house_and_senate
18023,18,IN,0.0,3,house_and_senate
18025,18,IN,0.0,3,house_and_senate
18027,18,IN,0.0,3,house_and_senate
18029,18,IN,0.0,3,house_and_senate
18031,18,IN,0.0,3,house_and_senate
18033,18,IN,0.0,3,house_and_senate
18035,18,IN,0.0,3,house_and_senate
18037,18,IN,0.0,3,house_and_senate
18039,18,IN,0.0,3,house_and_senate
18041,18,IN,0.0,3,house_and_senate
18043,18,IN,0.0,3,house_and_senate
18045,18,IN,0.0,4,house_and_senate
18047,18,IN,0.0,3,house_and_senate
18049,18,IN,0.0,3,house_and_senate
18051,18,IN,0.0,3,house_and_senate
18053,18,IN,0.0,3,house_and_senate
18055,18,IN,0.0,3,house_and_senate
18057,18,IN,0.0,3,house_and_senate
18059,18,IN,0.0,3,house_and_senate
18061,18,IN,0.0,3,house_and_senate
18063,18,IN,0.0,3,house_and_senate
18065,18,IN,0.0,3,house_and_senate
18067,18,IN,0.0,4,house_and_senate
18069,18,IN,0.0,3,house_and_senate
18071,18,IN,0.0,3,house_and_senate
18073,18,IN,0.0,3,house_and_senate
18075,18,IN,0.0,3,house_and_senate
18077,18,IN,0.0,3,house_and_senate
18079,18,IN,0.0,3,house_and_senate
18081,18,IN,0.0,3,house_and_senate
18083,18,IN,0.0,3,house_and_senate
18085,18,IN,0.0,4,house_and_senate
18087,18,IN,0.0,3,house_and_senate
18089,18,IN,0.9542,3,house_and_senate
18091,18,IN,0.5904,4,house_and_senate
18093,18,IN,0.0,3,house_and_senate
18095,18,IN,0.0,3,house_and_senate
18097,18,IN,0.9449,4,house_and_senate
18099,18,IN,0.0,3,house_and_senate
18101,18,IN,0.0,3,house_and_senate
18103,18,IN,0.0,3,house_and_senate
18105,18,IN,0.0,3,house_and_senate
18107,18,IN,0.0,3,house_and_senate
18109,18,IN,0.0,3,house_and_senate
18111,18,IN,0.0,3,house_and_senate
18113,18,IN,0.0,3,house_and_senate
18115,18,IN,0.0,3,house_and_senate
18117,18,IN,0.0,3,house_and_senate
18119,18,IN,0.0,3,house_and_senate
18121,18,IN,0.0,3,house_and_senate
18123,18,IN,0.0,3,house_and_senate
18125,18,IN,0.0,3,house_and_senate
18127,18,IN,0.9458,3,house_and_senate
18129,18,IN,0.0,3,house_and_senate
18131,18,IN,0.0,3,house_and_senate
18133,18,IN,0.0,3,house_and_senate
18135,18,IN,0.0,4,house_and_senate
18137,18,IN,0.0,3,house_and_senate
18139,18,IN,0.0,3,house_and_senate
18141,18,IN,0.0,3,house_and_senate
18143,18,IN,0.0,3,house_and_senate
18145,18,IN,0.0,3,house_and_senate
18147,18,IN,0.0,3,house_and_senate
18149,18,IN,0.0,3,house_and_senate
18151,18,IN,0.0,3,house_and_senate
18153,18,IN,0.0,3,house_and_senate
18155,18,IN,0.0,3,house_and_senate
18157,18,IN,0.0,3,house_and_senate
18159,18,IN,0.0,3,house_and_senate
18161,18,IN,0.0,3,house_and_senate
18163,18,IN,0.0,3,house_and_senate
18165,18,IN,0.0,3,house_and_senate
18167,18,IN,0.0,3,house_and_senate
18169,18,IN,0.0,3,house_and_senate
18171,18,IN,0.0,3,house_and_senate
18173,18,IN,0.0,3,house_and_senate
18175,18,IN,0.0,3,house_and_senate
18177,18,IN,0.0,3,house_and_senate
18179,18,IN,0.0,3,house_and_senate
18181,18,IN,0.0,3,house_and_senate
18183,18,IN,0.0,3,house_and_senate
19001,19,IA,0.7253,3,house_and_senate
19003,19,IA,0.6626,3,house_and_senate
19005,19,IA,0.0,3,house_and_senate
19007,19,IA,0.6976,3,house_and_senate
19009,19,IA,0.0,3,house_and_senate
19011,19,IA,0.0,3,house_and_senate
19013,19,IA,0.0,3,house_and_senate
19015,19,IA,0.0,3,house_and_senate
19017,19,IA,0.0,3,house_and_senate
19019,19,IA,0.0,3,house_and_senate
19021,19,IA,0.0,3,house_and_senate
19023,19,IA,0.0,3,house_and_senate
19025,19,IA,0.0,3,house_and_senate
19027,19,IA,0.0,3,house_and_senate
19029,19,IA,0.7235,3,house_and_senate
19031,19,IA,0.0,3,house_and_senate
19033,19,IA,0.0,3,house_and_senate
19035,19,IA,0.0,3,house_and_senate
19037,19,IA,0.0,3,house_and_senate
19039,19,IA,0.6666,3,house_and_senate
19041,19,IA,0.0,3,house_and_senate
19043,19,IA,0.0,3,house_and_senate
19045,19,IA,0.0,3,house_and_senate
19047,19,IA,0.0,3,house_and_senate
19049,19,IA,0.7318,3,house_and_senate
19051,19,IA,0.6996,3,house_and_senate
19053,19,IA,0.7116,3,house_and_senate
19055,19,IA,0.0,3,house_and_senate
19057,19,IA,0.0,3,house_and_senate
19059,19,IA,0.0,3,house_and_senate
19061,19,IA,0.0,3,house_and_senate
19063,19,IA,0.0,3,house_and_senate
19065,19,IA,0.0,3,house_and_senate
19067,19,IA,0.0,3,house_and_senate
19069,19,IA,0.0,3,house_and_senate
19071,19,IA,0.0,3,house_and_senate
19073,19,IA,0.7254,3,house_and_senate
19075,19,IA,0.0,3,house_and_senate
19077,19,IA,0.7326,3,house_and_senate
19079,19,IA,0.0,3,house_and_senate
19081,19,IA,0.0,3,house_and_senate
19083,19,IA,0.0,3,house_and_senate
19085,19,IA,0.0,3,house_and_senate
19087,19,IA,0.0,3,house_and_senate
19089,19,IA,0.0,3,house_and_senate
19091,19,IA,0.0,3,house_and_senate
19093,19,IA,0.0,3,house_and_senate
19095,19,IA,0.0,3,house_and_senate
19097,19,IA,0.0,3,house_and_senate
19099,19,IA,0.0,3,house_and_senate
19101,19,IA,0.0,3,house_and_senate
19103,19,IA,0.0,3,house_and_senate
19105,19,IA,0.0,3,house_and_senate
19107,19,IA,0.0,3,house_and_senate
19109,19,IA,0.0,3,house_and_senate
19111,19,IA,0.0,3,house_and_senate
19113,19,IA,0.0,3,house_and_senate
19115,19,IA,0.0,3,house_and_senate
19117,19,IA,0.6664,3,house_and_senate
19119,19,IA,0.0,3,house_and_senate
19121,19,IA,0.7224,3,house_and_senate
19123,19,IA,0.0,3,house_and_senate
19125,19,IA,0.0,3,house_and_senate
19127,19,IA,0.0,3,house_and_senate
19129,19,IA,0.0,3,house_and_senate
19131,19,IA,0.0,3,house_and_senate
19133,19,IA,0.0,3,house_and_senate
19135,19,IA,0.6679,3,house_and_senate
19137,19,IA,0.663,3,house_and_senate
19139,19,IA,0.0,3,house_and_senate
19141,19,IA,0.0,3,house_and_senate
19143,19,IA,0.0,3,house_and_senate
19145,19,IA,0.7127,3,house_and_senate
19147,19,IA,0.0,3,house_and_senate
19149,19,IA,0.0,3,house_and_senate
19151,19,IA,0.0,3,house_and_senate
19153,19,IA,0.7263,3,house_and_senate
19155,19,IA,0.0,3,house_and_senate
19157,19,IA,0.0,3,house_and_senate
19159,19,IA,0.7129,3,house_and_senate
19161,19,IA,0.0,3,house_and_senate
19163,19,IA,0.0,3,house_and_senate
19165,19,IA,0.0,3,house_and_senate
19167,19,IA,0.0,3,house_and_senate
19169,19,IA,0.0,3,house_and_senate
19171,19,IA,0.0,3,house_and_senate
19173,19,IA,0.7116,3,house_and_senate
19175,19,IA,0.6627,3,house_and_senate
19177,19,IA,0.0,3,house_and_senate
19179,19,IA,0.667,3,house_and_senate
19181,19,IA,0.0,3,house_and_senate
19183,19,IA,0.0,3,house_and_senate
19185,19,IA,0.7091,3,house_and_senate
19187,19,IA,0.0,3,house_and_senate
19189,19,IA,0.0,3,house_and_senate
19191,19,IA,0.0,3,house_and_senate
19193,19,IA,0.0,3,house_and_senate
19195,19,IA,0.0,3,house_and_senate
19197,19,IA,0.0,3,house_and_senate
20001,20,KS,0.0,3,house_and_senate
20003,20,KS,0.9308,3,house_and_senate
20005,20,KS,0.0,3,house_and_senate
20007,20,KS,0.0,3,house_and_senate
20009,20,KS,0.0,3,house_and_senate
20011,20,KS,0.0,3,house_and_senate
20013,20,KS,0.0,3,house_and_senate
20015,20,KS,0.0,3,house_and_senate
20017,20,KS,0.0,3,house_and_senate
20019,20,KS,0.0,3,house_and_senate
20021,20,KS,0.0,3,house_and_senate
20023,20,KS,0.0,3,house_and_senate
20025,20,KS,0.0,3,house_and_senate
20027,20,KS,0.0,3,house_and_senate
20029,20,KS,0.0,3,house_and_senate
20031,20,KS,0.0,3,house_and_senate
20033,20,KS,0.0,3,house_and_senate
20035,20,KS,0.0,3,house_and_senate
20037,20,KS,0.0,3,house_and_senate
20039,20,KS,0.0,3,house_and_senate
20041,20,KS,0.0,3,house_and_senate
20043,20,KS,0.0,3,house_and_senate
20045,20,KS,0.0,4,house_and_senate
20047,20,KS,0.0,3,house_and_senate
20049,20,KS,0.0,3,house_and_senate
20051,20,KS,0.0,3,house_and_senate
20053,20,KS,0.0,3,house_and_senate
20055,20,KS,0.0,3,house_and_senate
20057,20,KS,0.0,3,house_and_senate
20059,20,KS,0.9299,3,house_and_senate
20061,20,KS,0.0,3,house_and_senate
20063,20,KS,0.0,3,house_and_senate
20065,20,KS,0.0,3,house_and_senate
20067,20,KS,0.0,3,house_and_senate
20069,20,KS,0.0,3,house_and_senate
20071,20,KS,0.0,3,house_and_senate
20073,20,KS,0.0,3,house_and_senate
20075,20,KS,0.0,3,house_and_senate
20077,20,KS,0.0,3,house_and_senate
20079,20,KS,0.0,3,house_and_senate
20081,20,KS,0.0,3,house_and_senate
20083,20,KS,0.0,3,house_and_senate
20085,20,KS,0.0,4,house_and_senate
20087,20,KS,0.0,3,house_and_senate
20089,20,KS,0.0,3,house_and_senate
20091,20,KS,0.9166,3,house_and_senate
20093,20,KS,0.0,3,house_and_senate
20095,20,KS,0.0,3,house_and_senate
20097,20,KS,0.0,3,house_and_senate
20099,20,KS,0.0,3,house_and_senate
20101,20,KS,0.0,3,house_and_senate
20103,20,KS,0.0,3,house_and_senate
20105,20,KS,0.0,3,house_and_senate
20107,20,KS,0.0,3,house_and_senate
20109,20,KS,0.0,3,house_and_senate
20111,20,KS,0.0,3,house_and_senate
20113,20,KS,0.0,3,house_and_senate
20115,20,KS,0.0,3,house_and_senate
20117,20,KS,0.0,3,house_and_senate
20119,20,KS,0.0,3,house_and_senate
20121,20,KS,0.9304,3,house_and_senate
20123,20,KS,0.0,3,house_and_senate
20125,20,KS,0.0,3,house_and_senate
20127,20,KS,0.0,3,house_and_senate
20129,20,KS,0.0,3,house_and_senate
20131,20,KS,0.0,3,house_and_senate
20133,20,KS,0.0,3,house_and_senate
20135,20,KS,0.0,3,house_and_senate
20137,20,KS,0.0,3,house_and_senate
20139,20,KS,0.0,3,house_and_senate
20141,20,KS,0.0,3,house_and_senate
20143,20,KS,0.0,3,house_and_senate
20145,20,KS,0.0,4,house_and_senate
20147,20,KS,0.0,3,house_and_senate
20149,20,KS,0.0,3,house_and_senate
20151,20,KS,0.0,3,house_and_senate
20153,20,KS,0.0,3,house_and_senate
20155,20,KS,0.0,3,house_and_senate
20157,20,KS,0.0,3,house_and_senate
20159,20,KS,0.0,3,house_and_senate
20161,20,KS,0.0,3,house_and_senate
20163,20,KS,0.0,3,house_and_senate
20165,20,KS,0.0,3,house_and_senate
20167,20,KS,0.0,3,house_and_senate
20169,20,KS,0.0,3,house_and_senate
20171,20,KS,0.0,3,house_and_senate
20173,20,KS,0.0,3,house_and_senate
20175,20,KS,0.0,3,house_and_senate
20177,20,KS,0.0,3,house_and_senate
20179,20,KS,0.0,3,house_and_senate
20181,20,KS,0.0,3,house_and_senate
20183,20,KS,0.0,3,house_and_senate
20185,20,KS,0.0,3,house_and_senate
20187,20,KS,0.0,3,house_and_senate
20189,20,KS,0.0,3,house_and_senate
20191,20,KS,0.0,3,house_and_senate
20193,20,KS,0.0,3,house_and_senate
20195,20,KS,0.0,3,house_and_senate
20197,20,KS,0.0,3,house_and_senate
20199,20,KS,0.0,3,house_and_senate
20201,20,KS,0.0,3,house_and_senate
20203,20,KS,0.0,3,house_and_senate
20205,20,KS,0.0,3,house_and_senate
20207,20,KS,0.0,3,house_and_senate
20209,20,KS,0.5177,4,house_and_senate
21001,21,KY,0.0,3,house_and_senate
21003,21,KY,0.0,3,house_and_senate
21005,21,KY,0.0,4,house_and_senate
21007,21,KY,0.0,3,house_and_senate
21009,21,KY,0.0,3,house_and_senate
21011,21,KY,0.0,4,house_and_senate
21013,21,KY,0.0,3,house_and_senate
21015,21,KY,0.0,3,house_and_senate
21017,21,KY,0.0,3,house_and_senate
21019,21,KY,0.0,3,house_and_senate
21021,21,KY,0.0,3,house_and_senate
21023,21,KY,0.0,3,house_and_senate
21025,21,KY,0.0,3,house_and_senate
21027,21,KY,0.0,3,house_and_senate
21029,21,KY,0.0,3,house_and_senate
21031,21,KY,0.0,3,house_and_senate
21033,21,KY,0.0,3,house_and_senate
21035,21,KY,0.0,3,house_and_senate
21037,21,KY,0.0,3,house_and_senate
21039,21,KY,0.0,3,house_and_senate
21041,21,KY,0.0,3,house_and_senate
21043,21,KY,0.0,4,house_and_senate
21045,21,KY,0.0,3,house_and_senate
21047,21,KY,0.0,3,house_and_senate
21049,21,KY,0.0,3,house_and_senate
21051,21,KY,0.0,3,house_and_senate
21053,21,KY,0.0,3,house_and_senate
21055,21,KY,0.0,3,house_and_senate
21057,21,KY,0.0,3,house_and_senate
21059,21,KY,0.0,3,house_and_senate
21061,21,KY,0.0,3,house_and_senate
21063,21,KY,0.0,3,house_and_senate
21065,21,KY,0.0,3,house_and_senate
21067,21,KY,0.0,3,house_and_senate
21069,21,KY,0.0,3,house_and_senate
21071,21,KY,0.0,3,house_and_senate
21073,21,KY,0.0,3,house_and_senate
21075,21,KY,0.0,3,house_and_senate
21077,21,KY,0.0,3,house_and_senate
21079,21,KY,0.0,3,house_and_senate
21081,21,KY,0.0,3,house_and_senate
21083,21,KY,0.0,3,house_and_senate
21085,21,KY,0.0,3,house_and_senate
21087,21,KY,0.0,3,house_and_senate
21089,21,KY,0.0,3,house_and_senate
21091,21,KY,0.0,3,house_and_senate
21093,21,KY,0.0,3,house_and_senate
21095,21,KY,0.0,3,house_and_senate
21097,21,KY,0.0,3,house_and_senate
21099,21,KY,0.0,3,house_and_senate
21101,21,KY,0.0,3,house_and_senate
21103,21,KY,0.0,3,house_and_senate
21105,21,KY,0.0,3,house_and_senate
21107,21,KY,0.0,3,house_and_senate
21109,21,KY,0.0,3,house_and_senate
21111,21,KY,0.974,4,house_and_senate
21113,21,KY,0.0,3,house_and_senate
21115,21,KY,0.0,3,house_and_senate
21117,21,KY,0.0,3,house_and_senate
21119,21,KY,0.0,3,house_and_senate
21121,21,KY,0.0,3,house_and_senate
21123,21,KY,0.0,3,house_and_senate
21125,21,KY,0.0,3,house_and_senate
21127,21,KY,0.0,3,house_and_senate
21129,21,KY,0.0,3,house_and_senate
21131,21,KY,0.0,3,house_and_senate
21133,21,KY,0.0,3,house_and_senate
21135,21,KY,0.0,3,house_and_senate
21137,21,KY,0.0,3,house_and_senate
21139,21,KY,0.0,3,house_and_senate
21141,21,KY,0.0,4,house_and_senate
21143,21,KY,0.0,3,house_and_senate
21145,21,KY,0.0,3,house_and_senate
21147,21,KY,0.0,3,house_and_senate
21149,21,KY,0.0,3,house_and_senate
21151,21,KY,0.0,3,house_and_senate
21153,21,KY,0.0,3,house_and_senate
21155,21,KY,0.0,3,house_and_senate
21157,21,KY,0.0,3,house_and_senate
21159,21,KY,0.0,3,house_and_senate
21161,21,KY,0.0,3,house_and_senate
21163,21,KY,0.0,3,house_and_senate
21165,21,KY,0.0,3,house_and_senate
21167,21,KY,0.0,3,house_and_senate
21169,21,KY,0.0,3,house_and_senate
21171,21,KY,0.0,3,house_and_senate
21173,21,KY,0.0,3,house_and_senate
21175,21,KY,0.0,3,house_and_senate
21177,21,KY,0.0,3,house_and_senate
21179,21,KY,0.0,4,house_and_senate
21181,21,KY,0.0,3,house_and_senate
21183,21,KY,0.0,3,house_and_senate
21185,21,KY,0.0,3,house_and_senate
21187,21,KY,0.0,3,house_and_senate
21189,21,KY,0.0,3,house_and_senate
21191,21,KY,0.0,3,house_and_senate
21193,21,KY,0.0,3,house_and_senate
21195,21,KY,0.0,3,house_and_senate
21197,21,KY,0.0,3,house_and_senate
21199,21,KY,0.0,3,house_and_senate
21201,21,KY,0.0,3,house_and_senate
21203,21,KY,0.0,3,house_and_senate
21205,21,KY,0.0,3,house_and_senate
21207,21,KY,0.0,3,house_and_senate
21209,21,KY,0.0,3,house_and_senate
21211,21,KY,0.0,3,house_and_senate
21213,21,KY,0.0,3,house_and_senate
21215,21,KY,0.0,3,house_and_senate
21217,21,KY,0.0,3,house_and_senate
21219,21,KY,0.0,3,house_and_senate
21221,21,KY,0.0,3,house_and_senate
21223,21,KY,0.0,3,house_and_senate
21225,21,KY,0.0,3,house_and_senate
21227,21,KY,0.0,3,house_and_senate
21229,21,KY,0.0,3,house_and_senate
21231,21,KY,0.0,3,house_and_senate
21233,21,KY,0.0,3,house_and_senate
21235,21,KY,0.0,3,house_and_senate
21237,21,KY,0.0,3,house_and_senate
21239,21,KY,0.0,3,house_and_senate
22001,22,LA,0.0,3,house_and_senate
22003,22,LA,0.0,3,house_and_senate
22005,22,LA,0.0,3,house_and_senate
22007,22,LA,0.0,3,house_and_senate
22009,22,LA,0.0,2,senate_only
22011,22,LA,0.0,3,house_and_senate
22013,22,LA,0.0,3,house_and_senate
22015,22,LA,0.0,3,house_and_senate
22017,22,LA,0.0,3,house_and_senate
22019,22,LA,0.0,3,house_and_senate
22021,22,LA,0.0,2,senate_only
22023,22,LA,0.0,3,house_and_senate
22025,22,LA,0.0,2,senate_only
22027,22,LA,0.0,3,house_and_senate
22029,22,LA,0.0,2,senate_only
22031,22,LA,0.0,3,house_and_senate
22033,22,LA,0.0,3,house_and_senate
22035,22,LA,0.0,2,senate_only
22037,22,LA,0.0,2,senate_only
22039,22,LA,0.0,3,house_and_senate
22041,22,LA,0.0,2,senate_only
22043,22,LA,0.0,3,house_and_senate
22045,22,LA,0.0,3,house_and_senate
22047,22,LA,0.0,3,house_and_senate
22049,22,LA,0.0,2,senate_only
22051,22,LA,0.0,3,house_and_senate
22053,22,LA,0.0,3,house_and_senate
22055,22,LA,0.0,3,house_and_senate
22057,22,LA,0.0,4,house_and_senate
22059,22,LA,0.0,2,senate_only
22061,22,LA,0.0,2,senate_only
22063,22,LA,0.0,3,house_and_senate
22065,22,LA,0.0,2,senate_only
22067,22,LA,0.0,2,senate_only
22069,22,LA,0.0,3,house_and_senate
22071,22,LA,0.0,3,house_and_senate
22073,22,LA,0.0,2,senate_only
22075,22,LA,0.0,3,house_and_senate
22077,22,LA,0.0,2,senate_only
22079,22,LA,0.0,2,senate_only
22081,22,LA,0.0,3,house_and_senate
22083,22,LA,0.0,2,senate_only
22085,22,LA,0.0,3,house_and_senate
22087,22,LA,0.0,3,house_and_senate
22089,22,LA,0.0,3,house_and_senate
22091,22,LA,0.0,2,senate_only
22093,22,LA,0.0,2,senate_only
22095,22,LA,0.0,3,house_and_senate
22097,22,LA,0.0,3,house_and_senate
22099,22,LA,0.0,4,house_and_senate
22101,22,LA,0.0,4,house_and_senate
22103,22,LA,0.0,3,house_and_senate
22105,22,LA,0.0,3,house_and_senate
22107,22,LA,0.0,2,senate_only
22109,22,LA,0.0,4,house_and_senate
22111,22,LA,0.0,3,house_and_senate
22113,22,LA,0.0,3,house_and_senate
22115,22,LA,0.0,3,house_and_senate
22117,22,LA,0.0,2,senate_only
22119,22,LA,0.0,3,house_and_senate
22121,22,LA,0.0,3,house_and_senate
22123,22,LA,0.0,2,senate_only
22125,22,LA,0.0,2,senate_only
22127,22,LA,0.0,2,senate_only
23001,23,ME,0.3397,3,house_and_senate
23003,23,ME,0.7447,3,house_and_senate
23005,23,ME,0.7524,3,house_and_senate
23007,23,ME,0.4976,3,house_and_senate
23009,23,ME,0.4866,3,house_and_senate
23011,23,ME,0.6421,4,house_and_senate
23013,23,ME,0.6023,3,house_and_senate
23015,23,ME,0.6439,3,house_and_senate
23017,23,ME,0.5322,3,house_and_senate
23019,23,ME,0.6225,3,house_and_senate
23021,23,ME,0.6512,3,house_and_senate
23023,23,ME,0.5359,3,house_and_senate
23025,23,ME,0.6495,3,house_and_senate
23027,23,ME,0.3812,3,house_and_senate
23029,23,ME,0.57,3,house_and_senate
23031,23,ME,0.7797,3,house_and_senate
24001,24,MD,1.0,3,house_and_senate
24003,24,MD,1.0,4,house_and_senate
24005,24,MD,0.9643,5,house_and_senate
24009,24,MD,1.0,3,house_and_senate
24011,24,MD,0.5022,3,house_and_senate
24013,24,MD,1.0,4,house_and_senate
24015,24,MD,0.482,3,house_and_senate
24017,24,MD,1.0,3,house_and_senate
24019,24,MD,0.3734,3,house_and_senate
24021,24,MD,1.0,3,house_and_senate
24023,24,MD,1.0,3,house_and_senate
24025,24,MD,0.4243,3,house_and_senate
24027,24,MD,1.0,3,house_and_senate
24029,24,MD,0.5377,3,house_and_senate
24031,24,MD,1.0,5,house_and_senate
24033,24,MD,1.0,5,house_and_senate
24035,24,MD,0.4644,3,house_and_senate
24037,24,MD,1.0,3,house_and_senate
24039,24,MD,0.5019,3,house_and_senate
24041,24,MD,0.5454,3,house_and_senate
24043,24,MD,1.0,3,house_and_senate
24045,24,MD,0.4625,3,house_and_senate
24047,24,MD,0.4076,3,house_and_senate
24510,24,MD,1.0,4,house_and_senate
25001,25,MA,1.0,3,house_and_senate
25003,25,MA,1.0,3,house_and_senate
25005,25,MA,1.0,5,house_and_senate
25007,25,MA,1.0,3,house_and_senate
25009,25,MA,1.0,4,house_and_senate
25011,25,MA,1.0,4,house_and_senate
25013,25,MA,1.0,3,house_and_senate
25015,25,MA,1.0,4,house_and_senate
25017,25,MA,1.0,8,house_and_senate
25019,25,MA,1.0,3,house_and_senate
25021,25,MA,1.0,8,house_and_senate
25023,25,MA,1.0,5,house_and_senate
25025,25,MA,1.0,5,house_and_senate
25027,25,MA,1.0,6,house_and_senate
26001,26,MI,0.4902,3,house_and_senate
26003,26,MI,0.4148,3,house_and_senate
26005,26,MI,0.0651,3,house_and_senate
26007,26,MI,0.5314,3,house_and_senate
26009,26,MI,0.5769,3,house_and_senate
26011,26,MI,0.6411,3,house_and_senate
26013,26,MI,0.4193,3,house_and_senate
26015,26,MI,0.2972,3,house_and_senate
26017,26,MI,1.0,4,house_and_senate
26019,26,MI,0.6699,3,house_and_senate
26021,26,MI,0.1477,4,house_and_senate
26023,26,MI,0.1994,3,house_and_senate
26025,26,MI,0.1259,4,house_and_senate
26027,26,MI,0.2046,3,house_and_senate
26029,26,MI,0.6091,3,house_and_senate
26031,26,MI,0.4756,3,house_and_senate
26033,26,MI,0.2939,3,house_and_senate
26035,26,MI,0.293,3,house_and_senate
26037,26,MI,1.0,2,senate_only
26039,26,MI,0.5383,3,house_and_senate
26041,26,MI,0.3565,3,house_and_senate
26043,26,MI,0.4602,3,house_and_senate
26045,26,MI,0.7159,3,house_and_senate
26047,26,MI,0.5811,3,house_and_senate
26049,26,MI,1.0,4,house_and_senate
26051,26,MI,0.3179,3,house_and_senate
26053,26,MI,0.3705,3,house_and_senate
26055,26,MI,0.5828,3,house_and_senate
26057,26,MI,0.2915,3,house_and_senate
26059,26,MI,0.1741,3,house_and_senate
26061,26,MI,0.3913,3,house_and_senate
26063,26,MI,0.5313,4,house_and_senate
26065,26,MI,1.0,2,senate_only
26067,26,MI,0.2904,3,house_and_senate
26069,26,MI,0.5416,3,house_and_senate
26071,26,MI,0.3575,3,house_and_senate
26073,26,MI,0.2899,3,house_and_senate
26075,26,MI,0.1523,3,house_and_senate
26077,26,MI,0.106,4,house_and_senate
26079,26,MI,0.5368,3,house_and_senate
26081,26,MI,0.0432,4,house_and_senate
26083,26,MI,0.5457,3,house_and_senate
26085,26,MI,0.2918,3,house_and_senate
26087,26,MI,0.5398,4,house_and_senate
26089,26,MI,0.6514,3,house_and_senate
26091,26,MI,0.144,3,house_and_senate
26093,26,MI,1.0,2,senate_only
26095,26,MI,0.4191,3,house_and_senate
26097,26,MI,0.3883,3,house_and_senate
26099,26,MI,0.5811,4,house_and_senate
26101,26,MI,0.3013,3,house_and_senate
26103,26,MI,0.2639,3,house_and_senate
26105,26,MI,0.3209,3,house_and_senate
26107,26,MI,0.2964,3,house_and_senate
26109,26,MI,0.3832,3,house_and_senate
26111,26,MI,0.9473,5,house_and_senate
26113,26,MI,0.5346,3,house_and_senate
26115,26,MI,0.2075,5,house_and_senate
26117,26,MI,0.249,3,house_and_senate
26119,26,MI,0.5427,3,house_and_senate
26121,26,MI,0.1016,4,house_and_senate
26123,26,MI,0.218,3,house_and_senate
26125,26,MI,0.9314,8,house_and_senate
26127,26,MI,0.3029,3,house_and_senate
26129,26,MI,0.5351,3,house_and_senate
26131,26,MI,0.331,3,house_and_senate
26133,26,MI,0.2923,3,house_and_senate
26135,26,MI,0.5342,3,house_and_senate
26137,26,MI,0.5574,3,house_and_senate
26139,26,MI,0.051,5,house_and_senate
26141,26,MI,0.4962,3,house_and_senate
26143,26,MI,0.5551,3,house_and_senate
26145,26,MI,1.0,4,house_and_senate
26147,26,MI,0.5359,4,house_and_senate
26149,26,MI,0.2012,3,house_and_senate
26151,26,MI,0.5274,4,house_and_senate
26153,26,MI,0.3563,3,house_and_senate
26155,26,MI,1.0,2,senate_only
26157,26,MI,0.5467,6,house_and_senate
26159,26,MI,0.0864,3,house_and_senate
26161,26,MI,0.7541,4,house_and_senate
26163,26,MI,0.9073,5,house_and_senate
26165,26,MI,0.3256,4,house_and_senate
27001,27,MN,0.6414,3,house_and_senate
27003,27,MN,0.7901,5,house_and_senate
27005,27,MN,0.467,4,house_and_senate
27007,27,MN,0.6114,3,house_and_senate
27009,27,MN,0.5614,3,house_and_senate
27011,27,MN,0.5884,3,house_and_senate
27013,27,MN,0.2734,3,house_and_senate
27015,27,MN,0.374,4,house_and_senate
27017,27,MN,0.7274,3,house_and_senate
27019,27,MN,0.5695,3,house_and_senate
27021,27,MN,0.6311,3,house_and_senate
27023,27,MN,0.5511,3,house_and_senate
27025,27,MN,0.8169,3,house_and_senate
27027,27,MN,0.4057,3,house_and_senate
27029,27,MN,0.7091,3,house_and_senate
27031,27,MN,0.6654,3,house_and_senate
27033,27,MN,0.5271,3,house_and_senate
27035,27,MN,0.7092,3,house_and_senate
27037,27,MN,1.0,3,house_and_senate
27039,27,MN,0.3904,3,house_and_senate
27041,27,MN,0.5283,3,house_and_senate
27043,27,MN,0.2831,3,house_and_senate
27045,27,MN,0.2462,3,house_and_senate
27047,27,MN,0.2846,3,house_and_senate
27049,27,MN,0.271,3,house_and_senate
27051,27,MN,0.5657,3,house_and_senate
27053,27,MN,0.9997,5,house_and_senate
27055,27,MN,0.3376,3,house_and_senate
27057,27,MN,0.6251,4,house_and_senate
27059,27,MN,0.8112,3,house_and_senate
27061,27,MN,0.6061,3,house_and_senate
27063,27,MN,0.2858,3,house_and_senate
27065,27,MN,0.7896,3,house_and_senate
27067,27,MN,0.4722,3,house_and_senate
27069,27,MN,0.3936,3,house_and_senate
27071,27,MN,0.5939,3,house_and_senate
27073,27,MN,0.4826,3,house_and_senate
27075,27,MN,0.627,3,house_and_senate
27077,27,MN,0.6781,3,house_and_senate
27079,27,MN,1.0,3,house_and_senate
27081,27,MN,0.5707,3,house_and_senate
27083,27,MN,0.4997,3,house_and_senate
27085,27,MN,0.5921,3,house_and_senate
27087,27,MN,0.7814,3,house_and_senate
27089,27,MN,0.2867,3,house_and_senate
27091,27,MN,0.2831,3,house_and_senate
27093,27,MN,0.5399,3,house_and_senate
27095,27,MN,0.7783,3,house_and_senate
27097,27,MN,0.388,3,house_and_senate
27099,27,MN,0.2834,3,house_and_senate
27101,27,MN,0.5031,3,house_and_senate
27103,27,MN,0.3854,3,house_and_senate
27105,27,MN,0.2823,3,house_and_senate
27107,27,MN,0.4498,3,house_and_senate
27109,27,MN,0.3009,3,house_and_senate
27111,27,MN,0.2657,3,house_and_senate
27113,27,MN,0.5364,3,house_and_senate
27115,27,MN,0.6686,3,house_and_senate
27117,27,MN,0.6054,3,house_and_senate
27119,27,MN,0.2658,3,house_and_senate
27121,27,MN,0.5159,3,house_and_senate
27123,27,MN,1.0,4,house_and_senate
27125,27,MN,0.6226,3,house_and_senate
27127,27,MN,0.4481,3,house_and_senate
27129,27,MN,0.4206,3,house_and_senate
27131,27,MN,0.9115,4,house_and_senate
27133,27,MN,0.3683,3,house_and_senate
27135,27,MN,0.2991,3,house_and_senate
27137,27,MN,0.5515,3,house_and_senate
27139,27,MN,1.0,3,house_and_senate
27141,27,MN,0.5583,3,house_and_senate
27143,27,MN,0.5478,3,house_and_senate
27145,27,MN,0.4616,4,house_and_senate
27147,27,MN,0.3957,3,house_and_senate
27149,27,MN,0.5587,3,house_and_senate
27151,27,MN,0.4902,3,house_and_senate
27153,27,MN,0.4302,3,house_and_senate
27155,27,MN,0.5542,3,house_and_senate
27157,27,MN,0.3498,3,house_and_senate
27159,27,MN,0.5709,3,house_and_senate
27161,27,MN,0.3992,3,house_and_senate
27163,27,MN,0.9958,5,house_and_senate
27165,27,MN,0.3928,3,house_and_senate
27167,27,MN,0.4872,3,house_and_senate
27169,27,MN,0.31,3,house_and_senate
27171,27,MN,0.5398,3,house_and_senate
27173,27,MN,0.4845,3,house_and_senate
28001,28,MS,0.513,3,house_and_senate
28003,28,MS,0.0,3,house_and_senate
28005,28,MS,0.6245,3,house_and_senate
28007,28,MS,0.6261,3,house_and_senate
28009,28,MS,0.0,3,house_and_senate
28011,28,MS,0.6663,3,house_and_senate
28013,28,MS,0.0,3,house_and_senate
28015,28,MS,0.5888,3,house_and_senate
28017,28,MS,0.0,3,house_and_senate
28019,28,MS,0.0,3,house_and_senate
28021,28,MS,0.5262,3,house_and_senate
28023,28,MS,0.0,3,house_and_senate
28025,28,MS,0.0,3,house_and_senate
28027,28,MS,0.5575,3,house_and_senate
28029,28,MS,0.6391,3,house_and_senate
28031,28,MS,0.0,3,house_and_senate
28033,28,MS,0.0,3,house_and_senate
28035,28,MS,0.0,3,house_and_senate
28037,28,MS,0.5623,3,house_and_senate
28039,28,MS,0.0,3,house_and_senate
28041,28,MS,0.0,3,house_and_senate
28043,28,MS,0.4902,3,house_and_senate
28045,28,MS,0.0,3,house_and_senate
28047,28,MS,0.0,3,house_and_senate
28049,28,MS,0.6496,4,house_and_senate
28051,28,MS,0.6329,3,house_and_senate
28053,28,MS,0.4881,3,house_and_senate
28055,28,MS,0.4848,3,house_and_senate
28057,28,MS,0.0,3,house_and_senate
28059,28,MS,0.0,3,house_and_senate
28061,28,MS,0.0,3,house_and_senate
28063,28,MS,0.5423,3,house_and_senate
28065,28,MS,0.0,3,house_and_senate
28067,28,MS,0.0,4,house_and_senate
28069,28,MS,0.0,3,house_and_senate
28071,28,MS,0.0,3,house_and_senate
28073,28,MS,0.0,3,house_and_senate
28075,28,MS,0.0,3,house_and_senate
28077,28,MS,0.0,3,house_and_senate
28079,28,MS,0.5705,3,house_and_senate
28081,28,MS,0.0,3,house_and_senate
28083,28,MS,0.5751,3,house_and_senate
28085,28,MS,0.0,3,house_and_senate
28087,28,MS,0.0,3,house_and_senate
28089,28,MS,0.4066,4,house_and_senate
28091,28,MS,0.0,3,house_and_senate
28093,28,MS,0.0,3,house_and_senate
28095,28,MS,0.0,3,house_and_senate
28097,28,MS,0.4811,3,house_and_senate
28099,28,MS,0.0,3,house_and_senate
28101,28,MS,0.0,3,house_and_senate
28103,28,MS,0.0,3,house_and_senate
28105,28,MS,0.0,4,house_and_senate
28107,28,MS,0.6095,3,house_and_senate
28109,28,MS,0.0,3,house_and_senate
28111,28,MS,0.0,3,house_and_senate
28113,28,MS,0.0,3,house_and_senate
28115,28,MS,0.0,3,house_and_senate
28117,28,MS,0.0,3,house_and_senate
28119,28,MS,0.4799,3,house_and_senate
28121,28,MS,0.0,3,house_and_senate
28123,28,MS,0.0,3,house_and_senate
28125,28,MS,0.4959,3,house_and_senate
28127,28,MS,0.0,3,house_and_senate
28129,28,MS,0.0,3,house_and_senate
28131,28,MS,0.0,3,house_and_senate
28133,28,MS,0.6139,3,house_and_senate
28135,28,MS,0.5952,3,house_and_senate
28137,28,MS,0.0,3,house_and_senate
28139,28,MS,0.0,3,house_and_senate
28141,28,MS,0.0,3,house_and_senate
28143,28,MS,0.5085,3,house_and_senate
28145,28,MS,0.0,3,house_and_senate
28147,28,MS,0.0,3,house_and_senate
28149,28,MS,0.5728,3,house_and_senate
28151,28,MS,0.6226,3,house_and_senate
28153,28,MS,0.0,3,house_and_senate
28155,28,MS,0.0,3,house_and_senate
28157,28,MS,0.6071,3,house_and_senate
28159,28,MS,0.0,3,house_and_senate
28161,28,MS,0.5156,3,house_and_senate
28163,28,MS,0.6776,3,house_and_senate
29001,29,MO,0.0,3,house_and_senate
29003,29,MO,0.0,3,house_and_senate
29005,29,MO,0.0,3,house_and_senate
29007,29,MO,0.0,3,house_and_senate
29009,29,MO,0.0,3,house_and_senate
29011,29,MO,0.0,3,house_and_senate
29013,29,MO,0.0,3,house_and_senate
29015,29,MO,0.0,3,house_and_senate
29017,29,MO,0.0,3,house_and_senate
29019,29,MO,0.0,4,house_and_senate
29021,29,MO,0.0,3,house_and_senate
29023,29,MO,0.0,3,house_and_senate
29025,29,MO,0.0,3,house_and_senate
29027,29,MO,0.0,3,house_and_senate
29029,29,MO,0.0,4,house_and_senate
29031,29,MO,0.0,3,house_and_senate
29033,29,MO,0.0,3,house_and_senate
29035,29,MO,0.0,3,house_and_senate
29037,29,MO,0.0,3,house_and_senate
29039,29,MO,0.0,3,house_and_senate
29041,29,MO,0.0,3,house_and_senate
29043,29,MO,0.0,3,house_and_senate
29045,29,MO,0.0,3,house_and_senate
29047,29,MO,0.8482,4,house_and_senate
29049,29,MO,0.0,3,house_and_senate
29051,29,MO,0.0,3,house_and_senate
29053,29,MO,0.0,3,house_and_senate
29055,29,MO,0.0,3,house_and_senate
29057,29,MO,0.0,3,house_and_senate
29059,29,MO,0.0,3,house_and_senate
29061,29,MO,0.0,3,house_and_senate
29063,29,MO,0.0,3,house_and_senate
29065,29,MO,0.0,3,house_and_senate
29067,29,MO,0.0,3,house_and_senate
29069,29,MO,0.0,3,house_and_senate
29071,29,MO,0.0,3,house_and_senate
29073,29,MO,0.0,3,house_and_senate
29075,29,MO,0.0,3,house_and_senate
29077,29,MO,0.0,3,house_and_senate
29079,29,MO,0.0,3,house_and_senate
29081,29,MO,0.0,3,house_and_senate
29083,29,MO,0.0,3,house_and_senate
29085,29,MO,0.0,3,house_and_senate
29087,29,MO,0.0,3,house_and_senate
29089,29,MO,0.0,3,house_and_senate
29091,29,MO,0.0,3,house_and_senate
29093,29,MO,0.0,3,house_and_senate
29095,29,MO,0.9606,5,house_and_senate
29097,29,MO,0.0,3,house_and_senate
29099,29,MO,0.0,4,house_and_senate
29101,29,MO,0.0,3,house_and_senate
29103,29,MO,0.0,3,house_and_senate
29105,29,MO,0.0,3,house_and_senate
29107,29,MO,0.0,3,house_and_senate
29109,29,MO,0.0,3,house_and_senate
29111,29,MO,0.0,3,house_and_senate
29113,29,MO,0.0,3,house_and_senate
29115,29,MO,0.0,3,house_and_senate
29117,29,MO,0.0,3,house_and_senate
29119,29,MO,0.0,3,house_and_senate
29121,29,MO,0.0,3,house_and_senate
29123,29,MO,0.0,3,house_and_senate
29125,29,MO,0.0,3,house_and_senate
29127,29,MO,0.0,3,house_and_senate
29129,29,MO,0.0,3,house_and_senate
29131,29,MO,0.0,3,house_and_senate
29133,29,MO,0.0,3,house_and_senate
29135,29,MO,0.0,3,house_and_senate
29137,29,MO,0.0,3,house_and_senate
29139,29,MO,0.0,3,house_and_senate
29141,29,MO,0.0,3,house_and_senate
29143,29,MO,0.0,3,house_and_senate
29145,29,MO,0.0,3,house_and_senate
29147,29,MO,0.0,3,house_and_senate
29149,29,MO,0.0,3,house_and_senate
29151,29,MO,0.0,3,house_and_senate
29153,29,MO,0.0,3,house_and_senate
29155,29,MO,0.0,3,house_and_senate
29157,29,MO,0.0,3,house_and_senate
29159,29,MO,0.0,3,house_and_senate
29161,29,MO,0.0,3,house_and_senate
29163,29,MO,0.0,3,house_and_senate
29165,29,MO,0.0,3,house_and_senate
29167,29,MO,0.0,3,house_and_senate
29169,29,MO,0.0,3,house_and_senate
29171,29,MO,0.0,3,house_and_senate
29173,29,MO,0.0,3,house_and_senate
29175,29,MO,0.0,3,house_and_senate
29177,29,MO,0.0,3,house_and_senate
29179,29,MO,0.0,3,house_and_senate
29181,29,MO,0.0,3,house_and_senate
29183,29,MO,0.0,4,house_and_senate
29185,29,MO,0.0,3,house_and_senate
29186,29,MO,0.0,3,house_and_senate
29187,29,MO,0.0,3,house_and_senate
29189,29,MO,0.7922,4,house_and_senate
29195,29,MO,0.0,3,house_and_senate
29197,29,MO,0.0,3,house_and_senate
29199,29,MO,0.0,3,house_and_senate
29201,29,MO,0.0,3,house_and_senate
29203,29,MO,0.0,3,house_and_senate
29205,29,MO,0.0,3,house_and_senate
29207,29,MO,0.0,3,house_and_senate
29209,29,MO,0.0,3,house_and_senate
29211,29,MO,0.0,3,house_and_senate
29213,29,MO,0.0,3,house_and_senate
29215,29,MO,0.0,3,house_and_senate
29217,29,MO,0.0,3,house_and_senate
29219,29,MO,0.0,4,house_and_senate
29221,29,MO,0.0,3,house_and_senate
29223,29,MO,0.0,3,house_and_senate
29225,29,MO,0.0,4,house_and_senate
29227,29,MO,0.0,3,house_and_senate
29229,29,MO,0.0,3,house_and_senate
29510,29,MO,0.9347,3,house_and_senate
30001,30,MT,0.25,2,senate_only
30003,30,MT,0.1074,3,house_and_senate
30005,30,MT,0.1177,3,house_and_senate
30007,30,MT,0.1899,3,house_and_senate
30009,30,MT,0.1619,3,house_and_senate
30011,30,MT,0.1324,3,house_and_senate
30013,30,MT,0.1456,3,house_and_senate
30015,30,MT,0.1216,3,house_and_senate
30017,30,MT,0.1247,3,house_and_senate
30019,30,MT,0.1813,3,house_and_senate
30021,30,MT,0.1534,3,house_and_senate
30023,30,MT,0.25,2,senate_only
30025,30,MT,0.1748,3,house_and_senate
30027,30,MT,0.1161,3,house_and_senate
30029,30,MT,0.25,2,senate_only
30031,30,MT,0.25,2,senate_only
30033,30,MT,0.1115,3,house_and_senate
30035,30,MT,0.25,2,senate_only
30037,30,MT,0.1905,3,house_and_senate
30039,30,MT,0.25,2,senate_only
30041,30,MT,0.1412,3,house_and_senate
30043,30,MT,0.1736,3,house_and_senate
30045,30,MT,0.167,3,house_and_senate
30047,30,MT,0.25,2,senate_only
30049,30,MT,0.1303,3,house_and_senate
30051,30,MT,0.1812,3,house_and_senate
30053,30,MT,0.25,2,senate_only
30055,30,MT,0.1469,3,house_and_senate
30057,30,MT,0.25,2,senate_only
30059,30,MT,0.1529,3,house_and_senate
30061,30,MT,0.25,2,senate_only
30063,30,MT,0.25,2,senate_only
30065,30,MT,0.167,3,house_and_senate
30067,30,MT,0.1433,3,house_and_senate
30069,30,MT,0.1736,3,house_and_senate
30071,30,MT,0.1057,3,house_and_senate
30073,30,MT,0.2039,3,house_and_senate
30075,30,MT,0.1332,3,house_and_senate
30077,30,MT,0.25,2,senate_only
30079,30,MT,0.1711,3,house_and_senate
30081,30,MT,0.25,2,senate_only
30083,30,MT,0.1609,3,house_and_senate
30085,30,MT,0.1538,3,house_and_senate
30087,30,MT,0.1073,3,house_and_senate
30089,30,MT,0.25,2,senate_only
30091,30,MT,0.1729,3,house_and_senate
30093,30,MT,0.25,2,senate_only
30095,30,MT,0.1692,3,house_and_senate
30097,30,MT,0.1674,3,house_and_senate
30099,30,MT,0.1559,3,house_and_senate
30101,30,MT,0.1657,3,house_and_senate
30103,30,MT,0.1984,3,house_and_senate
30105,30,MT,0.1083,3,house_and_senate
30107,30,MT,0.1814,3,house_and_senate
30109,30,MT,0.2022,3,house_and_senate
30111,30,MT,0.1471,3,house_and_senate
31001,31,NE,0.0,3,house_and_senate
31003,31,NE,0.0,3,house_and_senate
31005,31,NE,0.0,3,house_and_senate
31007,31,NE,0.0,3,house_and_senate
31009,31,NE,0.0,3,house_and_senate
31011,31,NE,0.0,3,house_and_senate
31013,31,NE,0.0,3,house_and_senate
31015,31,NE,0.0,3,house_and_senate
31017,31,NE,0.0,3,house_and_senate
31019,31,NE,0.0,3,house_and_senate
31021,31,NE,0.0,3,house_and_senate
31023,31,NE,0.4099,3,house_and_senate
31025,31,NE,0.4062,3,house_and_senate
31027,31,NE,0.0,3,house_and_senate
31029,31,NE,0.0,3,house_and_senate
31031,31,NE,0.0,3,house_and_senate
31033,31,NE,0.0,3,house_and_senate
31035,31,NE,0.0,3,house_and_senate
31037,31,NE,0.3809,3,house_and_senate
31039,31,NE,0.408,3,house_and_senate
31041,31,NE,0.0,3,house_and_senate
31043,31,NE,0.0,3,house_and_senate
31045,31,NE,0.0,3,house_and_senate
31047,31,NE,0.0,3,house_and_senate
31049,31,NE,0.0,3,house_and_senate
31051,31,NE,0.0,3,house_and_senate
31053,31,NE,0.4022,3,house_and_senate
31055,31,NE,0.4628,3,house_and_senate
31057,31,NE,0.0,3,house_and_senate
31059,31,NE,0.0,3,house_and_senate
31061,31,NE,0.0,3,house_and_senate
31063,31,NE,0.0,3,house_and_senate
31065,31,NE,0.0,3,house_and_senate
31067,31,NE,0.0,3,house_and_senate
31069,31,NE,0.0,3,house_and_senate
31071,31,NE,0.0,3,house_and_senate
31073,31,NE,0.0,3,house_and_senate
31075,31,NE,0.0,3,house_and_senate
31077,31,NE,0.0,3,house_and_senate
31079,31,NE,0.0,3,house_and_senate
31081,31,NE,0.0,3,house_and_senate
31083,31,NE,0.0,3,house_and_senate
31085,31,NE,0.0,3,house_and_senate
31087,31,NE,0.0,3,house_and_senate
31089,31,NE,0.0,3,house_and_senate
31091,31,NE,0.0,3,house_and_senate
31093,31,NE,0.0,3,house_and_senate
31095,31,NE,0.0,3,house_and_senate
31097,31,NE,0.0,3,house_and_senate
31099,31,NE,0.0,3,house_and_senate
31101,31,NE,0.0,3,house_and_senate
31103,31,NE,0.0,3,house_and_senate
31105,31,NE,0.0,3,house_and_senate
31107,31,NE,0.0,3,house_and_senate
31109,31,NE,0.4334,3,house_and_senate
31111,31,NE,0.0,3,house_and_senate
31113,31,NE,0.0,3,house_and_senate
31115,31,NE,0.0,3,house_and_senate
31117,31,NE,0.0,3,house_and_senate
31119,31,NE,0.4083,3,house_and_senate
31121,31,NE,0.0,3,house_and_senate
31123,31,NE,0.0,3,house_and_senate
31125,31,NE,0.0,3,house_and_senate
31127,31,NE,0.0,3,house_and_senate
31129,31,NE,0.0,3,house_and_senate
31131,31,NE,0.0,3,house_and_senate
31133,31,NE,0.0,3,house_and_senate
31135,31,NE,0.0,3,house_and_senate
31137,31,NE,0.0,3,house_and_senate
31139,31,NE,0.0,3,house_and_senate
31141,31,NE,0.4199,3,house_and_senate
31143,31,NE,0.2483,4,house_and_senate
31145,31,NE,0.0,3,house_and_senate
31147,31,NE,0.0,3,house_and_senate
31149,31,NE,0.0,3,house_and_senate
31151,31,NE,0.0,3,house_and_senate
31153,31,NE,0.4307,4,house_and_senate
31155,31,NE,0.4831,3,house_and_senate
31157,31,NE,0.0,3,house_and_senate
31159,31,NE,0.4081,3,house_and_senate
31161,31,NE,0.0,3,house_and_senate
31163,31,NE,0.0,3,house_and_senate
31165,31,NE,0.0,3,house_and_senate
31167,31,NE,0.3844,3,house_and_senate
31169,31,NE,0.0,3,house_and_senate
31171,31,NE,0.0,3,house_and_senate
31173,31,NE,0.0,3,house_and_senate
31175,31,NE,0.0,3,house_and_senate
31177,31,NE,0.0,3,house_and_senate
31179,31,NE,0.0,3,house_and_senate
31181,31,NE,0.0,3,house_and_senate
31183,31,NE,0.0,3,house_and_senate
31185,31,NE,0.0,3,house_and_senate
32001,32,NV,0.6139,4,house_and_senate
32003,32,NV,1.0,5,house_and_senate
32005,32,NV,0.9151,3,house_and_senate
32007,32,NV,0.3083,3,house_and_senate
32009,32,NV,1.0,3,house_and_senate
32011,32,NV,0.647,3,house_and_senate
32013,32,NV,0.4426,3,house_and_senate
32015,32,NV,0.5811,3,house_and_senate
32017,32,NV,0.9979,4,house_and_senate
32019,32,NV,0.8744,4,house_and_senate
32021,32,NV,1.0,3,house_and_senate
32023,32,NV,1.0,3,house_and_senate
32027,32,NV,0.5591,3,house_and_senate
32029,32,NV,0.9667,3,house_and_senate
32031,32,NV,0.5479,3,house_and_senate
32033,32,NV,0.4628,3,house_and_senate
32510,32,NV,0.9815,3,house_and_senate
33001,33,NH,0.7308,4,house_and_senate
33003,33,NH,0.8215,4,house_and_senate
33005,33,NH,0.6708,3,house_and_senate
33007,33,NH,0.7843,3,house_and_senate
33009,33,NH,0.7782,3,house_and_senate
33011,33,NH,0.7312,4,house_and_senate
33013,33,NH,0.7131,4,house_and_senate
33015,33,NH,0.7913,4,house_and_senate
33017,33,NH,0.7308,3,house_and_senate
33019,33,NH,0.6416,3,house_and_senate
34001,34,NJ,1.0,3,house_and_senate
34003,34,NJ,1.0,4,house_and_senate
34005,34,NJ,1.0,4,house_and_senate
34007,34,NJ,1.0,3,house_and_senate
34009,34,NJ,1.0,3,house_and_senate
34011,34,NJ,1.0,3,house_and_senate
34013,34,NJ,1.0,5,house_and_senate
34015,34,NJ,1.0,4,house_and_senate
34017,34,NJ,1.0,5,house_and_senate
34019,34,NJ,1.0,3,house_and_senate
34021,34,NJ,1.0,4,house_and_senate
34023,34,NJ,1.0,4,house_and_senate
34025,34,NJ,1.0,5,house_and_senate
34027,34,NJ,1.0,4,house_and_senate
34029,34,NJ,1.0,4,house_and_senate
34031,34,NJ,1.0,5,house_and_senate
34033,34,NJ,1.0,3,house_and_senate
34035,34,NJ,1.0,4,house_and_senate
34037,34,NJ,1.0,4,house_and_senate
34039,34,NJ,1.0,6,house_and_senate
34041,34,NJ,1.0,3,house_and_senate
35001,35,NM,0.8803,4,house_and_senate
35003,35,NM,0.3104,3,house_and_senate
35005,35,NM,0.9102,5,house_and_senate
35006,35,NM,0.4071,3,house_and_senate
35007,35,NM,1.0,3,house_and_senate
35009,35,NM,1.0,3,house_and_senate
35011,35,NM,1.0,3,house_and_senate
35013,35,NM,0.4501,3,house_and_senate
35015,35,NM,0.4718,4,house_and_senate
35017,35,NM,0.4403,3,house_and_senate
35019,35,NM,1.0,3,house_and_senate
35021,35,NM,1.0,3,house_and_senate
35023,35,NM,0.4755,3,house_and_senate
35025,35,NM,0.7249,4,house_and_senate
35027,35,NM,1.0,3,house_and_senate
35028,35,NM,1.0,3,house_and_senate
35029,35,NM,0.5125,3,house_and_senate
35031,35,NM,0.9491,4,house_and_senate
35033,35,NM,1.0,3,house_and_senate
35035,35,NM,0.4375,4,house_and_senate
35037,35,NM,1.0,3,house_and_senate
35039,35,NM,1.0,3,house_and_senate
35041,35,NM,1.0,3,house_and_senate
35043,35,NM,1.0,4,house_and_senate
35045,35,NM,1.0,3,house_and_senate
35047,35,NM,1.0,3,house_and_senate
35049,35,NM,1.0,4,house_and_senate
35051,35,NM,0.4271,3,house_and_senate
35053,35,NM,0.3192,3,house_and_senate
35055,35,NM,1.0,3,house_and_senate
35057,35,NM,1.0,3,house_and_senate
35059,35,NM,1.0,3,house_and_senate
35061,35,NM,0.8467,4,house_and_senate
36001,36,NY,1.0,3,house_and_senate
36003,36,NY,0.5834,3,house_and_senate
36005,36,NY,1.0,6,house_and_senate
36007,36,NY,1.0,3,house_and_senate
36009,36,NY,0.568,3,house_and_senate
36011,36,NY,0.5664,4,house_and_senate
36013,36,NY,0.5813,3,house_and_senate
36015,36,NY,0.6679,3,house_and_senate
36017,36,NY,1.0,3,house_and_senate
36019,36,NY,0.3377,3,house_and_senate
36021,36,NY,1.0,3,house_and_senate
36023,36,NY,1.0,3,house_and_senate
36025,36,NY,1.0,3,house_and_senate
36027,36,NY,1.0,4,house_and_senate
36029,36,NY,0.8824,4,house_and_senate
36031,36,NY,0.2277,3,house_and_senate
36033,36,NY,0.2451,3,house_and_senate
36035,36,NY,0.5164,3,house_and_senate
36037,36,NY,0.5885,4,house_and_senate
36039,36,NY,1.0,3,house_and_senate
36041,36,NY,0.2355,3,house_and_senate
36043,36,NY,0.2726,3,house_and_senate
36045,36,NY,0.5094,5,house_and_senate
36047,36,NY,0.9799,6,house_and_senate
36049,36,NY,0.2933,3,house_and_senate
36051,36,NY,0.5718,4,house_and_senate
36053,36,NY,1.0,2,senate_only
36055,36,NY,1.0,3,house_and_senate
36057,36,NY,0.5675,3,house_and_senate
36059,36,NY,0.9927,5,house_and_senate
36061,36,NY,1.0,5,house_and_senate
36063,36,NY,0.944,5,house_and_senate
36065,36,NY,1.0,2,senate_only
36067,36,NY,1.0,2,senate_only
36069,36,NY,0.5706,4,house_and_senate
36071,36,NY,1.0,3,house_and_senate
36073,36,NY,0.9024,5,house_and_senate
36075,36,NY,0.5501,4,house_and_senate
36077,36,NY,0.7119,4,house_and_senate
36079,36,NY,1.0,3,house_and_senate
36081,36,NY,1.0,7,house_and_senate
36083,36,NY,0.55,4,house_and_senate
36085,36,NY,0.5174,3,house_and_senate
36087,36,NY,1.0,3,house_and_senate
36089,36,NY,0.1649,3,house_and_senate
36091,36,NY,1.0,3,house_and_senate
36093,36,NY,1.0,3,house_and_senate
36095,36,NY,0.4597,3,house_and_senate
36097,36,NY,0.6928,3,house_and_senate
36099,36,NY,0.6233,4,house_and_senate
36101,36,NY,0.5645,3,house_and_senate
36103,36,NY,0.5081,4,house_and_senate
36105,36,NY,1.0,3,house_and_senate
36107,36,NY,1.0,3,house_and_senate
36109,36,NY,1.0,3,house_and_senate
36111,36,NY,1.0,4,house_and_senate
36113,36,NY,0.3789,3,house_and_senate
36115,36,NY,0.3889,3,house_and_senate
36117,36,NY,0.5746,4,house_and_senate
36119,36,NY,1.0,4,house_and_senate
36121,36,NY,0.5758,4,house_and_senate
36123,36,NY,0.6193,4,house_and_senate
37001,37,NC,0.912,3,house_and_senate
37003,37,NC,0.0,3,house_and_senate
37005,37,NC,0.0,3,house_and_senate
37007,37,NC,0.0,3,house_and_senate
37009,37,NC,0.0,3,house_and_senate
37011,37,NC,0.0,3,house_and_senate
37013,37,NC,0.0,3,house_and_senate
37015,37,NC,0.8165,3,house_and_senate
37017,37,NC,0.0,3,house_and_senate
37019,37,NC,0.0,3,house_and_senate
37021,37,NC,0.0,3,house_and_senate
37023,37,NC,0.0,3,house_and_senate
37025,37,NC,0.8065,4,house_and_senate
37027,37,NC,0.0,4,house_and_senate
37029,37,NC,0.0,3,house_and_senate
37031,37,NC,0.0,3,house_and_senate
37033,37,NC,0.9248,4,house_and_senate
37035,37,NC,0.0,3,house_and_senate
37037,37,NC,0.0,3,house_and_senate
37039,37,NC,0.0,3,house_and_senate
37041,37,NC,0.5236,3,house_and_senate
37043,37,NC,0.0,3,house_and_senate
37045,37,NC,0.0,3,house_and_senate
37047,37,NC,0.0,3,house_and_senate
37049,37,NC,0.0,3,house_and_senate
37051,37,NC,0.0,4,house_and_senate
37053,37,NC,0.0,3,house_and_senate
37055,37,NC,0.0,3,house_and_senate
37057,37,NC,0.0,3,house_and_senate
37059,37,NC,0.0,3,house_and_senate
37061,37,NC,0.0,3,house_and_senate
37063,37,NC,0.8751,3,house_and_senate
37065,37,NC,0.7629,3,house_and_senate
37067,37,NC,0.3904,4,house_and_senate
37069,37,NC,0.7579,3,house_and_senate
37071,37,NC,0.0,3,house_and_senate
37073,37,NC,0.6844,3,house_and_senate
37075,37,NC,0.0,3,house_and_senate
37077,37,NC,0.9286,3,house_and_senate
37079,37,NC,0.6293,3,house_and_senate
37081,37,NC,0.9494,3,house_and_senate
37083,37,NC,0.8216,3,house_and_senate
37085,37,NC,0.0,4,house_and_senate
37087,37,NC,0.0,3,house_and_senate
37089,37,NC,0.0,3,house_and_senate
37091,37,NC,0.6921,3,house_and_senate
37093,37,NC,0.0,3,house_and_senate
37095,37,NC,0.0,3,house_and_senate
37097,37,NC,0.0,3,house_and_senate
37099,37,NC,0.0,3,house_and_senate
37101,37,NC,0.0,3,house_and_senate
37103,37,NC,0.0,3,house_and_senate
37105,37,NC,0.0,3,house_and_senate
37107,37,NC,0.0,3,house_and_senate
37109,37,NC,0.0,3,house_and_senate
37111,37,NC,0.0,3,house_and_senate
37113,37,NC,0.0,3,house_and_senate
37115,37,NC,0.0,3,house_and_senate
37117,37,NC,0.7439,3,house_and_senate
37119,37,NC,0.9711,3,house_and_senate
37121,37,NC,0.0,3,house_and_senate
37123,37,NC,0.0,3,house_and_senate
37125,37,NC,0.0,3,house_and_senate
37127,37,NC,0.7748,3,house_and_senate
37129,37,NC,0.0,3,house_and_senate
37131,37,NC,0.7736,3,house_and_senate
37133,37,NC,0.0,3,house_and_senate
37135,37,NC,0.9068,3,house_and_senate
37137,37,NC,0.0,3,house_and_senate
37139,37,NC,0.5909,3,house_and_senate
37141,37,NC,0.0,3,house_and_senate
37143,37,NC,0.6114,3,house_and_senate
37145,37,NC,0.9056,3,house_and_senate
37147,37,NC,0.6243,4,house_and_senate
37149,37,NC,0.0,3,house_and_senate
37151,37,NC,0.0,3,house_and_senate
37153,37,NC,0.0,4,house_and_senate
37155,37,NC,0.0,3,house_and_senate
37157,37,NC,0.9426,3,house_and_senate
37159,37,NC,0.0,3,house_and_senate
37161,37,NC,0.0,4,house_and_senate
37163,37,NC,0.0,3,house_and_senate
37165,37,NC,0.0,3,house_and_senate
37167,37,NC,0.0,3,house_and_senate
37169,37,NC,0.0,3,house_and_senate
37171,37,NC,0.0,3,house_and_senate
37173,37,NC,0.0,3,house_and_senate
37175,37,NC,0.0,3,house_and_senate
37177,37,NC,0.7133,3,house_and_senate
37179,37,NC,0.0,3,house_and_senate
37181,37,NC,0.6164,3,house_and_senate
37183,37,NC,0.829,4,house_and_senate
37185,37,NC,0.7321,3,house_and_senate
37187,37,NC,0.6881,3,house_and_senate
37189,37,NC,0.0,3,house_and_senate
37191,37,NC,0.0,4,house_and_senate
37193,37,NC,0.0,3,house_and_senate
37195,37,NC,0.7006,3,house_and_senate
37197,37,NC,0.0,3,house_and_senate
37199,37,NC,0.0,3,house_and_senate
38001,38,ND,0.0,3,house_and_senate
38003,38,ND,0.0,3,house_and_senate
38005,38,ND,0.0,3,house_and_senate
38007,38,ND,0.0,3,house_and_senate
38009,38,ND,0.0,3,house_and_senate
38011,38,ND,0.0,3,house_and_senate
38013,38,ND,0.0,3,house_and_senate
38015,38,ND,0.0,3,house_and_senate
38017,38,ND,0.0,3,house_and_senate
38019,38,ND,0.0,3,house_and_senate
38021,38,ND,0.0,3,house_and_senate
38023,38,ND,0.0,3,house_and_senate
38025,38,ND,0.0,3,house_and_senate
38027,38,ND,0.0,3,house_and_senate
38029,38,ND,0.0,3,house_and_senate
38031,38,ND,0.0,3,house_and_senate
38033,38,ND,0.0,3,house_and_senate
38035,38,ND,0.0,3,house_and_senate
38037,38,ND,0.0,3,house_and_senate
38039,38,ND,0.0,3,house_and_senate
38041,38,ND,0.0,3,house_and_senate
38043,38,ND,0.0,3,house_and_senate
38045,38,ND,0.0,3,house_and_senate
38047,38,ND,0.0,3,house_and_senate
38049,38,ND,0.0,3,house_and_senate
38051,38,ND,0.0,3,house_and_senate
38053,38,ND,0.0,3,house_and_senate
38055,38,ND,0.0,3,house_and_senate
38057,38,ND,0.0,3,house_and_senate
38059,38,ND,0.0,3,house_and_senate
38061,38,ND,0.0,3,house_and_senate
38063,38,ND,0.0,3,house_and_senate
38065,38,ND,0.0,3,house_and_senate
38067,38,ND,0.0,3,house_and_senate
38069,38,ND,0.0,3,house_and_senate
38071,38,ND,0.0,3,house_and_senate
38073,38,ND,0.0,3,house_and_senate
38075,38,ND,0.0,3,house_and_senate
38077,38,ND,0.0,3,house_and_senate
38079,38,ND,0.0,3,house_and_senate
38081,38,ND,0.0,3,house_and_senate
38083,38,ND,0.0,3,house_and_senate
38085,38,ND,0.0,3,house_and_senate
38087,38,ND,0.0,3,house_and_senate
38089,38,ND,0.0,3,house_and_senate
38091,38,ND,0.0,3,house_and_senate
38093,38,ND,0.0,3,house_and_senate
38095,38,ND,0.0,3,house_and_senate
38097,38,ND,0.0,3,house_and_senate
38099,38,ND,0.0,3,house_and_senate
38101,38,ND,0.0,3,house_and_senate
38103,38,ND,0.0,3,house_and_senate
38105,38,ND,0.0,3,house_and_senate
39001,39,OH,0.1116,3,house_and_senate
39003,39,OH,0.108,3,house_and_senate
39005,39,OH,0.1039,3,house_and_senate
39007,39,OH,0.5,3,house_and_senate
39009,39,OH,0.1006,3,house_and_senate
39011,39,OH,0.1082,3,house_and_senate
39013,39,OH,0.5,3,house_and_senate
39015,39,OH,0.1276,3,house_and_senate
39017,39,OH,0.0402,3,house_and_senate
39019,39,OH,0.5,3,house_and_senate
39021,39,OH,0.1027,3,house_and_senate
39023,39,OH,0.2956,4,house_and_senate
39025,39,OH,0.1352,3,house_and_senate
39027,39,OH,0.1455,3,house_and_senate
39029,39,OH,0.5,3,house_and_senate
39031,39,OH,0.0918,3,house_and_senate
39033,39,OH,0.1191,3,house_and_senate
39035,39,OH,0.8388,4,house_and_senate
39037,39,OH,0.0319,3,house_and_senate
39039,39,OH,0.9375,3,house_and_senate
39041,39,OH,0.1035,4,house_and_senate
39043,39,OH,0.9051,3,house_and_senate
39045,39,OH,0.1005,3,house_and_senate
39047,39,OH,0.484,4,house_and_senate
39049,39,OH,0.9215,4,house_and_senate
39051,39,OH,0.9366,3,house_and_senate
39053,39,OH,0.1323,3,house_and_senate
39055,39,OH,0.5,3,house_and_senate
39057,39,OH,0.0258,3,house_and_senate
39059,39,OH,0.0977,3,house_and_senate
39061,39,OH,0.0242,4,house_and_senate
39063,39,OH,0.0956,3,house_and_senate
39065,39,OH,0.0954,3,house_and_senate
39067,39,OH,0.5,3,house_and_senate
39069,39,OH,0.116,3,house_and_senate
39071,39,OH,0.1164,3,house_and_senate
39073,39,OH,0.1424,3,house_and_senate
39075,39,OH,0.072,4,house_and_senate
39077,39,OH,0.1017,3,house_and_senate
39079,39,OH,0.1427,3,house_and_senate
39081,39,OH,0.5,3,house_and_senate
39083,39,OH,0.0972,3,house_and_senate
39085,39,OH,0.5,3,house_and_senate
39087,39,OH,0.1351,3,house_and_senate
39089,39,OH,0.0784,3,house_and_senate
39091,39,OH,0.0974,3,house_and_senate
39093,39,OH,0.102,3,house_and_senate
39095,39,OH,0.9262,3,house_and_senate
39097,39,OH,0.5,3,house_and_senate
39099,39,OH,0.5,3,house_and_senate
39101,39,OH,0.1077,3,house_and_senate
39103,39,OH,0.0332,3,house_and_senate
39105,39,OH,0.1403,3,house_and_senate
39107,39,OH,0.1068,3,house_and_senate
39109,39,OH,0.3842,4,house_and_senate
39111,39,OH,0.5,3,house_and_senate
39113,39,OH,0.0233,3,house_and_senate
39115,39,OH,0.1167,3,house_and_senate
39117,39,OH,0.1073,3,house_and_senate
39119,39,OH,0.0801,3,house_and_senate
39121,39,OH,0.5,3,house_and_senate
39123,39,OH,0.9062,3,house_and_senate
39125,39,OH,0.1159,3,house_and_senate
39127,39,OH,0.1186,3,house_and_senate
39129,39,OH,0.1254,3,house_and_senate
39131,39,OH,0.138,3,house_and_senate
39133,39,OH,0.5161,4,house_and_senate
39135,39,OH,0.0438,3,house_and_senate
39137,39,OH,0.1033,3,house_and_senate
39139,39,OH,0.0915,3,house_and_senate
39141,39,OH,0.0979,3,house_and_senate
39143,39,OH,0.937,3,house_and_senate
39145,39,OH,0.1079,3,house_and_senate
39147,39,OH,0.0928,3,house_and_senate
39149,39,OH,0.3743,4,house_and_senate
39151,39,OH,0.8831,4,house_and_senate
39153,39,OH,0.9834,3,house_and_senate
39155,39,OH,0.5,3,house_and_senate
39157,39,OH,0.2785,4,house_and_senate
39159,39,OH,0.1022,3,house_and_senate
39161,39,OH,0.1175,3,house_and_senate
39163,39,OH,0.1446,3,house_and_senate
39165,39,OH,0.0165,3,house_and_senate
39167,39,OH,0.5,3,house_and_senate
39169,39,OH,0.0257,3,house_and_senate
39171,39,OH,0.9387,3,house_and_senate
39173,39,OH,0.3167,4,house_and_senate
39175,39,OH,0.1165,4,house_and_senate
40001,40,OK,0.0,3,house_and_senate
40003,40,OK,0.0,3,house_and_senate
40005,40,OK,0.0,3,house_and_senate
40007,40,OK,0.0,3,house_and_senate
40009,40,OK,0.0,3,house_and_senate
40011,40,OK,0.0,3,house_and_senate
40013,40,OK,0.0,3,house_and_senate
40015,40,OK,0.0,3,house_and_senate
40017,40,OK,0.0,4,house_and_senate
40019,40,OK,0.0,3,house_and_senate
40021,40,OK,0.0,3,house_and_senate
40023,40,OK,0.0,3,house_and_senate
40025,40,OK,0.0,3,house_and_senate
40027,40,OK,0.0,3,house_and_senate
40029,40,OK,0.0,3,house_and_senate
40031,40,OK,0.0,3,house_and_senate
40033,40,OK,0.0,3,house_and_senate
40035,40,OK,0.0,3,house_and_senate
40037,40,OK,0.0,4,house_and_senate
40039,40,OK,0.0,3,house_and_senate
40041,40,OK,0.0,3,house_and_senate
40043,40,OK,0.0,3,house_and_senate
40045,40,OK,0.0,3,house_and_senate
40047,40,OK,0.0,3,house_and_senate
40049,40,OK,0.0,3,house_and_senate
40051,40,OK,0.0,3,house_and_senate
40053,40,OK,0.0,3,house_and_senate
40055,40,OK,0.0,3,house_and_senate
40057,40,OK,0.0,3,house_and_senate
40059,40,OK,0.0,3,house_and_senate
40061,40,OK,0.0,3,house_and_senate
40063,40,OK,0.0,3,house_and_senate
40065,40,OK,0.0,3,house_and_senate
40067,40,OK,0.0,3,house_and_senate
40069,40,OK,0.0,3,house_and_senate
40071,40,OK,0.0,3,house_and_senate
40073,40,OK,0.0,3,house_and_senate
40075,40,OK,0.0,3,house_and_senate
40077,40,OK,0.0,3,house_and_senate
40079,40,OK,0.0,3,house_and_senate
40081,40,OK,0.0,3,house_and_senate
40083,40,OK,0.0,4,house_and_senate
40085,40,OK,0.0,3,house_and_senate
40087,40,OK,0.0,3,house_and_senate
40089,40,OK,0.0,3,house_and_senate
40091,40,OK,0.0,3,house_and_senate
40093,40,OK,0.0,3,house_and_senate
40095,40,OK,0.0,3,house_and_senate
40097,40,OK,0.0,3,house_and_senate
40099,40,OK,0.0,3,house_and_senate
40101,40,OK,0.0,3,house_and_senate
40103,40,OK,0.0,3,house_and_senate
40105,40,OK,0.0,3,house_and_senate
40107,40,OK,0.0,3,house_and_senate
40109,40,OK,0.0,5,house_and_senate
40111,40,OK,0.0,3,house_and_senate
40113,40,OK,0.0,3,house_and_senate
40115,40,OK,0.0,3,house_and_senate
40117,40,OK,0.0,3,house_and_senate
40119,40,OK,0.0,3,house_and_senate
40121,40,OK,0.0,3,house_and_senate
40123,40,OK,0.0,3,house_and_senate
40125,40,OK,0.0,3,house_and_senate
40127,40,OK,0.0,3,house_and_senate
40129,40,OK,0.0,3,house_and_senate
40131,40,OK,0.0,4,house_and_senate
40133,40,OK,0.0,3,house_and_senate
40135,40,OK,0.0,3,house_and_senate
40137,40,OK,0.0,3,house_and_senate
40139,40,OK,0.0,3,house_and_senate
40141,40,OK,0.0,3,house_and_senate
40143,40,OK,0.0,3,house_and_senate
40145,40,OK,0.0,4,house_and_senate
40147,40,OK,0.0,3,house_and_senate
40149,40,OK,0.0,3,house_and_senate
40151,40,OK,0.0,3,house_and_senate
40153,40,OK,0.0,3,house_and_senate
41001,41,OR,0.5665,3,house_and_senate
41003,41,OR,1.0,4,house_and_senate
41005,41,OR,0.9995,5,house_and_senate
41007,41,OR,1.0,3,house_and_senate
41009,41,OR,1.0,3,house_and_senate
41011,41,OR,1.0,3,house_and_senate
41013,41,OR,0.5737,3,house_and_senate
41015,41,OR,1.0,4,house_and_senate
41017,41,OR,0.9133,4,house_and_senate
41019,41,OR,0.859,4,house_and_senate
41021,41,OR,0.7689,3,house_and_senate
41023,41,OR,0.4696,3,house_and_senate
41025,41,OR,0.2834,3,house_and_senate
41027,41,OR,1.0,3,house_and_senate
41029,41,OR,0.5902,3,house_and_senate
41031,41,OR,0.7043,4,house_and_senate
41033,41,OR,0.7098,3,house_and_senate
41035,41,OR,0.4025,3,house_and_senate
41037,41,OR,0.33,3,house_and_senate
41039,41,OR,1.0,3,house_and_senate
41041,41,OR,1.0,3,house_and_senate
41043,41,OR,1.0,4,house_and_senate
41045,41,OR,0.2885,3,house_and_senate
41047,41,OR,0.9996,4,house_and_senate
41049,41,OR,0.6638,3,house_and_senate
41051,41,OR,1.0,5,house_and_senate
41053,41,OR,1.0,3,house_and_senate
41055,41,OR,0.8296,3,house_and_senate
41057,41,OR,1.0,3,house_and_senate
41059,41,OR,0.5549,3,house_and_senate
41061,41,OR,0.6631,3,house_and_senate
41063,41,OR,0.5603,3,house_and_senate
41065,41,OR,0.6274,3,house_and_senate
41067,41,OR,1.0,3,house_and_senate
41069,41,OR,0.7003,3,house_and_senate
41071,41,OR,1.0,2,senate_only
42001,42,PA,0.134,3,house_and_senate
42003,42,PA,0.4473,4,house_and_senate
42005,42,PA,0.1862,3,house_and_senate
42007,42,PA,0.9711,3,house_and_senate
42009,42,PA,0.079,3,house_and_senate
42011,42,PA,0.9136,5,house_and_senate
42013,42,PA,0.1328,3,house_and_senate
42015,42,PA,0.0682,3,house_and_senate
42017,42,PA,0.9833,3,house_and_senate
42019,42,PA,0.0634,3,house_and_senate
42021,42,PA,0.1082,3,house_and_senate
42023,42,PA,0.2472,3,house_and_senate
42025,42,PA,0.9581,3,house_and_senate
42027,42,PA,0.1295,3,house_and_senate
42029,42,PA,0.9823,4,house_and_senate
42031,42,PA,0.196,3,house_and_senate
42033,42,PA,0.1264,3,house_and_senate
42035,42,PA,0.1519,3,house_and_senate
42037,42,PA,0.1364,3,house_and_senate
42039,42,PA,0.0509,3,house_and_senate
42041,42,PA,0.0414,4,house_and_senate
42043,42,PA,0.0333,3,house_and_senate
42045,42,PA,0.9821,3,house_and_senate
42047,42,PA,0.1596,3,house_and_senate
42049,42,PA,0.0628,3,house_and_senate
42051,42,PA,0.5,3,house_and_senate
42053,42,PA,0.2378,3,house_and_senate
42055,42,PA,0.0987,3,house_and_senate
42057,42,PA,0.1513,3,house_and_senate
42059,42,PA,0.5,3,house_and_senate
42061,42,PA,0.0892,3,house_and_senate
42063,42,PA,0.4546,4,house_and_senate
42065,42,PA,0.1863,3,house_and_senate
42067,42,PA,0.1634,3,house_and_senate
42069,42,PA,0.9237,3,house_and_senate
42071,42,PA,0.0227,3,house_and_senate
42073,42,PA,0.1214,3,house_and_senate
42075,42,PA,0.1669,3,house_and_senate
42077,42,PA,0.9542,3,house_and_senate
42079,42,PA,0.7141,4,house_and_senate
42081,42,PA,0.0967,4,house_and_senate
42083,42,PA,0.1417,3,house_and_senate
42085,42,PA,0.0728,3,house_and_senate
42087,42,PA,0.158,3,house_and_senate
42089,42,PA,0.9476,4,house_and_senate
42091,42,PA,0.981,5,house_and_senate
42093,42,PA,0.291,3,house_and_senate
42095,42,PA,0.9569,3,house_and_senate
42097,42,PA,0.1419,3,house_and_senate
42099,42,PA,0.1281,3,house_and_senate
42101,42,PA,0.9929,5,house_and_senate
42103,42,PA,0.9341,3,house_and_senate
42105,42,PA,0.1319,3,house_and_senate
42107,42,PA,0.0944,3,house_and_senate
42109,42,PA,0.2705,3,house_and_senate
42111,42,PA,0.4945,4,house_and_senate
42113,42,PA,0.1436,3,house_and_senate
42115,42,PA,0.0902,3,house_and_senate
42117,42,PA,0.1274,3,house_and_senate
42119,42,PA,0.2754,3,house_and_senate
42121,42,PA,0.124,4,house_and_senate
42123,42,PA,0.1524,3,house_and_senate
42125,42,PA,0.5,3,house_and_senate
42127,42,PA,0.9489,3,house_and_senate
42129,42,PA,0.185,4,house_and_senate
42131,42,PA,0.1566,3,house_and_senate
42133,42,PA,0.022,4,house_and_senate
44001,44,RI,1.0,3,house_and_senate
44003,44,RI,1.0,3,house_and_senate
44005,44,RI,1.0,3,house_and_senate
44007,44,RI,1.0,4,house_and_senate
44009,44,RI,1.0,3,house_and_senate
45001,45,SC,0.0,3,house_and_senate
45003,45,SC,0.0,3,house_and_senate
45005,45,SC,0.5754,3,house_and_senate
45007,45,SC,0.0,3,house_and_senate
45009,45,SC,0.5664,3,house_and_senate
45011,45,SC,0.0,3,house_and_senate
45013,45,SC,0.0,3,house_and_senate
45015,45,SC,0.0,3,house_and_senate
45017,45,SC,0.5586,3,house_and_senate
45019,45,SC,0.143,4,house_and_senate
45021,45,SC,0.0,3,house_and_senate
45023,45,SC,0.0,3,house_and_senate
45025,45,SC,0.0,3,house_and_senate
45027,45,SC,0.6685,3,house_and_senate
45029,45,SC,0.5234,4,house_and_senate
45031,45,SC,0.0,3,house_and_senate
45033,45,SC,0.0,3,house_and_senate
45035,45,SC,0.4406,4,house_and_senate
45037,45,SC,0.0,3,house_and_senate
45039,45,SC,0.0,3,house_and_senate
45041,45,SC,0.0564,4,house_and_senate
45043,45,SC,0.0,3,house_and_senate
45045,45,SC,0.0,4,house_and_senate
45047,45,SC,0.0,3,house_and_senate
45049,45,SC,0.6503,3,house_and_senate
45051,45,SC,0.0,3,house_and_senate
45053,45,SC,0.6443,4,house_and_senate
45055,45,SC,0.0,3,house_and_senate
45057,45,SC,0.0,3,house_and_senate
45059,45,SC,0.0,3,house_and_senate
45061,45,SC,0.0,3,house_and_senate
45063,45,SC,0.0,3,house_and_senate
45065,45,SC,0.0,3,house_and_senate
45067,45,SC,0.0,3,house_and_senate
45069,45,SC,0.0,3,house_and_senate
45071,45,SC,0.0,3,house_and_senate
45073,45,SC,0.0,3,house_and_senate
45075,45,SC,0.3375,4,house_and_senate
45077,45,SC,0.0,3,house_and_senate
45079,45,SC,0.275,4,house_and_senate
45081,45,SC,0.0,3,house_and_senate
45083,45,SC,0.0,4,house_and_senate
45085,45,SC,0.1887,4,house_and_senate
45087,45,SC,0.0,3,house_and_senate
45089,45,SC,0.7562,3,house_and_senate
45091,45,SC,0.0,3,house_and_senate
46003,46,SD,0.0,3,house_and_senate
46005,46,SD,0.0,3,house_and_senate
46007,46,SD,0.0,3,house_and_senate
46009,46,SD,0.0,3,house_and_senate
46011,46,SD,0.0,3,house_and_senate
46013,46,SD,0.0,3,house_and_senate
46015,46,SD,0.0,3,house_and_senate
46017,46,SD,0.0,3,house_and_senate
46019,46,SD,0.0,3,house_and_senate
46021,46,SD,0.0,3,house_and_senate
46023,46,SD,0.0,3,house_and_senate
46025,46,SD,0.0,3,house_and_senate
46027,46,SD,0.0,3,house_and_senate
46029,46,SD,0.0,3,house_and_senate
46031,46,SD,0.0,3,house_and_senate
46033,46,SD,0.0,3,house_and_senate
46035,46,SD,0.0,3,house_and_senate
46037,46,SD,0.0,3,house_and_senate
46039,46,SD,0.0,3,house_and_senate
46041,46,SD,0.0,3,house_and_senate
46043,46,SD,0.0,3,house_and_senate
46045,46,SD,0.0,3,house_and_senate
46047,46,SD,0.0,3,house_and_senate
46049,46,SD,0.0,3,house_and_senate
46051,46,SD,0.0,3,house_and_senate
46053,46,SD,0.0,3,house_and_senate
46055,46,SD,0.0,3,house_and_senate
46057,46,SD,0.0,3,house_and_senate
46059,46,SD,0.0,3,house_and_senate
46061,46,SD,0.0,3,house_and_senate
46063,46,SD,0.0,3,house_and_senate
46065,46,SD,0.0,3,house_and_senate
46067,46,SD,0.0,3,house_and_senate
46069,46,SD,0.0,3,house_and_senate
46071,46,SD,0.0,3,house_and_senate
46073,46,SD,0.0,3,house_and_senate
46075,46,SD,0.0,3,house_and_senate
46077,46,SD,0.0,3,house_and_senate
46079,46,SD,0.0,3,house_and_senate
46081,46,SD,0.0,3,house_and_senate
46083,46,SD,0.0,3,house_and_senate
46085,46,SD,0.0,3,house_and_senate
46087,46,SD,0.0,3,house_and_senate
46089,46,SD,0.0,3,house_and_senate
46091,46,SD,0.0,3,house_and_senate
46093,46,SD,0.0,3,house_and_senate
46095,46,SD,0.0,3,house_and_senate
46097,46,SD,0.0,3,house_and_senate
46099,46,SD,0.0,3,house_and_senate
46101,46,SD,0.0,3,house_and_senate
46102,46,SD,0.0,3,house_and_senate
46103,46,SD,0.0,3,house_and_senate
46105,46,SD,0.0,3,house_and_senate
46107,46,SD,0.0,3,house_and_senate
46109,46,SD,0.0,3,house_and_senate
46111,46,SD,0.0,3,house_and_senate
46115,46,SD,0.0,3,house_and_senate
46117,46,SD,0.0,3,house_and_senate
46119,46,SD,0.0,3,house_and_senate
46121,46,SD,0.0,3,house_and_senate
46123,46,SD,0.0,3,house_and_senate
46125,46,SD,0.0,3,house_and_senate
46127,46,SD,0.0,3,house_and_senate
46129,46,SD,0.0,3,house_and_senate
46135,46,SD,0.0,3,house_and_senate
46137,46,SD,0.0,3,house_and_senate
47001,47,TN,0.0,3,house_and_senate
47003,47,TN,0.0,3,house_and_senate
47005,47,TN,0.0,4,house_and_senate
47007,47,TN,0.0,3,house_and_senate
47009,47,TN,0.0,3,house_and_senate
47011,47,TN,0.0,3,house_and_senate
47013,47,TN,0.0,4,house_and_senate
47015,47,TN,0.0,3,house_and_senate
47017,47,TN,0.0,3,house_and_senate
47019,47,TN,0.0,3,house_and_senate
47021,47,TN,0.0,3,house_and_senate
47023,47,TN,0.0,3,house_and_senate
47025,47,TN,0.0,3,house_and_senate
47027,47,TN,0.0,3,house_and_senate
47029,47,TN,0.0,3,house_and_senate
47031,47,TN,0.0,3,house_and_senate
47033,47,TN,0.0,3,house_and_senate
47035,47,TN,0.0,3,house_and_senate
47037,47,TN,0.5465,5,house_and_senate
47039,47,TN,0.0,3,house_and_senate
47041,47,TN,0.0,3,house_and_senate
47043,47,TN,0.0,3,house_and_senate
47045,47,TN,0.0,3,house_and_senate
47047,47,TN,0.0,3,house_and_senate
47049,47,TN,0.0,3,house_and_senate
47051,47,TN,0.0,3,house_and_senate
47053,47,TN,0.0,3,house_and_senate
47055,47,TN,0.0,3,house_and_senate
47057,47,TN,0.0,3,house_and_senate
47059,47,TN,0.0,3,house_and_senate
47061,47,TN,0.0,3,house_and_senate
47063,47,TN,0.0,3,house_and_senate
47065,47,TN,0.0,3,house_and_senate
47067,47,TN,0.0,3,house_and_senate
47069,47,TN,0.0,3,house_and_senate
47071,47,TN,0.0,3,house_and_senate
47073,47,TN,0.0,3,house_and_senate
47075,47,TN,0.0,3,house_and_senate
47077,47,TN,0.0,3,house_and_senate
47079,47,TN,0.0,3,house_and_senate
47081,47,TN,0.0,3,house_and_senate
47083,47,TN,0.0,3,house_and_senate
47085,47,TN,0.0,3,house_and_senate
47087,47,TN,0.0,3,house_and_senate
47089,47,TN,0.0,4,house_and_senate
47091,47,TN,0.0,3,house_and_senate
47093,47,TN,0.0,3,house_and_senate
47095,47,TN,0.0,3,house_and_senate
47097,47,TN,0.0,3,house_and_senate
47099,47,TN,0.0,3,house_and_senate
47101,47,TN,0.8668,3,house_and_senate
47103,47,TN,0.0,3,house_and_senate
47105,47,TN,0.0,3,house_and_senate
47107,47,TN,0.0,3,house_and_senate
47109,47,TN,0.0,3,house_and_senate
47111,47,TN,0.0,3,house_and_senate
47113,47,TN,0.0,3,house_and_senate
47115,47,TN,0.0,3,house_and_senate
47117,47,TN,0.8965,3,house_and_senate
47119,47,TN,0.934,3,house_and_senate
47121,47,TN,0.0,3,house_and_senate
47123,47,TN,0.0,3,house_and_senate
47125,47,TN,0.0,3,house_and_senate
47127,47,TN,0.0,3,house_and_senate
47129,47,TN,0.0,3,house_and_senate
47131,47,TN,0.0,3,house_and_senate
47133,47,TN,0.0,3,house_and_senate
47135,47,TN,0.0,3,house_and_senate
47137,47,TN,0.0,3,house_and_senate
47139,47,TN,0.0,3,house_and_senate
47141,47,TN,0.0,3,house_and_senate
47143,47,TN,0.0,3,house_and_senate
47145,47,TN,0.0,3,house_and_senate
47147,47,TN,0.0,3,house_and_senate
47149,47,TN,0.0,3,house_and_senate
47151,47,TN,0.0,4,house_and_senate
47153,47,TN,0.0,3,house_and_senate
47155,47,TN,0.0,3,house_and_senate
47157,47,TN,0.9355,4,house_and_senate
47159,47,TN,0.0,3,house_and_senate
47161,47,TN,0.0,3,house_and_senate
47163,47,TN,0.0,3,house_and_senate
47165,47,TN,0.0,3,house_and_senate
47167,47,TN,0.8827,4,house_and_senate
47169,47,TN,0.0,3,house_and_senate
47171,47,TN,0.0,3,house_and_senate
47173,47,TN,0.0,3,house_and_senate
47175,47,TN,0.0,3,house_and_senate
47177,47,TN,0.0,4,house_and_senate
47179,47,TN,0.0,3,house_and_senate
47181,47,TN,0.0,3,house_and_senate
47183,47,TN,0.0,3,house_and_senate
47185,47,TN,0.0,3,house_and_senate
47187,47,TN,0.6918,4,house_and_senate
47189,47,TN,0.675,4,house_and_senate
48001,48,TX,0.0,2,senate_only
48003,48,TX,0.0,3,house_and_senate
48005,48,TX,0.0,3,house_and_senate
48007,48,TX,0.0,3,house_and_senate
48009,48,TX,0.0,3,house_and_senate
48011,48,TX,0.0,3,house_and_senate
48013,48,TX,0.4658,3,house_and_senate
48015,48,TX,0.0,3,house_and_senate
48017,48,TX,0.0,3,house_and_senate
48019,48,TX,0.0,3,house_and_senate
48021,48,TX,0.0,4,house_and_senate
48023,48,TX,0.0,3,house_and_senate
48025,48,TX,0.0,3,house_and_senate
48027,48,TX,0.0,4,house_and_senate
48029,48,TX,0.9539,6,house_and_senate
48031,48,TX,0.0,3,house_and_senate
48033,48,TX,0.0,3,house_and_senate
48035,48,TX,0.0,3,house_and_senate
48037,48,TX,0.0,4,house_and_senate
48039,48,TX,0.2111,5,house_and_senate
48041,48,TX,0.0,3,house_and_senate
48043,48,TX,0.4652,3,house_and_senate
48045,48,TX,0.0,3,house_and_senate
48047,48,TX,0.0,2,senate_only
48049,48,TX,0.0,3,house_and_senate
48051,48,TX,0.0,3,house_and_senate
48053,48,TX,0.0,3,house_and_senate
48055,48,TX,0.0,3,house_and_senate
48057,48,TX,0.0,3,house_and_senate
48059,48,TX,0.0,4,house_and_senate
48061,48,TX,0.9821,4,house_and_senate
48063,48,TX,0.0,3,house_and_senate
48065,48,TX,0.0,3,house_and_senate
48067,48,TX,0.0,3,house_and_senate
48069,48,TX,0.0,3,house_and_senate
48071,48,TX,0.0,4,house_and_senate
48073,48,TX,0.0,2,senate_only
48075,48,TX,0.0,3,house_and_senate
48077,48,TX,0.0,3,house_and_senate
48079,48,TX,0.0,3,house_and_senate
48081,48,TX,0.0,3,house_and_senate
48083,48,TX,0.0,3,house_and_senate
48085,48,TX,0.2057,5,house_and_senate
48087,48,TX,0.0,3,house_and_senate
48089,48,TX,0.0,3,house_and_senate
48091,48,TX,0.0,3,house_and_senate
48093,48,TX,0.0,3,house_and_senate
48095,48,TX,0.0,3,house_and_senate
48097,48,TX,0.0,3,house_and_senate
48099,48,TX,0.0,3,house_and_senate
48101,48,TX,0.0,3,house_and_senate
48103,48,TX,0.3145,3,house_and_senate
48105,48,TX,0.4292,3,house_and_senate
48107,48,TX,0.0,3,house_and_senate
48109,48,TX,0.4459,3,house_and_senate
48111,48,TX,0.0,3,house_and_senate
48113,48,TX,0.8513,7,house_and_senate
48115,48,TX,0.0,3,house_and_senate
48117,48,TX,0.0,3,house_and_senate
48119,48,TX,0.0,3,house_and_senate
48121,48,TX,0.0749,6,house_and_senate
48123,48,TX,0.0,3,house_and_senate
48125,48,TX,0.0,3,house_and_senate
48127,48,TX,0.3708,3,house_and_senate
48129,48,TX,0.0,3,house_and_senate
48131,48,TX,0.4763,3,house_and_senate
48133,48,TX,0.0,3,house_and_senate
48135,48,TX,0.0,3,house_and_senate
48137,48,TX,0.4103,3,house_and_senate
48139,48,TX,0.0,2,senate_only
48141,48,TX,0.9865,4,house_and_senate
48143,48,TX,0.0,3,house_and_senate
48145,48,TX,0.0,3,house_and_senate
48147,48,TX,0.0,3,house_and_senate
48149,48,TX,0.0,3,house_and_senate
48151,48,TX,0.0,3,house_and_senate
48153,48,TX,0.0,3,house_and_senate
48155,48,TX,0.0,3,house_and_senate
48157,48,TX,0.7562,5,house_and_senate
48159,48,TX,0.0,3,house_and_senate
48161,48,TX,0.0,3,house_and_senate
48163,48,TX,0.355,3,house_and_senate
48165,48,TX,0.0,3,house_and_senate
48167,48,TX,0.0,3,house_and_senate
48169,48,TX,0.0,3,house_and_senate
48171,48,TX,0.0,3,house_and_senate
48173,48,TX,0.0,3,house_and_senate
48175,48,TX,0.0,3,house_and_senate
48177,48,TX,0.0,3,house_and_senate
48179,48,TX,0.0,3,house_and_senate
48181,48,TX,0.0,3,house_and_senate
48183,48,TX,0.0,3,house_and_senate
48185,48,TX,0.0,3,house_and_senate
48187,48,TX,0.3149,3,house_and_senate
48189,48,TX,0.0,3,house_and_senate
48191,48,TX,0.0,3,house_and_senate
48193,48,TX,0.0,3,house_and_senate
48195,48,TX,0.0,3,house_and_senate
48197,48,TX,0.0,3,house_and_senate
48199,48,TX,0.0,3,house_and_senate
48201,48,TX,0.8451,10,house_and_senate
48203,48,TX,0.0,3,house_and_senate
48205,48,TX,0.0,3,house_and_senate
48207,48,TX,0.0,3,house_and_senate
48209,48,TX,0.0,3,house_and_senate
48211,48,TX,0.0,3,house_and_senate
48213,48,TX,0.0,3,house_and_senate
48215,48,TX,0.9486,4,house_and_senate
48217,48,TX,0.0,2,senate_only
48219,48,TX,0.0,3,house_and_senate
48221,48,TX,0.0,3,house_and_senate
48223,48,TX,0.0,3,house_and_senate
48225,48,TX,0.0,3,house_and_senate
48227,48,TX,0.0,3,house_and_senate
48229,48,TX,0.454,3,house_and_senate
48231,48,TX,0.0,4,house_and_senate
48233,48,TX,0.0,3,house_and_senate
48235,48,TX,0.0,3,house_and_senate
48237,48,TX,0.0,3,house_and_senate
48239,48,TX,0.0,3,house_and_senate
48241,48,TX,0.0,3,house_and_senate
48243,48,TX,0.4151,3,house_and_senate
48245,48,TX,0.0,4,house_and_senate
48247,48,TX,0.4635,3,house_and_senate
48249,48,TX,0.0,2,senate_only
48251,48,TX,0.0,3,house_and_senate
48253,48,TX,0.0,3,house_and_senate
48255,48,TX,0.0,2,senate_only
48257,48,TX,0.0,3,house_and_senate
48259,48,TX,0.0,3,house_and_senate
48261,48,TX,0.989,4,house_and_senate
48263,48,TX,0.0,3,house_and_senate
48265,48,TX,0.0,3,house_and_senate
48267,48,TX,0.0,3,house_and_senate
48269,48,TX,0.0,3,house_and_senate
48271,48,TX,0.3731,3,house_and_senate
48273,48,TX,0.9819,4,house_and_senate
48275,48,TX,0.0,3,house_and_senate
48277,48,TX,0.0,3,house_and_senate
48279,48,TX,0.0,3,house_and_senate
48281,48,TX,0.0,3,house_and_senate
48283,48,TX,0.3813,3,house_and_senate
48285,48,TX,0.0,3,house_and_senate
48287,48,TX,0.0,3,house_and_senate
48289,48,TX,0.0,3,house_and_senate
48291,48,TX,0.0,3,house_and_senate
48293,48,TX,0.0,3,house_and_senate
48295,48,TX,0.0,3,house_and_senate
48297,48,TX,0.0,2,senate_only
48299,48,TX,0.0,3,house_and_senate
48301,48,TX,0.2955,3,house_and_senate
48303,48,TX,0.0,3,house_and_senate
48305,48,TX,0.0,3,house_and_senate
48307,48,TX,0.0,3,house_and_senate
48309,48,TX,0.0,3,house_and_senate
48311,48,TX,0.4636,3,house_and_senate
48313,48,TX,0.0,3,house_and_senate
48315,48,TX,0.0,3,house_and_senate
48317,48,TX,0.0,3,house_and_senate
48319,48,TX,0.0,3,house_and_senate
48321,48,TX,0.0,3,house_and_senate
48323,48,TX,0.3672,3,house_and_senate
48325,48,TX,0.3706,3,house_and_senate
48327,48,TX,0.0,3,house_and_senate
48329,48,TX,0.0,3,house_and_senate
48331,48,TX,0.0,3,house_and_senate
48333,48,TX,0.0,3,house_and_senate
48335,48,TX,0.0,3,house_and_senate
48337,48,TX,0.0,3,house_and_senate
48339,48,TX,0.0,4,house_and_senate
48341,48,TX,0.0,3,house_and_senate
48343,48,TX,0.0,3,house_and_senate
48345,48,TX,0.0,3,house_and_senate
48347,48,TX,0.0,3,house_and_senate
48349,48,TX,0.0,2,senate_only
48351,48,TX,0.0,3,house_and_senate
48353,48,TX,0.0,3,house_and_senate
48355,48,TX,0.0,3,house_and_senate
48357,48,TX,0.0,3,house_and_senate
48359,48,TX,0.0,3,house_and_senate
48361,48,TX,0.0,3,house_and_senate
48363,48,TX,0.0,3,house_and_senate
48365,48,TX,0.0,3,house_and_senate
48367,48,TX,0.0,4,house_and_senate
48369,48,TX,0.0,3,house_and_senate
48371,48,TX,0.4557,3,house_and_senate
48373,48,TX,0.0,3,house_and_senate
48375,48,TX,0.0,3,house_and_senate
48377,48,TX,0.4464,3,house_and_senate
48379,48,TX,0.0,3,house_and_senate
48381,48,TX,0.0,3,house_and_senate
48383,48,TX,0.3587,3,house_and_senate
48385,48,TX,0.0,3,house_and_senate
48387,48,TX,0.0,4,house_and_senate
48389,48,TX,0.4253,3,house_and_senate
48391,48,TX,0.0,3,house_and_senate
48393,48,TX,0.0,3,house_and_senate
48395,48,TX,0.0,3,house_and_senate
48397,48,TX,0.0,3,house_and_senate
48399,48,TX,0.0,3,house_and_senate
48401,48,TX,0.0,3,house_and_senate
48403,48,TX,0.0,3,house_and_senate
48405,48,TX,0.0,3,house_and_senate
48407,48,TX,0.0,3,house_and_senate
48409,48,TX,0.0,3,house_and_senate
48411,48,TX,0.0,3,house_and_senate
48413,48,TX,0.3695,3,house_and_senate
48415,48,TX,0.0,3,house_and_senate
48417,48,TX,0.0,3,house_and_senate
48419,48,TX,0.0,3,house_and_senate
48421,48,TX,0.0,3,house_and_senate
48423,48,TX,0.0,3,house_and_senate
48425,48,TX,0.0,3,house_and_senate
48427,48,TX,0.4659,3,house_and_senate
48429,48,TX,0.0,3,house_and_senate
48431,48,TX,0.0,3,house_and_senate
48433,48,TX,0.0,3,house_and_senate
48435,48,TX,0.3793,3,house_and_senate
48437,48,TX,0.0,3,house_and_senate
48439,48,TX,0.3518,8,house_and_senate
48441,48,TX,0.0,3,house_and_senate
48443,48,TX,0.4179,3,house_and_senate
48445,48,TX,0.0,3,house_and_senate
48447,48,TX,0.0,3,house_and_senate
48449,48,TX,0.0,3,house_and_senate
48451,48,TX,0.0,3,house_and_senate
48453,48,TX,0.9275,6,house_and_senate
48455,48,TX,0.0,3,house_and_senate
48457,48,TX,0.0,3,house_and_senate
48459,48,TX,0.0,4,house_and_senate
48461,48,TX,0.3642,3,house_and_senate
48463,48,TX,0.3851,3,house_and_senate
48465,48,TX,0.4358,3,house_and_senate
48467,48,TX,0.0,3,house_and_senate
48469,48,TX,0.0,3,house_and_senate
48471,48,TX,0.0,4,house_and_senate
48473,48,TX,0.0,3,house_and_senate
48475,48,TX,0.3218,3,house_and_senate
48477,48,TX,0.0,3,house_and_senate
48479,48,TX,0.487,3,house_and_senate
48481,48,TX,0.0,3,house_and_senate
48483,48,TX,0.0,3,house_and_senate
48485,48,TX,0.0,3,house_and_senate
48487,48,TX,0.0,3,house_and_senate
48489,48,TX,0.9733,4,house_and_senate
48491,48,TX,0.2813,6,house_and_senate
48493,48,TX,0.0,2,senate_only
48495,48,TX,0.3225,3,house_and_senate
48497,48,TX,0.0,4,house_and_senate
48499,48,TX,0.0,3,house_and_senate
48501,48,TX,0.0,3,house_and_senate
48503,48,TX,0.0,3,house_and_senate
48505,48,TX,0.4589,3,house_and_senate
48507,48,TX,0.3685,3,house_and_senate
49001,49,UT,0.0,3,house_and_senate
49003,49,UT,0.0,3,house_and_senate
49005,49,UT,0.0,3,house_and_senate
49007,49,UT,0.0,3,house_and_senate
49009,49,UT,0.0,3,house_and_senate
49011,49,UT,0.0,4,house_and_senate
49013,49,UT,0.0,3,house_and_senate
49015,49,UT,0.0,3,house_and_senate
49017,49,UT,0.0,3,house_and_senate
49019,49,UT,0.0,3,house_and_senate
49021,49,UT,0.0,3,house_and_senate
49023,49,UT,0.0,4,house_and_senate
49025,49,UT,0.0,3,house_and_senate
49027,49,UT,0.0,3,house_and_senate
49029,49,UT,0.0,3,house_and_senate
49031,49,UT,0.0,3,house_and_senate
49033,49,UT,0.0,3,house_and_senate
49035,49,UT,0.0,6,house_and_senate
49037,49,UT,0.0,3,house_and_senate
49039,49,UT,0.0,3,house_and_senate
49041,49,UT,0.0,3,house_and_senate
49043,49,UT,0.0,4,house_and_senate
49045,49,UT,0.0,3,house_and_senate
49047,49,UT,0.0,3,house_and_senate
49049,49,UT,0.0,4,house_and_senate
49051,49,UT,0.0,3,house_and_senate
49053,49,UT,0.0,3,house_and_senate
49055,49,UT,0.0,3,house_and_senate
49057,49,UT,0.0,3,house_and_senate
50001,50,VT,1.0,3,house_and_senate
50003,50,VT,1.0,3,house_and_senate
50005,50,VT,1.0,3,house_and_senate
50007,50,VT,1.0,3,house_and_senate
50009,50,VT,1.0,3,house_and_senate
50011,50,VT,1.0,3,house_and_senate
50013,50,VT,1.0,3,house_and_senate
50015,50,VT,1.0,3,house_and_senate
50017,50,VT,1.0,3,house_and_senate
50019,50,VT,1.0,3,house_and_senate
50021,50,VT,1.0,3,house_and_senate
50023,50,VT,1.0,3,house_and_senate
50025,50,VT,1.0,3,house_and_senate
50027,50,VT,1.0,3,house_and_senate
51001,51,VA,1.0,3,house_and_senate
51003,51,VA,0.1987,4,house_and_senate
51005,51,VA,0.1742,3,house_and_senate
51007,51,VA,0.286,3,house_and_senate
51009,51,VA,0.2309,3,house_and_senate
51011,51,VA,0.2986,3,house_and_senate
51013,51,VA,1.0,3,house_and_senate
51015,51,VA,0.0888,3,house_and_senate
51017,51,VA,0.1511,3,house_and_senate
51019,51,VA,0.1649,4,house_and_senate
51021,51,VA,0.2975,3,house_and_senate
51023,51,VA,0.1482,3,house_and_senate
51025,51,VA,1.0,3,house_and_senate
51027,51,VA,0.2315,3,house_and_senate
51029,51,VA,0.1971,3,house_and_senate
51031,51,VA,0.2205,3,house_and_senate
51033,51,VA,1.0,3,house_and_senate
51035,51,VA,0.2418,3,house_and_senate
51036,51,VA,1.0,3,house_and_senate
51037,51,VA,0.2304,3,house_and_senate
51041,51,VA,0.5101,4,house_and_senate
51043,51,VA,0.3487,3,house_and_senate
51045,51,VA,0.3158,3,house_and_senate
51047,51,VA,1.0,3,house_and_senate
51049,51,VA,0.3236,3,house_and_senate
51051,51,VA,0.3143,3,house_and_senate
51053,51,VA,1.0,3,house_and_senate
51057,51,VA,0.1508,3,house_and_senate
51059,51,VA,1.0,5,house_and_senate
51061,51,VA,1.0,3,house_and_senate
51063,51,VA,0.2845,3,house_and_senate
51065,51,VA,0.3314,3,house_and_senate
51067,51,VA,0.1798,3,house_and_senate
51069,51,VA,0.1857,3,house_and_senate
51071,51,VA,0.2977,3,house_and_senate
51073,51,VA,0.1734,3,house_and_senate
51075,51,VA,0.3354,3,house_and_senate
51077,51,VA,0.2553,3,house_and_senate
51079,51,VA,1.0,3,house_and_senate
51081,51,VA,1.0,3,house_and_senate
51083,51,VA,0.1482,3,house_and_senate
51085,51,VA,0.127,4,house_and_senate
51087,51,VA,0.7248,4,house_and_senate
51089,51,VA,0.2837,3,house_and_senate
51091,51,VA,0.1849,3,house_and_senate
51093,51,VA,1.0,3,house_and_senate
51095,51,VA,0.2431,3,house_and_senate
51097,51,VA,0.1266,3,house_and_senate
51099,51,VA,1.0,3,house_and_senate
51101,51,VA,0.143,3,house_and_senate
51103,51,VA,0.2553,3,house_and_senate
51105,51,VA,0.2581,3,house_and_senate
51107,51,VA,1.0,3,house_and_senate
51109,51,VA,0.2233,3,house_and_senate
51111,51,VA,0.2479,3,house_and_senate
51113,51,VA,1.0,3,house_and_senate
51115,51,VA,0.3472,3,house_and_senate
51117,51,VA,0.1854,3,house_and_senate
51119,51,VA,0.2596,3,house_and_senate
51121,51,VA,0.2813,3,house_and_senate
51125,51,VA,0.2321,3,house_and_senate
51127,51,VA,0.1787,3,house_and_senate
51131,51,VA,1.0,3,house_and_senate
51133,51,VA,0.1927,3,house_and_senate
51135,51,VA,0.3116,3,house_and_senate
51137,51,VA,1.0,3,house_and_senate
51139,51,VA,0.233,3,house_and_senate
51141,51,VA,0.2387,3,house_and_senate
51143,51,VA,0.1281,3,house_and_senate
51145,51,VA,0.3536,3,house_and_senate
51147,51,VA,0.2891,3,house_and_senate
51149,51,VA,1.0,3,house_and_senate
51153,51,VA,1.0,4,house_and_senate
51155,51,VA,0.3213,3,house_and_senate
51157,51,VA,1.0,3,house_and_senate
51159,51,VA,0.1927,3,house_and_senate
51161,51,VA,0.3018,4,house_and_senate
51163,51,VA,0.1364,3,house_and_senate
51165,51,VA,0.0998,3,house_and_senate
51167,51,VA,0.2423,3,house_and_senate
51169,51,VA,0.2203,3,house_and_senate
51171,51,VA,0.1564,3,house_and_senate
51173,51,VA,0.2512,3,house_and_senate
51175,51,VA,1.0,4,house_and_senate
51177,51,VA,1.0,3,house_and_senate
51179,51,VA,1.0,3,house_and_senate
51181,51,VA,1.0,3,house_and_senate
51183,51,VA,1.0,3,house_and_senate
51185,51,VA,0.2259,3,house_and_senate
51187,51,VA,0.3051,3,house_and_senate
51191,51,VA,0.2125,3,house_and_senate
51193,51,VA,0.1662,3,house_and_senate
51195,51,VA,0.2729,3,house_and_senate
51197,51,VA,0.2469,3,house_and_senate
51199,51,VA,0.3038,3,house_and_senate
51510,51,VA,1.0,3,house_and_senate
51520,51,VA,0.9217,3,house_and_senate
51530,51,VA,0.936,3,house_and_senate
51540,51,VA,0.9328,3,house_and_senate
51550,51,VA,1.0,4,house_and_senate
51570,51,VA,1.0,3,house_and_senate
51580,51,VA,0.9451,3,house_and_senate
51590,51,VA,0.7688,3,house_and_senate
51595,51,VA,1.0,3,house_and_senate
51600,51,VA,1.0,3,house_and_senate
51610,51,VA,1.0,3,house_and_senate
51620,51,VA,1.0,3,house_and_senate
51630,51,VA,1.0,3,house_and_senate
51640,51,VA,0.9484,3,house_and_senate
51650,51,VA,1.0,3,house_and_senate
51660,51,VA,0.8445,3,house_and_senate
51670,51,VA,1.0,3,house_and_senate
51678,51,VA,0.9742,3,house_and_senate
51680,51,VA,0.744,3,house_and_senate
51683,51,VA,1.0,3,house_and_senate
51685,51,VA,1.0,3,house_and_senate
51690,51,VA,0.9325,3,house_and_senate
51700,51,VA,1.0,3,house_and_senate
51710,51,VA,1.0,3,house_and_senate
51720,51,VA,0.953,3,house_and_senate
51730,51,VA,1.0,3,house_and_senate
51735,51,VA,0.7485,3,house_and_senate
51740,51,VA,1.0,3,house_and_senate
51750,51,VA,0.9399,3,house_and_senate
51760,51,VA,1.0,3,house_and_senate
51770,51,VA,0.689,3,house_and_senate
51775,51,VA,0.8665,3,house_and_senate
51790,51,VA,0.8254,3,house_and_senate
51800,51,VA,1.0,3,house_and_senate
51810,51,VA,1.0,3,house_and_senate
51820,51,VA,0.8629,3,house_and_senate
51830,51,VA,0.8364,3,house_and_senate
51840,51,VA,0.9111,3,house_and_senate
53001,53,WA,0.3563,4,house_and_senate
53003,53,WA,0.6014,3,house_and_senate
53005,53,WA,0.6752,3,house_and_senate
53007,53,WA,1.0,3,house_and_senate
53009,53,WA,1.0,3,house_and_senate
53011,53,WA,0.3736,3,house_and_senate
53013,53,WA,0.5249,3,house_and_senate
53015,53,WA,0.2473,3,house_and_senate
53017,53,WA,0.6678,4,house_and_senate
53019,53,WA,0.3034,3,house_and_senate
53021,53,WA,0.4634,4,house_and_senate
53023,53,WA,0.5745,3,house_and_senate
53025,53,WA,0.6275,3,house_and_senate
53027,53,WA,1.0,3,house_and_senate
53029,53,WA,1.0,3,house_and_senate
53031,53,WA,1.0,3,house_and_senate
53033,53,WA,1.0,6,house_and_senate
53035,53,WA,1.0,3,house_and_senate
53037,53,WA,1.0,3,house_and_senate
53039,53,WA,0.6644,3,house_and_senate
53041,53,WA,0.135,3,house_and_senate
53043,53,WA,0.2934,3,house_and_senate
53045,53,WA,1.0,3,house_and_senate
53047,53,WA,0.5742,3,house_and_senate
53049,53,WA,0.2865,3,house_and_senate
53051,53,WA,0.4066,3,house_and_senate
53053,53,WA,1.0,5,house_and_senate
53055,53,WA,1.0,3,house_and_senate
53057,53,WA,1.0,3,house_and_senate
53059,53,WA,0.1844,3,house_and_senate
53061,53,WA,1.0,5,house_and_senate
53063,53,WA,0.3523,3,house_and_senate
53065,53,WA,0.2792,3,house_and_senate
53067,53,WA,0.9457,4,house_and_senate
53069,53,WA,0.5878,3,house_and_senate
53071,53,WA,0.4304,3,house_and_senate
53073,53,WA,1.0,3,house_and_senate
53075,53,WA,0.3077,3,house_and_senate
53077,53,WA,0.588,3,house_and_senate
54001,54,WV,0.1271,3,house_and_senate
54003,54,WV,0.1309,3,house_and_senate
54005,54,WV,0.25,4,house_and_senate
54007,54,WV,0.25,4,house_and_senate
54009,54,WV,0.1995,3,house_and_senate
54011,54,WV,0.25,4,house_and_senate
54013,54,WV,0.25,4,house_and_senate
54015,54,WV,0.25,4,house_and_senate
54017,54,WV,0.1311,3,house_and_senate
54019,54,WV,0.25,4,house_and_senate
54021,54,WV,0.25,4,house_and_senate
54023,54,WV,0.1062,3,house_and_senate
54025,54,WV,0.25,4,house_and_senate
54027,54,WV,0.0888,3,house_and_senate
54029,54,WV,0.2026,3,house_and_senate
54031,54,WV,0.0943,3,house_and_senate
54033,54,WV,0.1147,3,house_and_senate
54035,54,WV,0.25,4,house_and_senate
54037,54,WV,0.1569,3,house_and_senate
54039,54,WV,0.25,4,house_and_senate
54041,54,WV,0.1192,3,house_and_senate
54043,54,WV,0.25,4,house_and_senate
54045,54,WV,0.25,4,house_and_senate
54047,54,WV,0.25,4,house_and_senate
54049,54,WV,0.1333,3,house_and_senate
54051,54,WV,0.134,3,house_and_senate
54053,54,WV,0.25,4,house_and_senate
54055,54,WV,0.25,4,house_and_senate
54057,54,WV,0.1296,3,house_and_senate
54059,54,WV,0.25,4,house_and_senate
54061,54,WV,0.1237,3,house_and_senate
54063,54,WV,0.25,4,house_and_senate
54065,54,WV,0.1516,3,house_and_senate
54067,54,WV,0.25,4,house_and_senate
54069,54,WV,0.1923,3,house_and_senate
54071,54,WV,0.25,4,house_and_senate
54073,54,WV,0.1826,3,house_and_senate
54075,54,WV,0.25,4,house_and_senate
54077,54,WV,0.0881,3,house_and_senate
54079,54,WV,0.25,4,house_and_senate
54081,54,WV,0.25,4,house_and_senate
54083,54,WV,0.0633,3,house_and_senate
54085,54,WV,0.1096,3,house_and_senate
54087,54,WV,0.25,4,house_and_senate
54089,54,WV,0.25,4,house_and_senate
54091,54,WV,0.1678,3,house_and_senate
54093,54,WV,0.1143,3,house_and_senate
54095,54,WV,0.1448,3,house_and_senate
54097,54,WV,0.1247,3,house_and_senate
54099,54,WV,0.25,4,house_and_senate
54101,54,WV,0.25,4,house_and_senate
54103,54,WV,0.1241,3,house_and_senate
54105,54,WV,0.25,4,house_and_senate
54107,54,WV,0.1226,3,house_and_senate
54109,54,WV,0.25,4,house_and_senate
55001,55,WI,0.8372,3,house_and_senate
55003,55,WI,0.1903,3,house_and_senate
55005,55,WI,0.2133,3,house_and_senate
55007,55,WI,0.1514,3,house_and_senate
55009,55,WI,0.1297,3,house_and_senate
55011,55,WI,0.8421,3,house_and_senate
55013,55,WI,0.2193,3,house_and_senate
55015,55,WI,0.176,4,house_and_senate
55017,55,WI,0.407,4,house_and_senate
55019,55,WI,0.1733,3,house_and_senate
55021,55,WI,0.0772,3,house_and_senate
55023,55,WI,0.8233,3,house_and_senate
55025,55,WI,0.9546,3,house_and_senate
55027,55,WI,0.0396,4,house_and_senate
55029,55,WI,0.139,3,house_and_senate
55031,55,WI,0.1649,3,house_and_senate
55033,55,WI,0.8658,3,house_and_senate
55035,55,WI,0.8358,3,house_and_senate
55037,55,WI,0.284,3,house_and_senate
55039,55,WI,0.0813,3,house_and_senate
55041,55,WI,0.1938,3,house_and_senate
55043,55,WI,0.8931,3,house_and_senate
55045,55,WI,0.9151,3,house_and_senate
55047,55,WI,0.1428,3,house_and_senate
55049,55,WI,0.9323,3,house_and_senate
55051,55,WI,0.2292,3,house_and_senate
55053,55,WI,0.729,4,house_and_senate
55055,55,WI,0.0483,3,house_and_senate
55057,55,WI,0.6461,4,house_and_senate
55059,55,WI,0.5,3,house_and_senate
55061,55,WI,0.1757,3,house_and_senate
55063,55,WI,0.7958,3,house_and_senate
55065,55,WI,0.9207,3,house_and_senate
55067,55,WI,0.2122,3,house_and_senate
55069,55,WI,0.2111,3,house_and_senate
55071,55,WI,0.0958,3,house_and_senate
55073,55,WI,0.1468,3,house_and_senate
55075,55,WI,0.0585,3,house_and_senate
55077,55,WI,0.1173,3,house_and_senate
55078,55,WI,0.1708,3,house_and_senate
55079,55,WI,0.9547,5,house_and_senate
55081,55,WI,0.8072,4,house_and_senate
55083,55,WI,0.0784,3,house_and_senate
55085,55,WI,0.1828,3,house_and_senate
55087,55,WI,0.1127,3,house_and_senate
55089,55,WI,0.1874,3,house_and_senate
55091,55,WI,0.7133,3,house_and_senate
55093,55,WI,0.824,3,house_and_senate
55095,55,WI,0.2062,3,house_and_senate
55097,55,WI,0.8599,3,house_and_senate
55099,55,WI,0.1693,3,house_and_senate
55101,55,WI,0.5,3,house_and_senate
55103,55,WI,0.8264,3,house_and_senate
55105,55,WI,0.6386,4,house_and_senate
55107,55,WI,0.2063,3,house_and_senate
55109,55,WI,0.2353,3,house_and_senate
55111,55,WI,0.9328,4,house_and_senate
55113,55,WI,0.169,3,house_and_senate
55115,55,WI,0.086,3,house_and_senate
55117,55,WI,0.1073,3,house_and_senate
55119,55,WI,0.1985,3,house_and_senate
55121,55,WI,0.8508,3,house_and_senate
55123,55,WI,0.8587,3,house_and_senate
55125,55,WI,0.214,3,house_and_senate
55127,55,WI,0.4794,4,house_and_senate
55129,55,WI,0.223,3,house_and_senate
55131,55,WI,0.0607,3,house_and_senate
55133,55,WI,0.0489,3,house_and_senate
55135,55,WI,0.0994,3,house_and_senate
55137,55,WI,0.0912,3,house_and_senate
55139,55,WI,0.1241,4,house_and_senate
55141,55,WI,0.5711,4,house_and_senate
56001,56,WY,0.0,3,house_and_senate
56003,56,WY,0.0,3,house_and_senate
56005,56,WY,0.0,3,house_and_senate
56007,56,WY,0.0,3,house_and_senate
56009,56,WY,0.0,3,house_and_senate
56011,56,WY,0.0,3,house_and_senate
56013,56,WY,0.0,3,house_and_senate
56015,56,WY,0.0,3,house_and_senate
56017,56,WY,0.0,3,house_and_senate
56019,56,WY,0.0,3,house_and_senate
56021,56,WY,0.0,3,house_and_senate
56023,56,WY,0.0,3,house_and_senate
56025,56,WY,0.0,3,house_and_senate
56027,56,WY,0.0,3,house_and_senate
56029,56,WY,0.0,3,house_and_senate
56031,56,WY,0.0,3,house_and_senate
56033,56,WY,0.0,3,house_and_senate
56035,56,WY,0.0,3,house_and_senate
56037,56,WY,0.0,3,house_and_senate
56039,56,WY,0.0,3,house_and_senate
56041,56,WY,0.0,3,house_and_senate
56043,56,WY,0.0,3,house_and_senate
56045,56,WY,0.0,3,house_and_senate
