fips,county_name,state,state_p2_score,state_legislator_count,state_bills_found,coverage_type
01003,,AL,0.3233,147,0,cfscore_plus_imputed
01053,,AL,0.3233,147,0,cfscore_plus_imputed
01097,,AL,0.3233,147,0,cfscore_plus_imputed
01099,,AL,0.3233,147,0,cfscore_plus_imputed
01129,,AL,0.3233,147,0,cfscore_plus_imputed
01001,,AL,0.3233,147,0,cfscore_plus_imputed
01005,,AL,0.3233,147,0,cfscore_plus_imputed
01011,,AL,0.3233,147,0,cfscore_plus_imputed
01013,,AL,0.3233,147,0,cfscore_plus_imputed
01031,,AL,0.3233,147,0,cfscore_plus_imputed
01035,,AL,0.3233,147,0,cfscore_plus_imputed
01039,,AL,0.3233,147,0,cfscore_plus_imputed
01041,,AL,0.3233,147,0,cfscore_plus_imputed
01045,,AL,0.3233,147,0,cfscore_plus_imputed
01051,,AL,0.3233,147,0,cfscore_plus_imputed
01061,,AL,0.3233,147,0,cfscore_plus_imputed
01067,,AL,0.3233,147,0,cfscore_plus_imputed
01069,,AL,0.3233,147,0,cfscore_plus_imputed
01101,,AL,0.3233,147,0,cfscore_plus_imputed
01109,,AL,0.3233,147,0,cfscore_plus_imputed
01015,,AL,0.3233,147,0,cfscore_plus_imputed
01017,,AL,0.3233,147,0,cfscore_plus_imputed
01019,,AL,0.3233,147,0,cfscore_plus_imputed
01021,,AL,0.3233,147,0,cfscore_plus_imputed
01027,,AL,0.3233,147,0,cfscore_plus_imputed
01029,,AL,0.3233,147,0,cfscore_plus_imputed
01037,,AL,0.3233,147,0,cfscore_plus_imputed
01081,,AL,0.3233,147,0,cfscore_plus_imputed
01087,,AL,0.3233,147,0,cfscore_plus_imputed
01111,,AL,0.3233,147,0,cfscore_plus_imputed
01113,,AL,0.3233,147,0,cfscore_plus_imputed
01115,,AL,0.3233,147,0,cfscore_plus_imputed
01121,,AL,0.3233,147,0,cfscore_plus_imputed
01123,,AL,0.3233,147,0,cfscore_plus_imputed
01033,,AL,0.3233,147,0,cfscore_plus_imputed
01043,,AL,0.3233,147,0,cfscore_plus_imputed
01049,,AL,0.3233,147,0,cfscore_plus_imputed
01055,,AL,0.3233,147,0,cfscore_plus_imputed
01057,,AL,0.3233,147,0,cfscore_plus_imputed
01059,,AL,0.3233,147,0,cfscore_plus_imputed
01075,,AL,0.3233,147,0,cfscore_plus_imputed
01077,,AL,0.3233,147,0,cfscore_plus_imputed
01079,,AL,0.3233,147,0,cfscore_plus_imputed
01093,,AL,0.3233,147,0,cfscore_plus_imputed
01095,,AL,0.3233,147,0,cfscore_plus_imputed
01125,,AL,0.3233,147,0,cfscore_plus_imputed
01127,,AL,0.3233,147,0,cfscore_plus_imputed
01133,,AL,0.3233,147,0,cfscore_plus_imputed
01071,,AL,0.3233,147,0,cfscore_plus_imputed
01083,,AL,0.3233,147,0,cfscore_plus_imputed
01089,,AL,0.3233,147,0,cfscore_plus_imputed
01103,,AL,0.3233,147,0,cfscore_plus_imputed
01007,,AL,0.3233,147,0,cfscore_plus_imputed
01009,,AL,0.3233,147,0,cfscore_plus_imputed
01073,,AL,0.3233,147,0,cfscore_plus_imputed
01117,,AL,0.3233,147,0,cfscore_plus_imputed
01023,,AL,0.3233,147,0,cfscore_plus_imputed
01025,,AL,0.3233,147,0,cfscore_plus_imputed
01047,,AL,0.3233,147,0,cfscore_plus_imputed
01063,,AL,0.3233,147,0,cfscore_plus_imputed
01065,,AL,0.3233,147,0,cfscore_plus_imputed
01085,,AL,0.3233,147,0,cfscore_plus_imputed
01091,,AL,0.3233,147,0,cfscore_plus_imputed
01105,,AL,0.3233,147,0,cfscore_plus_imputed
01107,,AL,0.3233,147,0,cfscore_plus_imputed
01119,,AL,0.3233,147,0,cfscore_plus_imputed
01131,,AL,0.3233,147,0,cfscore_plus_imputed
02013,,AK,0.4346,63,0,cfscore_plus_imputed
02016,,AK,0.4346,63,0,cfscore_plus_imputed
02020,,AK,0.4346,63,0,cfscore_plus_imputed
02050,,AK,0.4346,63,0,cfscore_plus_imputed
02060,,AK,0.4346,63,0,cfscore_plus_imputed
02063,,AK,0.4346,63,0,cfscore_plus_imputed
02066,,AK,0.4346,63,0,cfscore_plus_imputed
02068,,AK,0.4346,63,0,cfscore_plus_imputed
02070,,AK,0.4346,63,0,cfscore_plus_imputed
02090,,AK,0.4346,63,0,cfscore_plus_imputed
02100,,AK,0.4346,63,0,cfscore_plus_imputed
02105,,AK,0.4346,63,0,cfscore_plus_imputed
02110,,AK,0.4346,63,0,cfscore_plus_imputed
02122,,AK,0.4346,63,0,cfscore_plus_imputed
02130,,AK,0.4346,63,0,cfscore_plus_imputed
02150,,AK,0.4346,63,0,cfscore_plus_imputed
02158,,AK,0.4346,63,0,cfscore_plus_imputed
02164,,AK,0.4346,63,0,cfscore_plus_imputed
02170,,AK,0.4346,63,0,cfscore_plus_imputed
02180,,AK,0.4346,63,0,cfscore_plus_imputed
02185,,AK,0.4346,63,0,cfscore_plus_imputed
02188,,AK,0.4346,63,0,cfscore_plus_imputed
02195,,AK,0.4346,63,0,cfscore_plus_imputed
02198,,AK,0.4346,63,0,cfscore_plus_imputed
02220,,AK,0.4346,63,0,cfscore_plus_imputed
02230,,AK,0.4346,63,0,cfscore_plus_imputed
02240,,AK,0.4346,63,0,cfscore_plus_imputed
02275,,AK,0.4346,63,0,cfscore_plus_imputed
02282,,AK,0.4346,63,0,cfscore_plus_imputed
02290,,AK,0.4346,63,0,cfscore_plus_imputed
04013,,AZ,0.4444,93,0,cfscore_plus_imputed
04001,,AZ,0.4444,93,0,cfscore_plus_imputed
04005,,AZ,0.4444,93,0,cfscore_plus_imputed
04007,,AZ,0.4444,93,0,cfscore_plus_imputed
04009,,AZ,0.4444,93,0,cfscore_plus_imputed
04015,,AZ,0.4444,93,0,cfscore_plus_imputed
04017,,AZ,0.4444,93,0,cfscore_plus_imputed
04021,,AZ,0.4444,93,0,cfscore_plus_imputed
04025,,AZ,0.4444,93,0,cfscore_plus_imputed
04003,,AZ,0.4444,93,0,cfscore_plus_imputed
04011,,AZ,0.4444,93,0,cfscore_plus_imputed
04019,,AZ,0.4444,93,0,cfscore_plus_imputed
04023,,AZ,0.4444,93,0,cfscore_plus_imputed
04027,,AZ,0.4444,93,0,cfscore_plus_imputed
04012,,AZ,0.4444,93,0,cfscore_plus_imputed
05001,,AR,0.3164,142,0,cfscore_plus_imputed
05005,,AR,0.3164,142,0,cfscore_plus_imputed
05009,,AR,0.3164,142,0,cfscore_plus_imputed
05017,,AR,0.3164,142,0,cfscore_plus_imputed
05021,,AR,0.3164,142,0,cfscore_plus_imputed
05031,,AR,0.3164,142,0,cfscore_plus_imputed
05035,,AR,0.3164,142,0,cfscore_plus_imputed
05037,,AR,0.3164,142,0,cfscore_plus_imputed
05041,,AR,0.3164,142,0,cfscore_plus_imputed
05049,,AR,0.3164,142,0,cfscore_plus_imputed
05055,,AR,0.3164,142,0,cfscore_plus_imputed
05063,,AR,0.3164,142,0,cfscore_plus_imputed
05065,,AR,0.3164,142,0,cfscore_plus_imputed
05067,,AR,0.3164,142,0,cfscore_plus_imputed
05075,,AR,0.3164,142,0,cfscore_plus_imputed
05077,,AR,0.3164,142,0,cfscore_plus_imputed
05079,,AR,0.3164,142,0,cfscore_plus_imputed
05085,,AR,0.3164,142,0,cfscore_plus_imputed
05089,,AR,0.3164,142,0,cfscore_plus_imputed
05093,,AR,0.3164,142,0,cfscore_plus_imputed
05095,,AR,0.3164,142,0,cfscore_plus_imputed
05107,,AR,0.3164,142,0,cfscore_plus_imputed
05111,,AR,0.3164,142,0,cfscore_plus_imputed
05117,,AR,0.3164,142,0,cfscore_plus_imputed
05119,,AR,0.3164,142,0,cfscore_plus_imputed
05121,,AR,0.3164,142,0,cfscore_plus_imputed
05123,,AR,0.3164,142,0,cfscore_plus_imputed
05129,,AR,0.3164,142,0,cfscore_plus_imputed
05135,,AR,0.3164,142,0,cfscore_plus_imputed
05137,,AR,0.3164,142,0,cfscore_plus_imputed
05147,,AR,0.3164,142,0,cfscore_plus_imputed
05023,,AR,0.3164,142,0,cfscore_plus_imputed
05029,,AR,0.3164,142,0,cfscore_plus_imputed
05045,,AR,0.3164,142,0,cfscore_plus_imputed
05105,,AR,0.3164,142,0,cfscore_plus_imputed
05125,,AR,0.3164,142,0,cfscore_plus_imputed
05141,,AR,0.3164,142,0,cfscore_plus_imputed
05145,,AR,0.3164,142,0,cfscore_plus_imputed
05007,,AR,0.3164,142,0,cfscore_plus_imputed
05015,,AR,0.3164,142,0,cfscore_plus_imputed
05033,,AR,0.3164,142,0,cfscore_plus_imputed
05087,,AR,0.3164,142,0,cfscore_plus_imputed
05131,,AR,0.3164,142,0,cfscore_plus_imputed
05143,,AR,0.3164,142,0,cfscore_plus_imputed
05003,,AR,0.3164,142,0,cfscore_plus_imputed
05011,,AR,0.3164,142,0,cfscore_plus_imputed
05013,,AR,0.3164,142,0,cfscore_plus_imputed
05019,,AR,0.3164,142,0,cfscore_plus_imputed
05025,,AR,0.3164,142,0,cfscore_plus_imputed
05027,,AR,0.3164,142,0,cfscore_plus_imputed
05039,,AR,0.3164,142,0,cfscore_plus_imputed
05043,,AR,0.3164,142,0,cfscore_plus_imputed
05047,,AR,0.3164,142,0,cfscore_plus_imputed
05051,,AR,0.3164,142,0,cfscore_plus_imputed
05053,,AR,0.3164,142,0,cfscore_plus_imputed
05057,,AR,0.3164,142,0,cfscore_plus_imputed
05059,,AR,0.3164,142,0,cfscore_plus_imputed
05061,,AR,0.3164,142,0,cfscore_plus_imputed
05069,,AR,0.3164,142,0,cfscore_plus_imputed
05071,,AR,0.3164,142,0,cfscore_plus_imputed
05073,,AR,0.3164,142,0,cfscore_plus_imputed
05081,,AR,0.3164,142,0,cfscore_plus_imputed
05083,,AR,0.3164,142,0,cfscore_plus_imputed
05091,,AR,0.3164,142,0,cfscore_plus_imputed
05097,,AR,0.3164,142,0,cfscore_plus_imputed
05099,,AR,0.3164,142,0,cfscore_plus_imputed
05101,,AR,0.3164,142,0,cfscore_plus_imputed
05103,,AR,0.3164,142,0,cfscore_plus_imputed
05109,,AR,0.3164,142,0,cfscore_plus_imputed
05113,,AR,0.3164,142,0,cfscore_plus_imputed
05115,,AR,0.3164,142,0,cfscore_plus_imputed
05127,,AR,0.3164,142,0,cfscore_plus_imputed
05133,,AR,0.3164,142,0,cfscore_plus_imputed
05139,,AR,0.3164,142,0,cfscore_plus_imputed
05149,,AR,0.3164,142,0,cfscore_plus_imputed
06007,,CA,0.5968,123,0,cfscore_plus_imputed
06011,,CA,0.5968,123,0,cfscore_plus_imputed
06021,,CA,0.5968,123,0,cfscore_plus_imputed
06035,,CA,0.5968,123,0,cfscore_plus_imputed
06049,,CA,0.5968,123,0,cfscore_plus_imputed
06089,,CA,0.5968,123,0,cfscore_plus_imputed
06093,,CA,0.5968,123,0,cfscore_plus_imputed
06101,,CA,0.5968,123,0,cfscore_plus_imputed
06103,,CA,0.5968,123,0,cfscore_plus_imputed
06115,,CA,0.5968,123,0,cfscore_plus_imputed
06015,,CA,0.5968,123,0,cfscore_plus_imputed
06023,,CA,0.5968,123,0,cfscore_plus_imputed
06041,,CA,0.5968,123,0,cfscore_plus_imputed
06045,,CA,0.5968,123,0,cfscore_plus_imputed
06075,,CA,0.5968,123,0,cfscore_plus_imputed
06097,,CA,0.5968,123,0,cfscore_plus_imputed
06105,,CA,0.5968,123,0,cfscore_plus_imputed
06003,,CA,0.5968,123,0,cfscore_plus_imputed
06017,,CA,0.5968,123,0,cfscore_plus_imputed
06027,,CA,0.5968,123,0,cfscore_plus_imputed
06051,,CA,0.5968,123,0,cfscore_plus_imputed
06057,,CA,0.5968,123,0,cfscore_plus_imputed
06061,,CA,0.5968,123,0,cfscore_plus_imputed
06063,,CA,0.5968,123,0,cfscore_plus_imputed
06067,,CA,0.5968,123,0,cfscore_plus_imputed
06091,,CA,0.5968,123,0,cfscore_plus_imputed
06033,,CA,0.5968,123,0,cfscore_plus_imputed
06055,,CA,0.5968,123,0,cfscore_plus_imputed
06095,,CA,0.5968,123,0,cfscore_plus_imputed
06113,,CA,0.5968,123,0,cfscore_plus_imputed
06005,,CA,0.5968,123,0,cfscore_plus_imputed
06009,,CA,0.5968,123,0,cfscore_plus_imputed
06019,,CA,0.5968,123,0,cfscore_plus_imputed
06039,,CA,0.5968,123,0,cfscore_plus_imputed
06043,,CA,0.5968,123,0,cfscore_plus_imputed
06099,,CA,0.5968,123,0,cfscore_plus_imputed
06109,,CA,0.5968,123,0,cfscore_plus_imputed
06013,,CA,0.5968,123,0,cfscore_plus_imputed
06077,,CA,0.5968,123,0,cfscore_plus_imputed
06001,,CA,0.5968,123,0,cfscore_plus_imputed
06047,,CA,0.5968,123,0,cfscore_plus_imputed
06081,,CA,0.5968,123,0,cfscore_plus_imputed
06085,,CA,0.5968,123,0,cfscore_plus_imputed
06053,,CA,0.5968,123,0,cfscore_plus_imputed
06069,,CA,0.5968,123,0,cfscore_plus_imputed
06087,,CA,0.5968,123,0,cfscore_plus_imputed
06079,,CA,0.5968,123,0,cfscore_plus_imputed
06029,,CA,0.5968,123,0,cfscore_plus_imputed
06031,,CA,0.5968,123,0,cfscore_plus_imputed
06107,,CA,0.5968,123,0,cfscore_plus_imputed
06037,,CA,0.5968,123,0,cfscore_plus_imputed
06071,,CA,0.5968,123,0,cfscore_plus_imputed
06083,,CA,0.5968,123,0,cfscore_plus_imputed
06111,,CA,0.5968,123,0,cfscore_plus_imputed
06025,,CA,0.5968,123,0,cfscore_plus_imputed
06065,,CA,0.5968,123,0,cfscore_plus_imputed
06059,,CA,0.5968,123,0,cfscore_plus_imputed
06073,,CA,0.5968,123,0,cfscore_plus_imputed
08005,,CO,0.5364,104,0,cfscore_plus_imputed
08031,,CO,0.5364,104,0,cfscore_plus_imputed
08059,,CO,0.5364,104,0,cfscore_plus_imputed
08013,,CO,0.5364,104,0,cfscore_plus_imputed
08014,,CO,0.5364,104,0,cfscore_plus_imputed
08019,,CO,0.5364,104,0,cfscore_plus_imputed
08037,,CO,0.5364,104,0,cfscore_plus_imputed
08047,,CO,0.5364,104,0,cfscore_plus_imputed
08049,,CO,0.5364,104,0,cfscore_plus_imputed
08057,,CO,0.5364,104,0,cfscore_plus_imputed
08069,,CO,0.5364,104,0,cfscore_plus_imputed
08107,,CO,0.5364,104,0,cfscore_plus_imputed
08117,,CO,0.5364,104,0,cfscore_plus_imputed
08123,,CO,0.5364,104,0,cfscore_plus_imputed
08003,,CO,0.5364,104,0,cfscore_plus_imputed
08007,,CO,0.5364,104,0,cfscore_plus_imputed
08021,,CO,0.5364,104,0,cfscore_plus_imputed
08023,,CO,0.5364,104,0,cfscore_plus_imputed
08029,,CO,0.5364,104,0,cfscore_plus_imputed
08033,,CO,0.5364,104,0,cfscore_plus_imputed
08045,,CO,0.5364,104,0,cfscore_plus_imputed
08051,,CO,0.5364,104,0,cfscore_plus_imputed
08053,,CO,0.5364,104,0,cfscore_plus_imputed
08055,,CO,0.5364,104,0,cfscore_plus_imputed
08067,,CO,0.5364,104,0,cfscore_plus_imputed
08071,,CO,0.5364,104,0,cfscore_plus_imputed
08077,,CO,0.5364,104,0,cfscore_plus_imputed
08079,,CO,0.5364,104,0,cfscore_plus_imputed
08081,,CO,0.5364,104,0,cfscore_plus_imputed
08083,,CO,0.5364,104,0,cfscore_plus_imputed
08085,,CO,0.5364,104,0,cfscore_plus_imputed
08089,,CO,0.5364,104,0,cfscore_plus_imputed
08091,,CO,0.5364,104,0,cfscore_plus_imputed
08097,,CO,0.5364,104,0,cfscore_plus_imputed
08101,,CO,0.5364,104,0,cfscore_plus_imputed
08103,,CO,0.5364,104,0,cfscore_plus_imputed
08105,,CO,0.5364,104,0,cfscore_plus_imputed
08109,,CO,0.5364,104,0,cfscore_plus_imputed
08111,,CO,0.5364,104,0,cfscore_plus_imputed
08113,,CO,0.5364,104,0,cfscore_plus_imputed
08001,,CO,0.5364,104,0,cfscore_plus_imputed
08009,,CO,0.5364,104,0,cfscore_plus_imputed
08011,,CO,0.5364,104,0,cfscore_plus_imputed
08017,,CO,0.5364,104,0,cfscore_plus_imputed
08025,,CO,0.5364,104,0,cfscore_plus_imputed
08035,,CO,0.5364,104,0,cfscore_plus_imputed
08039,,CO,0.5364,104,0,cfscore_plus_imputed
08041,,CO,0.5364,104,0,cfscore_plus_imputed
08061,,CO,0.5364,104,0,cfscore_plus_imputed
08063,,CO,0.5364,104,0,cfscore_plus_imputed
08073,,CO,0.5364,104,0,cfscore_plus_imputed
08075,,CO,0.5364,104,0,cfscore_plus_imputed
08087,,CO,0.5364,104,0,cfscore_plus_imputed
08095,,CO,0.5364,104,0,cfscore_plus_imputed
08099,,CO,0.5364,104,0,cfscore_plus_imputed
08115,,CO,0.5364,104,0,cfscore_plus_imputed
08121,,CO,0.5364,104,0,cfscore_plus_imputed
08125,,CO,0.5364,104,0,cfscore_plus_imputed
08015,,CO,0.5364,104,0,cfscore_plus_imputed
08027,,CO,0.5364,104,0,cfscore_plus_imputed
08043,,CO,0.5364,104,0,cfscore_plus_imputed
08065,,CO,0.5364,104,0,cfscore_plus_imputed
08093,,CO,0.5364,104,0,cfscore_plus_imputed
08119,,CO,0.5364,104,0,cfscore_plus_imputed
09003,,CT,0.5339,191,0,cfscore_plus_imputed
09005,,CT,0.5339,191,0,cfscore_plus_imputed
09007,,CT,0.5339,191,0,cfscore_plus_imputed
09009,,CT,0.5339,191,0,cfscore_plus_imputed
09011,,CT,0.5339,191,0,cfscore_plus_imputed
09013,,CT,0.5339,191,0,cfscore_plus_imputed
09015,,CT,0.5339,191,0,cfscore_plus_imputed
09001,,CT,0.5339,191,0,cfscore_plus_imputed
10001,,DE,0.5516,64,0,cfscore_plus_imputed
10003,,DE,0.5516,64,0,cfscore_plus_imputed
10005,,DE,0.5516,64,0,cfscore_plus_imputed
12033,,FL,0.3759,163,0,cfscore_plus_imputed
12091,,FL,0.3759,163,0,cfscore_plus_imputed
12113,,FL,0.3759,163,0,cfscore_plus_imputed
12131,,FL,0.3759,163,0,cfscore_plus_imputed
12005,,FL,0.3759,163,0,cfscore_plus_imputed
12013,,FL,0.3759,163,0,cfscore_plus_imputed
12037,,FL,0.3759,163,0,cfscore_plus_imputed
12039,,FL,0.3759,163,0,cfscore_plus_imputed
12045,,FL,0.3759,163,0,cfscore_plus_imputed
12059,,FL,0.3759,163,0,cfscore_plus_imputed
12063,,FL,0.3759,163,0,cfscore_plus_imputed
12065,,FL,0.3759,163,0,cfscore_plus_imputed
12067,,FL,0.3759,163,0,cfscore_plus_imputed
12073,,FL,0.3759,163,0,cfscore_plus_imputed
12077,,FL,0.3759,163,0,cfscore_plus_imputed
12079,,FL,0.3759,163,0,cfscore_plus_imputed
12123,,FL,0.3759,163,0,cfscore_plus_imputed
12129,,FL,0.3759,163,0,cfscore_plus_imputed
12133,,FL,0.3759,163,0,cfscore_plus_imputed
12001,,FL,0.3759,163,0,cfscore_plus_imputed
12003,,FL,0.3759,163,0,cfscore_plus_imputed
12007,,FL,0.3759,163,0,cfscore_plus_imputed
12023,,FL,0.3759,163,0,cfscore_plus_imputed
12029,,FL,0.3759,163,0,cfscore_plus_imputed
12041,,FL,0.3759,163,0,cfscore_plus_imputed
12047,,FL,0.3759,163,0,cfscore_plus_imputed
12075,,FL,0.3759,163,0,cfscore_plus_imputed
12083,,FL,0.3759,163,0,cfscore_plus_imputed
12121,,FL,0.3759,163,0,cfscore_plus_imputed
12125,,FL,0.3759,163,0,cfscore_plus_imputed
12019,,FL,0.3759,163,0,cfscore_plus_imputed
12031,,FL,0.3759,163,0,cfscore_plus_imputed
12089,,FL,0.3759,163,0,cfscore_plus_imputed
12109,,FL,0.3759,163,0,cfscore_plus_imputed
12035,,FL,0.3759,163,0,cfscore_plus_imputed
12069,,FL,0.3759,163,0,cfscore_plus_imputed
12107,,FL,0.3759,163,0,cfscore_plus_imputed
12127,,FL,0.3759,163,0,cfscore_plus_imputed
12095,,FL,0.3759,163,0,cfscore_plus_imputed
12117,,FL,0.3759,163,0,cfscore_plus_imputed
12009,,FL,0.3759,163,0,cfscore_plus_imputed
12061,,FL,0.3759,163,0,cfscore_plus_imputed
12097,,FL,0.3759,163,0,cfscore_plus_imputed
12105,,FL,0.3759,163,0,cfscore_plus_imputed
12119,,FL,0.3759,163,0,cfscore_plus_imputed
12017,,FL,0.3759,163,0,cfscore_plus_imputed
12053,,FL,0.3759,163,0,cfscore_plus_imputed
12101,,FL,0.3759,163,0,cfscore_plus_imputed
12103,,FL,0.3759,163,0,cfscore_plus_imputed
12057,,FL,0.3759,163,0,cfscore_plus_imputed
12081,,FL,0.3759,163,0,cfscore_plus_imputed
12015,,FL,0.3759,163,0,cfscore_plus_imputed
12071,,FL,0.3759,163,0,cfscore_plus_imputed
12115,,FL,0.3759,163,0,cfscore_plus_imputed
12021,,FL,0.3759,163,0,cfscore_plus_imputed
12027,,FL,0.3759,163,0,cfscore_plus_imputed
12043,,FL,0.3759,163,0,cfscore_plus_imputed
12049,,FL,0.3759,163,0,cfscore_plus_imputed
12051,,FL,0.3759,163,0,cfscore_plus_imputed
12055,,FL,0.3759,163,0,cfscore_plus_imputed
12093,,FL,0.3759,163,0,cfscore_plus_imputed
12011,,FL,0.3759,163,0,cfscore_plus_imputed
12099,,FL,0.3759,163,0,cfscore_plus_imputed
12085,,FL,0.3759,163,0,cfscore_plus_imputed
12111,,FL,0.3759,163,0,cfscore_plus_imputed
12086,,FL,0.3759,163,0,cfscore_plus_imputed
12087,,FL,0.3759,163,0,cfscore_plus_imputed
13001,,GA,0.4263,237,0,cfscore_plus_imputed
13005,,GA,0.4263,237,0,cfscore_plus_imputed
13025,,GA,0.4263,237,0,cfscore_plus_imputed
13029,,GA,0.4263,237,0,cfscore_plus_imputed
13039,,GA,0.4263,237,0,cfscore_plus_imputed
13049,,GA,0.4263,237,0,cfscore_plus_imputed
13051,,GA,0.4263,237,0,cfscore_plus_imputed
13103,,GA,0.4263,237,0,cfscore_plus_imputed
13127,,GA,0.4263,237,0,cfscore_plus_imputed
13179,,GA,0.4263,237,0,cfscore_plus_imputed
13183,,GA,0.4263,237,0,cfscore_plus_imputed
13191,,GA,0.4263,237,0,cfscore_plus_imputed
13229,,GA,0.4263,237,0,cfscore_plus_imputed
13299,,GA,0.4263,237,0,cfscore_plus_imputed
13305,,GA,0.4263,237,0,cfscore_plus_imputed
13007,,GA,0.4263,237,0,cfscore_plus_imputed
13021,,GA,0.4263,237,0,cfscore_plus_imputed
13037,,GA,0.4263,237,0,cfscore_plus_imputed
13053,,GA,0.4263,237,0,cfscore_plus_imputed
13061,,GA,0.4263,237,0,cfscore_plus_imputed
13079,,GA,0.4263,237,0,cfscore_plus_imputed
13087,,GA,0.4263,237,0,cfscore_plus_imputed
13093,,GA,0.4263,237,0,cfscore_plus_imputed
13095,,GA,0.4263,237,0,cfscore_plus_imputed
13099,,GA,0.4263,237,0,cfscore_plus_imputed
13131,,GA,0.4263,237,0,cfscore_plus_imputed
13153,,GA,0.4263,237,0,cfscore_plus_imputed
13177,,GA,0.4263,237,0,cfscore_plus_imputed
13193,,GA,0.4263,237,0,cfscore_plus_imputed
13197,,GA,0.4263,237,0,cfscore_plus_imputed
13201,,GA,0.4263,237,0,cfscore_plus_imputed
13205,,GA,0.4263,237,0,cfscore_plus_imputed
13215,,GA,0.4263,237,0,cfscore_plus_imputed
13225,,GA,0.4263,237,0,cfscore_plus_imputed
13239,,GA,0.4263,237,0,cfscore_plus_imputed
13243,,GA,0.4263,237,0,cfscore_plus_imputed
13249,,GA,0.4263,237,0,cfscore_plus_imputed
13253,,GA,0.4263,237,0,cfscore_plus_imputed
13259,,GA,0.4263,237,0,cfscore_plus_imputed
13261,,GA,0.4263,237,0,cfscore_plus_imputed
13263,,GA,0.4263,237,0,cfscore_plus_imputed
13269,,GA,0.4263,237,0,cfscore_plus_imputed
13273,,GA,0.4263,237,0,cfscore_plus_imputed
13275,,GA,0.4263,237,0,cfscore_plus_imputed
13307,,GA,0.4263,237,0,cfscore_plus_imputed
13045,,GA,0.4263,237,0,cfscore_plus_imputed
13077,,GA,0.4263,237,0,cfscore_plus_imputed
13097,,GA,0.4263,237,0,cfscore_plus_imputed
13113,,GA,0.4263,237,0,cfscore_plus_imputed
13143,,GA,0.4263,237,0,cfscore_plus_imputed
13145,,GA,0.4263,237,0,cfscore_plus_imputed
13149,,GA,0.4263,237,0,cfscore_plus_imputed
13151,,GA,0.4263,237,0,cfscore_plus_imputed
13171,,GA,0.4263,237,0,cfscore_plus_imputed
13199,,GA,0.4263,237,0,cfscore_plus_imputed
13231,,GA,0.4263,237,0,cfscore_plus_imputed
13255,,GA,0.4263,237,0,cfscore_plus_imputed
13285,,GA,0.4263,237,0,cfscore_plus_imputed
13293,,GA,0.4263,237,0,cfscore_plus_imputed
13089,,GA,0.4263,237,0,cfscore_plus_imputed
13217,,GA,0.4263,237,0,cfscore_plus_imputed
13247,,GA,0.4263,237,0,cfscore_plus_imputed
13063,,GA,0.4263,237,0,cfscore_plus_imputed
13121,,GA,0.4263,237,0,cfscore_plus_imputed
13057,,GA,0.4263,237,0,cfscore_plus_imputed
13067,,GA,0.4263,237,0,cfscore_plus_imputed
13085,,GA,0.4263,237,0,cfscore_plus_imputed
13117,,GA,0.4263,237,0,cfscore_plus_imputed
13135,,GA,0.4263,237,0,cfscore_plus_imputed
13003,,GA,0.4263,237,0,cfscore_plus_imputed
13009,,GA,0.4263,237,0,cfscore_plus_imputed
13017,,GA,0.4263,237,0,cfscore_plus_imputed
13019,,GA,0.4263,237,0,cfscore_plus_imputed
13023,,GA,0.4263,237,0,cfscore_plus_imputed
13027,,GA,0.4263,237,0,cfscore_plus_imputed
13065,,GA,0.4263,237,0,cfscore_plus_imputed
13069,,GA,0.4263,237,0,cfscore_plus_imputed
13071,,GA,0.4263,237,0,cfscore_plus_imputed
13075,,GA,0.4263,237,0,cfscore_plus_imputed
13081,,GA,0.4263,237,0,cfscore_plus_imputed
13091,,GA,0.4263,237,0,cfscore_plus_imputed
13101,,GA,0.4263,237,0,cfscore_plus_imputed
13155,,GA,0.4263,237,0,cfscore_plus_imputed
13161,,GA,0.4263,237,0,cfscore_plus_imputed
13169,,GA,0.4263,237,0,cfscore_plus_imputed
13173,,GA,0.4263,237,0,cfscore_plus_imputed
13185,,GA,0.4263,237,0,cfscore_plus_imputed
13207,,GA,0.4263,237,0,cfscore_plus_imputed
13235,,GA,0.4263,237,0,cfscore_plus_imputed
13271,,GA,0.4263,237,0,cfscore_plus_imputed
13277,,GA,0.4263,237,0,cfscore_plus_imputed
13287,,GA,0.4263,237,0,cfscore_plus_imputed
13289,,GA,0.4263,237,0,cfscore_plus_imputed
13315,,GA,0.4263,237,0,cfscore_plus_imputed
13319,,GA,0.4263,237,0,cfscore_plus_imputed
13321,,GA,0.4263,237,0,cfscore_plus_imputed
13011,,GA,0.4263,237,0,cfscore_plus_imputed
13111,,GA,0.4263,237,0,cfscore_plus_imputed
13119,,GA,0.4263,237,0,cfscore_plus_imputed
13123,,GA,0.4263,237,0,cfscore_plus_imputed
13137,,GA,0.4263,237,0,cfscore_plus_imputed
13139,,GA,0.4263,237,0,cfscore_plus_imputed
13147,,GA,0.4263,237,0,cfscore_plus_imputed
13187,,GA,0.4263,237,0,cfscore_plus_imputed
13241,,GA,0.4263,237,0,cfscore_plus_imputed
13257,,GA,0.4263,237,0,cfscore_plus_imputed
13281,,GA,0.4263,237,0,cfscore_plus_imputed
13291,,GA,0.4263,237,0,cfscore_plus_imputed
13311,,GA,0.4263,237,0,cfscore_plus_imputed
13013,,GA,0.4263,237,0,cfscore_plus_imputed
13035,,GA,0.4263,237,0,cfscore_plus_imputed
13059,,GA,0.4263,237,0,cfscore_plus_imputed
13105,,GA,0.4263,237,0,cfscore_plus_imputed
13133,,GA,0.4263,237,0,cfscore_plus_imputed
13141,,GA,0.4263,237,0,cfscore_plus_imputed
13157,,GA,0.4263,237,0,cfscore_plus_imputed
13159,,GA,0.4263,237,0,cfscore_plus_imputed
13195,,GA,0.4263,237,0,cfscore_plus_imputed
13211,,GA,0.4263,237,0,cfscore_plus_imputed
13219,,GA,0.4263,237,0,cfscore_plus_imputed
13221,,GA,0.4263,237,0,cfscore_plus_imputed
13237,,GA,0.4263,237,0,cfscore_plus_imputed
13265,,GA,0.4263,237,0,cfscore_plus_imputed
13297,,GA,0.4263,237,0,cfscore_plus_imputed
13317,,GA,0.4263,237,0,cfscore_plus_imputed
13015,,GA,0.4263,237,0,cfscore_plus_imputed
13227,,GA,0.4263,237,0,cfscore_plus_imputed
13031,,GA,0.4263,237,0,cfscore_plus_imputed
13033,,GA,0.4263,237,0,cfscore_plus_imputed
13043,,GA,0.4263,237,0,cfscore_plus_imputed
13073,,GA,0.4263,237,0,cfscore_plus_imputed
13107,,GA,0.4263,237,0,cfscore_plus_imputed
13109,,GA,0.4263,237,0,cfscore_plus_imputed
13125,,GA,0.4263,237,0,cfscore_plus_imputed
13163,,GA,0.4263,237,0,cfscore_plus_imputed
13165,,GA,0.4263,237,0,cfscore_plus_imputed
13167,,GA,0.4263,237,0,cfscore_plus_imputed
13175,,GA,0.4263,237,0,cfscore_plus_imputed
13181,,GA,0.4263,237,0,cfscore_plus_imputed
13189,,GA,0.4263,237,0,cfscore_plus_imputed
13209,,GA,0.4263,237,0,cfscore_plus_imputed
13245,,GA,0.4263,237,0,cfscore_plus_imputed
13251,,GA,0.4263,237,0,cfscore_plus_imputed
13267,,GA,0.4263,237,0,cfscore_plus_imputed
13279,,GA,0.4263,237,0,cfscore_plus_imputed
13283,,GA,0.4263,237,0,cfscore_plus_imputed
13301,,GA,0.4263,237,0,cfscore_plus_imputed
13303,,GA,0.4263,237,0,cfscore_plus_imputed
13309,,GA,0.4263,237,0,cfscore_plus_imputed
13047,,GA,0.4263,237,0,cfscore_plus_imputed
13055,,GA,0.4263,237,0,cfscore_plus_imputed
13083,,GA,0.4263,237,0,cfscore_plus_imputed
13115,,GA,0.4263,237,0,cfscore_plus_imputed
13129,,GA,0.4263,237,0,cfscore_plus_imputed
13213,,GA,0.4263,237,0,cfscore_plus_imputed
13223,,GA,0.4263,237,0,cfscore_plus_imputed
13233,,GA,0.4263,237,0,cfscore_plus_imputed
13295,,GA,0.4263,237,0,cfscore_plus_imputed
13313,,GA,0.4263,237,0,cfscore_plus_imputed
15003,,HI,0.602,79,0,cfscore_plus_imputed
15001,,HI,0.602,79,0,cfscore_plus_imputed
15005,,HI,0.602,79,0,cfscore_plus_imputed
15007,,HI,0.602,79,0,cfscore_plus_imputed
15009,,HI,0.602,79,0,cfscore_plus_imputed
16001,,ID,0.2674,109,0,cfscore_plus_imputed
16003,,ID,0.2674,109,0,cfscore_plus_imputed
16009,,ID,0.2674,109,0,cfscore_plus_imputed
16015,,ID,0.2674,109,0,cfscore_plus_imputed
16017,,ID,0.2674,109,0,cfscore_plus_imputed
16021,,ID,0.2674,109,0,cfscore_plus_imputed
16027,,ID,0.2674,109,0,cfscore_plus_imputed
16035,,ID,0.2674,109,0,cfscore_plus_imputed
16045,,ID,0.2674,109,0,cfscore_plus_imputed
16049,,ID,0.2674,109,0,cfscore_plus_imputed
16055,,ID,0.2674,109,0,cfscore_plus_imputed
16057,,ID,0.2674,109,0,cfscore_plus_imputed
16061,,ID,0.2674,109,0,cfscore_plus_imputed
16069,,ID,0.2674,109,0,cfscore_plus_imputed
16073,,ID,0.2674,109,0,cfscore_plus_imputed
16075,,ID,0.2674,109,0,cfscore_plus_imputed
16079,,ID,0.2674,109,0,cfscore_plus_imputed
16085,,ID,0.2674,109,0,cfscore_plus_imputed
16087,,ID,0.2674,109,0,cfscore_plus_imputed
16005,,ID,0.2674,109,0,cfscore_plus_imputed
16007,,ID,0.2674,109,0,cfscore_plus_imputed
16011,,ID,0.2674,109,0,cfscore_plus_imputed
16013,,ID,0.2674,109,0,cfscore_plus_imputed
16019,,ID,0.2674,109,0,cfscore_plus_imputed
16023,,ID,0.2674,109,0,cfscore_plus_imputed
16025,,ID,0.2674,109,0,cfscore_plus_imputed
16029,,ID,0.2674,109,0,cfscore_plus_imputed
16031,,ID,0.2674,109,0,cfscore_plus_imputed
16033,,ID,0.2674,109,0,cfscore_plus_imputed
16037,,ID,0.2674,109,0,cfscore_plus_imputed
16039,,ID,0.2674,109,0,cfscore_plus_imputed
16041,,ID,0.2674,109,0,cfscore_plus_imputed
16043,,ID,0.2674,109,0,cfscore_plus_imputed
16047,,ID,0.2674,109,0,cfscore_plus_imputed
16051,,ID,0.2674,109,0,cfscore_plus_imputed
16053,,ID,0.2674,109,0,cfscore_plus_imputed
16059,,ID,0.2674,109,0,cfscore_plus_imputed
16063,,ID,0.2674,109,0,cfscore_plus_imputed
16065,,ID,0.2674,109,0,cfscore_plus_imputed
16067,,ID,0.2674,109,0,cfscore_plus_imputed
16071,,ID,0.2674,109,0,cfscore_plus_imputed
16077,,ID,0.2674,109,0,cfscore_plus_imputed
16081,,ID,0.2674,109,0,cfscore_plus_imputed
16083,,ID,0.2674,109,0,cfscore_plus_imputed
17031,,IL,0.5419,180,0,cfscore_plus_imputed
17091,,IL,0.5419,180,0,cfscore_plus_imputed
17197,,IL,0.5419,180,0,cfscore_plus_imputed
17019,,IL,0.5419,180,0,cfscore_plus_imputed
17053,,IL,0.5419,180,0,cfscore_plus_imputed
17075,,IL,0.5419,180,0,cfscore_plus_imputed
17105,,IL,0.5419,180,0,cfscore_plus_imputed
17183,,IL,0.5419,180,0,cfscore_plus_imputed
17043,,IL,0.5419,180,0,cfscore_plus_imputed
17097,,IL,0.5419,180,0,cfscore_plus_imputed
17089,,IL,0.5419,180,0,cfscore_plus_imputed
17111,,IL,0.5419,180,0,cfscore_plus_imputed
17007,,IL,0.5419,180,0,cfscore_plus_imputed
17037,,IL,0.5419,180,0,cfscore_plus_imputed
17003,,IL,0.5419,180,0,cfscore_plus_imputed
17023,,IL,0.5419,180,0,cfscore_plus_imputed
17025,,IL,0.5419,180,0,cfscore_plus_imputed
17027,,IL,0.5419,180,0,cfscore_plus_imputed
17029,,IL,0.5419,180,0,cfscore_plus_imputed
17033,,IL,0.5419,180,0,cfscore_plus_imputed
17035,,IL,0.5419,180,0,cfscore_plus_imputed
17047,,IL,0.5419,180,0,cfscore_plus_imputed
17049,,IL,0.5419,180,0,cfscore_plus_imputed
17055,,IL,0.5419,180,0,cfscore_plus_imputed
17059,,IL,0.5419,180,0,cfscore_plus_imputed
17065,,IL,0.5419,180,0,cfscore_plus_imputed
17069,,IL,0.5419,180,0,cfscore_plus_imputed
17077,,IL,0.5419,180,0,cfscore_plus_imputed
17079,,IL,0.5419,180,0,cfscore_plus_imputed
17081,,IL,0.5419,180,0,cfscore_plus_imputed
17087,,IL,0.5419,180,0,cfscore_plus_imputed
17101,,IL,0.5419,180,0,cfscore_plus_imputed
17121,,IL,0.5419,180,0,cfscore_plus_imputed
17127,,IL,0.5419,180,0,cfscore_plus_imputed
17133,,IL,0.5419,180,0,cfscore_plus_imputed
17145,,IL,0.5419,180,0,cfscore_plus_imputed
17151,,IL,0.5419,180,0,cfscore_plus_imputed
17153,,IL,0.5419,180,0,cfscore_plus_imputed
17157,,IL,0.5419,180,0,cfscore_plus_imputed
17159,,IL,0.5419,180,0,cfscore_plus_imputed
17163,,IL,0.5419,180,0,cfscore_plus_imputed
17165,,IL,0.5419,180,0,cfscore_plus_imputed
17181,,IL,0.5419,180,0,cfscore_plus_imputed
17185,,IL,0.5419,180,0,cfscore_plus_imputed
17189,,IL,0.5419,180,0,cfscore_plus_imputed
17191,,IL,0.5419,180,0,cfscore_plus_imputed
17193,,IL,0.5419,180,0,cfscore_plus_imputed
17199,,IL,0.5419,180,0,cfscore_plus_imputed
17115,,IL,0.5419,180,0,cfscore_plus_imputed
17117,,IL,0.5419,180,0,cfscore_plus_imputed
17119,,IL,0.5419,180,0,cfscore_plus_imputed
17147,,IL,0.5419,180,0,cfscore_plus_imputed
17167,,IL,0.5419,180,0,cfscore_plus_imputed
17011,,IL,0.5419,180,0,cfscore_plus_imputed
17093,,IL,0.5419,180,0,cfscore_plus_imputed
17099,,IL,0.5419,180,0,cfscore_plus_imputed
17155,,IL,0.5419,180,0,cfscore_plus_imputed
17001,,IL,0.5419,180,0,cfscore_plus_imputed
17005,,IL,0.5419,180,0,cfscore_plus_imputed
17009,,IL,0.5419,180,0,cfscore_plus_imputed
17013,,IL,0.5419,180,0,cfscore_plus_imputed
17017,,IL,0.5419,180,0,cfscore_plus_imputed
17021,,IL,0.5419,180,0,cfscore_plus_imputed
17039,,IL,0.5419,180,0,cfscore_plus_imputed
17041,,IL,0.5419,180,0,cfscore_plus_imputed
17045,,IL,0.5419,180,0,cfscore_plus_imputed
17051,,IL,0.5419,180,0,cfscore_plus_imputed
17057,,IL,0.5419,180,0,cfscore_plus_imputed
17061,,IL,0.5419,180,0,cfscore_plus_imputed
17067,,IL,0.5419,180,0,cfscore_plus_imputed
17071,,IL,0.5419,180,0,cfscore_plus_imputed
17083,,IL,0.5419,180,0,cfscore_plus_imputed
17107,,IL,0.5419,180,0,cfscore_plus_imputed
17109,,IL,0.5419,180,0,cfscore_plus_imputed
17125,,IL,0.5419,180,0,cfscore_plus_imputed
17129,,IL,0.5419,180,0,cfscore_plus_imputed
17131,,IL,0.5419,180,0,cfscore_plus_imputed
17135,,IL,0.5419,180,0,cfscore_plus_imputed
17137,,IL,0.5419,180,0,cfscore_plus_imputed
17139,,IL,0.5419,180,0,cfscore_plus_imputed
17149,,IL,0.5419,180,0,cfscore_plus_imputed
17169,,IL,0.5419,180,0,cfscore_plus_imputed
17171,,IL,0.5419,180,0,cfscore_plus_imputed
17173,,IL,0.5419,180,0,cfscore_plus_imputed
17187,,IL,0.5419,180,0,cfscore_plus_imputed
17063,,IL,0.5419,180,0,cfscore_plus_imputed
17073,,IL,0.5419,180,0,cfscore_plus_imputed
17085,,IL,0.5419,180,0,cfscore_plus_imputed
17103,,IL,0.5419,180,0,cfscore_plus_imputed
17113,,IL,0.5419,180,0,cfscore_plus_imputed
17123,,IL,0.5419,180,0,cfscore_plus_imputed
17141,,IL,0.5419,180,0,cfscore_plus_imputed
17143,,IL,0.5419,180,0,cfscore_plus_imputed
17175,,IL,0.5419,180,0,cfscore_plus_imputed
17177,,IL,0.5419,180,0,cfscore_plus_imputed
17179,,IL,0.5419,180,0,cfscore_plus_imputed
17201,,IL,0.5419,180,0,cfscore_plus_imputed
17203,,IL,0.5419,180,0,cfscore_plus_imputed
17015,,IL,0.5419,180,0,cfscore_plus_imputed
17095,,IL,0.5419,180,0,cfscore_plus_imputed
17161,,IL,0.5419,180,0,cfscore_plus_imputed
17195,,IL,0.5419,180,0,cfscore_plus_imputed
18089,,IN,0.3283,153,0,cfscore_plus_imputed
18091,,IN,0.3283,153,0,cfscore_plus_imputed
18127,,IN,0.3283,153,0,cfscore_plus_imputed
18017,,IN,0.3283,153,0,cfscore_plus_imputed
18039,,IN,0.3283,153,0,cfscore_plus_imputed
18049,,IN,0.3283,153,0,cfscore_plus_imputed
18085,,IN,0.3283,153,0,cfscore_plus_imputed
18099,,IN,0.3283,153,0,cfscore_plus_imputed
18103,,IN,0.3283,153,0,cfscore_plus_imputed
18131,,IN,0.3283,153,0,cfscore_plus_imputed
18141,,IN,0.3283,153,0,cfscore_plus_imputed
18149,,IN,0.3283,153,0,cfscore_plus_imputed
18169,,IN,0.3283,153,0,cfscore_plus_imputed
18001,,IN,0.3283,153,0,cfscore_plus_imputed
18003,,IN,0.3283,153,0,cfscore_plus_imputed
18009,,IN,0.3283,153,0,cfscore_plus_imputed
18033,,IN,0.3283,153,0,cfscore_plus_imputed
18069,,IN,0.3283,153,0,cfscore_plus_imputed
18075,,IN,0.3283,153,0,cfscore_plus_imputed
18087,,IN,0.3283,153,0,cfscore_plus_imputed
18113,,IN,0.3283,153,0,cfscore_plus_imputed
18135,,IN,0.3283,153,0,cfscore_plus_imputed
18151,,IN,0.3283,153,0,cfscore_plus_imputed
18179,,IN,0.3283,153,0,cfscore_plus_imputed
18183,,IN,0.3283,153,0,cfscore_plus_imputed
18007,,IN,0.3283,153,0,cfscore_plus_imputed
18011,,IN,0.3283,153,0,cfscore_plus_imputed
18015,,IN,0.3283,153,0,cfscore_plus_imputed
18023,,IN,0.3283,153,0,cfscore_plus_imputed
18045,,IN,0.3283,153,0,cfscore_plus_imputed
18063,,IN,0.3283,153,0,cfscore_plus_imputed
18067,,IN,0.3283,153,0,cfscore_plus_imputed
18073,,IN,0.3283,153,0,cfscore_plus_imputed
18107,,IN,0.3283,153,0,cfscore_plus_imputed
18109,,IN,0.3283,153,0,cfscore_plus_imputed
18111,,IN,0.3283,153,0,cfscore_plus_imputed
18133,,IN,0.3283,153,0,cfscore_plus_imputed
18157,,IN,0.3283,153,0,cfscore_plus_imputed
18171,,IN,0.3283,153,0,cfscore_plus_imputed
18181,,IN,0.3283,153,0,cfscore_plus_imputed
18035,,IN,0.3283,153,0,cfscore_plus_imputed
18053,,IN,0.3283,153,0,cfscore_plus_imputed
18057,,IN,0.3283,153,0,cfscore_plus_imputed
18095,,IN,0.3283,153,0,cfscore_plus_imputed
18159,,IN,0.3283,153,0,cfscore_plus_imputed
18005,,IN,0.3283,153,0,cfscore_plus_imputed
18041,,IN,0.3283,153,0,cfscore_plus_imputed
18059,,IN,0.3283,153,0,cfscore_plus_imputed
18065,,IN,0.3283,153,0,cfscore_plus_imputed
18081,,IN,0.3283,153,0,cfscore_plus_imputed
18097,,IN,0.3283,153,0,cfscore_plus_imputed
18139,,IN,0.3283,153,0,cfscore_plus_imputed
18145,,IN,0.3283,153,0,cfscore_plus_imputed
18161,,IN,0.3283,153,0,cfscore_plus_imputed
18177,,IN,0.3283,153,0,cfscore_plus_imputed
18021,,IN,0.3283,153,0,cfscore_plus_imputed
18025,,IN,0.3283,153,0,cfscore_plus_imputed
18027,,IN,0.3283,153,0,cfscore_plus_imputed
18037,,IN,0.3283,153,0,cfscore_plus_imputed
18051,,IN,0.3283,153,0,cfscore_plus_imputed
18055,,IN,0.3283,153,0,cfscore_plus_imputed
18083,,IN,0.3283,153,0,cfscore_plus_imputed
18101,,IN,0.3283,153,0,cfscore_plus_imputed
18117,,IN,0.3283,153,0,cfscore_plus_imputed
18119,,IN,0.3283,153,0,cfscore_plus_imputed
18121,,IN,0.3283,153,0,cfscore_plus_imputed
18123,,IN,0.3283,153,0,cfscore_plus_imputed
18125,,IN,0.3283,153,0,cfscore_plus_imputed
18129,,IN,0.3283,153,0,cfscore_plus_imputed
18147,,IN,0.3283,153,0,cfscore_plus_imputed
18153,,IN,0.3283,153,0,cfscore_plus_imputed
18163,,IN,0.3283,153,0,cfscore_plus_imputed
18165,,IN,0.3283,153,0,cfscore_plus_imputed
18167,,IN,0.3283,153,0,cfscore_plus_imputed
18173,,IN,0.3283,153,0,cfscore_plus_imputed
18013,,IN,0.3283,153,0,cfscore_plus_imputed
18019,,IN,0.3283,153,0,cfscore_plus_imputed
18029,,IN,0.3283,153,0,cfscore_plus_imputed
18031,,IN,0.3283,153,0,cfscore_plus_imputed
18043,,IN,0.3283,153,0,cfscore_plus_imputed
18047,,IN,0.3283,153,0,cfscore_plus_imputed
18061,,IN,0.3283,153,0,cfscore_plus_imputed
18071,,IN,0.3283,153,0,cfscore_plus_imputed
18077,,IN,0.3283,153,0,cfscore_plus_imputed
18079,,IN,0.3283,153,0,cfscore_plus_imputed
18093,,IN,0.3283,153,0,cfscore_plus_imputed
18105,,IN,0.3283,153,0,cfscore_plus_imputed
18115,,IN,0.3283,153,0,cfscore_plus_imputed
18137,,IN,0.3283,153,0,cfscore_plus_imputed
18143,,IN,0.3283,153,0,cfscore_plus_imputed
18155,,IN,0.3283,153,0,cfscore_plus_imputed
18175,,IN,0.3283,153,0,cfscore_plus_imputed
19031,,IA,0.3702,154,0,cfscore_plus_imputed
19045,,IA,0.3702,154,0,cfscore_plus_imputed
19057,,IA,0.3702,154,0,cfscore_plus_imputed
19087,,IA,0.3702,154,0,cfscore_plus_imputed
19095,,IA,0.3702,154,0,cfscore_plus_imputed
19097,,IA,0.3702,154,0,cfscore_plus_imputed
19099,,IA,0.3702,154,0,cfscore_plus_imputed
19101,,IA,0.3702,154,0,cfscore_plus_imputed
19103,,IA,0.3702,154,0,cfscore_plus_imputed
19105,,IA,0.3702,154,0,cfscore_plus_imputed
19107,,IA,0.3702,154,0,cfscore_plus_imputed
19111,,IA,0.3702,154,0,cfscore_plus_imputed
19115,,IA,0.3702,154,0,cfscore_plus_imputed
19123,,IA,0.3702,154,0,cfscore_plus_imputed
19125,,IA,0.3702,154,0,cfscore_plus_imputed
19139,,IA,0.3702,154,0,cfscore_plus_imputed
19163,,IA,0.3702,154,0,cfscore_plus_imputed
19177,,IA,0.3702,154,0,cfscore_plus_imputed
19181,,IA,0.3702,154,0,cfscore_plus_imputed
19183,,IA,0.3702,154,0,cfscore_plus_imputed
19005,,IA,0.3702,154,0,cfscore_plus_imputed
19011,,IA,0.3702,154,0,cfscore_plus_imputed
19013,,IA,0.3702,154,0,cfscore_plus_imputed
19017,,IA,0.3702,154,0,cfscore_plus_imputed
19019,,IA,0.3702,154,0,cfscore_plus_imputed
19023,,IA,0.3702,154,0,cfscore_plus_imputed
19033,,IA,0.3702,154,0,cfscore_plus_imputed
19037,,IA,0.3702,154,0,cfscore_plus_imputed
19043,,IA,0.3702,154,0,cfscore_plus_imputed
19055,,IA,0.3702,154,0,cfscore_plus_imputed
19061,,IA,0.3702,154,0,cfscore_plus_imputed
19065,,IA,0.3702,154,0,cfscore_plus_imputed
19067,,IA,0.3702,154,0,cfscore_plus_imputed
19075,,IA,0.3702,154,0,cfscore_plus_imputed
19083,,IA,0.3702,154,0,cfscore_plus_imputed
19089,,IA,0.3702,154,0,cfscore_plus_imputed
19113,,IA,0.3702,154,0,cfscore_plus_imputed
19131,,IA,0.3702,154,0,cfscore_plus_imputed
19157,,IA,0.3702,154,0,cfscore_plus_imputed
19171,,IA,0.3702,154,0,cfscore_plus_imputed
19191,,IA,0.3702,154,0,cfscore_plus_imputed
19195,,IA,0.3702,154,0,cfscore_plus_imputed
19001,,IA,0.3702,154,0,cfscore_plus_imputed
19003,,IA,0.3702,154,0,cfscore_plus_imputed
19007,,IA,0.3702,154,0,cfscore_plus_imputed
19029,,IA,0.3702,154,0,cfscore_plus_imputed
19039,,IA,0.3702,154,0,cfscore_plus_imputed
19049,,IA,0.3702,154,0,cfscore_plus_imputed
19051,,IA,0.3702,154,0,cfscore_plus_imputed
19053,,IA,0.3702,154,0,cfscore_plus_imputed
19073,,IA,0.3702,154,0,cfscore_plus_imputed
19077,,IA,0.3702,154,0,cfscore_plus_imputed
19117,,IA,0.3702,154,0,cfscore_plus_imputed
19121,,IA,0.3702,154,0,cfscore_plus_imputed
19135,,IA,0.3702,154,0,cfscore_plus_imputed
19137,,IA,0.3702,154,0,cfscore_plus_imputed
19145,,IA,0.3702,154,0,cfscore_plus_imputed
19153,,IA,0.3702,154,0,cfscore_plus_imputed
19159,,IA,0.3702,154,0,cfscore_plus_imputed
19173,,IA,0.3702,154,0,cfscore_plus_imputed
19175,,IA,0.3702,154,0,cfscore_plus_imputed
19179,,IA,0.3702,154,0,cfscore_plus_imputed
19185,,IA,0.3702,154,0,cfscore_plus_imputed
19009,,IA,0.3702,154,0,cfscore_plus_imputed
19015,,IA,0.3702,154,0,cfscore_plus_imputed
19021,,IA,0.3702,154,0,cfscore_plus_imputed
19025,,IA,0.3702,154,0,cfscore_plus_imputed
19027,,IA,0.3702,154,0,cfscore_plus_imputed
19035,,IA,0.3702,154,0,cfscore_plus_imputed
19041,,IA,0.3702,154,0,cfscore_plus_imputed
19047,,IA,0.3702,154,0,cfscore_plus_imputed
19059,,IA,0.3702,154,0,cfscore_plus_imputed
19063,,IA,0.3702,154,0,cfscore_plus_imputed
19069,,IA,0.3702,154,0,cfscore_plus_imputed
19071,,IA,0.3702,154,0,cfscore_plus_imputed
19079,,IA,0.3702,154,0,cfscore_plus_imputed
19081,,IA,0.3702,154,0,cfscore_plus_imputed
19085,,IA,0.3702,154,0,cfscore_plus_imputed
19091,,IA,0.3702,154,0,cfscore_plus_imputed
19093,,IA,0.3702,154,0,cfscore_plus_imputed
19109,,IA,0.3702,154,0,cfscore_plus_imputed
19119,,IA,0.3702,154,0,cfscore_plus_imputed
19127,,IA,0.3702,154,0,cfscore_plus_imputed
19129,,IA,0.3702,154,0,cfscore_plus_imputed
19133,,IA,0.3702,154,0,cfscore_plus_imputed
19141,,IA,0.3702,154,0,cfscore_plus_imputed
19143,,IA,0.3702,154,0,cfscore_plus_imputed
19147,,IA,0.3702,154,0,cfscore_plus_imputed
19149,,IA,0.3702,154,0,cfscore_plus_imputed
19151,,IA,0.3702,154,0,cfscore_plus_imputed
19155,,IA,0.3702,154,0,cfscore_plus_imputed
19161,,IA,0.3702,154,0,cfscore_plus_imputed
19165,,IA,0.3702,154,0,cfscore_plus_imputed
19167,,IA,0.3702,154,0,cfscore_plus_imputed
19169,,IA,0.3702,154,0,cfscore_plus_imputed
19187,,IA,0.3702,154,0,cfscore_plus_imputed
19189,,IA,0.3702,154,0,cfscore_plus_imputed
19193,,IA,0.3702,154,0,cfscore_plus_imputed
19197,,IA,0.3702,154,0,cfscore_plus_imputed
20009,,KS,0.3353,169,0,cfscore_plus_imputed
20023,,KS,0.3353,169,0,cfscore_plus_imputed
20025,,KS,0.3353,169,0,cfscore_plus_imputed
20027,,KS,0.3353,169,0,cfscore_plus_imputed
20029,,KS,0.3353,169,0,cfscore_plus_imputed
20039,,KS,0.3353,169,0,cfscore_plus_imputed
20041,,KS,0.3353,169,0,cfscore_plus_imputed
20045,,KS,0.3353,169,0,cfscore_plus_imputed
20051,,KS,0.3353,169,0,cfscore_plus_imputed
20053,,KS,0.3353,169,0,cfscore_plus_imputed
20055,,KS,0.3353,169,0,cfscore_plus_imputed
20057,,KS,0.3353,169,0,cfscore_plus_imputed
20063,,KS,0.3353,169,0,cfscore_plus_imputed
20065,,KS,0.3353,169,0,cfscore_plus_imputed
20067,,KS,0.3353,169,0,cfscore_plus_imputed
20069,,KS,0.3353,169,0,cfscore_plus_imputed
20071,,KS,0.3353,169,0,cfscore_plus_imputed
20075,,KS,0.3353,169,0,cfscore_plus_imputed
20081,,KS,0.3353,169,0,cfscore_plus_imputed
20083,,KS,0.3353,169,0,cfscore_plus_imputed
20085,,KS,0.3353,169,0,cfscore_plus_imputed
20087,,KS,0.3353,169,0,cfscore_plus_imputed
20089,,KS,0.3353,169,0,cfscore_plus_imputed
20093,,KS,0.3353,169,0,cfscore_plus_imputed
20101,,KS,0.3353,169,0,cfscore_plus_imputed
20105,,KS,0.3353,169,0,cfscore_plus_imputed
20109,,KS,0.3353,169,0,cfscore_plus_imputed
20113,,KS,0.3353,169,0,cfscore_plus_imputed
20117,,KS,0.3353,169,0,cfscore_plus_imputed
20119,,KS,0.3353,169,0,cfscore_plus_imputed
20123,,KS,0.3353,169,0,cfscore_plus_imputed
20129,,KS,0.3353,169,0,cfscore_plus_imputed
20135,,KS,0.3353,169,0,cfscore_plus_imputed
20137,,KS,0.3353,169,0,cfscore_plus_imputed
20141,,KS,0.3353,169,0,cfscore_plus_imputed
20143,,KS,0.3353,169,0,cfscore_plus_imputed
20145,,KS,0.3353,169,0,cfscore_plus_imputed
20147,,KS,0.3353,169,0,cfscore_plus_imputed
20149,,KS,0.3353,169,0,cfscore_plus_imputed
20153,,KS,0.3353,169,0,cfscore_plus_imputed
20155,,KS,0.3353,169,0,cfscore_plus_imputed
20157,,KS,0.3353,169,0,cfscore_plus_imputed
20159,,KS,0.3353,169,0,cfscore_plus_imputed
20161,,KS,0.3353,169,0,cfscore_plus_imputed
20163,,KS,0.3353,169,0,cfscore_plus_imputed
20165,,KS,0.3353,169,0,cfscore_plus_imputed
20167,,KS,0.3353,169,0,cfscore_plus_imputed
20169,,KS,0.3353,169,0,cfscore_plus_imputed
20171,,KS,0.3353,169,0,cfscore_plus_imputed
20175,,KS,0.3353,169,0,cfscore_plus_imputed
20179,,KS,0.3353,169,0,cfscore_plus_imputed
20181,,KS,0.3353,169,0,cfscore_plus_imputed
20183,,KS,0.3353,169,0,cfscore_plus_imputed
20187,,KS,0.3353,169,0,cfscore_plus_imputed
20189,,KS,0.3353,169,0,cfscore_plus_imputed
20193,,KS,0.3353,169,0,cfscore_plus_imputed
20195,,KS,0.3353,169,0,cfscore_plus_imputed
20199,,KS,0.3353,169,0,cfscore_plus_imputed
20201,,KS,0.3353,169,0,cfscore_plus_imputed
20203,,KS,0.3353,169,0,cfscore_plus_imputed
20001,,KS,0.3353,169,0,cfscore_plus_imputed
20005,,KS,0.3353,169,0,cfscore_plus_imputed
20011,,KS,0.3353,169,0,cfscore_plus_imputed
20013,,KS,0.3353,169,0,cfscore_plus_imputed
20017,,KS,0.3353,169,0,cfscore_plus_imputed
20021,,KS,0.3353,169,0,cfscore_plus_imputed
20031,,KS,0.3353,169,0,cfscore_plus_imputed
20037,,KS,0.3353,169,0,cfscore_plus_imputed
20043,,KS,0.3353,169,0,cfscore_plus_imputed
20061,,KS,0.3353,169,0,cfscore_plus_imputed
20099,,KS,0.3353,169,0,cfscore_plus_imputed
20103,,KS,0.3353,169,0,cfscore_plus_imputed
20107,,KS,0.3353,169,0,cfscore_plus_imputed
20111,,KS,0.3353,169,0,cfscore_plus_imputed
20115,,KS,0.3353,169,0,cfscore_plus_imputed
20125,,KS,0.3353,169,0,cfscore_plus_imputed
20127,,KS,0.3353,169,0,cfscore_plus_imputed
20131,,KS,0.3353,169,0,cfscore_plus_imputed
20133,,KS,0.3353,169,0,cfscore_plus_imputed
20139,,KS,0.3353,169,0,cfscore_plus_imputed
20177,,KS,0.3353,169,0,cfscore_plus_imputed
20197,,KS,0.3353,169,0,cfscore_plus_imputed
20205,,KS,0.3353,169,0,cfscore_plus_imputed
20207,,KS,0.3353,169,0,cfscore_plus_imputed
20209,,KS,0.3353,169,0,cfscore_plus_imputed
20003,,KS,0.3353,169,0,cfscore_plus_imputed
20059,,KS,0.3353,169,0,cfscore_plus_imputed
20091,,KS,0.3353,169,0,cfscore_plus_imputed
20121,,KS,0.3353,169,0,cfscore_plus_imputed
20007,,KS,0.3353,169,0,cfscore_plus_imputed
20015,,KS,0.3353,169,0,cfscore_plus_imputed
20019,,KS,0.3353,169,0,cfscore_plus_imputed
20033,,KS,0.3353,169,0,cfscore_plus_imputed
20035,,KS,0.3353,169,0,cfscore_plus_imputed
20047,,KS,0.3353,169,0,cfscore_plus_imputed
20049,,KS,0.3353,169,0,cfscore_plus_imputed
20073,,KS,0.3353,169,0,cfscore_plus_imputed
20077,,KS,0.3353,169,0,cfscore_plus_imputed
20079,,KS,0.3353,169,0,cfscore_plus_imputed
20095,,KS,0.3353,169,0,cfscore_plus_imputed
20097,,KS,0.3353,169,0,cfscore_plus_imputed
20151,,KS,0.3353,169,0,cfscore_plus_imputed
20173,,KS,0.3353,169,0,cfscore_plus_imputed
20185,,KS,0.3353,169,0,cfscore_plus_imputed
20191,,KS,0.3353,169,0,cfscore_plus_imputed
21001,,KY,0.3492,141,0,cfscore_plus_imputed
21003,,KY,0.3492,141,0,cfscore_plus_imputed
21005,,KY,0.3492,141,0,cfscore_plus_imputed
21007,,KY,0.3492,141,0,cfscore_plus_imputed
21021,,KY,0.3492,141,0,cfscore_plus_imputed
21033,,KY,0.3492,141,0,cfscore_plus_imputed
21035,,KY,0.3492,141,0,cfscore_plus_imputed
21039,,KY,0.3492,141,0,cfscore_plus_imputed
21045,,KY,0.3492,141,0,cfscore_plus_imputed
21047,,KY,0.3492,141,0,cfscore_plus_imputed
21053,,KY,0.3492,141,0,cfscore_plus_imputed
21055,,KY,0.3492,141,0,cfscore_plus_imputed
21057,,KY,0.3492,141,0,cfscore_plus_imputed
21073,,KY,0.3492,141,0,cfscore_plus_imputed
21075,,KY,0.3492,141,0,cfscore_plus_imputed
21083,,KY,0.3492,141,0,cfscore_plus_imputed
21101,,KY,0.3492,141,0,cfscore_plus_imputed
21105,,KY,0.3492,141,0,cfscore_plus_imputed
21107,,KY,0.3492,141,0,cfscore_plus_imputed
21139,,KY,0.3492,141,0,cfscore_plus_imputed
21141,,KY,0.3492,141,0,cfscore_plus_imputed
21143,,KY,0.3492,141,0,cfscore_plus_imputed
21145,,KY,0.3492,141,0,cfscore_plus_imputed
21155,,KY,0.3492,141,0,cfscore_plus_imputed
21157,,KY,0.3492,141,0,cfscore_plus_imputed
21169,,KY,0.3492,141,0,cfscore_plus_imputed
21171,,KY,0.3492,141,0,cfscore_plus_imputed
21207,,KY,0.3492,141,0,cfscore_plus_imputed
21213,,KY,0.3492,141,0,cfscore_plus_imputed
21217,,KY,0.3492,141,0,cfscore_plus_imputed
21219,,KY,0.3492,141,0,cfscore_plus_imputed
21221,,KY,0.3492,141,0,cfscore_plus_imputed
21225,,KY,0.3492,141,0,cfscore_plus_imputed
21229,,KY,0.3492,141,0,cfscore_plus_imputed
21233,,KY,0.3492,141,0,cfscore_plus_imputed
21009,,KY,0.3492,141,0,cfscore_plus_imputed
21027,,KY,0.3492,141,0,cfscore_plus_imputed
21029,,KY,0.3492,141,0,cfscore_plus_imputed
21031,,KY,0.3492,141,0,cfscore_plus_imputed
21059,,KY,0.3492,141,0,cfscore_plus_imputed
21061,,KY,0.3492,141,0,cfscore_plus_imputed
21085,,KY,0.3492,141,0,cfscore_plus_imputed
21087,,KY,0.3492,141,0,cfscore_plus_imputed
21091,,KY,0.3492,141,0,cfscore_plus_imputed
21093,,KY,0.3492,141,0,cfscore_plus_imputed
21099,,KY,0.3492,141,0,cfscore_plus_imputed
21111,,KY,0.3492,141,0,cfscore_plus_imputed
21123,,KY,0.3492,141,0,cfscore_plus_imputed
21149,,KY,0.3492,141,0,cfscore_plus_imputed
21163,,KY,0.3492,141,0,cfscore_plus_imputed
21177,,KY,0.3492,141,0,cfscore_plus_imputed
21179,,KY,0.3492,141,0,cfscore_plus_imputed
21183,,KY,0.3492,141,0,cfscore_plus_imputed
21227,,KY,0.3492,141,0,cfscore_plus_imputed
21015,,KY,0.3492,141,0,cfscore_plus_imputed
21023,,KY,0.3492,141,0,cfscore_plus_imputed
21037,,KY,0.3492,141,0,cfscore_plus_imputed
21041,,KY,0.3492,141,0,cfscore_plus_imputed
21043,,KY,0.3492,141,0,cfscore_plus_imputed
21077,,KY,0.3492,141,0,cfscore_plus_imputed
21081,,KY,0.3492,141,0,cfscore_plus_imputed
21089,,KY,0.3492,141,0,cfscore_plus_imputed
21097,,KY,0.3492,141,0,cfscore_plus_imputed
21103,,KY,0.3492,141,0,cfscore_plus_imputed
21117,,KY,0.3492,141,0,cfscore_plus_imputed
21135,,KY,0.3492,141,0,cfscore_plus_imputed
21161,,KY,0.3492,141,0,cfscore_plus_imputed
21185,,KY,0.3492,141,0,cfscore_plus_imputed
21187,,KY,0.3492,141,0,cfscore_plus_imputed
21191,,KY,0.3492,141,0,cfscore_plus_imputed
21201,,KY,0.3492,141,0,cfscore_plus_imputed
21211,,KY,0.3492,141,0,cfscore_plus_imputed
21215,,KY,0.3492,141,0,cfscore_plus_imputed
21223,,KY,0.3492,141,0,cfscore_plus_imputed
21011,,KY,0.3492,141,0,cfscore_plus_imputed
21013,,KY,0.3492,141,0,cfscore_plus_imputed
21019,,KY,0.3492,141,0,cfscore_plus_imputed
21025,,KY,0.3492,141,0,cfscore_plus_imputed
21051,,KY,0.3492,141,0,cfscore_plus_imputed
21063,,KY,0.3492,141,0,cfscore_plus_imputed
21071,,KY,0.3492,141,0,cfscore_plus_imputed
21095,,KY,0.3492,141,0,cfscore_plus_imputed
21109,,KY,0.3492,141,0,cfscore_plus_imputed
21115,,KY,0.3492,141,0,cfscore_plus_imputed
21119,,KY,0.3492,141,0,cfscore_plus_imputed
21121,,KY,0.3492,141,0,cfscore_plus_imputed
21125,,KY,0.3492,141,0,cfscore_plus_imputed
21127,,KY,0.3492,141,0,cfscore_plus_imputed
21129,,KY,0.3492,141,0,cfscore_plus_imputed
21131,,KY,0.3492,141,0,cfscore_plus_imputed
21133,,KY,0.3492,141,0,cfscore_plus_imputed
21137,,KY,0.3492,141,0,cfscore_plus_imputed
21147,,KY,0.3492,141,0,cfscore_plus_imputed
21153,,KY,0.3492,141,0,cfscore_plus_imputed
21159,,KY,0.3492,141,0,cfscore_plus_imputed
21165,,KY,0.3492,141,0,cfscore_plus_imputed
21175,,KY,0.3492,141,0,cfscore_plus_imputed
21189,,KY,0.3492,141,0,cfscore_plus_imputed
21193,,KY,0.3492,141,0,cfscore_plus_imputed
21195,,KY,0.3492,141,0,cfscore_plus_imputed
21199,,KY,0.3492,141,0,cfscore_plus_imputed
21203,,KY,0.3492,141,0,cfscore_plus_imputed
21205,,KY,0.3492,141,0,cfscore_plus_imputed
21231,,KY,0.3492,141,0,cfscore_plus_imputed
21235,,KY,0.3492,141,0,cfscore_plus_imputed
21237,,KY,0.3492,141,0,cfscore_plus_imputed
21017,,KY,0.3492,141,0,cfscore_plus_imputed
21049,,KY,0.3492,141,0,cfscore_plus_imputed
21065,,KY,0.3492,141,0,cfscore_plus_imputed
21067,,KY,0.3492,141,0,cfscore_plus_imputed
21069,,KY,0.3492,141,0,cfscore_plus_imputed
21079,,KY,0.3492,141,0,cfscore_plus_imputed
21113,,KY,0.3492,141,0,cfscore_plus_imputed
21151,,KY,0.3492,141,0,cfscore_plus_imputed
21167,,KY,0.3492,141,0,cfscore_plus_imputed
21173,,KY,0.3492,141,0,cfscore_plus_imputed
21181,,KY,0.3492,141,0,cfscore_plus_imputed
21197,,KY,0.3492,141,0,cfscore_plus_imputed
21209,,KY,0.3492,141,0,cfscore_plus_imputed
21239,,KY,0.3492,141,0,cfscore_plus_imputed
22051,,LA,0.3565,147,0,cfscore_plus_imputed
22057,,LA,0.3565,147,0,cfscore_plus_imputed
22071,,LA,0.3565,147,0,cfscore_plus_imputed
22075,,LA,0.3565,147,0,cfscore_plus_imputed
22087,,LA,0.3565,147,0,cfscore_plus_imputed
22103,,LA,0.3565,147,0,cfscore_plus_imputed
22105,,LA,0.3565,147,0,cfscore_plus_imputed
22109,,LA,0.3565,147,0,cfscore_plus_imputed
22005,,LA,0.3565,147,0,cfscore_plus_imputed
22007,,LA,0.3565,147,0,cfscore_plus_imputed
22033,,LA,0.3565,147,0,cfscore_plus_imputed
22047,,LA,0.3565,147,0,cfscore_plus_imputed
22089,,LA,0.3565,147,0,cfscore_plus_imputed
22093,,LA,0.3565,147,0,cfscore_plus_imputed
22095,,LA,0.3565,147,0,cfscore_plus_imputed
22121,,LA,0.3565,147,0,cfscore_plus_imputed
22001,,LA,0.3565,147,0,cfscore_plus_imputed
22019,,LA,0.3565,147,0,cfscore_plus_imputed
22023,,LA,0.3565,147,0,cfscore_plus_imputed
22045,,LA,0.3565,147,0,cfscore_plus_imputed
22053,,LA,0.3565,147,0,cfscore_plus_imputed
22055,,LA,0.3565,147,0,cfscore_plus_imputed
22099,,LA,0.3565,147,0,cfscore_plus_imputed
22101,,LA,0.3565,147,0,cfscore_plus_imputed
22113,,LA,0.3565,147,0,cfscore_plus_imputed
22003,,LA,0.3565,147,0,cfscore_plus_imputed
22011,,LA,0.3565,147,0,cfscore_plus_imputed
22013,,LA,0.3565,147,0,cfscore_plus_imputed
22015,,LA,0.3565,147,0,cfscore_plus_imputed
22017,,LA,0.3565,147,0,cfscore_plus_imputed
22027,,LA,0.3565,147,0,cfscore_plus_imputed
22031,,LA,0.3565,147,0,cfscore_plus_imputed
22039,,LA,0.3565,147,0,cfscore_plus_imputed
22043,,LA,0.3565,147,0,cfscore_plus_imputed
22069,,LA,0.3565,147,0,cfscore_plus_imputed
22081,,LA,0.3565,147,0,cfscore_plus_imputed
22085,,LA,0.3565,147,0,cfscore_plus_imputed
22097,,LA,0.3565,147,0,cfscore_plus_imputed
22111,,LA,0.3565,147,0,cfscore_plus_imputed
22115,,LA,0.3565,147,0,cfscore_plus_imputed
22119,,LA,0.3565,147,0,cfscore_plus_imputed
22009,,LA,0.3565,147,0,cfscore_plus_imputed
22021,,LA,0.3565,147,0,cfscore_plus_imputed
22025,,LA,0.3565,147,0,cfscore_plus_imputed
22029,,LA,0.3565,147,0,cfscore_plus_imputed
22035,,LA,0.3565,147,0,cfscore_plus_imputed
22037,,LA,0.3565,147,0,cfscore_plus_imputed
22041,,LA,0.3565,147,0,cfscore_plus_imputed
22049,,LA,0.3565,147,0,cfscore_plus_imputed
22059,,LA,0.3565,147,0,cfscore_plus_imputed
22061,,LA,0.3565,147,0,cfscore_plus_imputed
22065,,LA,0.3565,147,0,cfscore_plus_imputed
22067,,LA,0.3565,147,0,cfscore_plus_imputed
22073,,LA,0.3565,147,0,cfscore_plus_imputed
22077,,LA,0.3565,147,0,cfscore_plus_imputed
22079,,LA,0.3565,147,0,cfscore_plus_imputed
22083,,LA,0.3565,147,0,cfscore_plus_imputed
22091,,LA,0.3565,147,0,cfscore_plus_imputed
22107,,LA,0.3565,147,0,cfscore_plus_imputed
22117,,LA,0.3565,147,0,cfscore_plus_imputed
22123,,LA,0.3565,147,0,cfscore_plus_imputed
22125,,LA,0.3565,147,0,cfscore_plus_imputed
22127,,LA,0.3565,147,0,cfscore_plus_imputed
22063,,LA,0.3565,147,0,cfscore_plus_imputed
23005,,ME,0.4751,189,0,cfscore_plus_imputed
23011,,ME,0.4751,189,0,cfscore_plus_imputed
23013,,ME,0.4751,189,0,cfscore_plus_imputed
23015,,ME,0.4751,189,0,cfscore_plus_imputed
23023,,ME,0.4751,189,0,cfscore_plus_imputed
23031,,ME,0.4751,189,0,cfscore_plus_imputed
23001,,ME,0.4751,189,0,cfscore_plus_imputed
23003,,ME,0.4751,189,0,cfscore_plus_imputed
23007,,ME,0.4751,189,0,cfscore_plus_imputed
23009,,ME,0.4751,189,0,cfscore_plus_imputed
23017,,ME,0.4751,189,0,cfscore_plus_imputed
23019,,ME,0.4751,189,0,cfscore_plus_imputed
23021,,ME,0.4751,189,0,cfscore_plus_imputed
23025,,ME,0.4751,189,0,cfscore_plus_imputed
23027,,ME,0.4751,189,0,cfscore_plus_imputed
23029,,ME,0.4751,189,0,cfscore_plus_imputed
24005,,MD,0.5847,191,0,cfscore_plus_imputed
24011,,MD,0.5847,191,0,cfscore_plus_imputed
24015,,MD,0.5847,191,0,cfscore_plus_imputed
24019,,MD,0.5847,191,0,cfscore_plus_imputed
24025,,MD,0.5847,191,0,cfscore_plus_imputed
24029,,MD,0.5847,191,0,cfscore_plus_imputed
24035,,MD,0.5847,191,0,cfscore_plus_imputed
24039,,MD,0.5847,191,0,cfscore_plus_imputed
24041,,MD,0.5847,191,0,cfscore_plus_imputed
24045,,MD,0.5847,191,0,cfscore_plus_imputed
24047,,MD,0.5847,191,0,cfscore_plus_imputed
24013,,MD,0.5847,191,0,cfscore_plus_imputed
24510,,MD,0.5847,191,0,cfscore_plus_imputed
24003,,MD,0.5847,191,0,cfscore_plus_imputed
24027,,MD,0.5847,191,0,cfscore_plus_imputed
24031,,MD,0.5847,191,0,cfscore_plus_imputed
24033,,MD,0.5847,191,0,cfscore_plus_imputed
24009,,MD,0.5847,191,0,cfscore_plus_imputed
24017,,MD,0.5847,191,0,cfscore_plus_imputed
24037,,MD,0.5847,191,0,cfscore_plus_imputed
24001,,MD,0.5847,191,0,cfscore_plus_imputed
24021,,MD,0.5847,191,0,cfscore_plus_imputed
24023,,MD,0.5847,191,0,cfscore_plus_imputed
24043,,MD,0.5847,191,0,cfscore_plus_imputed
25003,,MA,0.6206,206,0,cfscore_plus_imputed
25011,,MA,0.6206,206,0,cfscore_plus_imputed
25013,,MA,0.6206,206,0,cfscore_plus_imputed
25015,,MA,0.6206,206,0,cfscore_plus_imputed
25027,,MA,0.6206,206,0,cfscore_plus_imputed
25017,,MA,0.6206,206,0,cfscore_plus_imputed
25021,,MA,0.6206,206,0,cfscore_plus_imputed
25009,,MA,0.6206,206,0,cfscore_plus_imputed
25005,,MA,0.6206,206,0,cfscore_plus_imputed
25023,,MA,0.6206,206,0,cfscore_plus_imputed
25025,,MA,0.6206,206,0,cfscore_plus_imputed
25001,,MA,0.6206,206,0,cfscore_plus_imputed
25007,,MA,0.6206,206,0,cfscore_plus_imputed
25019,,MA,0.6206,206,0,cfscore_plus_imputed
26001,,MI,0.48,152,0,cfscore_plus_imputed
26003,,MI,0.48,152,0,cfscore_plus_imputed
26007,,MI,0.48,152,0,cfscore_plus_imputed
26009,,MI,0.48,152,0,cfscore_plus_imputed
26011,,MI,0.48,152,0,cfscore_plus_imputed
26013,,MI,0.48,152,0,cfscore_plus_imputed
26019,,MI,0.48,152,0,cfscore_plus_imputed
26029,,MI,0.48,152,0,cfscore_plus_imputed
26031,,MI,0.48,152,0,cfscore_plus_imputed
26033,,MI,0.48,152,0,cfscore_plus_imputed
26039,,MI,0.48,152,0,cfscore_plus_imputed
26041,,MI,0.48,152,0,cfscore_plus_imputed
26043,,MI,0.48,152,0,cfscore_plus_imputed
26047,,MI,0.48,152,0,cfscore_plus_imputed
26053,,MI,0.48,152,0,cfscore_plus_imputed
26055,,MI,0.48,152,0,cfscore_plus_imputed
26061,,MI,0.48,152,0,cfscore_plus_imputed
26069,,MI,0.48,152,0,cfscore_plus_imputed
26071,,MI,0.48,152,0,cfscore_plus_imputed
26079,,MI,0.48,152,0,cfscore_plus_imputed
26083,,MI,0.48,152,0,cfscore_plus_imputed
26089,,MI,0.48,152,0,cfscore_plus_imputed
26095,,MI,0.48,152,0,cfscore_plus_imputed
26097,,MI,0.48,152,0,cfscore_plus_imputed
26103,,MI,0.48,152,0,cfscore_plus_imputed
26109,,MI,0.48,152,0,cfscore_plus_imputed
26113,,MI,0.48,152,0,cfscore_plus_imputed
26119,,MI,0.48,152,0,cfscore_plus_imputed
26129,,MI,0.48,152,0,cfscore_plus_imputed
26131,,MI,0.48,152,0,cfscore_plus_imputed
26135,,MI,0.48,152,0,cfscore_plus_imputed
26137,,MI,0.48,152,0,cfscore_plus_imputed
26141,,MI,0.48,152,0,cfscore_plus_imputed
26143,,MI,0.48,152,0,cfscore_plus_imputed
26153,,MI,0.48,152,0,cfscore_plus_imputed
26165,,MI,0.48,152,0,cfscore_plus_imputed
26015,,MI,0.48,152,0,cfscore_plus_imputed
26035,,MI,0.48,152,0,cfscore_plus_imputed
26045,,MI,0.48,152,0,cfscore_plus_imputed
26051,,MI,0.48,152,0,cfscore_plus_imputed
26057,,MI,0.48,152,0,cfscore_plus_imputed
26067,,MI,0.48,152,0,cfscore_plus_imputed
26073,,MI,0.48,152,0,cfscore_plus_imputed
26081,,MI,0.48,152,0,cfscore_plus_imputed
26085,,MI,0.48,152,0,cfscore_plus_imputed
26101,,MI,0.48,152,0,cfscore_plus_imputed
26105,,MI,0.48,152,0,cfscore_plus_imputed
26107,,MI,0.48,152,0,cfscore_plus_imputed
26111,,MI,0.48,152,0,cfscore_plus_imputed
26117,,MI,0.48,152,0,cfscore_plus_imputed
26121,,MI,0.48,152,0,cfscore_plus_imputed
26123,,MI,0.48,152,0,cfscore_plus_imputed
26127,,MI,0.48,152,0,cfscore_plus_imputed
26133,,MI,0.48,152,0,cfscore_plus_imputed
26139,,MI,0.48,152,0,cfscore_plus_imputed
26005,,MI,0.48,152,0,cfscore_plus_imputed
26021,,MI,0.48,152,0,cfscore_plus_imputed
26025,,MI,0.48,152,0,cfscore_plus_imputed
26077,,MI,0.48,152,0,cfscore_plus_imputed
26159,,MI,0.48,152,0,cfscore_plus_imputed
26023,,MI,0.48,152,0,cfscore_plus_imputed
26027,,MI,0.48,152,0,cfscore_plus_imputed
26059,,MI,0.48,152,0,cfscore_plus_imputed
26075,,MI,0.48,152,0,cfscore_plus_imputed
26091,,MI,0.48,152,0,cfscore_plus_imputed
26115,,MI,0.48,152,0,cfscore_plus_imputed
26149,,MI,0.48,152,0,cfscore_plus_imputed
26125,,MI,0.48,152,0,cfscore_plus_imputed
26161,,MI,0.48,152,0,cfscore_plus_imputed
26163,,MI,0.48,152,0,cfscore_plus_imputed
26037,,MI,0.48,152,0,cfscore_plus_imputed
26049,,MI,0.48,152,0,cfscore_plus_imputed
26065,,MI,0.48,152,0,cfscore_plus_imputed
26093,,MI,0.48,152,0,cfscore_plus_imputed
26155,,MI,0.48,152,0,cfscore_plus_imputed
26017,,MI,0.48,152,0,cfscore_plus_imputed
26145,,MI,0.48,152,0,cfscore_plus_imputed
26157,,MI,0.48,152,0,cfscore_plus_imputed
26063,,MI,0.48,152,0,cfscore_plus_imputed
26087,,MI,0.48,152,0,cfscore_plus_imputed
26099,,MI,0.48,152,0,cfscore_plus_imputed
26147,,MI,0.48,152,0,cfscore_plus_imputed
26151,,MI,0.48,152,0,cfscore_plus_imputed
27013,,MN,0.4585,205,0,cfscore_plus_imputed
27015,,MN,0.4585,205,0,cfscore_plus_imputed
27039,,MN,0.4585,205,0,cfscore_plus_imputed
27043,,MN,0.4585,205,0,cfscore_plus_imputed
27045,,MN,0.4585,205,0,cfscore_plus_imputed
27047,,MN,0.4585,205,0,cfscore_plus_imputed
27049,,MN,0.4585,205,0,cfscore_plus_imputed
27055,,MN,0.4585,205,0,cfscore_plus_imputed
27063,,MN,0.4585,205,0,cfscore_plus_imputed
27091,,MN,0.4585,205,0,cfscore_plus_imputed
27099,,MN,0.4585,205,0,cfscore_plus_imputed
27103,,MN,0.4585,205,0,cfscore_plus_imputed
27105,,MN,0.4585,205,0,cfscore_plus_imputed
27109,,MN,0.4585,205,0,cfscore_plus_imputed
27131,,MN,0.4585,205,0,cfscore_plus_imputed
27133,,MN,0.4585,205,0,cfscore_plus_imputed
27147,,MN,0.4585,205,0,cfscore_plus_imputed
27157,,MN,0.4585,205,0,cfscore_plus_imputed
27161,,MN,0.4585,205,0,cfscore_plus_imputed
27165,,MN,0.4585,205,0,cfscore_plus_imputed
27169,,MN,0.4585,205,0,cfscore_plus_imputed
27037,,MN,0.4585,205,0,cfscore_plus_imputed
27079,,MN,0.4585,205,0,cfscore_plus_imputed
27139,,MN,0.4585,205,0,cfscore_plus_imputed
27163,,MN,0.4585,205,0,cfscore_plus_imputed
27003,,MN,0.4585,205,0,cfscore_plus_imputed
27053,,MN,0.4585,205,0,cfscore_plus_imputed
27123,,MN,0.4585,205,0,cfscore_plus_imputed
27009,,MN,0.4585,205,0,cfscore_plus_imputed
27019,,MN,0.4585,205,0,cfscore_plus_imputed
27141,,MN,0.4585,205,0,cfscore_plus_imputed
27145,,MN,0.4585,205,0,cfscore_plus_imputed
27171,,MN,0.4585,205,0,cfscore_plus_imputed
27005,,MN,0.4585,205,0,cfscore_plus_imputed
27011,,MN,0.4585,205,0,cfscore_plus_imputed
27023,,MN,0.4585,205,0,cfscore_plus_imputed
27027,,MN,0.4585,205,0,cfscore_plus_imputed
27033,,MN,0.4585,205,0,cfscore_plus_imputed
27041,,MN,0.4585,205,0,cfscore_plus_imputed
27051,,MN,0.4585,205,0,cfscore_plus_imputed
27057,,MN,0.4585,205,0,cfscore_plus_imputed
27067,,MN,0.4585,205,0,cfscore_plus_imputed
27069,,MN,0.4585,205,0,cfscore_plus_imputed
27073,,MN,0.4585,205,0,cfscore_plus_imputed
27081,,MN,0.4585,205,0,cfscore_plus_imputed
27083,,MN,0.4585,205,0,cfscore_plus_imputed
27085,,MN,0.4585,205,0,cfscore_plus_imputed
27089,,MN,0.4585,205,0,cfscore_plus_imputed
27093,,MN,0.4585,205,0,cfscore_plus_imputed
27097,,MN,0.4585,205,0,cfscore_plus_imputed
27101,,MN,0.4585,205,0,cfscore_plus_imputed
27107,,MN,0.4585,205,0,cfscore_plus_imputed
27111,,MN,0.4585,205,0,cfscore_plus_imputed
27113,,MN,0.4585,205,0,cfscore_plus_imputed
27117,,MN,0.4585,205,0,cfscore_plus_imputed
27119,,MN,0.4585,205,0,cfscore_plus_imputed
27121,,MN,0.4585,205,0,cfscore_plus_imputed
27125,,MN,0.4585,205,0,cfscore_plus_imputed
27127,,MN,0.4585,205,0,cfscore_plus_imputed
27129,,MN,0.4585,205,0,cfscore_plus_imputed
27135,,MN,0.4585,205,0,cfscore_plus_imputed
27143,,MN,0.4585,205,0,cfscore_plus_imputed
27149,,MN,0.4585,205,0,cfscore_plus_imputed
27151,,MN,0.4585,205,0,cfscore_plus_imputed
27153,,MN,0.4585,205,0,cfscore_plus_imputed
27155,,MN,0.4585,205,0,cfscore_plus_imputed
27159,,MN,0.4585,205,0,cfscore_plus_imputed
27167,,MN,0.4585,205,0,cfscore_plus_imputed
27173,,MN,0.4585,205,0,cfscore_plus_imputed
27001,,MN,0.4585,205,0,cfscore_plus_imputed
27007,,MN,0.4585,205,0,cfscore_plus_imputed
27017,,MN,0.4585,205,0,cfscore_plus_imputed
27021,,MN,0.4585,205,0,cfscore_plus_imputed
27025,,MN,0.4585,205,0,cfscore_plus_imputed
27029,,MN,0.4585,205,0,cfscore_plus_imputed
27031,,MN,0.4585,205,0,cfscore_plus_imputed
27035,,MN,0.4585,205,0,cfscore_plus_imputed
27059,,MN,0.4585,205,0,cfscore_plus_imputed
27061,,MN,0.4585,205,0,cfscore_plus_imputed
27065,,MN,0.4585,205,0,cfscore_plus_imputed
27071,,MN,0.4585,205,0,cfscore_plus_imputed
27075,,MN,0.4585,205,0,cfscore_plus_imputed
27077,,MN,0.4585,205,0,cfscore_plus_imputed
27087,,MN,0.4585,205,0,cfscore_plus_imputed
27095,,MN,0.4585,205,0,cfscore_plus_imputed
27115,,MN,0.4585,205,0,cfscore_plus_imputed
27137,,MN,0.4585,205,0,cfscore_plus_imputed
28003,,MS,0.3724,177,0,cfscore_plus_imputed
28009,,MS,0.3724,177,0,cfscore_plus_imputed
28013,,MS,0.3724,177,0,cfscore_plus_imputed
28017,,MS,0.3724,177,0,cfscore_plus_imputed
28019,,MS,0.3724,177,0,cfscore_plus_imputed
28025,,MS,0.3724,177,0,cfscore_plus_imputed
28033,,MS,0.3724,177,0,cfscore_plus_imputed
28057,,MS,0.3724,177,0,cfscore_plus_imputed
28071,,MS,0.3724,177,0,cfscore_plus_imputed
28081,,MS,0.3724,177,0,cfscore_plus_imputed
28087,,MS,0.3724,177,0,cfscore_plus_imputed
28093,,MS,0.3724,177,0,cfscore_plus_imputed
28095,,MS,0.3724,177,0,cfscore_plus_imputed
28105,,MS,0.3724,177,0,cfscore_plus_imputed
28115,,MS,0.3724,177,0,cfscore_plus_imputed
28117,,MS,0.3724,177,0,cfscore_plus_imputed
28137,,MS,0.3724,177,0,cfscore_plus_imputed
28139,,MS,0.3724,177,0,cfscore_plus_imputed
28141,,MS,0.3724,177,0,cfscore_plus_imputed
28145,,MS,0.3724,177,0,cfscore_plus_imputed
28155,,MS,0.3724,177,0,cfscore_plus_imputed
28001,,MS,0.3724,177,0,cfscore_plus_imputed
28005,,MS,0.3724,177,0,cfscore_plus_imputed
28007,,MS,0.3724,177,0,cfscore_plus_imputed
28011,,MS,0.3724,177,0,cfscore_plus_imputed
28015,,MS,0.3724,177,0,cfscore_plus_imputed
28021,,MS,0.3724,177,0,cfscore_plus_imputed
28027,,MS,0.3724,177,0,cfscore_plus_imputed
28029,,MS,0.3724,177,0,cfscore_plus_imputed
28037,,MS,0.3724,177,0,cfscore_plus_imputed
28043,,MS,0.3724,177,0,cfscore_plus_imputed
28049,,MS,0.3724,177,0,cfscore_plus_imputed
28051,,MS,0.3724,177,0,cfscore_plus_imputed
28053,,MS,0.3724,177,0,cfscore_plus_imputed
28055,,MS,0.3724,177,0,cfscore_plus_imputed
28063,,MS,0.3724,177,0,cfscore_plus_imputed
28079,,MS,0.3724,177,0,cfscore_plus_imputed
28083,,MS,0.3724,177,0,cfscore_plus_imputed
28089,,MS,0.3724,177,0,cfscore_plus_imputed
28097,,MS,0.3724,177,0,cfscore_plus_imputed
28107,,MS,0.3724,177,0,cfscore_plus_imputed
28119,,MS,0.3724,177,0,cfscore_plus_imputed
28125,,MS,0.3724,177,0,cfscore_plus_imputed
28133,,MS,0.3724,177,0,cfscore_plus_imputed
28135,,MS,0.3724,177,0,cfscore_plus_imputed
28143,,MS,0.3724,177,0,cfscore_plus_imputed
28149,,MS,0.3724,177,0,cfscore_plus_imputed
28151,,MS,0.3724,177,0,cfscore_plus_imputed
28157,,MS,0.3724,177,0,cfscore_plus_imputed
28161,,MS,0.3724,177,0,cfscore_plus_imputed
28163,,MS,0.3724,177,0,cfscore_plus_imputed
28023,,MS,0.3724,177,0,cfscore_plus_imputed
28031,,MS,0.3724,177,0,cfscore_plus_imputed
28061,,MS,0.3724,177,0,cfscore_plus_imputed
28065,,MS,0.3724,177,0,cfscore_plus_imputed
28067,,MS,0.3724,177,0,cfscore_plus_imputed
28069,,MS,0.3724,177,0,cfscore_plus_imputed
28075,,MS,0.3724,177,0,cfscore_plus_imputed
28077,,MS,0.3724,177,0,cfscore_plus_imputed
28085,,MS,0.3724,177,0,cfscore_plus_imputed
28091,,MS,0.3724,177,0,cfscore_plus_imputed
28099,,MS,0.3724,177,0,cfscore_plus_imputed
28101,,MS,0.3724,177,0,cfscore_plus_imputed
28103,,MS,0.3724,177,0,cfscore_plus_imputed
28113,,MS,0.3724,177,0,cfscore_plus_imputed
28121,,MS,0.3724,177,0,cfscore_plus_imputed
28123,,MS,0.3724,177,0,cfscore_plus_imputed
28127,,MS,0.3724,177,0,cfscore_plus_imputed
28129,,MS,0.3724,177,0,cfscore_plus_imputed
28147,,MS,0.3724,177,0,cfscore_plus_imputed
28159,,MS,0.3724,177,0,cfscore_plus_imputed
28035,,MS,0.3724,177,0,cfscore_plus_imputed
28039,,MS,0.3724,177,0,cfscore_plus_imputed
28041,,MS,0.3724,177,0,cfscore_plus_imputed
28045,,MS,0.3724,177,0,cfscore_plus_imputed
28047,,MS,0.3724,177,0,cfscore_plus_imputed
28059,,MS,0.3724,177,0,cfscore_plus_imputed
28073,,MS,0.3724,177,0,cfscore_plus_imputed
28109,,MS,0.3724,177,0,cfscore_plus_imputed
28111,,MS,0.3724,177,0,cfscore_plus_imputed
28131,,MS,0.3724,177,0,cfscore_plus_imputed
28153,,MS,0.3724,177,0,cfscore_plus_imputed
29189,,MO,0.3716,193,0,cfscore_plus_imputed
29510,,MO,0.3716,193,0,cfscore_plus_imputed
29071,,MO,0.3716,193,0,cfscore_plus_imputed
29183,,MO,0.3716,193,0,cfscore_plus_imputed
29219,,MO,0.3716,193,0,cfscore_plus_imputed
29019,,MO,0.3716,193,0,cfscore_plus_imputed
29027,,MO,0.3716,193,0,cfscore_plus_imputed
29029,,MO,0.3716,193,0,cfscore_plus_imputed
29051,,MO,0.3716,193,0,cfscore_plus_imputed
29053,,MO,0.3716,193,0,cfscore_plus_imputed
29055,,MO,0.3716,193,0,cfscore_plus_imputed
29073,,MO,0.3716,193,0,cfscore_plus_imputed
29099,,MO,0.3716,193,0,cfscore_plus_imputed
29125,,MO,0.3716,193,0,cfscore_plus_imputed
29131,,MO,0.3716,193,0,cfscore_plus_imputed
29135,,MO,0.3716,193,0,cfscore_plus_imputed
29139,,MO,0.3716,193,0,cfscore_plus_imputed
29151,,MO,0.3716,193,0,cfscore_plus_imputed
29221,,MO,0.3716,193,0,cfscore_plus_imputed
29011,,MO,0.3716,193,0,cfscore_plus_imputed
29013,,MO,0.3716,193,0,cfscore_plus_imputed
29015,,MO,0.3716,193,0,cfscore_plus_imputed
29037,,MO,0.3716,193,0,cfscore_plus_imputed
29039,,MO,0.3716,193,0,cfscore_plus_imputed
29057,,MO,0.3716,193,0,cfscore_plus_imputed
29059,,MO,0.3716,193,0,cfscore_plus_imputed
29083,,MO,0.3716,193,0,cfscore_plus_imputed
29085,,MO,0.3716,193,0,cfscore_plus_imputed
29089,,MO,0.3716,193,0,cfscore_plus_imputed
29095,,MO,0.3716,193,0,cfscore_plus_imputed
29101,,MO,0.3716,193,0,cfscore_plus_imputed
29105,,MO,0.3716,193,0,cfscore_plus_imputed
29107,,MO,0.3716,193,0,cfscore_plus_imputed
29141,,MO,0.3716,193,0,cfscore_plus_imputed
29159,,MO,0.3716,193,0,cfscore_plus_imputed
29167,,MO,0.3716,193,0,cfscore_plus_imputed
29169,,MO,0.3716,193,0,cfscore_plus_imputed
29185,,MO,0.3716,193,0,cfscore_plus_imputed
29195,,MO,0.3716,193,0,cfscore_plus_imputed
29217,,MO,0.3716,193,0,cfscore_plus_imputed
29225,,MO,0.3716,193,0,cfscore_plus_imputed
29047,,MO,0.3716,193,0,cfscore_plus_imputed
29001,,MO,0.3716,193,0,cfscore_plus_imputed
29003,,MO,0.3716,193,0,cfscore_plus_imputed
29005,,MO,0.3716,193,0,cfscore_plus_imputed
29007,,MO,0.3716,193,0,cfscore_plus_imputed
29021,,MO,0.3716,193,0,cfscore_plus_imputed
29025,,MO,0.3716,193,0,cfscore_plus_imputed
29033,,MO,0.3716,193,0,cfscore_plus_imputed
29041,,MO,0.3716,193,0,cfscore_plus_imputed
29045,,MO,0.3716,193,0,cfscore_plus_imputed
29049,,MO,0.3716,193,0,cfscore_plus_imputed
29061,,MO,0.3716,193,0,cfscore_plus_imputed
29063,,MO,0.3716,193,0,cfscore_plus_imputed
29075,,MO,0.3716,193,0,cfscore_plus_imputed
29079,,MO,0.3716,193,0,cfscore_plus_imputed
29081,,MO,0.3716,193,0,cfscore_plus_imputed
29087,,MO,0.3716,193,0,cfscore_plus_imputed
29103,,MO,0.3716,193,0,cfscore_plus_imputed
29111,,MO,0.3716,193,0,cfscore_plus_imputed
29113,,MO,0.3716,193,0,cfscore_plus_imputed
29115,,MO,0.3716,193,0,cfscore_plus_imputed
29117,,MO,0.3716,193,0,cfscore_plus_imputed
29121,,MO,0.3716,193,0,cfscore_plus_imputed
29127,,MO,0.3716,193,0,cfscore_plus_imputed
29129,,MO,0.3716,193,0,cfscore_plus_imputed
29137,,MO,0.3716,193,0,cfscore_plus_imputed
29147,,MO,0.3716,193,0,cfscore_plus_imputed
29163,,MO,0.3716,193,0,cfscore_plus_imputed
29165,,MO,0.3716,193,0,cfscore_plus_imputed
29171,,MO,0.3716,193,0,cfscore_plus_imputed
29173,,MO,0.3716,193,0,cfscore_plus_imputed
29175,,MO,0.3716,193,0,cfscore_plus_imputed
29177,,MO,0.3716,193,0,cfscore_plus_imputed
29197,,MO,0.3716,193,0,cfscore_plus_imputed
29199,,MO,0.3716,193,0,cfscore_plus_imputed
29205,,MO,0.3716,193,0,cfscore_plus_imputed
29211,,MO,0.3716,193,0,cfscore_plus_imputed
29227,,MO,0.3716,193,0,cfscore_plus_imputed
29009,,MO,0.3716,193,0,cfscore_plus_imputed
29043,,MO,0.3716,193,0,cfscore_plus_imputed
29077,,MO,0.3716,193,0,cfscore_plus_imputed
29097,,MO,0.3716,193,0,cfscore_plus_imputed
29109,,MO,0.3716,193,0,cfscore_plus_imputed
29119,,MO,0.3716,193,0,cfscore_plus_imputed
29145,,MO,0.3716,193,0,cfscore_plus_imputed
29209,,MO,0.3716,193,0,cfscore_plus_imputed
29213,,MO,0.3716,193,0,cfscore_plus_imputed
29017,,MO,0.3716,193,0,cfscore_plus_imputed
29023,,MO,0.3716,193,0,cfscore_plus_imputed
29031,,MO,0.3716,193,0,cfscore_plus_imputed
29035,,MO,0.3716,193,0,cfscore_plus_imputed
29065,,MO,0.3716,193,0,cfscore_plus_imputed
29067,,MO,0.3716,193,0,cfscore_plus_imputed
29069,,MO,0.3716,193,0,cfscore_plus_imputed
29091,,MO,0.3716,193,0,cfscore_plus_imputed
29093,,MO,0.3716,193,0,cfscore_plus_imputed
29123,,MO,0.3716,193,0,cfscore_plus_imputed
29133,,MO,0.3716,193,0,cfscore_plus_imputed
29143,,MO,0.3716,193,0,cfscore_plus_imputed
29149,,MO,0.3716,193,0,cfscore_plus_imputed
29153,,MO,0.3716,193,0,cfscore_plus_imputed
29155,,MO,0.3716,193,0,cfscore_plus_imputed
29157,,MO,0.3716,193,0,cfscore_plus_imputed
29161,,MO,0.3716,193,0,cfscore_plus_imputed
29179,,MO,0.3716,193,0,cfscore_plus_imputed
29181,,MO,0.3716,193,0,cfscore_plus_imputed
29186,,MO,0.3716,193,0,cfscore_plus_imputed
29187,,MO,0.3716,193,0,cfscore_plus_imputed
29201,,MO,0.3716,193,0,cfscore_plus_imputed
29203,,MO,0.3716,193,0,cfscore_plus_imputed
29207,,MO,0.3716,193,0,cfscore_plus_imputed
29215,,MO,0.3716,193,0,cfscore_plus_imputed
29223,,MO,0.3716,193,0,cfscore_plus_imputed
29229,,MO,0.3716,193,0,cfscore_plus_imputed
30001,,MT,0.4035,152,0,cfscore_plus_imputed
30023,,MT,0.4035,152,0,cfscore_plus_imputed
30029,,MT,0.4035,152,0,cfscore_plus_imputed
30031,,MT,0.4035,152,0,cfscore_plus_imputed
30035,,MT,0.4035,152,0,cfscore_plus_imputed
30039,,MT,0.4035,152,0,cfscore_plus_imputed
30047,,MT,0.4035,152,0,cfscore_plus_imputed
30053,,MT,0.4035,152,0,cfscore_plus_imputed
30057,,MT,0.4035,152,0,cfscore_plus_imputed
30061,,MT,0.4035,152,0,cfscore_plus_imputed
30063,,MT,0.4035,152,0,cfscore_plus_imputed
30073,,MT,0.4035,152,0,cfscore_plus_imputed
30077,,MT,0.4035,152,0,cfscore_plus_imputed
30081,,MT,0.4035,152,0,cfscore_plus_imputed
30089,,MT,0.4035,152,0,cfscore_plus_imputed
30093,,MT,0.4035,152,0,cfscore_plus_imputed
30003,,MT,0.4035,152,0,cfscore_plus_imputed
30005,,MT,0.4035,152,0,cfscore_plus_imputed
30007,,MT,0.4035,152,0,cfscore_plus_imputed
30009,,MT,0.4035,152,0,cfscore_plus_imputed
30011,,MT,0.4035,152,0,cfscore_plus_imputed
30013,,MT,0.4035,152,0,cfscore_plus_imputed
30015,,MT,0.4035,152,0,cfscore_plus_imputed
30017,,MT,0.4035,152,0,cfscore_plus_imputed
30019,,MT,0.4035,152,0,cfscore_plus_imputed
30021,,MT,0.4035,152,0,cfscore_plus_imputed
30025,,MT,0.4035,152,0,cfscore_plus_imputed
30027,,MT,0.4035,152,0,cfscore_plus_imputed
30033,,MT,0.4035,152,0,cfscore_plus_imputed
30037,,MT,0.4035,152,0,cfscore_plus_imputed
30041,,MT,0.4035,152,0,cfscore_plus_imputed
30043,,MT,0.4035,152,0,cfscore_plus_imputed
30045,,MT,0.4035,152,0,cfscore_plus_imputed
30049,,MT,0.4035,152,0,cfscore_plus_imputed
30051,,MT,0.4035,152,0,cfscore_plus_imputed
30055,,MT,0.4035,152,0,cfscore_plus_imputed
30059,,MT,0.4035,152,0,cfscore_plus_imputed
30065,,MT,0.4035,152,0,cfscore_plus_imputed
30067,,MT,0.4035,152,0,cfscore_plus_imputed
30069,,MT,0.4035,152,0,cfscore_plus_imputed
30071,,MT,0.4035,152,0,cfscore_plus_imputed
30075,,MT,0.4035,152,0,cfscore_plus_imputed
30079,,MT,0.4035,152,0,cfscore_plus_imputed
30083,,MT,0.4035,152,0,cfscore_plus_imputed
30085,,MT,0.4035,152,0,cfscore_plus_imputed
30087,,MT,0.4035,152,0,cfscore_plus_imputed
30091,,MT,0.4035,152,0,cfscore_plus_imputed
30095,,MT,0.4035,152,0,cfscore_plus_imputed
30097,,MT,0.4035,152,0,cfscore_plus_imputed
30099,,MT,0.4035,152,0,cfscore_plus_imputed
30101,,MT,0.4035,152,0,cfscore_plus_imputed
30103,,MT,0.4035,152,0,cfscore_plus_imputed
30105,,MT,0.4035,152,0,cfscore_plus_imputed
30107,,MT,0.4035,152,0,cfscore_plus_imputed
30109,,MT,0.4035,152,0,cfscore_plus_imputed
30111,,MT,0.4035,152,0,cfscore_plus_imputed
31023,,NE,0.4366,53,0,cfscore_plus_imputed
31025,,NE,0.4366,53,0,cfscore_plus_imputed
31037,,NE,0.4366,53,0,cfscore_plus_imputed
31039,,NE,0.4366,53,0,cfscore_plus_imputed
31053,,NE,0.4366,53,0,cfscore_plus_imputed
31109,,NE,0.4366,53,0,cfscore_plus_imputed
31119,,NE,0.4366,53,0,cfscore_plus_imputed
31141,,NE,0.4366,53,0,cfscore_plus_imputed
31143,,NE,0.4366,53,0,cfscore_plus_imputed
31153,,NE,0.4366,53,0,cfscore_plus_imputed
31159,,NE,0.4366,53,0,cfscore_plus_imputed
31167,,NE,0.4366,53,0,cfscore_plus_imputed
31055,,NE,0.4366,53,0,cfscore_plus_imputed
31155,,NE,0.4366,53,0,cfscore_plus_imputed
31001,,NE,0.4366,53,0,cfscore_plus_imputed
31003,,NE,0.4366,53,0,cfscore_plus_imputed
31005,,NE,0.4366,53,0,cfscore_plus_imputed
31007,,NE,0.4366,53,0,cfscore_plus_imputed
31009,,NE,0.4366,53,0,cfscore_plus_imputed
31011,,NE,0.4366,53,0,cfscore_plus_imputed
31013,,NE,0.4366,53,0,cfscore_plus_imputed
31015,,NE,0.4366,53,0,cfscore_plus_imputed
31017,,NE,0.4366,53,0,cfscore_plus_imputed
31019,,NE,0.4366,53,0,cfscore_plus_imputed
31021,,NE,0.4366,53,0,cfscore_plus_imputed
31027,,NE,0.4366,53,0,cfscore_plus_imputed
31029,,NE,0.4366,53,0,cfscore_plus_imputed
31031,,NE,0.4366,53,0,cfscore_plus_imputed
31033,,NE,0.4366,53,0,cfscore_plus_imputed
31035,,NE,0.4366,53,0,cfscore_plus_imputed
31041,,NE,0.4366,53,0,cfscore_plus_imputed
31043,,NE,0.4366,53,0,cfscore_plus_imputed
31045,,NE,0.4366,53,0,cfscore_plus_imputed
31047,,NE,0.4366,53,0,cfscore_plus_imputed
31049,,NE,0.4366,53,0,cfscore_plus_imputed
31051,,NE,0.4366,53,0,cfscore_plus_imputed
31057,,NE,0.4366,53,0,cfscore_plus_imputed
31059,,NE,0.4366,53,0,cfscore_plus_imputed
31061,,NE,0.4366,53,0,cfscore_plus_imputed
31063,,NE,0.4366,53,0,cfscore_plus_imputed
31065,,NE,0.4366,53,0,cfscore_plus_imputed
31067,,NE,0.4366,53,0,cfscore_plus_imputed
31069,,NE,0.4366,53,0,cfscore_plus_imputed
31071,,NE,0.4366,53,0,cfscore_plus_imputed
31073,,NE,0.4366,53,0,cfscore_plus_imputed
31075,,NE,0.4366,53,0,cfscore_plus_imputed
31077,,NE,0.4366,53,0,cfscore_plus_imputed
31079,,NE,0.4366,53,0,cfscore_plus_imputed
31081,,NE,0.4366,53,0,cfscore_plus_imputed
31083,,NE,0.4366,53,0,cfscore_plus_imputed
31085,,NE,0.4366,53,0,cfscore_plus_imputed
31087,,NE,0.4366,53,0,cfscore_plus_imputed
31089,,NE,0.4366,53,0,cfscore_plus_imputed
31091,,NE,0.4366,53,0,cfscore_plus_imputed
31093,,NE,0.4366,53,0,cfscore_plus_imputed
31095,,NE,0.4366,53,0,cfscore_plus_imputed
31097,,NE,0.4366,53,0,cfscore_plus_imputed
31099,,NE,0.4366,53,0,cfscore_plus_imputed
31101,,NE,0.4366,53,0,cfscore_plus_imputed
31103,,NE,0.4366,53,0,cfscore_plus_imputed
31105,,NE,0.4366,53,0,cfscore_plus_imputed
31107,,NE,0.4366,53,0,cfscore_plus_imputed
31111,,NE,0.4366,53,0,cfscore_plus_imputed
31113,,NE,0.4366,53,0,cfscore_plus_imputed
31115,,NE,0.4366,53,0,cfscore_plus_imputed
31117,,NE,0.4366,53,0,cfscore_plus_imputed
31121,,NE,0.4366,53,0,cfscore_plus_imputed
31123,,NE,0.4366,53,0,cfscore_plus_imputed
31125,,NE,0.4366,53,0,cfscore_plus_imputed
31127,,NE,0.4366,53,0,cfscore_plus_imputed
31129,,NE,0.4366,53,0,cfscore_plus_imputed
31131,,NE,0.4366,53,0,cfscore_plus_imputed
31133,,NE,0.4366,53,0,cfscore_plus_imputed
31135,,NE,0.4366,53,0,cfscore_plus_imputed
31137,,NE,0.4366,53,0,cfscore_plus_imputed
31139,,NE,0.4366,53,0,cfscore_plus_imputed
31145,,NE,0.4366,53,0,cfscore_plus_imputed
31147,,NE,0.4366,53,0,cfscore_plus_imputed
31149,,NE,0.4366,53,0,cfscore_plus_imputed
31151,,NE,0.4366,53,0,cfscore_plus_imputed
31157,,NE,0.4366,53,0,cfscore_plus_imputed
31161,,NE,0.4366,53,0,cfscore_plus_imputed
31163,,NE,0.4366,53,0,cfscore_plus_imputed
31165,,NE,0.4366,53,0,cfscore_plus_imputed
31169,,NE,0.4366,53,0,cfscore_plus_imputed
31171,,NE,0.4366,53,0,cfscore_plus_imputed
31173,,NE,0.4366,53,0,cfscore_plus_imputed
31175,,NE,0.4366,53,0,cfscore_plus_imputed
31177,,NE,0.4366,53,0,cfscore_plus_imputed
31179,,NE,0.4366,53,0,cfscore_plus_imputed
31181,,NE,0.4366,53,0,cfscore_plus_imputed
31183,,NE,0.4366,53,0,cfscore_plus_imputed
31185,,NE,0.4366,53,0,cfscore_plus_imputed
32003,,NV,0.527,67,0,cfscore_plus_imputed
32001,,NV,0.527,67,0,cfscore_plus_imputed
32005,,NV,0.527,67,0,cfscore_plus_imputed
32007,,NV,0.527,67,0,cfscore_plus_imputed
32011,,NV,0.527,67,0,cfscore_plus_imputed
32013,,NV,0.527,67,0,cfscore_plus_imputed
32015,,NV,0.527,67,0,cfscore_plus_imputed
32017,,NV,0.527,67,0,cfscore_plus_imputed
32019,,NV,0.527,67,0,cfscore_plus_imputed
32027,,NV,0.527,67,0,cfscore_plus_imputed
32029,,NV,0.527,67,0,cfscore_plus_imputed
32031,,NV,0.527,67,0,cfscore_plus_imputed
32033,,NV,0.527,67,0,cfscore_plus_imputed
32510,,NV,0.527,67,0,cfscore_plus_imputed
32009,,NV,0.527,67,0,cfscore_plus_imputed
32021,,NV,0.527,67,0,cfscore_plus_imputed
32023,,NV,0.527,67,0,cfscore_plus_imputed
33001,,NH,0.4312,417,0,cfscore_plus_imputed
33003,,NH,0.4312,417,0,cfscore_plus_imputed
33011,,NH,0.4312,417,0,cfscore_plus_imputed
33013,,NH,0.4312,417,0,cfscore_plus_imputed
33015,,NH,0.4312,417,0,cfscore_plus_imputed
33017,,NH,0.4312,417,0,cfscore_plus_imputed
33005,,NH,0.4312,417,0,cfscore_plus_imputed
33007,,NH,0.4312,417,0,cfscore_plus_imputed
33009,,NH,0.4312,417,0,cfscore_plus_imputed
33019,,NH,0.4312,417,0,cfscore_plus_imputed
34005,,NJ,0.5655,122,0,cfscore_plus_imputed
34007,,NJ,0.5655,122,0,cfscore_plus_imputed
34015,,NJ,0.5655,122,0,cfscore_plus_imputed
34001,,NJ,0.5655,122,0,cfscore_plus_imputed
34009,,NJ,0.5655,122,0,cfscore_plus_imputed
34011,,NJ,0.5655,122,0,cfscore_plus_imputed
34029,,NJ,0.5655,122,0,cfscore_plus_imputed
34033,,NJ,0.5655,122,0,cfscore_plus_imputed
34021,,NJ,0.5655,122,0,cfscore_plus_imputed
34025,,NJ,0.5655,122,0,cfscore_plus_imputed
34003,,NJ,0.5655,122,0,cfscore_plus_imputed
34031,,NJ,0.5655,122,0,cfscore_plus_imputed
34037,,NJ,0.5655,122,0,cfscore_plus_imputed
34023,,NJ,0.5655,122,0,cfscore_plus_imputed
34019,,NJ,0.5655,122,0,cfscore_plus_imputed
34027,,NJ,0.5655,122,0,cfscore_plus_imputed
34035,,NJ,0.5655,122,0,cfscore_plus_imputed
34039,,NJ,0.5655,122,0,cfscore_plus_imputed
34041,,NJ,0.5655,122,0,cfscore_plus_imputed
34013,,NJ,0.5655,122,0,cfscore_plus_imputed
34017,,NJ,0.5655,122,0,cfscore_plus_imputed
35001,,NM,0.5278,115,0,cfscore_plus_imputed
35005,,NM,0.5278,115,0,cfscore_plus_imputed
35011,,NM,0.5278,115,0,cfscore_plus_imputed
35019,,NM,0.5278,115,0,cfscore_plus_imputed
35027,,NM,0.5278,115,0,cfscore_plus_imputed
35035,,NM,0.5278,115,0,cfscore_plus_imputed
35043,,NM,0.5278,115,0,cfscore_plus_imputed
35049,,NM,0.5278,115,0,cfscore_plus_imputed
35057,,NM,0.5278,115,0,cfscore_plus_imputed
35061,,NM,0.5278,115,0,cfscore_plus_imputed
35003,,NM,0.5278,115,0,cfscore_plus_imputed
35006,,NM,0.5278,115,0,cfscore_plus_imputed
35013,,NM,0.5278,115,0,cfscore_plus_imputed
35015,,NM,0.5278,115,0,cfscore_plus_imputed
35017,,NM,0.5278,115,0,cfscore_plus_imputed
35023,,NM,0.5278,115,0,cfscore_plus_imputed
35025,,NM,0.5278,115,0,cfscore_plus_imputed
35029,,NM,0.5278,115,0,cfscore_plus_imputed
35031,,NM,0.5278,115,0,cfscore_plus_imputed
35051,,NM,0.5278,115,0,cfscore_plus_imputed
35053,,NM,0.5278,115,0,cfscore_plus_imputed
35007,,NM,0.5278,115,0,cfscore_plus_imputed
35009,,NM,0.5278,115,0,cfscore_plus_imputed
35021,,NM,0.5278,115,0,cfscore_plus_imputed
35028,,NM,0.5278,115,0,cfscore_plus_imputed
35033,,NM,0.5278,115,0,cfscore_plus_imputed
35037,,NM,0.5278,115,0,cfscore_plus_imputed
35039,,NM,0.5278,115,0,cfscore_plus_imputed
35041,,NM,0.5278,115,0,cfscore_plus_imputed
35045,,NM,0.5278,115,0,cfscore_plus_imputed
35047,,NM,0.5278,115,0,cfscore_plus_imputed
35055,,NM,0.5278,115,0,cfscore_plus_imputed
35059,,NM,0.5278,115,0,cfscore_plus_imputed
36103,,NY,0.5619,216,0,cfscore_plus_imputed
36059,,NY,0.5619,216,0,cfscore_plus_imputed
36081,,NY,0.5619,216,0,cfscore_plus_imputed
36047,,NY,0.5619,216,0,cfscore_plus_imputed
36061,,NY,0.5619,216,0,cfscore_plus_imputed
36085,,NY,0.5619,216,0,cfscore_plus_imputed
36005,,NY,0.5619,216,0,cfscore_plus_imputed
36119,,NY,0.5619,216,0,cfscore_plus_imputed
36027,,NY,0.5619,216,0,cfscore_plus_imputed
36079,,NY,0.5619,216,0,cfscore_plus_imputed
36087,,NY,0.5619,216,0,cfscore_plus_imputed
36071,,NY,0.5619,216,0,cfscore_plus_imputed
36111,,NY,0.5619,216,0,cfscore_plus_imputed
36007,,NY,0.5619,216,0,cfscore_plus_imputed
36017,,NY,0.5619,216,0,cfscore_plus_imputed
36021,,NY,0.5619,216,0,cfscore_plus_imputed
36023,,NY,0.5619,216,0,cfscore_plus_imputed
36025,,NY,0.5619,216,0,cfscore_plus_imputed
36039,,NY,0.5619,216,0,cfscore_plus_imputed
36077,,NY,0.5619,216,0,cfscore_plus_imputed
36105,,NY,0.5619,216,0,cfscore_plus_imputed
36107,,NY,0.5619,216,0,cfscore_plus_imputed
36109,,NY,0.5619,216,0,cfscore_plus_imputed
36001,,NY,0.5619,216,0,cfscore_plus_imputed
36083,,NY,0.5619,216,0,cfscore_plus_imputed
36091,,NY,0.5619,216,0,cfscore_plus_imputed
36093,,NY,0.5619,216,0,cfscore_plus_imputed
36019,,NY,0.5619,216,0,cfscore_plus_imputed
36031,,NY,0.5619,216,0,cfscore_plus_imputed
36033,,NY,0.5619,216,0,cfscore_plus_imputed
36035,,NY,0.5619,216,0,cfscore_plus_imputed
36041,,NY,0.5619,216,0,cfscore_plus_imputed
36043,,NY,0.5619,216,0,cfscore_plus_imputed
36045,,NY,0.5619,216,0,cfscore_plus_imputed
36049,,NY,0.5619,216,0,cfscore_plus_imputed
36057,,NY,0.5619,216,0,cfscore_plus_imputed
36089,,NY,0.5619,216,0,cfscore_plus_imputed
36095,,NY,0.5619,216,0,cfscore_plus_imputed
36113,,NY,0.5619,216,0,cfscore_plus_imputed
36115,,NY,0.5619,216,0,cfscore_plus_imputed
36053,,NY,0.5619,216,0,cfscore_plus_imputed
36065,,NY,0.5619,216,0,cfscore_plus_imputed
36067,,NY,0.5619,216,0,cfscore_plus_imputed
36075,,NY,0.5619,216,0,cfscore_plus_imputed
36003,,NY,0.5619,216,0,cfscore_plus_imputed
36009,,NY,0.5619,216,0,cfscore_plus_imputed
36013,,NY,0.5619,216,0,cfscore_plus_imputed
36015,,NY,0.5619,216,0,cfscore_plus_imputed
36029,,NY,0.5619,216,0,cfscore_plus_imputed
36097,,NY,0.5619,216,0,cfscore_plus_imputed
36101,,NY,0.5619,216,0,cfscore_plus_imputed
36011,,NY,0.5619,216,0,cfscore_plus_imputed
36037,,NY,0.5619,216,0,cfscore_plus_imputed
36051,,NY,0.5619,216,0,cfscore_plus_imputed
36063,,NY,0.5619,216,0,cfscore_plus_imputed
36069,,NY,0.5619,216,0,cfscore_plus_imputed
36073,,NY,0.5619,216,0,cfscore_plus_imputed
36099,,NY,0.5619,216,0,cfscore_plus_imputed
36117,,NY,0.5619,216,0,cfscore_plus_imputed
36121,,NY,0.5619,216,0,cfscore_plus_imputed
36123,,NY,0.5619,216,0,cfscore_plus_imputed
36055,,NY,0.5619,216,0,cfscore_plus_imputed
37015,,NC,0.4199,171,0,cfscore_plus_imputed
37041,,NC,0.4199,171,0,cfscore_plus_imputed
37065,,NC,0.4199,171,0,cfscore_plus_imputed
37069,,NC,0.4199,171,0,cfscore_plus_imputed
37073,,NC,0.4199,171,0,cfscore_plus_imputed
37079,,NC,0.4199,171,0,cfscore_plus_imputed
37083,,NC,0.4199,171,0,cfscore_plus_imputed
37091,,NC,0.4199,171,0,cfscore_plus_imputed
37117,,NC,0.4199,171,0,cfscore_plus_imputed
37127,,NC,0.4199,171,0,cfscore_plus_imputed
37131,,NC,0.4199,171,0,cfscore_plus_imputed
37139,,NC,0.4199,171,0,cfscore_plus_imputed
37143,,NC,0.4199,171,0,cfscore_plus_imputed
37147,,NC,0.4199,171,0,cfscore_plus_imputed
37177,,NC,0.4199,171,0,cfscore_plus_imputed
37181,,NC,0.4199,171,0,cfscore_plus_imputed
37185,,NC,0.4199,171,0,cfscore_plus_imputed
37187,,NC,0.4199,171,0,cfscore_plus_imputed
37195,,NC,0.4199,171,0,cfscore_plus_imputed
37183,,NC,0.4199,171,0,cfscore_plus_imputed
37013,,NC,0.4199,171,0,cfscore_plus_imputed
37029,,NC,0.4199,171,0,cfscore_plus_imputed
37031,,NC,0.4199,171,0,cfscore_plus_imputed
37049,,NC,0.4199,171,0,cfscore_plus_imputed
37053,,NC,0.4199,171,0,cfscore_plus_imputed
37055,,NC,0.4199,171,0,cfscore_plus_imputed
37061,,NC,0.4199,171,0,cfscore_plus_imputed
37095,,NC,0.4199,171,0,cfscore_plus_imputed
37103,,NC,0.4199,171,0,cfscore_plus_imputed
37107,,NC,0.4199,171,0,cfscore_plus_imputed
37133,,NC,0.4199,171,0,cfscore_plus_imputed
37137,,NC,0.4199,171,0,cfscore_plus_imputed
37163,,NC,0.4199,171,0,cfscore_plus_imputed
37191,,NC,0.4199,171,0,cfscore_plus_imputed
37001,,NC,0.4199,171,0,cfscore_plus_imputed
37033,,NC,0.4199,171,0,cfscore_plus_imputed
37063,,NC,0.4199,171,0,cfscore_plus_imputed
37077,,NC,0.4199,171,0,cfscore_plus_imputed
37135,,NC,0.4199,171,0,cfscore_plus_imputed
37145,,NC,0.4199,171,0,cfscore_plus_imputed
37005,,NC,0.4199,171,0,cfscore_plus_imputed
37009,,NC,0.4199,171,0,cfscore_plus_imputed
37011,,NC,0.4199,171,0,cfscore_plus_imputed
37027,,NC,0.4199,171,0,cfscore_plus_imputed
37059,,NC,0.4199,171,0,cfscore_plus_imputed
37067,,NC,0.4199,171,0,cfscore_plus_imputed
37121,,NC,0.4199,171,0,cfscore_plus_imputed
37169,,NC,0.4199,171,0,cfscore_plus_imputed
37171,,NC,0.4199,171,0,cfscore_plus_imputed
37189,,NC,0.4199,171,0,cfscore_plus_imputed
37193,,NC,0.4199,171,0,cfscore_plus_imputed
37197,,NC,0.4199,171,0,cfscore_plus_imputed
37081,,NC,0.4199,171,0,cfscore_plus_imputed
37157,,NC,0.4199,171,0,cfscore_plus_imputed
37017,,NC,0.4199,171,0,cfscore_plus_imputed
37019,,NC,0.4199,171,0,cfscore_plus_imputed
37047,,NC,0.4199,171,0,cfscore_plus_imputed
37051,,NC,0.4199,171,0,cfscore_plus_imputed
37129,,NC,0.4199,171,0,cfscore_plus_imputed
37141,,NC,0.4199,171,0,cfscore_plus_imputed
37155,,NC,0.4199,171,0,cfscore_plus_imputed
37007,,NC,0.4199,171,0,cfscore_plus_imputed
37025,,NC,0.4199,171,0,cfscore_plus_imputed
37057,,NC,0.4199,171,0,cfscore_plus_imputed
37123,,NC,0.4199,171,0,cfscore_plus_imputed
37153,,NC,0.4199,171,0,cfscore_plus_imputed
37159,,NC,0.4199,171,0,cfscore_plus_imputed
37167,,NC,0.4199,171,0,cfscore_plus_imputed
37179,,NC,0.4199,171,0,cfscore_plus_imputed
37037,,NC,0.4199,171,0,cfscore_plus_imputed
37085,,NC,0.4199,171,0,cfscore_plus_imputed
37093,,NC,0.4199,171,0,cfscore_plus_imputed
37105,,NC,0.4199,171,0,cfscore_plus_imputed
37125,,NC,0.4199,171,0,cfscore_plus_imputed
37151,,NC,0.4199,171,0,cfscore_plus_imputed
37165,,NC,0.4199,171,0,cfscore_plus_imputed
37003,,NC,0.4199,171,0,cfscore_plus_imputed
37023,,NC,0.4199,171,0,cfscore_plus_imputed
37035,,NC,0.4199,171,0,cfscore_plus_imputed
37045,,NC,0.4199,171,0,cfscore_plus_imputed
37071,,NC,0.4199,171,0,cfscore_plus_imputed
37097,,NC,0.4199,171,0,cfscore_plus_imputed
37109,,NC,0.4199,171,0,cfscore_plus_imputed
37161,,NC,0.4199,171,0,cfscore_plus_imputed
37021,,NC,0.4199,171,0,cfscore_plus_imputed
37039,,NC,0.4199,171,0,cfscore_plus_imputed
37043,,NC,0.4199,171,0,cfscore_plus_imputed
37075,,NC,0.4199,171,0,cfscore_plus_imputed
37087,,NC,0.4199,171,0,cfscore_plus_imputed
37089,,NC,0.4199,171,0,cfscore_plus_imputed
37099,,NC,0.4199,171,0,cfscore_plus_imputed
37111,,NC,0.4199,171,0,cfscore_plus_imputed
37113,,NC,0.4199,171,0,cfscore_plus_imputed
37115,,NC,0.4199,171,0,cfscore_plus_imputed
37149,,NC,0.4199,171,0,cfscore_plus_imputed
37173,,NC,0.4199,171,0,cfscore_plus_imputed
37175,,NC,0.4199,171,0,cfscore_plus_imputed
37199,,NC,0.4199,171,0,cfscore_plus_imputed
37119,,NC,0.4199,171,0,cfscore_plus_imputed
37101,,NC,0.4199,171,0,cfscore_plus_imputed
38001,,ND,0.2685,143,0,cfscore_plus_imputed
38003,,ND,0.2685,143,0,cfscore_plus_imputed
38005,,ND,0.2685,143,0,cfscore_plus_imputed
38007,,ND,0.2685,143,0,cfscore_plus_imputed
38009,,ND,0.2685,143,0,cfscore_plus_imputed
38011,,ND,0.2685,143,0,cfscore_plus_imputed
38013,,ND,0.2685,143,0,cfscore_plus_imputed
38015,,ND,0.2685,143,0,cfscore_plus_imputed
38017,,ND,0.2685,143,0,cfscore_plus_imputed
38019,,ND,0.2685,143,0,cfscore_plus_imputed
38021,,ND,0.2685,143,0,cfscore_plus_imputed
38023,,ND,0.2685,143,0,cfscore_plus_imputed
38025,,ND,0.2685,143,0,cfscore_plus_imputed
38027,,ND,0.2685,143,0,cfscore_plus_imputed
38029,,ND,0.2685,143,0,cfscore_plus_imputed
38031,,ND,0.2685,143,0,cfscore_plus_imputed
38033,,ND,0.2685,143,0,cfscore_plus_imputed
38035,,ND,0.2685,143,0,cfscore_plus_imputed
38037,,ND,0.2685,143,0,cfscore_plus_imputed
38039,,ND,0.2685,143,0,cfscore_plus_imputed
38041,,ND,0.2685,143,0,cfscore_plus_imputed
38043,,ND,0.2685,143,0,cfscore_plus_imputed
38045,,ND,0.2685,143,0,cfscore_plus_imputed
38047,,ND,0.2685,143,0,cfscore_plus_imputed
38049,,ND,0.2685,143,0,cfscore_plus_imputed
38051,,ND,0.2685,143,0,cfscore_plus_imputed
38053,,ND,0.2685,143,0,cfscore_plus_imputed
38055,,ND,0.2685,143,0,cfscore_plus_imputed
38057,,ND,0.2685,143,0,cfscore_plus_imputed
38059,,ND,0.2685,143,0,cfscore_plus_imputed
38061,,ND,0.2685,143,0,cfscore_plus_imputed
38063,,ND,0.2685,143,0,cfscore_plus_imputed
38065,,ND,0.2685,143,0,cfscore_plus_imputed
38067,,ND,0.2685,143,0,cfscore_plus_imputed
38069,,ND,0.2685,143,0,cfscore_plus_imputed
38071,,ND,0.2685,143,0,cfscore_plus_imputed
38073,,ND,0.2685,143,0,cfscore_plus_imputed
38075,,ND,0.2685,143,0,cfscore_plus_imputed
38077,,ND,0.2685,143,0,cfscore_plus_imputed
38079,,ND,0.2685,143,0,cfscore_plus_imputed
38081,,ND,0.2685,143,0,cfscore_plus_imputed
38083,,ND,0.2685,143,0,cfscore_plus_imputed
38085,,ND,0.2685,143,0,cfscore_plus_imputed
38087,,ND,0.2685,143,0,cfscore_plus_imputed
38089,,ND,0.2685,143,0,cfscore_plus_imputed
38091,,ND,0.2685,143,0,cfscore_plus_imputed
38093,,ND,0.2685,143,0,cfscore_plus_imputed
38095,,ND,0.2685,143,0,cfscore_plus_imputed
38097,,ND,0.2685,143,0,cfscore_plus_imputed
38099,,ND,0.2685,143,0,cfscore_plus_imputed
38101,,ND,0.2685,143,0,cfscore_plus_imputed
38103,,ND,0.2685,143,0,cfscore_plus_imputed
38105,,ND,0.2685,143,0,cfscore_plus_imputed
39061,,OH,0.4071,136,0,cfscore_plus_imputed
39165,,OH,0.4071,136,0,cfscore_plus_imputed
39001,,OH,0.4071,136,0,cfscore_plus_imputed
39015,,OH,0.4071,136,0,cfscore_plus_imputed
39025,,OH,0.4071,136,0,cfscore_plus_imputed
39027,,OH,0.4071,136,0,cfscore_plus_imputed
39047,,OH,0.4071,136,0,cfscore_plus_imputed
39053,,OH,0.4071,136,0,cfscore_plus_imputed
39071,,OH,0.4071,136,0,cfscore_plus_imputed
39073,,OH,0.4071,136,0,cfscore_plus_imputed
39079,,OH,0.4071,136,0,cfscore_plus_imputed
39087,,OH,0.4071,136,0,cfscore_plus_imputed
39105,,OH,0.4071,136,0,cfscore_plus_imputed
39129,,OH,0.4071,136,0,cfscore_plus_imputed
39131,,OH,0.4071,136,0,cfscore_plus_imputed
39141,,OH,0.4071,136,0,cfscore_plus_imputed
39145,,OH,0.4071,136,0,cfscore_plus_imputed
39163,,OH,0.4071,136,0,cfscore_plus_imputed
39049,,OH,0.4071,136,0,cfscore_plus_imputed
39003,,OH,0.4071,136,0,cfscore_plus_imputed
39005,,OH,0.4071,136,0,cfscore_plus_imputed
39011,,OH,0.4071,136,0,cfscore_plus_imputed
39021,,OH,0.4071,136,0,cfscore_plus_imputed
39041,,OH,0.4071,136,0,cfscore_plus_imputed
39065,,OH,0.4071,136,0,cfscore_plus_imputed
39091,,OH,0.4071,136,0,cfscore_plus_imputed
39101,,OH,0.4071,136,0,cfscore_plus_imputed
39117,,OH,0.4071,136,0,cfscore_plus_imputed
39139,,OH,0.4071,136,0,cfscore_plus_imputed
39149,,OH,0.4071,136,0,cfscore_plus_imputed
39159,,OH,0.4071,136,0,cfscore_plus_imputed
39175,,OH,0.4071,136,0,cfscore_plus_imputed
39033,,OH,0.4071,136,0,cfscore_plus_imputed
39063,,OH,0.4071,136,0,cfscore_plus_imputed
39069,,OH,0.4071,136,0,cfscore_plus_imputed
39077,,OH,0.4071,136,0,cfscore_plus_imputed
39093,,OH,0.4071,136,0,cfscore_plus_imputed
39107,,OH,0.4071,136,0,cfscore_plus_imputed
39125,,OH,0.4071,136,0,cfscore_plus_imputed
39137,,OH,0.4071,136,0,cfscore_plus_imputed
39147,,OH,0.4071,136,0,cfscore_plus_imputed
39161,,OH,0.4071,136,0,cfscore_plus_imputed
39173,,OH,0.4071,136,0,cfscore_plus_imputed
39013,,OH,0.4071,136,0,cfscore_plus_imputed
39019,,OH,0.4071,136,0,cfscore_plus_imputed
39029,,OH,0.4071,136,0,cfscore_plus_imputed
39067,,OH,0.4071,136,0,cfscore_plus_imputed
39081,,OH,0.4071,136,0,cfscore_plus_imputed
39099,,OH,0.4071,136,0,cfscore_plus_imputed
39111,,OH,0.4071,136,0,cfscore_plus_imputed
39121,,OH,0.4071,136,0,cfscore_plus_imputed
39151,,OH,0.4071,136,0,cfscore_plus_imputed
39157,,OH,0.4071,136,0,cfscore_plus_imputed
39167,,OH,0.4071,136,0,cfscore_plus_imputed
39035,,OH,0.4071,136,0,cfscore_plus_imputed
39075,,OH,0.4071,136,0,cfscore_plus_imputed
39103,,OH,0.4071,136,0,cfscore_plus_imputed
39169,,OH,0.4071,136,0,cfscore_plus_imputed
39017,,OH,0.4071,136,0,cfscore_plus_imputed
39037,,OH,0.4071,136,0,cfscore_plus_imputed
39109,,OH,0.4071,136,0,cfscore_plus_imputed
39135,,OH,0.4071,136,0,cfscore_plus_imputed
39039,,OH,0.4071,136,0,cfscore_plus_imputed
39043,,OH,0.4071,136,0,cfscore_plus_imputed
39051,,OH,0.4071,136,0,cfscore_plus_imputed
39095,,OH,0.4071,136,0,cfscore_plus_imputed
39123,,OH,0.4071,136,0,cfscore_plus_imputed
39143,,OH,0.4071,136,0,cfscore_plus_imputed
39171,,OH,0.4071,136,0,cfscore_plus_imputed
39023,,OH,0.4071,136,0,cfscore_plus_imputed
39057,,OH,0.4071,136,0,cfscore_plus_imputed
39113,,OH,0.4071,136,0,cfscore_plus_imputed
39009,,OH,0.4071,136,0,cfscore_plus_imputed
39031,,OH,0.4071,136,0,cfscore_plus_imputed
39045,,OH,0.4071,136,0,cfscore_plus_imputed
39059,,OH,0.4071,136,0,cfscore_plus_imputed
39083,,OH,0.4071,136,0,cfscore_plus_imputed
39089,,OH,0.4071,136,0,cfscore_plus_imputed
39115,,OH,0.4071,136,0,cfscore_plus_imputed
39119,,OH,0.4071,136,0,cfscore_plus_imputed
39127,,OH,0.4071,136,0,cfscore_plus_imputed
39133,,OH,0.4071,136,0,cfscore_plus_imputed
39153,,OH,0.4071,136,0,cfscore_plus_imputed
39007,,OH,0.4071,136,0,cfscore_plus_imputed
39055,,OH,0.4071,136,0,cfscore_plus_imputed
39085,,OH,0.4071,136,0,cfscore_plus_imputed
39155,,OH,0.4071,136,0,cfscore_plus_imputed
39097,,OH,0.4071,136,0,cfscore_plus_imputed
40037,,OK,0.314,150,0,cfscore_plus_imputed
40131,,OK,0.314,150,0,cfscore_plus_imputed
40143,,OK,0.314,150,0,cfscore_plus_imputed
40145,,OK,0.314,150,0,cfscore_plus_imputed
40001,,OK,0.314,150,0,cfscore_plus_imputed
40005,,OK,0.314,150,0,cfscore_plus_imputed
40013,,OK,0.314,150,0,cfscore_plus_imputed
40021,,OK,0.314,150,0,cfscore_plus_imputed
40023,,OK,0.314,150,0,cfscore_plus_imputed
40029,,OK,0.314,150,0,cfscore_plus_imputed
40035,,OK,0.314,150,0,cfscore_plus_imputed
40041,,OK,0.314,150,0,cfscore_plus_imputed
40061,,OK,0.314,150,0,cfscore_plus_imputed
40063,,OK,0.314,150,0,cfscore_plus_imputed
40069,,OK,0.314,150,0,cfscore_plus_imputed
40077,,OK,0.314,150,0,cfscore_plus_imputed
40079,,OK,0.314,150,0,cfscore_plus_imputed
40089,,OK,0.314,150,0,cfscore_plus_imputed
40091,,OK,0.314,150,0,cfscore_plus_imputed
40095,,OK,0.314,150,0,cfscore_plus_imputed
40097,,OK,0.314,150,0,cfscore_plus_imputed
40101,,OK,0.314,150,0,cfscore_plus_imputed
40105,,OK,0.314,150,0,cfscore_plus_imputed
40107,,OK,0.314,150,0,cfscore_plus_imputed
40111,,OK,0.314,150,0,cfscore_plus_imputed
40115,,OK,0.314,150,0,cfscore_plus_imputed
40121,,OK,0.314,150,0,cfscore_plus_imputed
40127,,OK,0.314,150,0,cfscore_plus_imputed
40135,,OK,0.314,150,0,cfscore_plus_imputed
40147,,OK,0.314,150,0,cfscore_plus_imputed
40003,,OK,0.314,150,0,cfscore_plus_imputed
40007,,OK,0.314,150,0,cfscore_plus_imputed
40009,,OK,0.314,150,0,cfscore_plus_imputed
40011,,OK,0.314,150,0,cfscore_plus_imputed
40015,,OK,0.314,150,0,cfscore_plus_imputed
40017,,OK,0.314,150,0,cfscore_plus_imputed
40025,,OK,0.314,150,0,cfscore_plus_imputed
40039,,OK,0.314,150,0,cfscore_plus_imputed
40043,,OK,0.314,150,0,cfscore_plus_imputed
40045,,OK,0.314,150,0,cfscore_plus_imputed
40047,,OK,0.314,150,0,cfscore_plus_imputed
40053,,OK,0.314,150,0,cfscore_plus_imputed
40055,,OK,0.314,150,0,cfscore_plus_imputed
40057,,OK,0.314,150,0,cfscore_plus_imputed
40059,,OK,0.314,150,0,cfscore_plus_imputed
40065,,OK,0.314,150,0,cfscore_plus_imputed
40071,,OK,0.314,150,0,cfscore_plus_imputed
40073,,OK,0.314,150,0,cfscore_plus_imputed
40075,,OK,0.314,150,0,cfscore_plus_imputed
40083,,OK,0.314,150,0,cfscore_plus_imputed
40093,,OK,0.314,150,0,cfscore_plus_imputed
40103,,OK,0.314,150,0,cfscore_plus_imputed
40109,,OK,0.314,150,0,cfscore_plus_imputed
40113,,OK,0.314,150,0,cfscore_plus_imputed
40117,,OK,0.314,150,0,cfscore_plus_imputed
40119,,OK,0.314,150,0,cfscore_plus_imputed
40129,,OK,0.314,150,0,cfscore_plus_imputed
40139,,OK,0.314,150,0,cfscore_plus_imputed
40149,,OK,0.314,150,0,cfscore_plus_imputed
40151,,OK,0.314,150,0,cfscore_plus_imputed
40153,,OK,0.314,150,0,cfscore_plus_imputed
40019,,OK,0.314,150,0,cfscore_plus_imputed
40027,,OK,0.314,150,0,cfscore_plus_imputed
40031,,OK,0.314,150,0,cfscore_plus_imputed
40033,,OK,0.314,150,0,cfscore_plus_imputed
40049,,OK,0.314,150,0,cfscore_plus_imputed
40051,,OK,0.314,150,0,cfscore_plus_imputed
40067,,OK,0.314,150,0,cfscore_plus_imputed
40085,,OK,0.314,150,0,cfscore_plus_imputed
40087,,OK,0.314,150,0,cfscore_plus_imputed
40099,,OK,0.314,150,0,cfscore_plus_imputed
40123,,OK,0.314,150,0,cfscore_plus_imputed
40137,,OK,0.314,150,0,cfscore_plus_imputed
40141,,OK,0.314,150,0,cfscore_plus_imputed
40081,,OK,0.314,150,0,cfscore_plus_imputed
40125,,OK,0.314,150,0,cfscore_plus_imputed
40133,,OK,0.314,150,0,cfscore_plus_imputed
41007,,OR,0.5031,93,0,cfscore_plus_imputed
41009,,OR,0.5031,93,0,cfscore_plus_imputed
41051,,OR,0.5031,93,0,cfscore_plus_imputed
41057,,OR,0.5031,93,0,cfscore_plus_imputed
41067,,OR,0.5031,93,0,cfscore_plus_imputed
41001,,OR,0.5031,93,0,cfscore_plus_imputed
41005,,OR,0.5031,93,0,cfscore_plus_imputed
41013,,OR,0.5031,93,0,cfscore_plus_imputed
41015,,OR,0.5031,93,0,cfscore_plus_imputed
41017,,OR,0.5031,93,0,cfscore_plus_imputed
41019,,OR,0.5031,93,0,cfscore_plus_imputed
41021,,OR,0.5031,93,0,cfscore_plus_imputed
41023,,OR,0.5031,93,0,cfscore_plus_imputed
41025,,OR,0.5031,93,0,cfscore_plus_imputed
41029,,OR,0.5031,93,0,cfscore_plus_imputed
41031,,OR,0.5031,93,0,cfscore_plus_imputed
41033,,OR,0.5031,93,0,cfscore_plus_imputed
41035,,OR,0.5031,93,0,cfscore_plus_imputed
41037,,OR,0.5031,93,0,cfscore_plus_imputed
41045,,OR,0.5031,93,0,cfscore_plus_imputed
41047,,OR,0.5031,93,0,cfscore_plus_imputed
41049,,OR,0.5031,93,0,cfscore_plus_imputed
41055,,OR,0.5031,93,0,cfscore_plus_imputed
41059,,OR,0.5031,93,0,cfscore_plus_imputed
41061,,OR,0.5031,93,0,cfscore_plus_imputed
41063,,OR,0.5031,93,0,cfscore_plus_imputed
41065,,OR,0.5031,93,0,cfscore_plus_imputed
41069,,OR,0.5031,93,0,cfscore_plus_imputed
41027,,OR,0.5031,93,0,cfscore_plus_imputed
41003,,OR,0.5031,93,0,cfscore_plus_imputed
41011,,OR,0.5031,93,0,cfscore_plus_imputed
41039,,OR,0.5031,93,0,cfscore_plus_imputed
41041,,OR,0.5031,93,0,cfscore_plus_imputed
41043,,OR,0.5031,93,0,cfscore_plus_imputed
41053,,OR,0.5031,93,0,cfscore_plus_imputed
41071,,OR,0.5031,93,0,cfscore_plus_imputed
42017,,PA,0.4603,255,0,cfscore_plus_imputed
42091,,PA,0.4603,255,0,cfscore_plus_imputed
42101,,PA,0.4603,255,0,cfscore_plus_imputed
42011,,PA,0.4603,255,0,cfscore_plus_imputed
42029,,PA,0.4603,255,0,cfscore_plus_imputed
42045,,PA,0.4603,255,0,cfscore_plus_imputed
42025,,PA,0.4603,255,0,cfscore_plus_imputed
42077,,PA,0.4603,255,0,cfscore_plus_imputed
42089,,PA,0.4603,255,0,cfscore_plus_imputed
42095,,PA,0.4603,255,0,cfscore_plus_imputed
42069,,PA,0.4603,255,0,cfscore_plus_imputed
42079,,PA,0.4603,255,0,cfscore_plus_imputed
42103,,PA,0.4603,255,0,cfscore_plus_imputed
42127,,PA,0.4603,255,0,cfscore_plus_imputed
42015,,PA,0.4603,255,0,cfscore_plus_imputed
42037,,PA,0.4603,255,0,cfscore_plus_imputed
42075,,PA,0.4603,255,0,cfscore_plus_imputed
42081,,PA,0.4603,255,0,cfscore_plus_imputed
42093,,PA,0.4603,255,0,cfscore_plus_imputed
42097,,PA,0.4603,255,0,cfscore_plus_imputed
42107,,PA,0.4603,255,0,cfscore_plus_imputed
42113,,PA,0.4603,255,0,cfscore_plus_imputed
42115,,PA,0.4603,255,0,cfscore_plus_imputed
42131,,PA,0.4603,255,0,cfscore_plus_imputed
42041,,PA,0.4603,255,0,cfscore_plus_imputed
42043,,PA,0.4603,255,0,cfscore_plus_imputed
42133,,PA,0.4603,255,0,cfscore_plus_imputed
42071,,PA,0.4603,255,0,cfscore_plus_imputed
42003,,PA,0.4603,255,0,cfscore_plus_imputed
42129,,PA,0.4603,255,0,cfscore_plus_imputed
42001,,PA,0.4603,255,0,cfscore_plus_imputed
42009,,PA,0.4603,255,0,cfscore_plus_imputed
42013,,PA,0.4603,255,0,cfscore_plus_imputed
42021,,PA,0.4603,255,0,cfscore_plus_imputed
42055,,PA,0.4603,255,0,cfscore_plus_imputed
42057,,PA,0.4603,255,0,cfscore_plus_imputed
42061,,PA,0.4603,255,0,cfscore_plus_imputed
42067,,PA,0.4603,255,0,cfscore_plus_imputed
42087,,PA,0.4603,255,0,cfscore_plus_imputed
42099,,PA,0.4603,255,0,cfscore_plus_imputed
42111,,PA,0.4603,255,0,cfscore_plus_imputed
42051,,PA,0.4603,255,0,cfscore_plus_imputed
42059,,PA,0.4603,255,0,cfscore_plus_imputed
42063,,PA,0.4603,255,0,cfscore_plus_imputed
42125,,PA,0.4603,255,0,cfscore_plus_imputed
42005,,PA,0.4603,255,0,cfscore_plus_imputed
42023,,PA,0.4603,255,0,cfscore_plus_imputed
42027,,PA,0.4603,255,0,cfscore_plus_imputed
42031,,PA,0.4603,255,0,cfscore_plus_imputed
42033,,PA,0.4603,255,0,cfscore_plus_imputed
42035,,PA,0.4603,255,0,cfscore_plus_imputed
42047,,PA,0.4603,255,0,cfscore_plus_imputed
42053,,PA,0.4603,255,0,cfscore_plus_imputed
42065,,PA,0.4603,255,0,cfscore_plus_imputed
42083,,PA,0.4603,255,0,cfscore_plus_imputed
42105,,PA,0.4603,255,0,cfscore_plus_imputed
42109,,PA,0.4603,255,0,cfscore_plus_imputed
42117,,PA,0.4603,255,0,cfscore_plus_imputed
42119,,PA,0.4603,255,0,cfscore_plus_imputed
42121,,PA,0.4603,255,0,cfscore_plus_imputed
42123,,PA,0.4603,255,0,cfscore_plus_imputed
42019,,PA,0.4603,255,0,cfscore_plus_imputed
42039,,PA,0.4603,255,0,cfscore_plus_imputed
42049,,PA,0.4603,255,0,cfscore_plus_imputed
42073,,PA,0.4603,255,0,cfscore_plus_imputed
42085,,PA,0.4603,255,0,cfscore_plus_imputed
42007,,PA,0.4603,255,0,cfscore_plus_imputed
44001,,RI,0.6229,117,0,cfscore_plus_imputed
44005,,RI,0.6229,117,0,cfscore_plus_imputed
44007,,RI,0.6229,117,0,cfscore_plus_imputed
44003,,RI,0.6229,117,0,cfscore_plus_imputed
44009,,RI,0.6229,117,0,cfscore_plus_imputed
45013,,SC,0.3498,174,0,cfscore_plus_imputed
45015,,SC,0.3498,174,0,cfscore_plus_imputed
45019,,SC,0.3498,174,0,cfscore_plus_imputed
45029,,SC,0.3498,174,0,cfscore_plus_imputed
45035,,SC,0.3498,174,0,cfscore_plus_imputed
45053,,SC,0.3498,174,0,cfscore_plus_imputed
45003,,SC,0.3498,174,0,cfscore_plus_imputed
45011,,SC,0.3498,174,0,cfscore_plus_imputed
45063,,SC,0.3498,174,0,cfscore_plus_imputed
45075,,SC,0.3498,174,0,cfscore_plus_imputed
45079,,SC,0.3498,174,0,cfscore_plus_imputed
45001,,SC,0.3498,174,0,cfscore_plus_imputed
45007,,SC,0.3498,174,0,cfscore_plus_imputed
45037,,SC,0.3498,174,0,cfscore_plus_imputed
45045,,SC,0.3498,174,0,cfscore_plus_imputed
45047,,SC,0.3498,174,0,cfscore_plus_imputed
45059,,SC,0.3498,174,0,cfscore_plus_imputed
45065,,SC,0.3498,174,0,cfscore_plus_imputed
45071,,SC,0.3498,174,0,cfscore_plus_imputed
45073,,SC,0.3498,174,0,cfscore_plus_imputed
45077,,SC,0.3498,174,0,cfscore_plus_imputed
45081,,SC,0.3498,174,0,cfscore_plus_imputed
45083,,SC,0.3498,174,0,cfscore_plus_imputed
45021,,SC,0.3498,174,0,cfscore_plus_imputed
45023,,SC,0.3498,174,0,cfscore_plus_imputed
45039,,SC,0.3498,174,0,cfscore_plus_imputed
45055,,SC,0.3498,174,0,cfscore_plus_imputed
45057,,SC,0.3498,174,0,cfscore_plus_imputed
45061,,SC,0.3498,174,0,cfscore_plus_imputed
45085,,SC,0.3498,174,0,cfscore_plus_imputed
45087,,SC,0.3498,174,0,cfscore_plus_imputed
45091,,SC,0.3498,174,0,cfscore_plus_imputed
45005,,SC,0.3498,174,0,cfscore_plus_imputed
45009,,SC,0.3498,174,0,cfscore_plus_imputed
45017,,SC,0.3498,174,0,cfscore_plus_imputed
45027,,SC,0.3498,174,0,cfscore_plus_imputed
45041,,SC,0.3498,174,0,cfscore_plus_imputed
45049,,SC,0.3498,174,0,cfscore_plus_imputed
45089,,SC,0.3498,174,0,cfscore_plus_imputed
45025,,SC,0.3498,174,0,cfscore_plus_imputed
45031,,SC,0.3498,174,0,cfscore_plus_imputed
45033,,SC,0.3498,174,0,cfscore_plus_imputed
45043,,SC,0.3498,174,0,cfscore_plus_imputed
45051,,SC,0.3498,174,0,cfscore_plus_imputed
45067,,SC,0.3498,174,0,cfscore_plus_imputed
45069,,SC,0.3498,174,0,cfscore_plus_imputed
46003,,SD,0.2518,109,0,cfscore_plus_imputed
46005,,SD,0.2518,109,0,cfscore_plus_imputed
46007,,SD,0.2518,109,0,cfscore_plus_imputed
46009,,SD,0.2518,109,0,cfscore_plus_imputed
46011,,SD,0.2518,109,0,cfscore_plus_imputed
46013,,SD,0.2518,109,0,cfscore_plus_imputed
46015,,SD,0.2518,109,0,cfscore_plus_imputed
46017,,SD,0.2518,109,0,cfscore_plus_imputed
46019,,SD,0.2518,109,0,cfscore_plus_imputed
46021,,SD,0.2518,109,0,cfscore_plus_imputed
46023,,SD,0.2518,109,0,cfscore_plus_imputed
46025,,SD,0.2518,109,0,cfscore_plus_imputed
46027,,SD,0.2518,109,0,cfscore_plus_imputed
46029,,SD,0.2518,109,0,cfscore_plus_imputed
46031,,SD,0.2518,109,0,cfscore_plus_imputed
46033,,SD,0.2518,109,0,cfscore_plus_imputed
46035,,SD,0.2518,109,0,cfscore_plus_imputed
46037,,SD,0.2518,109,0,cfscore_plus_imputed
46039,,SD,0.2518,109,0,cfscore_plus_imputed
46041,,SD,0.2518,109,0,cfscore_plus_imputed
46043,,SD,0.2518,109,0,cfscore_plus_imputed
46045,,SD,0.2518,109,0,cfscore_plus_imputed
46047,,SD,0.2518,109,0,cfscore_plus_imputed
46049,,SD,0.2518,109,0,cfscore_plus_imputed
46051,,SD,0.2518,109,0,cfscore_plus_imputed
46053,,SD,0.2518,109,0,cfscore_plus_imputed
46055,,SD,0.2518,109,0,cfscore_plus_imputed
46057,,SD,0.2518,109,0,cfscore_plus_imputed
46059,,SD,0.2518,109,0,cfscore_plus_imputed
46061,,SD,0.2518,109,0,cfscore_plus_imputed
46063,,SD,0.2518,109,0,cfscore_plus_imputed
46065,,SD,0.2518,109,0,cfscore_plus_imputed
46067,,SD,0.2518,109,0,cfscore_plus_imputed
46069,,SD,0.2518,109,0,cfscore_plus_imputed
46071,,SD,0.2518,109,0,cfscore_plus_imputed
46073,,SD,0.2518,109,0,cfscore_plus_imputed
46075,,SD,0.2518,109,0,cfscore_plus_imputed
46077,,SD,0.2518,109,0,cfscore_plus_imputed
46079,,SD,0.2518,109,0,cfscore_plus_imputed
46081,,SD,0.2518,109,0,cfscore_plus_imputed
46083,,SD,0.2518,109,0,cfscore_plus_imputed
46085,,SD,0.2518,109,0,cfscore_plus_imputed
46087,,SD,0.2518,109,0,cfscore_plus_imputed
46089,,SD,0.2518,109,0,cfscore_plus_imputed
46091,,SD,0.2518,109,0,cfscore_plus_imputed
46093,,SD,0.2518,109,0,cfscore_plus_imputed
46095,,SD,0.2518,109,0,cfscore_plus_imputed
46097,,SD,0.2518,109,0,cfscore_plus_imputed
46099,,SD,0.2518,109,0,cfscore_plus_imputed
46101,,SD,0.2518,109,0,cfscore_plus_imputed
46102,,SD,0.2518,109,0,cfscore_plus_imputed
46103,,SD,0.2518,109,0,cfscore_plus_imputed
46105,,SD,0.2518,109,0,cfscore_plus_imputed
46107,,SD,0.2518,109,0,cfscore_plus_imputed
46109,,SD,0.2518,109,0,cfscore_plus_imputed
46111,,SD,0.2518,109,0,cfscore_plus_imputed
46115,,SD,0.2518,109,0,cfscore_plus_imputed
46117,,SD,0.2518,109,0,cfscore_plus_imputed
46119,,SD,0.2518,109,0,cfscore_plus_imputed
46121,,SD,0.2518,109,0,cfscore_plus_imputed
46123,,SD,0.2518,109,0,cfscore_plus_imputed
46125,,SD,0.2518,109,0,cfscore_plus_imputed
46127,,SD,0.2518,109,0,cfscore_plus_imputed
46129,,SD,0.2518,109,0,cfscore_plus_imputed
46135,,SD,0.2518,109,0,cfscore_plus_imputed
46137,,SD,0.2518,109,0,cfscore_plus_imputed
47019,,TN,0.3151,134,0,cfscore_plus_imputed
47029,,TN,0.3151,134,0,cfscore_plus_imputed
47059,,TN,0.3151,134,0,cfscore_plus_imputed
47063,,TN,0.3151,134,0,cfscore_plus_imputed
47067,,TN,0.3151,134,0,cfscore_plus_imputed
47073,,TN,0.3151,134,0,cfscore_plus_imputed
47089,,TN,0.3151,134,0,cfscore_plus_imputed
47091,,TN,0.3151,134,0,cfscore_plus_imputed
47155,,TN,0.3151,134,0,cfscore_plus_imputed
47163,,TN,0.3151,134,0,cfscore_plus_imputed
47171,,TN,0.3151,134,0,cfscore_plus_imputed
47179,,TN,0.3151,134,0,cfscore_plus_imputed
47009,,TN,0.3151,134,0,cfscore_plus_imputed
47013,,TN,0.3151,134,0,cfscore_plus_imputed
47025,,TN,0.3151,134,0,cfscore_plus_imputed
47057,,TN,0.3151,134,0,cfscore_plus_imputed
47093,,TN,0.3151,134,0,cfscore_plus_imputed
47105,,TN,0.3151,134,0,cfscore_plus_imputed
47173,,TN,0.3151,134,0,cfscore_plus_imputed
47001,,TN,0.3151,134,0,cfscore_plus_imputed
47011,,TN,0.3151,134,0,cfscore_plus_imputed
47065,,TN,0.3151,134,0,cfscore_plus_imputed
47107,,TN,0.3151,134,0,cfscore_plus_imputed
47123,,TN,0.3151,134,0,cfscore_plus_imputed
47129,,TN,0.3151,134,0,cfscore_plus_imputed
47139,,TN,0.3151,134,0,cfscore_plus_imputed
47145,,TN,0.3151,134,0,cfscore_plus_imputed
47151,,TN,0.3151,134,0,cfscore_plus_imputed
47003,,TN,0.3151,134,0,cfscore_plus_imputed
47007,,TN,0.3151,134,0,cfscore_plus_imputed
47031,,TN,0.3151,134,0,cfscore_plus_imputed
47051,,TN,0.3151,134,0,cfscore_plus_imputed
47055,,TN,0.3151,134,0,cfscore_plus_imputed
47061,,TN,0.3151,134,0,cfscore_plus_imputed
47099,,TN,0.3151,134,0,cfscore_plus_imputed
47103,,TN,0.3151,134,0,cfscore_plus_imputed
47115,,TN,0.3151,134,0,cfscore_plus_imputed
47121,,TN,0.3151,134,0,cfscore_plus_imputed
47127,,TN,0.3151,134,0,cfscore_plus_imputed
47143,,TN,0.3151,134,0,cfscore_plus_imputed
47149,,TN,0.3151,134,0,cfscore_plus_imputed
47153,,TN,0.3151,134,0,cfscore_plus_imputed
47177,,TN,0.3151,134,0,cfscore_plus_imputed
47037,,TN,0.3151,134,0,cfscore_plus_imputed
47101,,TN,0.3151,134,0,cfscore_plus_imputed
47117,,TN,0.3151,134,0,cfscore_plus_imputed
47119,,TN,0.3151,134,0,cfscore_plus_imputed
47187,,TN,0.3151,134,0,cfscore_plus_imputed
47189,,TN,0.3151,134,0,cfscore_plus_imputed
47015,,TN,0.3151,134,0,cfscore_plus_imputed
47027,,TN,0.3151,134,0,cfscore_plus_imputed
47035,,TN,0.3151,134,0,cfscore_plus_imputed
47041,,TN,0.3151,134,0,cfscore_plus_imputed
47049,,TN,0.3151,134,0,cfscore_plus_imputed
47087,,TN,0.3151,134,0,cfscore_plus_imputed
47111,,TN,0.3151,134,0,cfscore_plus_imputed
47133,,TN,0.3151,134,0,cfscore_plus_imputed
47137,,TN,0.3151,134,0,cfscore_plus_imputed
47141,,TN,0.3151,134,0,cfscore_plus_imputed
47159,,TN,0.3151,134,0,cfscore_plus_imputed
47165,,TN,0.3151,134,0,cfscore_plus_imputed
47169,,TN,0.3151,134,0,cfscore_plus_imputed
47175,,TN,0.3151,134,0,cfscore_plus_imputed
47185,,TN,0.3151,134,0,cfscore_plus_imputed
47005,,TN,0.3151,134,0,cfscore_plus_imputed
47021,,TN,0.3151,134,0,cfscore_plus_imputed
47039,,TN,0.3151,134,0,cfscore_plus_imputed
47043,,TN,0.3151,134,0,cfscore_plus_imputed
47081,,TN,0.3151,134,0,cfscore_plus_imputed
47083,,TN,0.3151,134,0,cfscore_plus_imputed
47085,,TN,0.3151,134,0,cfscore_plus_imputed
47125,,TN,0.3151,134,0,cfscore_plus_imputed
47135,,TN,0.3151,134,0,cfscore_plus_imputed
47147,,TN,0.3151,134,0,cfscore_plus_imputed
47161,,TN,0.3151,134,0,cfscore_plus_imputed
47181,,TN,0.3151,134,0,cfscore_plus_imputed
47017,,TN,0.3151,134,0,cfscore_plus_imputed
47023,,TN,0.3151,134,0,cfscore_plus_imputed
47033,,TN,0.3151,134,0,cfscore_plus_imputed
47045,,TN,0.3151,134,0,cfscore_plus_imputed
47047,,TN,0.3151,134,0,cfscore_plus_imputed
47053,,TN,0.3151,134,0,cfscore_plus_imputed
47069,,TN,0.3151,134,0,cfscore_plus_imputed
47071,,TN,0.3151,134,0,cfscore_plus_imputed
47075,,TN,0.3151,134,0,cfscore_plus_imputed
47077,,TN,0.3151,134,0,cfscore_plus_imputed
47079,,TN,0.3151,134,0,cfscore_plus_imputed
47095,,TN,0.3151,134,0,cfscore_plus_imputed
47097,,TN,0.3151,134,0,cfscore_plus_imputed
47109,,TN,0.3151,134,0,cfscore_plus_imputed
47113,,TN,0.3151,134,0,cfscore_plus_imputed
47131,,TN,0.3151,134,0,cfscore_plus_imputed
47157,,TN,0.3151,134,0,cfscore_plus_imputed
47167,,TN,0.3151,134,0,cfscore_plus_imputed
47183,,TN,0.3151,134,0,cfscore_plus_imputed
48037,,TX,0.3827,184,0,cfscore_plus_imputed
48063,,TX,0.3827,184,0,cfscore_plus_imputed
48067,,TX,0.3827,184,0,cfscore_plus_imputed
48159,,TX,0.3827,184,0,cfscore_plus_imputed
48183,,TX,0.3827,184,0,cfscore_plus_imputed
48203,,TX,0.3827,184,0,cfscore_plus_imputed
48315,,TX,0.3827,184,0,cfscore_plus_imputed
48343,,TX,0.3827,184,0,cfscore_plus_imputed
48365,,TX,0.3827,184,0,cfscore_plus_imputed
48387,,TX,0.3827,184,0,cfscore_plus_imputed
48401,,TX,0.3827,184,0,cfscore_plus_imputed
48403,,TX,0.3827,184,0,cfscore_plus_imputed
48405,,TX,0.3827,184,0,cfscore_plus_imputed
48419,,TX,0.3827,184,0,cfscore_plus_imputed
48423,,TX,0.3827,184,0,cfscore_plus_imputed
48449,,TX,0.3827,184,0,cfscore_plus_imputed
48459,,TX,0.3827,184,0,cfscore_plus_imputed
48201,,TX,0.3827,184,0,cfscore_plus_imputed
48339,,TX,0.3827,184,0,cfscore_plus_imputed
48085,,TX,0.3827,184,0,cfscore_plus_imputed
48231,,TX,0.3827,184,0,cfscore_plus_imputed
48119,,TX,0.3827,184,0,cfscore_plus_imputed
48121,,TX,0.3827,184,0,cfscore_plus_imputed
48147,,TX,0.3827,184,0,cfscore_plus_imputed
48181,,TX,0.3827,184,0,cfscore_plus_imputed
48223,,TX,0.3827,184,0,cfscore_plus_imputed
48277,,TX,0.3827,184,0,cfscore_plus_imputed
48379,,TX,0.3827,184,0,cfscore_plus_imputed
48397,,TX,0.3827,184,0,cfscore_plus_imputed
48113,,TX,0.3827,184,0,cfscore_plus_imputed
48213,,TX,0.3827,184,0,cfscore_plus_imputed
48257,,TX,0.3827,184,0,cfscore_plus_imputed
48467,,TX,0.3827,184,0,cfscore_plus_imputed
48499,,TX,0.3827,184,0,cfscore_plus_imputed
48001,,TX,0.3827,184,0,cfscore_plus_imputed
48073,,TX,0.3827,184,0,cfscore_plus_imputed
48139,,TX,0.3827,184,0,cfscore_plus_imputed
48161,,TX,0.3827,184,0,cfscore_plus_imputed
48217,,TX,0.3827,184,0,cfscore_plus_imputed
48251,,TX,0.3827,184,0,cfscore_plus_imputed
48349,,TX,0.3827,184,0,cfscore_plus_imputed
48439,,TX,0.3827,184,0,cfscore_plus_imputed
48157,,TX,0.3827,184,0,cfscore_plus_imputed
48373,,TX,0.3827,184,0,cfscore_plus_imputed
48407,,TX,0.3827,184,0,cfscore_plus_imputed
48471,,TX,0.3827,184,0,cfscore_plus_imputed
48039,,TX,0.3827,184,0,cfscore_plus_imputed
48015,,TX,0.3827,184,0,cfscore_plus_imputed
48021,,TX,0.3827,184,0,cfscore_plus_imputed
48041,,TX,0.3827,184,0,cfscore_plus_imputed
48051,,TX,0.3827,184,0,cfscore_plus_imputed
48089,,TX,0.3827,184,0,cfscore_plus_imputed
48149,,TX,0.3827,184,0,cfscore_plus_imputed
48185,,TX,0.3827,184,0,cfscore_plus_imputed
48287,,TX,0.3827,184,0,cfscore_plus_imputed
48313,,TX,0.3827,184,0,cfscore_plus_imputed
48453,,TX,0.3827,184,0,cfscore_plus_imputed
48473,,TX,0.3827,184,0,cfscore_plus_imputed
48477,,TX,0.3827,184,0,cfscore_plus_imputed
48491,,TX,0.3827,184,0,cfscore_plus_imputed
48027,,TX,0.3827,184,0,cfscore_plus_imputed
48049,,TX,0.3827,184,0,cfscore_plus_imputed
48081,,TX,0.3827,184,0,cfscore_plus_imputed
48083,,TX,0.3827,184,0,cfscore_plus_imputed
48095,,TX,0.3827,184,0,cfscore_plus_imputed
48135,,TX,0.3827,184,0,cfscore_plus_imputed
48173,,TX,0.3827,184,0,cfscore_plus_imputed
48235,,TX,0.3827,184,0,cfscore_plus_imputed
48267,,TX,0.3827,184,0,cfscore_plus_imputed
48281,,TX,0.3827,184,0,cfscore_plus_imputed
48299,,TX,0.3827,184,0,cfscore_plus_imputed
48307,,TX,0.3827,184,0,cfscore_plus_imputed
48319,,TX,0.3827,184,0,cfscore_plus_imputed
48327,,TX,0.3827,184,0,cfscore_plus_imputed
48329,,TX,0.3827,184,0,cfscore_plus_imputed
48333,,TX,0.3827,184,0,cfscore_plus_imputed
48399,,TX,0.3827,184,0,cfscore_plus_imputed
48411,,TX,0.3827,184,0,cfscore_plus_imputed
48431,,TX,0.3827,184,0,cfscore_plus_imputed
48451,,TX,0.3827,184,0,cfscore_plus_imputed
48367,,TX,0.3827,184,0,cfscore_plus_imputed
48009,,TX,0.3827,184,0,cfscore_plus_imputed
48011,,TX,0.3827,184,0,cfscore_plus_imputed
48023,,TX,0.3827,184,0,cfscore_plus_imputed
48045,,TX,0.3827,184,0,cfscore_plus_imputed
48065,,TX,0.3827,184,0,cfscore_plus_imputed
48075,,TX,0.3827,184,0,cfscore_plus_imputed
48077,,TX,0.3827,184,0,cfscore_plus_imputed
48087,,TX,0.3827,184,0,cfscore_plus_imputed
48101,,TX,0.3827,184,0,cfscore_plus_imputed
48111,,TX,0.3827,184,0,cfscore_plus_imputed
48117,,TX,0.3827,184,0,cfscore_plus_imputed
48125,,TX,0.3827,184,0,cfscore_plus_imputed
48129,,TX,0.3827,184,0,cfscore_plus_imputed
48155,,TX,0.3827,184,0,cfscore_plus_imputed
48179,,TX,0.3827,184,0,cfscore_plus_imputed
48191,,TX,0.3827,184,0,cfscore_plus_imputed
48195,,TX,0.3827,184,0,cfscore_plus_imputed
48197,,TX,0.3827,184,0,cfscore_plus_imputed
48205,,TX,0.3827,184,0,cfscore_plus_imputed
48211,,TX,0.3827,184,0,cfscore_plus_imputed
48233,,TX,0.3827,184,0,cfscore_plus_imputed
48269,,TX,0.3827,184,0,cfscore_plus_imputed
48275,,TX,0.3827,184,0,cfscore_plus_imputed
48295,,TX,0.3827,184,0,cfscore_plus_imputed
48337,,TX,0.3827,184,0,cfscore_plus_imputed
48341,,TX,0.3827,184,0,cfscore_plus_imputed
48345,,TX,0.3827,184,0,cfscore_plus_imputed
48357,,TX,0.3827,184,0,cfscore_plus_imputed
48359,,TX,0.3827,184,0,cfscore_plus_imputed
48375,,TX,0.3827,184,0,cfscore_plus_imputed
48381,,TX,0.3827,184,0,cfscore_plus_imputed
48393,,TX,0.3827,184,0,cfscore_plus_imputed
48421,,TX,0.3827,184,0,cfscore_plus_imputed
48483,,TX,0.3827,184,0,cfscore_plus_imputed
48485,,TX,0.3827,184,0,cfscore_plus_imputed
48487,,TX,0.3827,184,0,cfscore_plus_imputed
48497,,TX,0.3827,184,0,cfscore_plus_imputed
48071,,TX,0.3827,184,0,cfscore_plus_imputed
48167,,TX,0.3827,184,0,cfscore_plus_imputed
48245,,TX,0.3827,184,0,cfscore_plus_imputed
48361,,TX,0.3827,184,0,cfscore_plus_imputed
48047,,TX,0.3827,184,0,cfscore_plus_imputed
48187,,TX,0.3827,184,0,cfscore_plus_imputed
48215,,TX,0.3827,184,0,cfscore_plus_imputed
48249,,TX,0.3827,184,0,cfscore_plus_imputed
48255,,TX,0.3827,184,0,cfscore_plus_imputed
48297,,TX,0.3827,184,0,cfscore_plus_imputed
48493,,TX,0.3827,184,0,cfscore_plus_imputed
48141,,TX,0.3827,184,0,cfscore_plus_imputed
48005,,TX,0.3827,184,0,cfscore_plus_imputed
48145,,TX,0.3827,184,0,cfscore_plus_imputed
48225,,TX,0.3827,184,0,cfscore_plus_imputed
48289,,TX,0.3827,184,0,cfscore_plus_imputed
48293,,TX,0.3827,184,0,cfscore_plus_imputed
48309,,TX,0.3827,184,0,cfscore_plus_imputed
48331,,TX,0.3827,184,0,cfscore_plus_imputed
48347,,TX,0.3827,184,0,cfscore_plus_imputed
48395,,TX,0.3827,184,0,cfscore_plus_imputed
48455,,TX,0.3827,184,0,cfscore_plus_imputed
48003,,TX,0.3827,184,0,cfscore_plus_imputed
48017,,TX,0.3827,184,0,cfscore_plus_imputed
48033,,TX,0.3827,184,0,cfscore_plus_imputed
48059,,TX,0.3827,184,0,cfscore_plus_imputed
48069,,TX,0.3827,184,0,cfscore_plus_imputed
48079,,TX,0.3827,184,0,cfscore_plus_imputed
48107,,TX,0.3827,184,0,cfscore_plus_imputed
48115,,TX,0.3827,184,0,cfscore_plus_imputed
48151,,TX,0.3827,184,0,cfscore_plus_imputed
48153,,TX,0.3827,184,0,cfscore_plus_imputed
48165,,TX,0.3827,184,0,cfscore_plus_imputed
48169,,TX,0.3827,184,0,cfscore_plus_imputed
48189,,TX,0.3827,184,0,cfscore_plus_imputed
48207,,TX,0.3827,184,0,cfscore_plus_imputed
48219,,TX,0.3827,184,0,cfscore_plus_imputed
48227,,TX,0.3827,184,0,cfscore_plus_imputed
48253,,TX,0.3827,184,0,cfscore_plus_imputed
48263,,TX,0.3827,184,0,cfscore_plus_imputed
48279,,TX,0.3827,184,0,cfscore_plus_imputed
48303,,TX,0.3827,184,0,cfscore_plus_imputed
48305,,TX,0.3827,184,0,cfscore_plus_imputed
48317,,TX,0.3827,184,0,cfscore_plus_imputed
48335,,TX,0.3827,184,0,cfscore_plus_imputed
48353,,TX,0.3827,184,0,cfscore_plus_imputed
48369,,TX,0.3827,184,0,cfscore_plus_imputed
48415,,TX,0.3827,184,0,cfscore_plus_imputed
48417,,TX,0.3827,184,0,cfscore_plus_imputed
48433,,TX,0.3827,184,0,cfscore_plus_imputed
48437,,TX,0.3827,184,0,cfscore_plus_imputed
48441,,TX,0.3827,184,0,cfscore_plus_imputed
48445,,TX,0.3827,184,0,cfscore_plus_imputed
48447,,TX,0.3827,184,0,cfscore_plus_imputed
48501,,TX,0.3827,184,0,cfscore_plus_imputed
48029,,TX,0.3827,184,0,cfscore_plus_imputed
48019,,TX,0.3827,184,0,cfscore_plus_imputed
48031,,TX,0.3827,184,0,cfscore_plus_imputed
48091,,TX,0.3827,184,0,cfscore_plus_imputed
48171,,TX,0.3827,184,0,cfscore_plus_imputed
48209,,TX,0.3827,184,0,cfscore_plus_imputed
48259,,TX,0.3827,184,0,cfscore_plus_imputed
48265,,TX,0.3827,184,0,cfscore_plus_imputed
48385,,TX,0.3827,184,0,cfscore_plus_imputed
48321,,TX,0.3827,184,0,cfscore_plus_imputed
48481,,TX,0.3827,184,0,cfscore_plus_imputed
48043,,TX,0.3827,184,0,cfscore_plus_imputed
48103,,TX,0.3827,184,0,cfscore_plus_imputed
48105,,TX,0.3827,184,0,cfscore_plus_imputed
48109,,TX,0.3827,184,0,cfscore_plus_imputed
48127,,TX,0.3827,184,0,cfscore_plus_imputed
48137,,TX,0.3827,184,0,cfscore_plus_imputed
48163,,TX,0.3827,184,0,cfscore_plus_imputed
48229,,TX,0.3827,184,0,cfscore_plus_imputed
48243,,TX,0.3827,184,0,cfscore_plus_imputed
48271,,TX,0.3827,184,0,cfscore_plus_imputed
48283,,TX,0.3827,184,0,cfscore_plus_imputed
48301,,TX,0.3827,184,0,cfscore_plus_imputed
48323,,TX,0.3827,184,0,cfscore_plus_imputed
48325,,TX,0.3827,184,0,cfscore_plus_imputed
48371,,TX,0.3827,184,0,cfscore_plus_imputed
48377,,TX,0.3827,184,0,cfscore_plus_imputed
48383,,TX,0.3827,184,0,cfscore_plus_imputed
48389,,TX,0.3827,184,0,cfscore_plus_imputed
48413,,TX,0.3827,184,0,cfscore_plus_imputed
48435,,TX,0.3827,184,0,cfscore_plus_imputed
48443,,TX,0.3827,184,0,cfscore_plus_imputed
48461,,TX,0.3827,184,0,cfscore_plus_imputed
48463,,TX,0.3827,184,0,cfscore_plus_imputed
48465,,TX,0.3827,184,0,cfscore_plus_imputed
48475,,TX,0.3827,184,0,cfscore_plus_imputed
48495,,TX,0.3827,184,0,cfscore_plus_imputed
48507,,TX,0.3827,184,0,cfscore_plus_imputed
48093,,TX,0.3827,184,0,cfscore_plus_imputed
48133,,TX,0.3827,184,0,cfscore_plus_imputed
48143,,TX,0.3827,184,0,cfscore_plus_imputed
48221,,TX,0.3827,184,0,cfscore_plus_imputed
48237,,TX,0.3827,184,0,cfscore_plus_imputed
48363,,TX,0.3827,184,0,cfscore_plus_imputed
48425,,TX,0.3827,184,0,cfscore_plus_imputed
48429,,TX,0.3827,184,0,cfscore_plus_imputed
48503,,TX,0.3827,184,0,cfscore_plus_imputed
48097,,TX,0.3827,184,0,cfscore_plus_imputed
48007,,TX,0.3827,184,0,cfscore_plus_imputed
48025,,TX,0.3827,184,0,cfscore_plus_imputed
48055,,TX,0.3827,184,0,cfscore_plus_imputed
48057,,TX,0.3827,184,0,cfscore_plus_imputed
48123,,TX,0.3827,184,0,cfscore_plus_imputed
48175,,TX,0.3827,184,0,cfscore_plus_imputed
48177,,TX,0.3827,184,0,cfscore_plus_imputed
48239,,TX,0.3827,184,0,cfscore_plus_imputed
48285,,TX,0.3827,184,0,cfscore_plus_imputed
48355,,TX,0.3827,184,0,cfscore_plus_imputed
48391,,TX,0.3827,184,0,cfscore_plus_imputed
48409,,TX,0.3827,184,0,cfscore_plus_imputed
48469,,TX,0.3827,184,0,cfscore_plus_imputed
48013,,TX,0.3827,184,0,cfscore_plus_imputed
48131,,TX,0.3827,184,0,cfscore_plus_imputed
48247,,TX,0.3827,184,0,cfscore_plus_imputed
48311,,TX,0.3827,184,0,cfscore_plus_imputed
48427,,TX,0.3827,184,0,cfscore_plus_imputed
48479,,TX,0.3827,184,0,cfscore_plus_imputed
48505,,TX,0.3827,184,0,cfscore_plus_imputed
48035,,TX,0.3827,184,0,cfscore_plus_imputed
48053,,TX,0.3827,184,0,cfscore_plus_imputed
48099,,TX,0.3827,184,0,cfscore_plus_imputed
48193,,TX,0.3827,184,0,cfscore_plus_imputed
48061,,TX,0.3827,184,0,cfscore_plus_imputed
48261,,TX,0.3827,184,0,cfscore_plus_imputed
48273,,TX,0.3827,184,0,cfscore_plus_imputed
48489,,TX,0.3827,184,0,cfscore_plus_imputed
48199,,TX,0.3827,184,0,cfscore_plus_imputed
48241,,TX,0.3827,184,0,cfscore_plus_imputed
48291,,TX,0.3827,184,0,cfscore_plus_imputed
48351,,TX,0.3827,184,0,cfscore_plus_imputed
48457,,TX,0.3827,184,0,cfscore_plus_imputed
49003,,UT,0.32,104,0,cfscore_plus_imputed
49005,,UT,0.32,104,0,cfscore_plus_imputed
49011,,UT,0.32,104,0,cfscore_plus_imputed
49029,,UT,0.32,104,0,cfscore_plus_imputed
49033,,UT,0.32,104,0,cfscore_plus_imputed
49035,,UT,0.32,104,0,cfscore_plus_imputed
49043,,UT,0.32,104,0,cfscore_plus_imputed
49057,,UT,0.32,104,0,cfscore_plus_imputed
49001,,UT,0.32,104,0,cfscore_plus_imputed
49017,,UT,0.32,104,0,cfscore_plus_imputed
49021,,UT,0.32,104,0,cfscore_plus_imputed
49023,,UT,0.32,104,0,cfscore_plus_imputed
49025,,UT,0.32,104,0,cfscore_plus_imputed
49027,,UT,0.32,104,0,cfscore_plus_imputed
49031,,UT,0.32,104,0,cfscore_plus_imputed
49041,,UT,0.32,104,0,cfscore_plus_imputed
49045,,UT,0.32,104,0,cfscore_plus_imputed
49053,,UT,0.32,104,0,cfscore_plus_imputed
49055,,UT,0.32,104,0,cfscore_plus_imputed
49007,,UT,0.32,104,0,cfscore_plus_imputed
49009,,UT,0.32,104,0,cfscore_plus_imputed
49013,,UT,0.32,104,0,cfscore_plus_imputed
49015,,UT,0.32,104,0,cfscore_plus_imputed
49019,,UT,0.32,104,0,cfscore_plus_imputed
49037,,UT,0.32,104,0,cfscore_plus_imputed
49047,,UT,0.32,104,0,cfscore_plus_imputed
49049,,UT,0.32,104,0,cfscore_plus_imputed
49051,,UT,0.32,104,0,cfscore_plus_imputed
49039,,UT,0.32,104,0,cfscore_plus_imputed
50001,,VT,0.5216,183,0,cfscore_plus_imputed
50003,,VT,0.5216,183,0,cfscore_plus_imputed
50005,,VT,0.5216,183,0,cfscore_plus_imputed
50007,,VT,0.5216,183,0,cfscore_plus_imputed
50009,,VT,0.5216,183,0,cfscore_plus_imputed
50011,,VT,0.5216,183,0,cfscore_plus_imputed
50013,,VT,0.5216,183,0,cfscore_plus_imputed
50015,,VT,0.5216,183,0,cfscore_plus_imputed
50017,,VT,0.5216,183,0,cfscore_plus_imputed
50019,,VT,0.5216,183,0,cfscore_plus_imputed
50021,,VT,0.5216,183,0,cfscore_plus_imputed
50023,,VT,0.5216,183,0,cfscore_plus_imputed
50025,,VT,0.5216,183,0,cfscore_plus_imputed
50027,,VT,0.5216,183,0,cfscore_plus_imputed
51041,,VA,0.5117,142,0,cfscore_plus_imputed
51057,,VA,0.5117,142,0,cfscore_plus_imputed
51073,,VA,0.5117,142,0,cfscore_plus_imputed
51085,,VA,0.5117,142,0,cfscore_plus_imputed
51087,,VA,0.5117,142,0,cfscore_plus_imputed
51095,,VA,0.5117,142,0,cfscore_plus_imputed
51097,,VA,0.5117,142,0,cfscore_plus_imputed
51101,,VA,0.5117,142,0,cfscore_plus_imputed
51103,,VA,0.5117,142,0,cfscore_plus_imputed
51115,,VA,0.5117,142,0,cfscore_plus_imputed
51119,,VA,0.5117,142,0,cfscore_plus_imputed
51127,,VA,0.5117,142,0,cfscore_plus_imputed
51133,,VA,0.5117,142,0,cfscore_plus_imputed
51159,,VA,0.5117,142,0,cfscore_plus_imputed
51193,,VA,0.5117,142,0,cfscore_plus_imputed
51199,,VA,0.5117,142,0,cfscore_plus_imputed
51735,,VA,0.5117,142,0,cfscore_plus_imputed
51830,,VA,0.5117,142,0,cfscore_plus_imputed
51001,,VA,0.5117,142,0,cfscore_plus_imputed
51093,,VA,0.5117,142,0,cfscore_plus_imputed
51131,,VA,0.5117,142,0,cfscore_plus_imputed
51175,,VA,0.5117,142,0,cfscore_plus_imputed
51550,,VA,0.5117,142,0,cfscore_plus_imputed
51620,,VA,0.5117,142,0,cfscore_plus_imputed
51800,,VA,0.5117,142,0,cfscore_plus_imputed
51810,,VA,0.5117,142,0,cfscore_plus_imputed
51650,,VA,0.5117,142,0,cfscore_plus_imputed
51700,,VA,0.5117,142,0,cfscore_plus_imputed
51710,,VA,0.5117,142,0,cfscore_plus_imputed
51740,,VA,0.5117,142,0,cfscore_plus_imputed
51025,,VA,0.5117,142,0,cfscore_plus_imputed
51036,,VA,0.5117,142,0,cfscore_plus_imputed
51053,,VA,0.5117,142,0,cfscore_plus_imputed
51081,,VA,0.5117,142,0,cfscore_plus_imputed
51149,,VA,0.5117,142,0,cfscore_plus_imputed
51181,,VA,0.5117,142,0,cfscore_plus_imputed
51183,,VA,0.5117,142,0,cfscore_plus_imputed
51570,,VA,0.5117,142,0,cfscore_plus_imputed
51595,,VA,0.5117,142,0,cfscore_plus_imputed
51670,,VA,0.5117,142,0,cfscore_plus_imputed
51730,,VA,0.5117,142,0,cfscore_plus_imputed
51760,,VA,0.5117,142,0,cfscore_plus_imputed
51003,,VA,0.5117,142,0,cfscore_plus_imputed
51007,,VA,0.5117,142,0,cfscore_plus_imputed
51009,,VA,0.5117,142,0,cfscore_plus_imputed
51011,,VA,0.5117,142,0,cfscore_plus_imputed
51019,,VA,0.5117,142,0,cfscore_plus_imputed
51029,,VA,0.5117,142,0,cfscore_plus_imputed
51031,,VA,0.5117,142,0,cfscore_plus_imputed
51037,,VA,0.5117,142,0,cfscore_plus_imputed
51049,,VA,0.5117,142,0,cfscore_plus_imputed
51065,,VA,0.5117,142,0,cfscore_plus_imputed
51075,,VA,0.5117,142,0,cfscore_plus_imputed
51083,,VA,0.5117,142,0,cfscore_plus_imputed
51109,,VA,0.5117,142,0,cfscore_plus_imputed
51111,,VA,0.5117,142,0,cfscore_plus_imputed
51117,,VA,0.5117,142,0,cfscore_plus_imputed
51125,,VA,0.5117,142,0,cfscore_plus_imputed
51135,,VA,0.5117,142,0,cfscore_plus_imputed
51143,,VA,0.5117,142,0,cfscore_plus_imputed
51145,,VA,0.5117,142,0,cfscore_plus_imputed
51147,,VA,0.5117,142,0,cfscore_plus_imputed
51540,,VA,0.5117,142,0,cfscore_plus_imputed
51590,,VA,0.5117,142,0,cfscore_plus_imputed
51680,,VA,0.5117,142,0,cfscore_plus_imputed
51005,,VA,0.5117,142,0,cfscore_plus_imputed
51015,,VA,0.5117,142,0,cfscore_plus_imputed
51017,,VA,0.5117,142,0,cfscore_plus_imputed
51023,,VA,0.5117,142,0,cfscore_plus_imputed
51043,,VA,0.5117,142,0,cfscore_plus_imputed
51069,,VA,0.5117,142,0,cfscore_plus_imputed
51091,,VA,0.5117,142,0,cfscore_plus_imputed
51139,,VA,0.5117,142,0,cfscore_plus_imputed
51161,,VA,0.5117,142,0,cfscore_plus_imputed
51163,,VA,0.5117,142,0,cfscore_plus_imputed
51165,,VA,0.5117,142,0,cfscore_plus_imputed
51171,,VA,0.5117,142,0,cfscore_plus_imputed
51187,,VA,0.5117,142,0,cfscore_plus_imputed
51530,,VA,0.5117,142,0,cfscore_plus_imputed
51580,,VA,0.5117,142,0,cfscore_plus_imputed
51660,,VA,0.5117,142,0,cfscore_plus_imputed
51678,,VA,0.5117,142,0,cfscore_plus_imputed
51770,,VA,0.5117,142,0,cfscore_plus_imputed
51775,,VA,0.5117,142,0,cfscore_plus_imputed
51790,,VA,0.5117,142,0,cfscore_plus_imputed
51820,,VA,0.5117,142,0,cfscore_plus_imputed
51840,,VA,0.5117,142,0,cfscore_plus_imputed
51033,,VA,0.5117,142,0,cfscore_plus_imputed
51047,,VA,0.5117,142,0,cfscore_plus_imputed
51079,,VA,0.5117,142,0,cfscore_plus_imputed
51099,,VA,0.5117,142,0,cfscore_plus_imputed
51113,,VA,0.5117,142,0,cfscore_plus_imputed
51137,,VA,0.5117,142,0,cfscore_plus_imputed
51153,,VA,0.5117,142,0,cfscore_plus_imputed
51177,,VA,0.5117,142,0,cfscore_plus_imputed
51179,,VA,0.5117,142,0,cfscore_plus_imputed
51630,,VA,0.5117,142,0,cfscore_plus_imputed
51013,,VA,0.5117,142,0,cfscore_plus_imputed
51059,,VA,0.5117,142,0,cfscore_plus_imputed
51510,,VA,0.5117,142,0,cfscore_plus_imputed
51610,,VA,0.5117,142,0,cfscore_plus_imputed
51021,,VA,0.5117,142,0,cfscore_plus_imputed
51027,,VA,0.5117,142,0,cfscore_plus_imputed
51035,,VA,0.5117,142,0,cfscore_plus_imputed
51045,,VA,0.5117,142,0,cfscore_plus_imputed
51051,,VA,0.5117,142,0,cfscore_plus_imputed
51063,,VA,0.5117,142,0,cfscore_plus_imputed
51067,,VA,0.5117,142,0,cfscore_plus_imputed
51071,,VA,0.5117,142,0,cfscore_plus_imputed
51077,,VA,0.5117,142,0,cfscore_plus_imputed
51089,,VA,0.5117,142,0,cfscore_plus_imputed
51105,,VA,0.5117,142,0,cfscore_plus_imputed
51121,,VA,0.5117,142,0,cfscore_plus_imputed
51141,,VA,0.5117,142,0,cfscore_plus_imputed
51155,,VA,0.5117,142,0,cfscore_plus_imputed
51167,,VA,0.5117,142,0,cfscore_plus_imputed
51169,,VA,0.5117,142,0,cfscore_plus_imputed
51173,,VA,0.5117,142,0,cfscore_plus_imputed
51185,,VA,0.5117,142,0,cfscore_plus_imputed
51191,,VA,0.5117,142,0,cfscore_plus_imputed
51195,,VA,0.5117,142,0,cfscore_plus_imputed
51197,,VA,0.5117,142,0,cfscore_plus_imputed
51520,,VA,0.5117,142,0,cfscore_plus_imputed
51640,,VA,0.5117,142,0,cfscore_plus_imputed
51690,,VA,0.5117,142,0,cfscore_plus_imputed
51720,,VA,0.5117,142,0,cfscore_plus_imputed
51750,,VA,0.5117,142,0,cfscore_plus_imputed
51061,,VA,0.5117,142,0,cfscore_plus_imputed
51107,,VA,0.5117,142,0,cfscore_plus_imputed
51157,,VA,0.5117,142,0,cfscore_plus_imputed
51683,,VA,0.5117,142,0,cfscore_plus_imputed
51685,,VA,0.5117,142,0,cfscore_plus_imputed
51600,,VA,0.5117,142,0,cfscore_plus_imputed
53033,,WA,0.5243,151,0,cfscore_plus_imputed
53061,,WA,0.5243,151,0,cfscore_plus_imputed
53029,,WA,0.5243,151,0,cfscore_plus_imputed
53055,,WA,0.5243,151,0,cfscore_plus_imputed
53057,,WA,0.5243,151,0,cfscore_plus_imputed
53073,,WA,0.5243,151,0,cfscore_plus_imputed
53011,,WA,0.5243,151,0,cfscore_plus_imputed
53015,,WA,0.5243,151,0,cfscore_plus_imputed
53041,,WA,0.5243,151,0,cfscore_plus_imputed
53049,,WA,0.5243,151,0,cfscore_plus_imputed
53059,,WA,0.5243,151,0,cfscore_plus_imputed
53067,,WA,0.5243,151,0,cfscore_plus_imputed
53069,,WA,0.5243,151,0,cfscore_plus_imputed
53001,,WA,0.5243,151,0,cfscore_plus_imputed
53005,,WA,0.5243,151,0,cfscore_plus_imputed
53017,,WA,0.5243,151,0,cfscore_plus_imputed
53021,,WA,0.5243,151,0,cfscore_plus_imputed
53025,,WA,0.5243,151,0,cfscore_plus_imputed
53039,,WA,0.5243,151,0,cfscore_plus_imputed
53047,,WA,0.5243,151,0,cfscore_plus_imputed
53077,,WA,0.5243,151,0,cfscore_plus_imputed
53003,,WA,0.5243,151,0,cfscore_plus_imputed
53013,,WA,0.5243,151,0,cfscore_plus_imputed
53019,,WA,0.5243,151,0,cfscore_plus_imputed
53023,,WA,0.5243,151,0,cfscore_plus_imputed
53043,,WA,0.5243,151,0,cfscore_plus_imputed
53051,,WA,0.5243,151,0,cfscore_plus_imputed
53063,,WA,0.5243,151,0,cfscore_plus_imputed
53065,,WA,0.5243,151,0,cfscore_plus_imputed
53071,,WA,0.5243,151,0,cfscore_plus_imputed
53075,,WA,0.5243,151,0,cfscore_plus_imputed
53009,,WA,0.5243,151,0,cfscore_plus_imputed
53027,,WA,0.5243,151,0,cfscore_plus_imputed
53031,,WA,0.5243,151,0,cfscore_plus_imputed
53035,,WA,0.5243,151,0,cfscore_plus_imputed
53045,,WA,0.5243,151,0,cfscore_plus_imputed
53053,,WA,0.5243,151,0,cfscore_plus_imputed
53007,,WA,0.5243,151,0,cfscore_plus_imputed
53037,,WA,0.5243,151,0,cfscore_plus_imputed
54005,,WV,0.2938,136,0,cfscore_plus_imputed
54007,,WV,0.2938,136,0,cfscore_plus_imputed
54011,,WV,0.2938,136,0,cfscore_plus_imputed
54013,,WV,0.2938,136,0,cfscore_plus_imputed
54015,,WV,0.2938,136,0,cfscore_plus_imputed
54019,,WV,0.2938,136,0,cfscore_plus_imputed
54021,,WV,0.2938,136,0,cfscore_plus_imputed
54025,,WV,0.2938,136,0,cfscore_plus_imputed
54035,,WV,0.2938,136,0,cfscore_plus_imputed
54039,,WV,0.2938,136,0,cfscore_plus_imputed
54043,,WV,0.2938,136,0,cfscore_plus_imputed
54045,,WV,0.2938,136,0,cfscore_plus_imputed
54047,,WV,0.2938,136,0,cfscore_plus_imputed
54053,,WV,0.2938,136,0,cfscore_plus_imputed
54055,,WV,0.2938,136,0,cfscore_plus_imputed
54059,,WV,0.2938,136,0,cfscore_plus_imputed
54063,,WV,0.2938,136,0,cfscore_plus_imputed
54067,,WV,0.2938,136,0,cfscore_plus_imputed
54071,,WV,0.2938,136,0,cfscore_plus_imputed
54075,,WV,0.2938,136,0,cfscore_plus_imputed
54079,,WV,0.2938,136,0,cfscore_plus_imputed
54081,,WV,0.2938,136,0,cfscore_plus_imputed
54087,,WV,0.2938,136,0,cfscore_plus_imputed
54089,,WV,0.2938,136,0,cfscore_plus_imputed
54099,,WV,0.2938,136,0,cfscore_plus_imputed
54101,,WV,0.2938,136,0,cfscore_plus_imputed
54105,,WV,0.2938,136,0,cfscore_plus_imputed
54109,,WV,0.2938,136,0,cfscore_plus_imputed
54001,,WV,0.2938,136,0,cfscore_plus_imputed
54003,,WV,0.2938,136,0,cfscore_plus_imputed
54009,,WV,0.2938,136,0,cfscore_plus_imputed
54017,,WV,0.2938,136,0,cfscore_plus_imputed
54023,,WV,0.2938,136,0,cfscore_plus_imputed
54027,,WV,0.2938,136,0,cfscore_plus_imputed
54029,,WV,0.2938,136,0,cfscore_plus_imputed
54031,,WV,0.2938,136,0,cfscore_plus_imputed
54033,,WV,0.2938,136,0,cfscore_plus_imputed
54037,,WV,0.2938,136,0,cfscore_plus_imputed
54041,,WV,0.2938,136,0,cfscore_plus_imputed
54049,,WV,0.2938,136,0,cfscore_plus_imputed
54051,,WV,0.2938,136,0,cfscore_plus_imputed
54057,,WV,0.2938,136,0,cfscore_plus_imputed
54061,,WV,0.2938,136,0,cfscore_plus_imputed
54065,,WV,0.2938,136,0,cfscore_plus_imputed
54069,,WV,0.2938,136,0,cfscore_plus_imputed
54073,,WV,0.2938,136,0,cfscore_plus_imputed
54077,,WV,0.2938,136,0,cfscore_plus_imputed
54083,,WV,0.2938,136,0,cfscore_plus_imputed
54085,,WV,0.2938,136,0,cfscore_plus_imputed
54091,,WV,0.2938,136,0,cfscore_plus_imputed
54093,,WV,0.2938,136,0,cfscore_plus_imputed
54095,,WV,0.2938,136,0,cfscore_plus_imputed
54097,,WV,0.2938,136,0,cfscore_plus_imputed
54103,,WV,0.2938,136,0,cfscore_plus_imputed
54107,,WV,0.2938,136,0,cfscore_plus_imputed
55059,,WI,0.4543,135,0,cfscore_plus_imputed
55079,,WI,0.4543,135,0,cfscore_plus_imputed
55101,,WI,0.4543,135,0,cfscore_plus_imputed
55105,,WI,0.4543,135,0,cfscore_plus_imputed
55127,,WI,0.4543,135,0,cfscore_plus_imputed
55025,,WI,0.4543,135,0,cfscore_plus_imputed
55045,,WI,0.4543,135,0,cfscore_plus_imputed
55049,,WI,0.4543,135,0,cfscore_plus_imputed
55065,,WI,0.4543,135,0,cfscore_plus_imputed
55111,,WI,0.4543,135,0,cfscore_plus_imputed
55001,,WI,0.4543,135,0,cfscore_plus_imputed
55011,,WI,0.4543,135,0,cfscore_plus_imputed
55017,,WI,0.4543,135,0,cfscore_plus_imputed
55023,,WI,0.4543,135,0,cfscore_plus_imputed
55033,,WI,0.4543,135,0,cfscore_plus_imputed
55035,,WI,0.4543,135,0,cfscore_plus_imputed
55043,,WI,0.4543,135,0,cfscore_plus_imputed
55053,,WI,0.4543,135,0,cfscore_plus_imputed
55057,,WI,0.4543,135,0,cfscore_plus_imputed
55063,,WI,0.4543,135,0,cfscore_plus_imputed
55081,,WI,0.4543,135,0,cfscore_plus_imputed
55091,,WI,0.4543,135,0,cfscore_plus_imputed
55093,,WI,0.4543,135,0,cfscore_plus_imputed
55097,,WI,0.4543,135,0,cfscore_plus_imputed
55103,,WI,0.4543,135,0,cfscore_plus_imputed
55121,,WI,0.4543,135,0,cfscore_plus_imputed
55123,,WI,0.4543,135,0,cfscore_plus_imputed
55141,,WI,0.4543,135,0,cfscore_plus_imputed
55027,,WI,0.4543,135,0,cfscore_plus_imputed
55055,,WI,0.4543,135,0,cfscore_plus_imputed
55131,,WI,0.4543,135,0,cfscore_plus_imputed
55133,,WI,0.4543,135,0,cfscore_plus_imputed
55015,,WI,0.4543,135,0,cfscore_plus_imputed
55021,,WI,0.4543,135,0,cfscore_plus_imputed
55039,,WI,0.4543,135,0,cfscore_plus_imputed
55047,,WI,0.4543,135,0,cfscore_plus_imputed
55071,,WI,0.4543,135,0,cfscore_plus_imputed
55077,,WI,0.4543,135,0,cfscore_plus_imputed
55089,,WI,0.4543,135,0,cfscore_plus_imputed
55117,,WI,0.4543,135,0,cfscore_plus_imputed
55137,,WI,0.4543,135,0,cfscore_plus_imputed
55139,,WI,0.4543,135,0,cfscore_plus_imputed
55003,,WI,0.4543,135,0,cfscore_plus_imputed
55005,,WI,0.4543,135,0,cfscore_plus_imputed
55007,,WI,0.4543,135,0,cfscore_plus_imputed
55013,,WI,0.4543,135,0,cfscore_plus_imputed
55019,,WI,0.4543,135,0,cfscore_plus_imputed
55031,,WI,0.4543,135,0,cfscore_plus_imputed
55037,,WI,0.4543,135,0,cfscore_plus_imputed
55041,,WI,0.4543,135,0,cfscore_plus_imputed
55051,,WI,0.4543,135,0,cfscore_plus_imputed
55067,,WI,0.4543,135,0,cfscore_plus_imputed
55069,,WI,0.4543,135,0,cfscore_plus_imputed
55073,,WI,0.4543,135,0,cfscore_plus_imputed
55085,,WI,0.4543,135,0,cfscore_plus_imputed
55095,,WI,0.4543,135,0,cfscore_plus_imputed
55099,,WI,0.4543,135,0,cfscore_plus_imputed
55107,,WI,0.4543,135,0,cfscore_plus_imputed
55109,,WI,0.4543,135,0,cfscore_plus_imputed
55113,,WI,0.4543,135,0,cfscore_plus_imputed
55119,,WI,0.4543,135,0,cfscore_plus_imputed
55125,,WI,0.4543,135,0,cfscore_plus_imputed
55129,,WI,0.4543,135,0,cfscore_plus_imputed
55009,,WI,0.4543,135,0,cfscore_plus_imputed
55029,,WI,0.4543,135,0,cfscore_plus_imputed
55061,,WI,0.4543,135,0,cfscore_plus_imputed
55075,,WI,0.4543,135,0,cfscore_plus_imputed
55078,,WI,0.4543,135,0,cfscore_plus_imputed
55083,,WI,0.4543,135,0,cfscore_plus_imputed
55087,,WI,0.4543,135,0,cfscore_plus_imputed
55115,,WI,0.4543,135,0,cfscore_plus_imputed
55135,,WI,0.4543,135,0,cfscore_plus_imputed
56001,,WY,0.2593,96,0,cfscore_plus_imputed
56003,,WY,0.2593,96,0,cfscore_plus_imputed
56005,,WY,0.2593,96,0,cfscore_plus_imputed
56007,,WY,0.2593,96,0,cfscore_plus_imputed
56009,,WY,0.2593,96,0,cfscore_plus_imputed
56011,,WY,0.2593,96,0,cfscore_plus_imputed
56013,,WY,0.2593,96,0,cfscore_plus_imputed
56015,,WY,0.2593,96,0,cfscore_plus_imputed
56017,,WY,0.2593,96,0,cfscore_plus_imputed
56019,,WY,0.2593,96,0,cfscore_plus_imputed
56021,,WY,0.2593,96,0,cfscore_plus_imputed
56023,,WY,0.2593,96,0,cfscore_plus_imputed
56025,,WY,0.2593,96,0,cfscore_plus_imputed
56027,,WY,0.2593,96,0,cfscore_plus_imputed
56029,,WY,0.2593,96,0,cfscore_plus_imputed
56031,,WY,0.2593,96,0,cfscore_plus_imputed
56033,,WY,0.2593,96,0,cfscore_plus_imputed
56035,,WY,0.2593,96,0,cfscore_plus_imputed
56037,,WY,0.2593,96,0,cfscore_plus_imputed
56039,,WY,0.2593,96,0,cfscore_plus_imputed
56041,,WY,0.2593,96,0,cfscore_plus_imputed
56043,,WY,0.2593,96,0,cfscore_plus_imputed
56045,,WY,0.2593,96,0,cfscore_plus_imputed
