fips,state,district_ids,margin,competitive,p1_data_tier,margin_stale,source,vintage
01001,AL,AL-L042;AL-L069;AL-L088;AL-U030,10.496,False,district_actual,False,"MEDSL SLERs 1967-2022 (contest-level), seat=AL-L069",2022
01003,AL,AL-L064;AL-L065;AL-L066;AL-L094;AL-L095;AL-L096;AL-L102;AL-U022;AL-U032;AL-U033,34.106,False,district_actual,False,"MEDSL SLERs 1967-2022 (contest-level), seat=AL-U033",2022
01005,AL,AL-L084;AL-U028,81.46,False,district_actual,False,"MEDSL SLERs 1967-2022 (contest-level), seat=AL-U028",2022
01007,AL,AL-L049;AL-L072;AL-U014,-100.0,False,district_actual,False,"MEDSL SLERs 1967-2022 (contest-level), seat=AL-L049",2022
01009,AL,AL-L011;AL-L034;AL-U009;AL-U017,-91.211,False,district_actual,False,"MEDSL SLERs 1967-2022 (contest-level), seat=AL-U017",2022
01011,AL,AL-L084;AL-U028,81.46,False,district_actual,False,"MEDSL SLERs 1967-2022 (contest-level), seat=AL-U028",2022
01013,AL,AL-L090;AL-U023,8.966,False,district_actual,False,"MEDSL SLERs 1967-2022 (contest-level), seat=AL-U023",2022
01015,AL,AL-L029;AL-L032;AL-L035;AL-L036;AL-L040;AL-U012,11.421,False,district_actual,False,"MEDSL SLERs 1967-2022 (contest-level), seat=AL-L032",2022
01017,AL,AL-L037;AL-L038;AL-U013,-88.753,False,district_actual,False,"MEDSL SLERs 1967-2022 (contest-level), seat=AL-L038",2022
01019,AL,AL-L039;AL-U010,-100.0,False,district_actual,False,"MEDSL SLERs 1967-2022 (contest-level), seat=AL-L039",2022
01021,AL,AL-L042;AL-L049;AL-U014;AL-U030,-92.983,False,district_actual,False,"MEDSL SLERs 1967-2022 (contest-level), seat=AL-L042",2022
01023,AL,AL-L065;AL-U024,-45.462,False,district_actual,False,"MEDSL SLERs 1967-2022 (contest-level), seat=AL-L065",2022
01025,AL,AL-L065;AL-L068;AL-U023,3.002,False,district_actual,False,"MEDSL SLERs 1967-2022 (contest-level), seat=AL-L068",2022
01027,AL,AL-L035;AL-U013,-100.0,False,district_actual,False,"MEDSL SLERs 1967-2022 (contest-level), seat=AL-L035",2022
01029,AL,AL-L040;AL-U013,-65.812,False,district_actual,False,"MEDSL SLERs 1967-2022 (contest-level), seat=AL-L040",2022
01031,AL,AL-L090;AL-L091;AL-L092;AL-U031,-73.617,False,district_actual,False,"MEDSL SLERs 1967-2022 (contest-level), seat=AL-L092",2022
01033,AL,AL-L003;AL-L007;AL-L018;AL-U006,-30.838,False,district_actual,False,"MEDSL SLERs 1967-2022 (contest-level), seat=AL-L003",2022
01035,AL,AL-L068;AL-L090;AL-U023,3.002,False,district_actual,False,"MEDSL SLERs 1967-2022 (contest-level), seat=AL-L068",2022
01037,AL,AL-L033;AL-U030,-45.502,False,district_actual,False,"MEDSL SLERs 1967-2022 (contest-level), seat=AL-L033",2022
01039,AL,AL-L092;AL-U031,-73.617,False,district_actual,False,"MEDSL SLERs 1967-2022 (contest-level), seat=AL-L092",2022
01041,AL,AL-L090;AL-U025,-85.818,False,district_actual,False,"MEDSL SLERs 1967-2022 (contest-level), seat=AL-U025",2022
01043,AL,AL-L011;AL-L012;AL-L014;AL-U004,-70.975,False,district_actual,False,"MEDSL SLERs 1967-2022 (contest-level), seat=AL-L012",2022
01045,AL,AL-L089;AL-L093;AL-U029;AL-U031,-65.962,False,district_actual,False,"MEDSL SLERs 1967-2022 (contest-level), seat=AL-U029",2022
01047,AL,AL-L067;AL-U023,8.966,False,district_actual,False,"MEDSL SLERs 1967-2022 (contest-level), seat=AL-U023",2022
01049,AL,AL-L024;AL-L039;AL-U008;AL-U010,-100.0,False,district_actual,False,"MEDSL SLERs 1967-2022 (contest-level), seat=AL-L024",2022
01051,AL,AL-L031;AL-L075;AL-L088;AL-U025;AL-U030,-85.818,False,district_actual,False,"MEDSL SLERs 1967-2022 (contest-level), seat=AL-U025",2022
01053,AL,AL-L066;AL-L092;AL-U022,-73.617,False,district_actual,False,"MEDSL SLERs 1967-2022 (contest-level), seat=AL-L092",2022
01055,AL,AL-L028;AL-L029;AL-L030;AL-U010,-94.183,False,district_actual,False,"MEDSL SLERs 1967-2022 (contest-level), seat=AL-L029",2022
01057,AL,AL-L016;AL-U005,-100.0,False,district_actual,False,"MEDSL SLERs 1967-2022 (contest-level), seat=AL-L016",2022
01059,AL,AL-L018;AL-U006,-87.041,False,district_actual,False,"MEDSL SLERs 1967-2022 (contest-level), seat=AL-U006",2022
01061,AL,AL-L087;AL-U029,-65.962,False,district_actual,False,"MEDSL SLERs 1967-2022 (contest-level), seat=AL-U029",2022
01063,AL,AL-L072;AL-U024,82.729,False,district_actual,False,"MEDSL SLERs 1967-2022 (contest-level), seat=AL-U024",2022
01065,AL,AL-L072;AL-U024,82.729,False,district_actual,False,"MEDSL SLERs 1967-2022 (contest-level), seat=AL-U024",2022
01067,AL,AL-L085;AL-U028,-8.084,False,district_actual,False,"MEDSL SLERs 1967-2022 (contest-level), seat=AL-L085",2022
01069,AL,AL-L085;AL-L086;AL-L087;AL-L093;AL-U028;AL-U029,-8.084,False,district_actual,False,"MEDSL SLERs 1967-2022 (contest-level), seat=AL-L085",2022
01071,AL,AL-L022;AL-L023;AL-U008,-100.0,False,district_actual,False,"MEDSL SLERs 1967-2022 (contest-level), seat=AL-L022",2022
01073,AL,AL-L015;AL-L016;AL-L044;AL-L045;AL-L046;AL-L047;AL-L048;AL-L051;AL-L052;AL-L054;AL-L055;AL-L056;AL-L057;AL-L058;AL-L059;AL-L060;AL-U005;AL-U015;AL-U016;AL-U017;AL-U018;AL-U019;AL-U020,-27.39,False,district_actual,False,"MEDSL SLERs 1967-2022 (contest-level), seat=AL-L015",2022
01075,AL,AL-L017;AL-U005,-100.0,False,district_actual,False,"MEDSL SLERs 1967-2022 (contest-level), seat=AL-L017",2022
01077,AL,AL-L001;AL-L002;AL-L003;AL-U001,-30.838,False,district_actual,False,"MEDSL SLERs 1967-2022 (contest-level), seat=AL-L003",2022
01079,AL,AL-L007;AL-U006,-56.359,False,district_actual,False,"MEDSL SLERs 1967-2022 (contest-level), seat=AL-L007",2022
01081,AL,AL-L037;AL-L038;AL-L079;AL-L080;AL-L081;AL-L082;AL-L083;AL-U013;AL-U027,-40.578,False,district_actual,False,"MEDSL SLERs 1967-2022 (contest-level), seat=AL-U027",2022
01083,AL,AL-L002;AL-L004;AL-L005;AL-L006;AL-L025;AL-U001;AL-U002;AL-U003;AL-U006,-11.139,False,district_actual,False,"MEDSL SLERs 1967-2022 (contest-level), seat=AL-U002",2022
01085,AL,AL-L069;AL-U023,8.966,False,district_actual,False,"MEDSL SLERs 1967-2022 (contest-level), seat=AL-U023",2022
01087,AL,AL-L082;AL-U028,42.48,False,district_actual,False,"MEDSL SLERs 1967-2022 (contest-level), seat=AL-L082",2022
01089,AL,AL-L004;AL-L006;AL-L019;AL-L020;AL-L021;AL-L022;AL-L025;AL-L053;AL-U002;AL-U003;AL-U007;AL-U008;AL-U009,-11.139,False,district_actual,True,"MEDSL SLERs 1967-2022 (contest-level), seat=AL-U002",2022
01091,AL,AL-L068;AL-L071;AL-U024,3.002,False,district_actual,False,"MEDSL SLERs 1967-2022 (contest-level), seat=AL-L068",2022
01093,AL,AL-L017;AL-U004,-100.0,False,district_actual,False,"MEDSL SLERs 1967-2022 (contest-level), seat=AL-L017",2022
01095,AL,AL-L026;AL-L027;AL-U009,-76.907,False,district_actual,False,"MEDSL SLERs 1967-2022 (contest-level), seat=AL-L026",2022
01097,AL,AL-L097;AL-L098;AL-L099;AL-L100;AL-L101;AL-L102;AL-L103;AL-L104;AL-L105;AL-U022;AL-U033;AL-U034;AL-U035,34.106,False,district_actual,False,"MEDSL SLERs 1967-2022 (contest-level), seat=AL-U033",2022
01099,AL,AL-L068;AL-U023,3.002,False,district_actual,False,"MEDSL SLERs 1967-2022 (contest-level), seat=AL-L068",2022
01101,AL,AL-L069;AL-L074;AL-L075;AL-L076;AL-L077;AL-L078;AL-L090;AL-U025;AL-U026,10.496,False,district_actual,False,"MEDSL SLERs 1967-2022 (contest-level), seat=AL-L069",2022
01103,AL,AL-L004;AL-L007;AL-L008;AL-L009;AL-U003,-56.359,False,district_actual,False,"MEDSL SLERs 1967-2022 (contest-level), seat=AL-L007",2022
01105,AL,AL-L067;AL-L068;AL-U023,3.002,False,district_actual,False,"MEDSL SLERs 1967-2022 (contest-level), seat=AL-L068",2022
01107,AL,AL-L061;AL-L071;AL-U021,-32.461,False,district_actual,False,"MEDSL SLERs 1967-2022 (contest-level), seat=AL-U021",2022
01109,AL,AL-L089;AL-U031,-100.0,False,district_actual,False,"MEDSL SLERs 1967-2022 (contest-level), seat=AL-L089",2022
01111,AL,AL-L037;AL-U013,-100.0,False,district_actual,False,"MEDSL SLERs 1967-2022 (contest-level), seat=AL-L037",2022
01113,AL,AL-L080;AL-L083;AL-L084;AL-U027;AL-U028,-40.578,False,district_actual,False,"MEDSL SLERs 1967-2022 (contest-level), seat=AL-U027",2022
01115,AL,AL-L030;AL-L036;AL-L045;AL-L050;AL-U011;AL-U017,-86.081,False,district_actual,False,"MEDSL SLERs 1967-2022 (contest-level), seat=AL-L045",2022
01117,AL,AL-L015;AL-L041;AL-L043;AL-L045;AL-L048;AL-L049;AL-L073;AL-U011;AL-U014;AL-U015;AL-U016,-27.39,False,district_actual,False,"MEDSL SLERs 1967-2022 (contest-level), seat=AL-L015",2022
01119,AL,AL-L071;AL-U024,82.729,False,district_actual,False,"MEDSL SLERs 1967-2022 (contest-level), seat=AL-U024",2022
01121,AL,AL-L032;AL-L033;AL-L035;AL-L036;AL-U011;AL-U012,11.421,False,district_actual,False,"MEDSL SLERs 1967-2022 (contest-level), seat=AL-L032",2022
01123,AL,AL-L081;AL-U027;AL-U030,-40.578,False,district_actual,False,"MEDSL SLERs 1967-2022 (contest-level), seat=AL-U027",2022
01125,AL,AL-L016;AL-L061;AL-L062;AL-L063;AL-L070;AL-L071;AL-L072;AL-U005;AL-U021;AL-U024,-32.433,False,district_actual,False,"MEDSL SLERs 1967-2022 (contest-level), seat=AL-L063",2022
01127,AL,AL-L013;AL-L014;AL-U005,-94.514,False,district_actual,False,"MEDSL SLERs 1967-2022 (contest-level), seat=AL-L013",2022
01129,AL,AL-L065;AL-U022,-45.462,False,district_actual,False,"MEDSL SLERs 1967-2022 (contest-level), seat=AL-L065",2022
01131,AL,AL-L068;AL-L069;AL-U023,3.002,False,district_actual,False,"MEDSL SLERs 1967-2022 (contest-level), seat=AL-L068",2022
01133,AL,AL-L014;AL-L017;AL-U004,-100.0,False,district_actual,False,"MEDSL SLERs 1967-2022 (contest-level), seat=AL-L014",2022
02013,AK,AK-L037,0.0,True,district_actual,False,"MEDSL SLERs 1967-2022 (contest-level), seat=AK-L037",2022
02016,AK,AK-L037,0.0,True,district_actual,False,"MEDSL SLERs 1967-2022 (contest-level), seat=AK-L037",2022
02020,AK,AK-L009;AK-L010;AK-L011;AK-L012;AK-L013;AK-L014;AK-L015;AK-L016;AK-L017;AK-L019;AK-L020;AK-L021;AK-L023;AK-L024,2.143,True,district_actual,True,"MEDSL SLERs 1967-2022 (contest-level), seat=AK-L021",2022
02050,AK,AK-L037;AK-L038,0.0,True,district_actual,False,"MEDSL SLERs 1967-2022 (contest-level), seat=AK-L037",2022
02060,AK,AK-L037,0.0,True,district_actual,False,"MEDSL SLERs 1967-2022 (contest-level), seat=AK-L037",2022
02063,AK,AK-L005;AK-L029,-74.597,False,district_actual,False,"MEDSL SLERs 1967-2022 (contest-level), seat=AK-L029",2022
02066,AK,AK-L029;AK-L036,-31.332,False,district_actual,False,"MEDSL SLERs 1967-2022 (contest-level), seat=AK-L036",2022
02068,AK,AK-L030,-59.797,False,district_actual,False,"MEDSL SLERs 1967-2022 (contest-level), seat=AK-L030",2022
02070,AK,AK-L037,0.0,True,district_actual,False,"MEDSL SLERs 1967-2022 (contest-level), seat=AK-L037",2022
02090,AK,AK-L032;AK-L033;AK-L034;AK-L035;AK-L036,10.965,False,district_actual,True,"MEDSL SLERs 1967-2022 (contest-level), seat=AK-L035",2022
02100,AK,AK-L003,100.0,False,district_actual,False,"MEDSL SLERs 1967-2022 (contest-level), seat=AK-L003",2022
02105,AK,AK-L002;AK-L003,-41.478,False,district_actual,False,"MEDSL SLERs 1967-2022 (contest-level), seat=AK-L002",2022
02110,AK,AK-L003;AK-L004,80.153,False,district_actual,False,"MEDSL SLERs 1967-2022 (contest-level), seat=AK-L004",2022
02122,AK,AK-L005;AK-L006;AK-L007;AK-L008;AK-L037,0.0,True,district_actual,False,"MEDSL SLERs 1967-2022 (contest-level), seat=AK-L037",2022
02130,AK,AK-L001,-47.434,False,district_actual,False,"MEDSL SLERs 1967-2022 (contest-level), seat=AK-L001",2022
02150,AK,AK-L005;AK-L037,0.0,True,district_actual,False,"MEDSL SLERs 1967-2022 (contest-level), seat=AK-L037",2022
02158,AK,AK-L038;AK-L039,51.269,False,district_actual,False,"MEDSL SLERs 1967-2022 (contest-level), seat=AK-L039",2022
02164,AK,AK-L037,0.0,True,district_actual,False,"MEDSL SLERs 1967-2022 (contest-level), seat=AK-L037",2022
02170,AK,AK-L025;AK-L026;AK-L027;AK-L028;AK-L029;AK-L030,-59.797,False,district_actual,False,"MEDSL SLERs 1967-2022 (contest-level), seat=AK-L030",2022
02180,AK,AK-L039,51.269,False,district_actual,False,"MEDSL SLERs 1967-2022 (contest-level), seat=AK-L039",2022
02185,AK,AK-L040,0.0,True,district_actual,False,"MEDSL SLERs 1967-2022 (contest-level), seat=AK-L040",2022
02188,AK,AK-L040,0.0,True,district_actual,False,"MEDSL SLERs 1967-2022 (contest-level), seat=AK-L040",2022
02195,AK,AK-L002,-41.478,False,district_actual,False,"MEDSL SLERs 1967-2022 (contest-level), seat=AK-L002",2022
02198,AK,AK-L001;AK-L002,-41.478,False,district_actual,False,"MEDSL SLERs 1967-2022 (contest-level), seat=AK-L002",2022
02220,AK,AK-L002,-41.478,False,district_actual,False,"MEDSL SLERs 1967-2022 (contest-level), seat=AK-L002",2022
02230,AK,AK-L003,100.0,False,district_actual,False,"MEDSL SLERs 1967-2022 (contest-level), seat=AK-L003",2022
02240,AK,AK-L036,-31.332,False,district_actual,False,"MEDSL SLERs 1967-2022 (contest-level), seat=AK-L036",2022
02275,AK,AK-L001,-47.434,False,district_actual,False,"MEDSL SLERs 1967-2022 (contest-level), seat=AK-L001",2022
02282,AK,AK-L002,-41.478,False,district_actual,False,"MEDSL SLERs 1967-2022 (contest-level), seat=AK-L002",2022
02290,AK,AK-L036,-31.332,False,district_actual,False,"MEDSL SLERs 1967-2022 (contest-level), seat=AK-L036",2022
04001,AZ,AZ-L006;AZ-U006,100.0,False,district_actual,False,"MEDSL SLERs 1967-2022 (contest-level), seat=AZ-L006",2022
04003,AZ,AZ-L019;AZ-L021;AZ-U019;AZ-U021,26.438,False,district_actual,False,"MEDSL SLERs 1967-2022 (contest-level), seat=AZ-L021",2022
04005,AZ,AZ-L006;AZ-L007;AZ-U006;AZ-U007,-27.248,False,district_actual,False,"MEDSL SLERs 1967-2022 (contest-level), seat=AZ-U007",2022
04007,AZ,AZ-L006;AZ-L007;AZ-U006;AZ-U007,-27.248,False,district_actual,False,"MEDSL SLERs 1967-2022 (contest-level), seat=AZ-U007",2022
04009,AZ,AZ-L006;AZ-L019;AZ-U006;AZ-U019,-48.112,False,district_actual,False,"MEDSL SLERs 1967-2022 (contest-level), seat=AZ-L019",2022
04011,AZ,AZ-L019;AZ-U019,-48.112,False,district_actual,False,"MEDSL SLERs 1967-2022 (contest-level), seat=AZ-L019",2022
04012,AZ,AZ-L030;AZ-U030,-100.0,False,district_actual,False,"MEDSL SLERs 1967-2022 (contest-level), seat=AZ-L030",2022
04013,AZ,AZ-L003;AZ-L004;AZ-L005;AZ-L008;AZ-L009;AZ-L010;AZ-L011;AZ-L012;AZ-L013;AZ-L014;AZ-L015;AZ-L022;AZ-L024;AZ-L025;AZ-L026;AZ-L027;AZ-L028;AZ-L029;AZ-U002;AZ-U003;AZ-U005;AZ-U008;AZ-U009;AZ-U010;AZ-U011;AZ-U012;AZ-U013;AZ-U014;AZ-U015;AZ-U022;AZ-U023;AZ-U024;AZ-U025;AZ-U026;AZ-U027;AZ-U028;AZ-U029,3.381,False,district_actual,True,"MEDSL SLERs 1967-2022 (contest-level), seat=AZ-L009",2022
04015,AZ,AZ-L006;AZ-L030;AZ-U006;AZ-U030,100.0,False,district_actual,False,"MEDSL SLERs 1967-2022 (contest-level), seat=AZ-L006",2022
04017,AZ,AZ-L006;AZ-L007;AZ-U006;AZ-U007,-27.248,False,district_actual,False,"MEDSL SLERs 1967-2022 (contest-level), seat=AZ-U007",2022
04019,AZ,AZ-L016;AZ-L017;AZ-L018;AZ-L019;AZ-L020;AZ-L021;AZ-U016;AZ-U017;AZ-U018;AZ-U019;AZ-U020;AZ-U021;AZ-U023,-2.486,True,district_actual,False,"MEDSL SLERs 1967-2022 (contest-level), seat=AZ-U017",2022
04021,AZ,AZ-L007;AZ-L010;AZ-L015;AZ-L016;AZ-L017;AZ-U007;AZ-U010;AZ-U015;AZ-U016;AZ-U017,-2.486,True,district_actual,False,"MEDSL SLERs 1967-2022 (contest-level), seat=AZ-U017",2022
04023,AZ,AZ-L019;AZ-L021;AZ-U019;AZ-U021,26.438,False,district_actual,False,"MEDSL SLERs 1967-2022 (contest-level), seat=AZ-L021",2022
04025,AZ,AZ-L001;AZ-U001,-32.383,False,district_actual,False,"MEDSL SLERs 1967-2022 (contest-level), seat=AZ-L001",2022
04027,AZ,AZ-L025;AZ-U023;AZ-U025,7.322,False,district_actual,False,"MEDSL SLERs 1967-2022 (contest-level), seat=AZ-U023",2022
05001,AR,AR-L061;AR-L062;AR-L065;AR-U008;AR-U010,-2.545,True,district_actual,False,"MEDSL SLERs 1967-2022 (contest-level), seat=AR-L062",2022
05003,AR,AR-L095;AR-U001,-100.0,False,district_actual,False,"MEDSL SLERs 1967-2022 (contest-level), seat=AR-L095",2022
05005,AR,AR-L003;AR-L004;AR-U023,-59.466,False,district_actual,False,"MEDSL SLERs 1967-2022 (contest-level), seat=AR-U023",2022
05007,AR,AR-L007;AR-L008;AR-L010;AR-L011;AR-L012;AR-L013;AR-L014;AR-L015;AR-L016;AR-L017;AR-U032;AR-U033;AR-U034;AR-U035,-11.251,False,district_actual,False,"MEDSL SLERs 1967-2022 (contest-level), seat=AR-L013",2022
05009,AR,AR-L005;AR-L006;AR-U023;AR-U028,-36.907,False,district_actual,False,"MEDSL SLERs 1967-2022 (contest-level), seat=AR-L006",2022
05011,AR,AR-L094;AR-L096;AR-U001,-26.178,False,district_actual,False,"MEDSL SLERs 1967-2022 (contest-level), seat=AR-L094",2022
05013,AR,AR-L096;AR-U002,-35.514,False,district_actual,False,"MEDSL SLERs 1967-2022 (contest-level), seat=AR-U002",2022
05015,AR,AR-L006;AR-L026;AR-U028,-36.907,False,district_actual,False,"MEDSL SLERs 1967-2022 (contest-level), seat=AR-L006",2022
05017,AR,AR-L095;AR-U001,-100.0,False,district_actual,False,"MEDSL SLERs 1967-2022 (contest-level), seat=AR-L095",2022
05019,AR,AR-L089;AR-L090;AR-U003,-100.0,False,district_actual,False,"MEDSL SLERs 1967-2022 (contest-level), seat=AR-L089",2022
05021,AR,AR-L001;AR-U021,-62.869,False,district_actual,False,"MEDSL SLERs 1967-2022 (contest-level), seat=AR-L001",2022
05023,AR,AR-L040;AR-L041;AR-L042;AR-U018;AR-U022;AR-U024,-66.304,False,district_actual,False,"MEDSL SLERs 1967-2022 (contest-level), seat=AR-U018",2022
05025,AR,AR-L093;AR-L096;AR-U001,-87.054,False,district_actual,False,"MEDSL SLERs 1967-2022 (contest-level), seat=AR-L093",2022
05027,AR,AR-L098;AR-L099;AR-U003,-8.882,False,district_actual,False,"MEDSL SLERs 1967-2022 (contest-level), seat=AR-L098",2022
05029,AR,AR-L043;AR-U005;AR-U025,-100.0,False,district_actual,False,"MEDSL SLERs 1967-2022 (contest-level), seat=AR-L043",2022
05031,AR,AR-L030;AR-L032;AR-L033;AR-L036;AR-L038;AR-U019;AR-U020,-24.703,False,district_actual,False,"MEDSL SLERs 1967-2022 (contest-level), seat=AR-U020",2022
05033,AR,AR-L024;AR-L025;AR-L048;AR-U029,-37.65,False,district_actual,False,"MEDSL SLERs 1967-2022 (contest-level), seat=AR-L025",2022
05035,AR,AR-L035;AR-L063;AR-U009,7.011,False,district_actual,False,"MEDSL SLERs 1967-2022 (contest-level), seat=AR-U009",2022
05037,AR,AR-L035;AR-L037;AR-U010,-44.988,False,district_actual,False,"MEDSL SLERs 1967-2022 (contest-level), seat=AR-U010",2022
05039,AR,AR-L096;AR-U002,-35.514,False,district_actual,False,"MEDSL SLERs 1967-2022 (contest-level), seat=AR-U002",2022
05041,AR,AR-L062;AR-L064;AR-L094;AR-U008,-2.545,True,district_actual,False,"MEDSL SLERs 1967-2022 (contest-level), seat=AR-L062",2022
05043,AR,AR-L093;AR-L094;AR-U001;AR-U008,-26.178,False,district_actual,False,"MEDSL SLERs 1967-2022 (contest-level), seat=AR-L094",2022
05045,AR,AR-L042;AR-L054;AR-L055;AR-L056;AR-L057;AR-L069;AR-U017;AR-U018;AR-U024,0.124,True,district_actual,False,"MEDSL SLERs 1967-2022 (contest-level), seat=AR-L056",2022
05047,AR,AR-L025;AR-L026;AR-L046;AR-U026;AR-U028,-37.65,False,district_actual,False,"MEDSL SLERs 1967-2022 (contest-level), seat=AR-L025",2022
05049,AR,AR-L002;AR-L003;AR-U022;AR-U023,-59.466,False,district_actual,False,"MEDSL SLERs 1967-2022 (contest-level), seat=AR-U023",2022
05051,AR,AR-L084;AR-L085;AR-L090;AR-L091;AR-U006;AR-U007,-27.361,False,district_actual,False,"MEDSL SLERs 1967-2022 (contest-level), seat=AR-L084",2022
05053,AR,AR-L092;AR-U001;AR-U002;AR-U007,-35.514,False,district_actual,False,"MEDSL SLERs 1967-2022 (contest-level), seat=AR-U002",2022
05055,AR,AR-L001;AR-L030;AR-L031;AR-U021,-62.869,False,district_actual,False,"MEDSL SLERs 1967-2022 (contest-level), seat=AR-L001",2022
05057,AR,AR-L088;AR-U003;AR-U004,-79.078,False,district_actual,False,"MEDSL SLERs 1967-2022 (contest-level), seat=AR-U004",2022
05059,AR,AR-L029;AR-L089;AR-L090;AR-U003;AR-U007,-53.158,False,district_actual,False,"MEDSL SLERs 1967-2022 (contest-level), seat=AR-L029",2022
05061,AR,AR-L086;AR-L087;AR-L088;AR-U004,-59.65,False,district_actual,False,"MEDSL SLERs 1967-2022 (contest-level), seat=AR-L087",2022
05063,AR,AR-L028;AR-L039;AR-L040;AR-U022,-82.501,False,district_actual,False,"MEDSL SLERs 1967-2022 (contest-level), seat=AR-L039",2022
05065,AR,AR-L027;AR-U022;AR-U023,-59.466,False,district_actual,False,"MEDSL SLERs 1967-2022 (contest-level), seat=AR-U023",2022
05067,AR,AR-L038;AR-L039;AR-L061;AR-U010,-39.617,False,district_actual,False,"MEDSL SLERs 1967-2022 (contest-level), seat=AR-L061",2022
05069,AR,AR-L064;AR-L065;AR-L093;AR-U001;AR-U008,72.575,False,district_actual,False,"MEDSL SLERs 1967-2022 (contest-level), seat=AR-U008",2022
05071,AR,AR-L045;AR-L046;AR-U026;AR-U028,-51.926,False,district_actual,False,"MEDSL SLERs 1967-2022 (contest-level), seat=AR-U028",2022
05073,AR,AR-L098;AR-L099;AR-U003,-8.882,False,district_actual,False,"MEDSL SLERs 1967-2022 (contest-level), seat=AR-L098",2022
05075,AR,AR-L028;AR-L030;AR-U021;AR-U022,-81.087,False,district_actual,False,"MEDSL SLERs 1967-2022 (contest-level), seat=AR-L030",2022
05077,AR,AR-L062;AR-U009;AR-U010,-2.545,True,district_actual,False,"MEDSL SLERs 1967-2022 (contest-level), seat=AR-L062",2022
05079,AR,AR-L064;AR-L093;AR-U001;AR-U008,72.575,False,district_actual,False,"MEDSL SLERs 1967-2022 (contest-level), seat=AR-U008",2022
05081,AR,AR-L087;AR-U004,-59.65,False,district_actual,False,"MEDSL SLERs 1967-2022 (contest-level), seat=AR-L087",2022
05083,AR,AR-L046;AR-U005;AR-U026,-83.784,False,district_actual,False,"MEDSL SLERs 1967-2022 (contest-level), seat=AR-U026",2022
05085,AR,AR-L059;AR-L060;AR-L068;AR-U008;AR-U010;AR-U011,-44.988,False,district_actual,False,"MEDSL SLERs 1967-2022 (contest-level), seat=AR-U010",2022
05087,AR,AR-L026;AR-U028,-51.926,False,district_actual,False,"MEDSL SLERs 1967-2022 (contest-level), seat=AR-U028",2022
05089,AR,AR-L004;AR-U023,-59.466,False,district_actual,False,"MEDSL SLERs 1967-2022 (contest-level), seat=AR-U023",2022
05091,AR,AR-L088;AR-L099;AR-L100;AR-U004,-77.861,False,district_actual,False,"MEDSL SLERs 1967-2022 (contest-level), seat=AR-L100",2022
05093,AR,AR-L033;AR-L034;AR-U019,-8.208,False,district_actual,False,"MEDSL SLERs 1967-2022 (contest-level), seat=AR-L034",2022
05095,AR,AR-L061;AR-L062;AR-U010,-2.545,True,district_actual,False,"MEDSL SLERs 1967-2022 (contest-level), seat=AR-L062",2022
05097,AR,AR-L086;AR-U005,-100.0,False,district_actual,False,"MEDSL SLERs 1967-2022 (contest-level), seat=AR-L086",2022
05099,AR,AR-L089;AR-L098;AR-U003,-8.882,False,district_actual,False,"MEDSL SLERs 1967-2022 (contest-level), seat=AR-L098",2022
05101,AR,AR-L027;AR-U024;AR-U028,-51.926,False,district_actual,False,"MEDSL SLERs 1967-2022 (contest-level), seat=AR-U028",2022
05103,AR,AR-L096;AR-L098;AR-U002,-8.882,False,district_actual,False,"MEDSL SLERs 1967-2022 (contest-level), seat=AR-L098",2022
05105,AR,AR-L054;AR-U005,-100.0,False,district_actual,False,"MEDSL SLERs 1967-2022 (contest-level), seat=AR-L054",2022
05107,AR,AR-L062;AR-U009,-2.545,True,district_actual,False,"MEDSL SLERs 1967-2022 (contest-level), seat=AR-L062",2022
05109,AR,AR-L089;AR-U003;AR-U005,-100.0,False,district_actual,False,"MEDSL SLERs 1967-2022 (contest-level), seat=AR-L089",2022
05111,AR,AR-L036;AR-L037;AR-L038;AR-U010;AR-U019,-44.988,False,district_actual,False,"MEDSL SLERs 1967-2022 (contest-level), seat=AR-U010",2022
05113,AR,AR-L086;AR-U005,-100.0,False,district_actual,False,"MEDSL SLERs 1967-2022 (contest-level), seat=AR-L086",2022
05115,AR,AR-L044;AR-L045;AR-L053;AR-U025,-100.0,False,district_actual,False,"MEDSL SLERs 1967-2022 (contest-level), seat=AR-L044",2022
05117,AR,AR-L060;AR-L061;AR-U010,-39.617,False,district_actual,False,"MEDSL SLERs 1967-2022 (contest-level), seat=AR-L061",2022
05119,AR,AR-L066;AR-L067;AR-L069;AR-L071;AR-L072;AR-L073;AR-L074;AR-L075;AR-L076;AR-L077;AR-L078;AR-L079;AR-L080;AR-U011;AR-U012;AR-U013;AR-U014;AR-U015;AR-U017,-5.172,False,district_actual,False,"MEDSL SLERs 1967-2022 (contest-level), seat=AR-L067",2022
05121,AR,AR-L001;AR-L002;AR-U021,-62.869,False,district_actual,False,"MEDSL SLERs 1967-2022 (contest-level), seat=AR-L001",2022
05123,AR,AR-L037;AR-L062;AR-L063;AR-U009;AR-U010,-2.545,True,district_actual,False,"MEDSL SLERs 1967-2022 (contest-level), seat=AR-L062",2022
05125,AR,AR-L029;AR-L054;AR-L078;AR-L081;AR-L082;AR-L083;AR-L092;AR-U006;AR-U007;AR-U016,-27.227,False,district_actual,False,"MEDSL SLERs 1967-2022 (contest-level), seat=AR-L081",2022
05127,AR,AR-L052;AR-U005,-75.335,False,district_actual,False,"MEDSL SLERs 1967-2022 (contest-level), seat=AR-L052",2022
05129,AR,AR-L027;AR-U024,-100.0,False,district_actual,False,"MEDSL SLERs 1967-2022 (contest-level), seat=AR-L027",2022
05131,AR,AR-L047;AR-L049;AR-L050;AR-L051;AR-L052;AR-U005;AR-U026;AR-U027,16.721,False,district_actual,False,"MEDSL SLERs 1967-2022 (contest-level), seat=AR-L049",2022
05133,AR,AR-L087;AR-U004,-59.65,False,district_actual,False,"MEDSL SLERs 1967-2022 (contest-level), seat=AR-L087",2022
05135,AR,AR-L002;AR-L028;AR-U022,-83.856,False,district_actual,False,"MEDSL SLERs 1967-2022 (contest-level), seat=AR-L002",2022
05137,AR,AR-L027;AR-L028;AR-L041;AR-U024,-84.628,False,district_actual,False,"MEDSL SLERs 1967-2022 (contest-level), seat=AR-L041",2022
05139,AR,AR-L096;AR-L097;AR-U002,-35.514,False,district_actual,False,"MEDSL SLERs 1967-2022 (contest-level), seat=AR-U002",2022
05141,AR,AR-L042;AR-L043;AR-L044;AR-U024,-100.0,False,district_actual,False,"MEDSL SLERs 1967-2022 (contest-level), seat=AR-L042",2022
05143,AR,AR-L011;AR-L018;AR-L019;AR-L020;AR-L021;AR-L022;AR-L023;AR-L024;AR-L025;AR-U029;AR-U030;AR-U031;AR-U032;AR-U035,5.027,False,district_actual,True,"MEDSL SLERs 1967-2022 (contest-level), seat=AR-L022",2022
05145,AR,AR-L039;AR-L040;AR-L057;AR-L058;AR-L059;AR-U018,-60.004,False,district_actual,False,"MEDSL SLERs 1967-2022 (contest-level), seat=AR-L058",2022
05147,AR,AR-L061;AR-U010,-39.617,False,district_actual,False,"MEDSL SLERs 1967-2022 (contest-level), seat=AR-L061",2022
05149,AR,AR-L052;AR-L054;AR-U005;AR-U025,-75.335,False,district_actual,False,"MEDSL SLERs 1967-2022 (contest-level), seat=AR-L052",2022
06001,CA,CA-L014;CA-L016;CA-L018;CA-L020;CA-L024;CA-U010,31.495,False,district_actual,False,"MEDSL SLERs 1967-2022 (contest-level), seat=CA-L016",2022
06003,CA,CA-L001,-24.19,False,district_actual,False,"MEDSL SLERs 1967-2022 (contest-level), seat=CA-L001",2022
06005,CA,CA-L001;CA-L009,-24.19,False,district_actual,False,"MEDSL SLERs 1967-2022 (contest-level), seat=CA-L001",2022
06007,CA,CA-L003,-30.714,False,district_actual,False,"MEDSL SLERs 1967-2022 (contest-level), seat=CA-L003",2022
06009,CA,CA-L008;CA-L009,-38.459,False,district_actual,False,"MEDSL SLERs 1967-2022 (contest-level), seat=CA-L009",2022
06011,CA,CA-L004,29.794,False,district_actual,False,"MEDSL SLERs 1967-2022 (contest-level), seat=CA-L004",2022
06013,CA,CA-L011;CA-L014;CA-L015;CA-L016,31.495,False,district_actual,False,"MEDSL SLERs 1967-2022 (contest-level), seat=CA-L016",2022
06015,CA,CA-L002;CA-U002,37.843,False,district_actual,False,"MEDSL SLERs 1967-2022 (contest-level), seat=CA-L002",2022
06017,CA,CA-L001;CA-L005,-20.308,False,district_actual,False,"MEDSL SLERs 1967-2022 (contest-level), seat=CA-L005",2022
06019,CA,CA-L008;CA-L027;CA-L031;CA-L033;CA-U012;CA-U014,2.679,True,district_actual,False,"MEDSL SLERs 1967-2022 (contest-level), seat=CA-L027",2022
06021,CA,CA-L003,-30.714,False,district_actual,False,"MEDSL SLERs 1967-2022 (contest-level), seat=CA-L003",2022
06023,CA,CA-L002;CA-U002,37.843,False,district_actual,False,"MEDSL SLERs 1967-2022 (contest-level), seat=CA-L002",2022
06025,CA,CA-U018,19.696,False,district_actual,True,"MEDSL SLERs 1967-2022 (contest-level), seat=CA-U018",2022
06027,CA,CA-L008,-74.243,False,district_actual,False,"MEDSL SLERs 1967-2022 (contest-level), seat=CA-L008",2022
06029,CA,CA-L032;CA-L034;CA-L035;CA-U012;CA-U016,0.015,True,district_actual,False,"MEDSL SLERs 1967-2022 (contest-level), seat=CA-U016",2022
06031,CA,CA-L033;CA-U016,0.015,True,district_actual,False,"MEDSL SLERs 1967-2022 (contest-level), seat=CA-U016",2022
06033,CA,CA-L004;CA-U002,29.794,False,district_actual,False,"MEDSL SLERs 1967-2022 (contest-level), seat=CA-L004",2022
06035,CA,CA-L001,-24.19,False,district_actual,False,"MEDSL SLERs 1967-2022 (contest-level), seat=CA-L001",2022
06037,CA,CA-L034;CA-L039;CA-L040;CA-L041;CA-L042;CA-L043;CA-L044;CA-L046;CA-L048;CA-L049;CA-L051;CA-L052;CA-L054;CA-L055;CA-L056;CA-L057;CA-L061;CA-L062;CA-L064;CA-L065;CA-L066;CA-L069;CA-U020;CA-U022;CA-U024;CA-U026;CA-U028;CA-U030,0.328,True,district_actual,False,"MEDSL SLERs 1967-2022 (contest-level), seat=CA-L040",2022
06039,CA,CA-L008;CA-L027;CA-U014,2.679,True,district_actual,False,"MEDSL SLERs 1967-2022 (contest-level), seat=CA-L027",2022
06041,CA,CA-L012;CA-U002,46.601,False,district_actual,False,"MEDSL SLERs 1967-2022 (contest-level), seat=CA-U002",2022
06043,CA,CA-L008,-74.243,False,district_actual,False,"MEDSL SLERs 1967-2022 (contest-level), seat=CA-L008",2022
06045,CA,CA-L002;CA-U002,37.843,False,district_actual,False,"MEDSL SLERs 1967-2022 (contest-level), seat=CA-L002",2022
06047,CA,CA-L022;CA-L027;CA-U014,2.679,True,district_actual,False,"MEDSL SLERs 1967-2022 (contest-level), seat=CA-L027",2022
06049,CA,CA-L001,-24.19,False,district_actual,False,"MEDSL SLERs 1967-2022 (contest-level), seat=CA-L001",2022
06051,CA,CA-L008,-74.243,False,district_actual,False,"MEDSL SLERs 1967-2022 (contest-level), seat=CA-L008",2022
06053,CA,CA-L029;CA-L030,20.063,False,district_actual,False,"MEDSL SLERs 1967-2022 (contest-level), seat=CA-L030",2022
06055,CA,CA-L004,29.794,False,district_actual,False,"MEDSL SLERs 1967-2022 (contest-level), seat=CA-L004",2022
06057,CA,CA-L001,-24.19,False,district_actual,False,"MEDSL SLERs 1967-2022 (contest-level), seat=CA-L001",2022
06059,CA,CA-L059;CA-L067;CA-L068;CA-L070;CA-L071;CA-L072;CA-L073;CA-L074;CA-U032;CA-U034;CA-U036;CA-U038,4.489,False,district_actual,True,"MEDSL SLERs 1967-2022 (contest-level), seat=CA-U038",2022
06061,CA,CA-L001;CA-L003;CA-L005;CA-U006,-11.481,False,district_actual,False,"MEDSL SLERs 1967-2022 (contest-level), seat=CA-U006",2022
06063,CA,CA-L001,-24.19,False,district_actual,False,"MEDSL SLERs 1967-2022 (contest-level), seat=CA-L001",2022
06065,CA,CA-L047;CA-L060;CA-L063;CA-L071;CA-U018;CA-U032,-0.05,True,district_actual,False,"MEDSL SLERs 1967-2022 (contest-level), seat=CA-L047",2022
06067,CA,CA-L006;CA-L007;CA-L009;CA-L010;CA-U006;CA-U008,-0.832,True,district_actual,False,"MEDSL SLERs 1967-2022 (contest-level), seat=CA-L007",2022
06069,CA,CA-L029,27.555,False,district_actual,False,"MEDSL SLERs 1967-2022 (contest-level), seat=CA-L029",2022
06071,CA,CA-L034;CA-L039;CA-L041;CA-L045;CA-L047;CA-L050;CA-L053;CA-U018;CA-U022,-0.05,True,district_actual,False,"MEDSL SLERs 1967-2022 (contest-level), seat=CA-L047",2022
06073,CA,CA-L074;CA-L075;CA-L076;CA-L077;CA-L078;CA-L079;CA-L080;CA-U018;CA-U032;CA-U038;CA-U040,3.239,False,district_actual,False,"MEDSL SLERs 1967-2022 (contest-level), seat=CA-L076",2022
06075,CA,CA-L017;CA-L019,62.019,False,district_actual,False,"MEDSL SLERs 1967-2022 (contest-level), seat=CA-L019",2022
06077,CA,CA-L009;CA-L013,-38.459,False,district_actual,False,"MEDSL SLERs 1967-2022 (contest-level), seat=CA-L009",2022
06079,CA,CA-L030;CA-L037,16.095,False,district_actual,True,"MEDSL SLERs 1967-2022 (contest-level), seat=CA-L037",2022
06081,CA,CA-L019;CA-L021;CA-L023,46.806,False,district_actual,False,"MEDSL SLERs 1967-2022 (contest-level), seat=CA-L023",2022
06083,CA,CA-L037,16.095,False,district_actual,True,"MEDSL SLERs 1967-2022 (contest-level), seat=CA-L037",2022
06085,CA,CA-L023;CA-L024;CA-L025;CA-L026;CA-L028;CA-L029;CA-U010,27.555,False,district_actual,False,"MEDSL SLERs 1967-2022 (contest-level), seat=CA-L029",2022
06087,CA,CA-L028;CA-L029;CA-L030,20.063,False,district_actual,False,"MEDSL SLERs 1967-2022 (contest-level), seat=CA-L030",2022
06089,CA,CA-L001,-24.19,False,district_actual,False,"MEDSL SLERs 1967-2022 (contest-level), seat=CA-L001",2022
06091,CA,CA-L001,-24.19,False,district_actual,False,"MEDSL SLERs 1967-2022 (contest-level), seat=CA-L001",2022
06093,CA,CA-L001,-24.19,False,district_actual,False,"MEDSL SLERs 1967-2022 (contest-level), seat=CA-L001",2022
06095,CA,CA-L011,59.243,False,district_actual,False,"MEDSL SLERs 1967-2022 (contest-level), seat=CA-L011",2022
06097,CA,CA-L002;CA-L004;CA-L012;CA-U002,29.794,False,district_actual,False,"MEDSL SLERs 1967-2022 (contest-level), seat=CA-L004",2022
06099,CA,CA-L009;CA-L022,-16.187,False,district_actual,False,"MEDSL SLERs 1967-2022 (contest-level), seat=CA-L022",2022
06101,CA,CA-L003,-30.714,False,district_actual,False,"MEDSL SLERs 1967-2022 (contest-level), seat=CA-L003",2022
06103,CA,CA-L003,-30.714,False,district_actual,False,"MEDSL SLERs 1967-2022 (contest-level), seat=CA-L003",2022
06105,CA,CA-L002;CA-U002,37.843,False,district_actual,False,"MEDSL SLERs 1967-2022 (contest-level), seat=CA-L002",2022
06107,CA,CA-L032;CA-L033;CA-U012;CA-U016,0.015,True,district_actual,False,"MEDSL SLERs 1967-2022 (contest-level), seat=CA-U016",2022
06109,CA,CA-L008,-74.243,False,district_actual,False,"MEDSL SLERs 1967-2022 (contest-level), seat=CA-L008",2022
06111,CA,CA-L038;CA-L042,10.087,False,district_actual,True,"MEDSL SLERs 1967-2022 (contest-level), seat=CA-L042",2022
06113,CA,CA-L004,29.794,False,district_actual,False,"MEDSL SLERs 1967-2022 (contest-level), seat=CA-L004",2022
06115,CA,CA-L003,-30.714,False,district_actual,False,"MEDSL SLERs 1967-2022 (contest-level), seat=CA-L003",2022
08001,CO,CO-L029;CO-L031;CO-L032;CO-L033;CO-L034;CO-L035;CO-L036;CO-L048;CO-L056;CO-U024;CO-U025,10.747,False,district_actual,False,"MEDSL SLERs 1967-2022 (contest-level), seat=CO-U024",2022
08003,CO,CO-L062,11.223,False,district_actual,False,"MEDSL SLERs 1967-2022 (contest-level), seat=CO-L062",2022
08005,CO,CO-L003;CO-L009;CO-L036;CO-L037;CO-L038;CO-L040;CO-L041;CO-L042;CO-L056;CO-L061;CO-U027,2.878,True,district_actual,False,"MEDSL SLERs 1967-2022 (contest-level), seat=CO-L061",2022
08007,CO,CO-L059,13.52,False,district_actual,False,"MEDSL SLERs 1967-2022 (contest-level), seat=CO-L059",2022
08009,CO,CO-L047;CO-U035,-29.643,False,district_actual,False,"MEDSL SLERs 1967-2022 (contest-level), seat=CO-L047",2022
08011,CO,CO-L047;CO-U035,-29.643,False,district_actual,False,"MEDSL SLERs 1967-2022 (contest-level), seat=CO-L047",2022
08013,CO,CO-L010;CO-L011;CO-L012;CO-L049;CO-U015,1.191,True,district_actual,False,"MEDSL SLERs 1967-2022 (contest-level), seat=CO-U015",2022
08014,CO,CO-L033;CO-U025,17.648,False,district_actual,False,"MEDSL SLERs 1967-2022 (contest-level), seat=CO-L033",2022
08015,CO,CO-L013;CO-L060;CO-U004,12.057,False,district_actual,False,"MEDSL SLERs 1967-2022 (contest-level), seat=CO-L013",2022
08017,CO,CO-L056;CO-U035,-48.595,False,district_actual,False,"MEDSL SLERs 1967-2022 (contest-level), seat=CO-U035",2022
08019,CO,CO-L049;CO-U008,11.392,False,district_actual,False,"MEDSL SLERs 1967-2022 (contest-level), seat=CO-U008",2022
08021,CO,CO-L062,11.223,False,district_actual,False,"MEDSL SLERs 1967-2022 (contest-level), seat=CO-L062",2022
08023,CO,CO-L062,11.223,False,district_actual,False,"MEDSL SLERs 1967-2022 (contest-level), seat=CO-L062",2022
08025,CO,CO-L047;CO-U035,-29.643,False,district_actual,False,"MEDSL SLERs 1967-2022 (contest-level), seat=CO-L047",2022
08027,CO,CO-L060;CO-U004,-21.673,False,district_actual,False,"MEDSL SLERs 1967-2022 (contest-level), seat=CO-U004",2022
08029,CO,CO-L054;CO-L058;CO-U007,-13.596,False,district_actual,False,"MEDSL SLERs 1967-2022 (contest-level), seat=CO-L058",2022
08031,CO,CO-L001;CO-L002;CO-L003;CO-L004;CO-L005;CO-L006;CO-L007;CO-L008;CO-L009;CO-U032;CO-U034,33.187,False,district_actual,False,"MEDSL SLERs 1967-2022 (contest-level), seat=CO-L001",2022
08033,CO,CO-L058,-13.596,False,district_actual,False,"MEDSL SLERs 1967-2022 (contest-level), seat=CO-L058",2022
08035,CO,CO-L039;CO-L043;CO-L044;CO-L045;CO-U004;CO-U030,0.893,True,district_actual,False,"MEDSL SLERs 1967-2022 (contest-level), seat=CO-L043",2022
08037,CO,CO-L026;CO-L057;CO-U008,7.164,False,district_actual,False,"MEDSL SLERs 1967-2022 (contest-level), seat=CO-L026",2022
08039,CO,CO-L056;CO-U035,-48.595,False,district_actual,False,"MEDSL SLERs 1967-2022 (contest-level), seat=CO-U035",2022
08041,CO,CO-L014;CO-L015;CO-L017;CO-L018;CO-L020;CO-L021;CO-L022;CO-L056;CO-U009;CO-U011;CO-U035,5.463,False,district_actual,True,"MEDSL SLERs 1967-2022 (contest-level), seat=CO-U011",2022
08043,CO,CO-L060;CO-U004,-21.673,False,district_actual,False,"MEDSL SLERs 1967-2022 (contest-level), seat=CO-U004",2022
08045,CO,CO-L057;CO-U008,7.725,False,district_actual,False,"MEDSL SLERs 1967-2022 (contest-level), seat=CO-L057",2022
08047,CO,CO-L049;CO-U008,11.392,False,district_actual,False,"MEDSL SLERs 1967-2022 (contest-level), seat=CO-U008",2022
08049,CO,CO-L013;CO-U008,11.392,False,district_actual,False,"MEDSL SLERs 1967-2022 (contest-level), seat=CO-U008",2022
08051,CO,CO-L058,-13.596,False,district_actual,False,"MEDSL SLERs 1967-2022 (contest-level), seat=CO-L058",2022
08053,CO,CO-L058,-13.596,False,district_actual,False,"MEDSL SLERs 1967-2022 (contest-level), seat=CO-L058",2022
08055,CO,CO-L047;CO-L062;CO-U035,11.223,False,district_actual,False,"MEDSL SLERs 1967-2022 (contest-level), seat=CO-L062",2022
08057,CO,CO-L013;CO-U008,11.392,False,district_actual,False,"MEDSL SLERs 1967-2022 (contest-level), seat=CO-U008",2022
08059,CO,CO-L023;CO-L024;CO-L025;CO-L027;CO-L028;CO-L029;CO-L030;CO-U004;CO-U020;CO-U022,1.42,True,district_actual,False,"MEDSL SLERs 1967-2022 (contest-level), seat=CO-L025",2022
08061,CO,CO-L047;CO-U035,-29.643,False,district_actual,False,"MEDSL SLERs 1967-2022 (contest-level), seat=CO-L047",2022
08063,CO,CO-L056;CO-U035,-48.595,False,district_actual,False,"MEDSL SLERs 1967-2022 (contest-level), seat=CO-U035",2022
08065,CO,CO-L013;CO-U004,12.057,False,district_actual,False,"MEDSL SLERs 1967-2022 (contest-level), seat=CO-L013",2022
08067,CO,CO-L059,13.52,False,district_actual,False,"MEDSL SLERs 1967-2022 (contest-level), seat=CO-L059",2022
08069,CO,CO-L049;CO-L051;CO-L052;CO-L053;CO-L064;CO-L065;CO-U015,1.191,True,district_actual,False,"MEDSL SLERs 1967-2022 (contest-level), seat=CO-U015",2022
08071,CO,CO-L047;CO-U035,-29.643,False,district_actual,False,"MEDSL SLERs 1967-2022 (contest-level), seat=CO-L047",2022
08073,CO,CO-L056;CO-U035,-48.595,False,district_actual,False,"MEDSL SLERs 1967-2022 (contest-level), seat=CO-U035",2022
08075,CO,CO-L063;CO-U001,-100.0,False,district_actual,False,"MEDSL SLERs 1967-2022 (contest-level), seat=CO-L063",2022
08077,CO,CO-L054;CO-L055;CO-U007,-27.224,False,district_actual,False,"MEDSL SLERs 1967-2022 (contest-level), seat=CO-L055",2022
08079,CO,CO-L062,11.223,False,district_actual,False,"MEDSL SLERs 1967-2022 (contest-level), seat=CO-L062",2022
08081,CO,CO-L026;CO-U008,7.164,False,district_actual,False,"MEDSL SLERs 1967-2022 (contest-level), seat=CO-L026",2022
08083,CO,CO-L058;CO-L059,13.52,False,district_actual,False,"MEDSL SLERs 1967-2022 (contest-level), seat=CO-L059",2022
08085,CO,CO-L058,-13.596,False,district_actual,False,"MEDSL SLERs 1967-2022 (contest-level), seat=CO-L058",2022
08087,CO,CO-L063;CO-U001,-100.0,False,district_actual,False,"MEDSL SLERs 1967-2022 (contest-level), seat=CO-L063",2022
08089,CO,CO-L047;CO-U035,-29.643,False,district_actual,False,"MEDSL SLERs 1967-2022 (contest-level), seat=CO-L047",2022
08091,CO,CO-L058,-13.596,False,district_actual,False,"MEDSL SLERs 1967-2022 (contest-level), seat=CO-L058",2022
08093,CO,CO-L013;CO-U004,12.057,False,district_actual,False,"MEDSL SLERs 1967-2022 (contest-level), seat=CO-L013",2022
08095,CO,CO-L063;CO-U001,-100.0,False,district_actual,False,"MEDSL SLERs 1967-2022 (contest-level), seat=CO-L063",2022
08097,CO,CO-L057,7.725,False,district_actual,False,"MEDSL SLERs 1967-2022 (contest-level), seat=CO-L057",2022
08099,CO,CO-L047;CO-U035,-29.643,False,district_actual,False,"MEDSL SLERs 1967-2022 (contest-level), seat=CO-L047",2022
08101,CO,CO-L046;CO-L047;CO-L060;CO-L062;CO-U003,2.588,True,district_actual,False,"MEDSL SLERs 1967-2022 (contest-level), seat=CO-U003",2022
08103,CO,CO-L026;CO-U008,7.164,False,district_actual,False,"MEDSL SLERs 1967-2022 (contest-level), seat=CO-L026",2022
08105,CO,CO-L062,11.223,False,district_actual,False,"MEDSL SLERs 1967-2022 (contest-level), seat=CO-L062",2022
08107,CO,CO-L026;CO-U008,7.164,False,district_actual,False,"MEDSL SLERs 1967-2022 (contest-level), seat=CO-L026",2022
08109,CO,CO-L062,11.223,False,district_actual,False,"MEDSL SLERs 1967-2022 (contest-level), seat=CO-L062",2022
08111,CO,CO-L059,13.52,False,district_actual,False,"MEDSL SLERs 1967-2022 (contest-level), seat=CO-L059",2022
08113,CO,CO-L058,-13.596,False,district_actual,False,"MEDSL SLERs 1967-2022 (contest-level), seat=CO-L058",2022
08115,CO,CO-L063;CO-U001,-100.0,False,district_actual,False,"MEDSL SLERs 1967-2022 (contest-level), seat=CO-L063",2022
08117,CO,CO-L013;CO-U008,11.392,False,district_actual,False,"MEDSL SLERs 1967-2022 (contest-level), seat=CO-U008",2022
08119,CO,CO-L060;CO-U004,-21.673,False,district_actual,False,"MEDSL SLERs 1967-2022 (contest-level), seat=CO-U004",2022
08121,CO,CO-L063;CO-U001,-100.0,False,district_actual,False,"MEDSL SLERs 1967-2022 (contest-level), seat=CO-L063",2022
08123,CO,CO-L048;CO-L063;CO-L064;CO-L065;CO-U001,-24.821,False,district_actual,True,"MEDSL SLERs 1967-2022 (contest-level), seat=CO-L065",2022
08125,CO,CO-L063;CO-U001,-100.0,False,district_actual,False,"MEDSL SLERs 1967-2022 (contest-level), seat=CO-L063",2022
09110,CT,,21.94,False,presidential,False,county_scores.json margin_2024 (MIT/tonmcg presidential),2024
09120,CT,,23.31,False,presidential,False,county_scores.json margin_2024 (MIT/tonmcg presidential),2024
09130,CT,,13.44,False,presidential,False,county_scores.json margin_2024 (MIT/tonmcg presidential),2024
09140,CT,,-7.38,False,presidential,False,county_scores.json margin_2024 (MIT/tonmcg presidential),2024
09150,CT,,-15.43,False,presidential,False,county_scores.json margin_2024 (MIT/tonmcg presidential),2024
09160,CT,,-1.26,True,presidential,False,county_scores.json margin_2024 (MIT/tonmcg presidential),2024
09170,CT,,20.07,False,presidential,False,county_scores.json margin_2024 (MIT/tonmcg presidential),2024
09180,CT,,12.96,False,presidential,False,county_scores.json margin_2024 (MIT/tonmcg presidential),2024
09190,CT,,19.1,False,presidential,False,county_scores.json margin_2024 (MIT/tonmcg presidential),2024
10001,DE,DE-L011;DE-L028;DE-L029;DE-L030;DE-L031;DE-L032;DE-L033;DE-L034;DE-U014;DE-U015;DE-U016;DE-U017;DE-U018,3.657,False,district_actual,False,"MEDSL SLERs 1967-2022 (contest-level), seat=DE-U014",2022
10003,DE,DE-L001;DE-L002;DE-L003;DE-L005;DE-L006;DE-L007;DE-L008;DE-L009;DE-L010;DE-L011;DE-L012;DE-L013;DE-L015;DE-L016;DE-L017;DE-L018;DE-L019;DE-L022;DE-L023;DE-L024;DE-L025;DE-L027;DE-U001;DE-U002;DE-U003;DE-U004;DE-U005;DE-U007;DE-U008;DE-U009;DE-U010;DE-U011;DE-U012;DE-U013;DE-U014,3.657,False,district_actual,True,"MEDSL SLERs 1967-2022 (contest-level), seat=DE-U014",2022
10005,DE,DE-L004;DE-L014;DE-L020;DE-L035;DE-L036;DE-L037;DE-L038;DE-L039;DE-L040;DE-L041;DE-U006;DE-U018;DE-U019;DE-U020;DE-U021,2.876,True,district_actual,False,"MEDSL SLERs 1967-2022 (contest-level), seat=DE-L020",2022
11001,DC,,86.07,False,presidential,False,county_scores.json margin_2024 (MIT/tonmcg presidential),2024
12001,FL,FL-L010;FL-L021;FL-L022;FL-U006;FL-U009,-12.189,False,district_actual,False,"MEDSL SLERs 1967-2022 (contest-level), seat=FL-L022",2022
12003,FL,FL-L010;FL-U006,-100.0,False,district_actual,False,"MEDSL SLERs 1967-2022 (contest-level), seat=FL-L010",2022
12005,FL,FL-L006;FL-U002,-57.047,False,district_actual,False,"MEDSL SLERs 1967-2022 (contest-level), seat=FL-U002",2022
12007,FL,FL-L010;FL-U006,-100.0,False,district_actual,False,"MEDSL SLERs 1967-2022 (contest-level), seat=FL-L010",2022
12009,FL,FL-L030;FL-L031;FL-L032;FL-L033;FL-L034;FL-U008;FL-U019,-11.46,False,district_actual,False,"MEDSL SLERs 1967-2022 (contest-level), seat=FL-L033",2022
12011,FL,FL-L095;FL-L096;FL-L097;FL-L098;FL-L099;FL-L100;FL-L102;FL-L103;FL-L104;FL-L105;FL-U030;FL-U032;FL-U035;FL-U037,8.338,False,district_actual,True,"MEDSL SLERs 1967-2022 (contest-level), seat=FL-L103",2022
12013,FL,FL-L005;FL-U002,-57.047,False,district_actual,False,"MEDSL SLERs 1967-2022 (contest-level), seat=FL-U002",2022
12015,FL,FL-L075;FL-L076;FL-U027,-42.48,False,district_actual,False,"MEDSL SLERs 1967-2022 (contest-level), seat=FL-U027",2022
12017,FL,FL-L023;FL-U011,-74.981,False,district_actual,False,"MEDSL SLERs 1967-2022 (contest-level), seat=FL-U011",2022
12019,FL,FL-L011;FL-L020;FL-U006,-47.102,False,district_actual,False,"MEDSL SLERs 1967-2022 (contest-level), seat=FL-L011",2022
12021,FL,FL-L080;FL-L081;FL-L082;FL-U028,-41.742,False,district_actual,False,"MEDSL SLERs 1967-2022 (contest-level), seat=FL-L080",2022
12023,FL,FL-L010;FL-U006,-100.0,False,district_actual,False,"MEDSL SLERs 1967-2022 (contest-level), seat=FL-L010",2022
12027,FL,FL-L076;FL-U027,-42.48,False,district_actual,False,"MEDSL SLERs 1967-2022 (contest-level), seat=FL-U027",2022
12029,FL,FL-L007;FL-U003,-5.968,False,district_actual,False,"MEDSL SLERs 1967-2022 (contest-level), seat=FL-U003",2022
12031,FL,FL-L012;FL-L013;FL-L014;FL-L015;FL-L016;FL-L017;FL-U004;FL-U005,15.089,False,district_actual,False,"MEDSL SLERs 1967-2022 (contest-level), seat=FL-U005",2022
12033,FL,FL-L001;FL-L002;FL-U001,-27.209,False,district_actual,False,"MEDSL SLERs 1967-2022 (contest-level), seat=FL-L002",2022
12035,FL,FL-L019;FL-U007,-28.05,False,district_actual,False,"MEDSL SLERs 1967-2022 (contest-level), seat=FL-L019",2022
12037,FL,FL-L007;FL-U003,-5.968,False,district_actual,False,"MEDSL SLERs 1967-2022 (contest-level), seat=FL-U003",2022
12039,FL,FL-L008;FL-U003,-5.968,False,district_actual,False,"MEDSL SLERs 1967-2022 (contest-level), seat=FL-U003",2022
12041,FL,FL-L022;FL-U006,-12.189,False,district_actual,False,"MEDSL SLERs 1967-2022 (contest-level), seat=FL-L022",2022
12043,FL,FL-L083;FL-U029,-100.0,False,district_actual,False,"MEDSL SLERs 1967-2022 (contest-level), seat=FL-L083",2022
12045,FL,FL-L007;FL-U003,-5.968,False,district_actual,False,"MEDSL SLERs 1967-2022 (contest-level), seat=FL-U003",2022
12047,FL,FL-L007;FL-U003,-5.968,False,district_actual,False,"MEDSL SLERs 1967-2022 (contest-level), seat=FL-U003",2022
12049,FL,FL-L083;FL-U027,-42.48,False,district_actual,False,"MEDSL SLERs 1967-2022 (contest-level), seat=FL-U027",2022
12051,FL,FL-L082;FL-U028,-100.0,False,district_actual,False,"MEDSL SLERs 1967-2022 (contest-level), seat=FL-L082",2022
12053,FL,FL-L052;FL-L053;FL-U011,-40.138,False,district_actual,False,"MEDSL SLERs 1967-2022 (contest-level), seat=FL-L053",2022
12055,FL,FL-L083;FL-U029,-100.0,False,district_actual,False,"MEDSL SLERs 1967-2022 (contest-level), seat=FL-L083",2022
12057,FL,FL-L062;FL-L063;FL-L065;FL-L066;FL-L067;FL-L068;FL-L069;FL-L070;FL-U016;FL-U020;FL-U023,-7.25,False,district_actual,True,"MEDSL SLERs 1967-2022 (contest-level), seat=FL-L065",2022
12059,FL,FL-L005;FL-U002,-57.047,False,district_actual,False,"MEDSL SLERs 1967-2022 (contest-level), seat=FL-U002",2022
12061,FL,FL-L034;FL-U029,-36.104,False,district_actual,False,"MEDSL SLERs 1967-2022 (contest-level), seat=FL-L034",2022
12063,FL,FL-L005;FL-U002,-57.047,False,district_actual,False,"MEDSL SLERs 1967-2022 (contest-level), seat=FL-U002",2022
12065,FL,FL-L007;FL-L009;FL-U003,-5.968,False,district_actual,False,"MEDSL SLERs 1967-2022 (contest-level), seat=FL-U003",2022
12067,FL,FL-L007;FL-U003,-5.968,False,district_actual,False,"MEDSL SLERs 1967-2022 (contest-level), seat=FL-U003",2022
12069,FL,FL-L025;FL-L026;FL-L027;FL-U013,-24.292,False,district_actual,False,"MEDSL SLERs 1967-2022 (contest-level), seat=FL-U013",2022
12071,FL,FL-L076;FL-L077;FL-L078;FL-L079;FL-L080;FL-U027;FL-U028;FL-U033,-25.495,False,district_actual,False,"MEDSL SLERs 1967-2022 (contest-level), seat=FL-L078",2022
12073,FL,FL-L007;FL-L008;FL-L009;FL-U003,-5.968,False,district_actual,False,"MEDSL SLERs 1967-2022 (contest-level), seat=FL-U003",2022
12075,FL,FL-L022;FL-U009,-12.189,False,district_actual,False,"MEDSL SLERs 1967-2022 (contest-level), seat=FL-L022",2022
12077,FL,FL-L007;FL-U003,-5.968,False,district_actual,False,"MEDSL SLERs 1967-2022 (contest-level), seat=FL-U003",2022
12079,FL,FL-L009;FL-U003,-5.968,False,district_actual,False,"MEDSL SLERs 1967-2022 (contest-level), seat=FL-U003",2022
12081,FL,FL-L070;FL-L071;FL-L072;FL-U020;FL-U022,-25.843,False,district_actual,False,"MEDSL SLERs 1967-2022 (contest-level), seat=FL-L070",2022
12083,FL,FL-L020;FL-L021;FL-L023;FL-L024;FL-L027;FL-U009,20.413,False,district_actual,False,"MEDSL SLERs 1967-2022 (contest-level), seat=FL-L021",2022
12085,FL,FL-L085;FL-L086;FL-U031,-21.71,False,district_actual,False,"MEDSL SLERs 1967-2022 (contest-level), seat=FL-L085",2022
12086,FL,FL-L106;FL-L107;FL-L108;FL-L109;FL-L110;FL-L111;FL-L112;FL-L113;FL-L114;FL-L115;FL-L116;FL-L117;FL-L118;FL-L119;FL-L120;FL-U034;FL-U036;FL-U038;FL-U039;FL-U040,-0.456,True,district_actual,False,"MEDSL SLERs 1967-2022 (contest-level), seat=FL-L106",2022
12087,FL,FL-L120;FL-U040,-21.213,False,district_actual,False,"MEDSL SLERs 1967-2022 (contest-level), seat=FL-L120",2022
12089,FL,FL-L015;FL-U004,-35.217,False,district_actual,False,"MEDSL SLERs 1967-2022 (contest-level), seat=FL-U004",2022
12091,FL,FL-L003;FL-L004;FL-U001;FL-U002,-42.393,False,district_actual,False,"MEDSL SLERs 1967-2022 (contest-level), seat=FL-U001",2022
12093,FL,FL-L083;FL-U029,-100.0,False,district_actual,False,"MEDSL SLERs 1967-2022 (contest-level), seat=FL-L083",2022
12095,FL,FL-L035;FL-L037;FL-L039;FL-L040;FL-L041;FL-L042;FL-L043;FL-L044;FL-U010;FL-U013;FL-U015;FL-U017;FL-U025,-3.875,False,district_actual,False,"MEDSL SLERs 1967-2022 (contest-level), seat=FL-L037",2022
12097,FL,FL-L035;FL-L046;FL-L047;FL-U025,-1.877,True,district_actual,False,"MEDSL SLERs 1967-2022 (contest-level), seat=FL-L047",2022
12099,FL,FL-L086;FL-L088;FL-L089;FL-L090;FL-L091;FL-L092;FL-L094;FL-U024;FL-U026;FL-U030;FL-U031,-3.481,False,district_actual,True,"MEDSL SLERs 1967-2022 (contest-level), seat=FL-L091",2022
12101,FL,FL-L053;FL-L054;FL-L055;FL-L056;FL-U011;FL-U021;FL-U023,-26.094,False,district_actual,False,"MEDSL SLERs 1967-2022 (contest-level), seat=FL-L054",2022
12103,FL,FL-L057;FL-L058;FL-L059;FL-L060;FL-L061;FL-L062;FL-U016;FL-U018;FL-U021,8.438,False,district_actual,False,"MEDSL SLERs 1967-2022 (contest-level), seat=FL-L060",2022
12105,FL,FL-L048;FL-L049;FL-L050;FL-L051;FL-U012;FL-U027,-26.334,False,district_actual,False,"MEDSL SLERs 1967-2022 (contest-level), seat=FL-U012",2022
12107,FL,FL-L020;FL-U007,-100.0,False,district_actual,False,"MEDSL SLERs 1967-2022 (contest-level), seat=FL-L020",2022
12109,FL,FL-L018;FL-L019;FL-L020;FL-U007,-28.05,False,district_actual,False,"MEDSL SLERs 1967-2022 (contest-level), seat=FL-L019",2022
12111,FL,FL-L084;FL-L085;FL-U029;FL-U031,-21.71,False,district_actual,False,"MEDSL SLERs 1967-2022 (contest-level), seat=FL-L085",2022
12113,FL,FL-L002;FL-L003;FL-U001,-27.209,False,district_actual,False,"MEDSL SLERs 1967-2022 (contest-level), seat=FL-L002",2022
12115,FL,FL-L073;FL-L074;FL-L075;FL-U022,-12.517,False,district_actual,False,"MEDSL SLERs 1967-2022 (contest-level), seat=FL-L073",2022
12117,FL,FL-L036;FL-L037;FL-L038;FL-L039;FL-U010,-3.875,False,district_actual,False,"MEDSL SLERs 1967-2022 (contest-level), seat=FL-L037",2022
12119,FL,FL-L052;FL-U011,-45.975,False,district_actual,False,"MEDSL SLERs 1967-2022 (contest-level), seat=FL-L052",2022
12121,FL,FL-L007;FL-U003,-5.968,False,district_actual,False,"MEDSL SLERs 1967-2022 (contest-level), seat=FL-U003",2022
12123,FL,FL-L007;FL-U003,-5.968,False,district_actual,False,"MEDSL SLERs 1967-2022 (contest-level), seat=FL-U003",2022
12125,FL,FL-L010;FL-U006,-100.0,False,district_actual,False,"MEDSL SLERs 1967-2022 (contest-level), seat=FL-L010",2022
12127,FL,FL-L027;FL-L028;FL-L029;FL-L030;FL-U007;FL-U008,-19.023,False,district_actual,False,"MEDSL SLERs 1967-2022 (contest-level), seat=FL-L029",2022
12129,FL,FL-L007;FL-U003,-5.968,False,district_actual,False,"MEDSL SLERs 1967-2022 (contest-level), seat=FL-U003",2022
12131,FL,FL-L005;FL-U002,-57.047,False,district_actual,False,"MEDSL SLERs 1967-2022 (contest-level), seat=FL-U002",2022
12133,FL,FL-L005;FL-U002,-57.047,False,district_actual,False,"MEDSL SLERs 1967-2022 (contest-level), seat=FL-U002",2022
13001,GA,GA-L157;GA-L178;GA-U019,-57.367,False,district_actual,False,"MEDSL SLERs 1967-2022 (contest-level), seat=GA-U019",2022
13003,GA,GA-L176;GA-U008,-100.0,False,district_actual,False,"MEDSL SLERs 1967-2022 (contest-level), seat=GA-L176",2022
13005,GA,GA-L178;GA-U019,-57.367,False,district_actual,False,"MEDSL SLERs 1967-2022 (contest-level), seat=GA-U019",2022
13007,GA,GA-L154;GA-U012,-12.891,False,district_actual,False,"MEDSL SLERs 1967-2022 (contest-level), seat=GA-L154",2022
13009,GA,GA-L128;GA-L133;GA-U025,-14.993,False,district_actual,False,"MEDSL SLERs 1967-2022 (contest-level), seat=GA-L133",2022
13011,GA,GA-L032;GA-U050,-69.556,False,district_actual,False,"MEDSL SLERs 1967-2022 (contest-level), seat=GA-U050",2022
13013,GA,GA-L104;GA-L119;GA-L120;GA-U045;GA-U046;GA-U047,-22.349,False,district_actual,False,"MEDSL SLERs 1967-2022 (contest-level), seat=GA-L120",2022
13015,GA,GA-L014;GA-L015;GA-U037;GA-U052,-17.682,False,district_actual,False,"MEDSL SLERs 1967-2022 (contest-level), seat=GA-U037",2022
13017,GA,GA-L148;GA-L156;GA-U013,-50.079,False,district_actual,False,"MEDSL SLERs 1967-2022 (contest-level), seat=GA-L156",2022
13019,GA,GA-L170;GA-U013,-100.0,False,district_actual,False,"MEDSL SLERs 1967-2022 (contest-level), seat=GA-L170",2022
13021,GA,GA-L142;GA-L143;GA-L144;GA-U018;GA-U025;GA-U026,-23.329,False,district_actual,False,"MEDSL SLERs 1967-2022 (contest-level), seat=GA-U025",2022
13023,GA,GA-U020,-100.0,False,district_actual,False,"MEDSL SLERs 1967-2022 (contest-level), seat=GA-U020",2022
13025,GA,GA-L174;GA-U003,-100.0,False,district_actual,False,"MEDSL SLERs 1967-2022 (contest-level), seat=GA-L174",2022
13027,GA,GA-L175;GA-U011,-100.0,False,district_actual,False,"MEDSL SLERs 1967-2022 (contest-level), seat=GA-L175",2022
13029,GA,GA-L160;GA-L164;GA-L166;GA-U001,-17.598,False,district_actual,False,"MEDSL SLERs 1967-2022 (contest-level), seat=GA-L164",2022
13031,GA,GA-L158;GA-L159;GA-L160;GA-U004,-42.91,False,district_actual,False,"MEDSL SLERs 1967-2022 (contest-level), seat=GA-L158",2022
13033,GA,GA-L126;GA-U023,18.512,False,district_actual,False,"MEDSL SLERs 1967-2022 (contest-level), seat=GA-L126",2022
13035,GA,GA-L118;GA-U025,-23.329,False,district_actual,False,"MEDSL SLERs 1967-2022 (contest-level), seat=GA-U025",2022
13037,GA,GA-L154;GA-U012,-12.891,False,district_actual,False,"MEDSL SLERs 1967-2022 (contest-level), seat=GA-L154",2022
13039,GA,GA-L180;GA-U003,-100.0,False,district_actual,False,"MEDSL SLERs 1967-2022 (contest-level), seat=GA-L180",2022
13043,GA,GA-L158;GA-U004,-42.91,False,district_actual,False,"MEDSL SLERs 1967-2022 (contest-level), seat=GA-L158",2022
13045,GA,GA-L018;GA-L070;GA-L071;GA-L072;GA-U030,-29.92,False,district_actual,False,"MEDSL SLERs 1967-2022 (contest-level), seat=GA-L070",2022
13047,GA,GA-L002;GA-L003;GA-U053,-100.0,False,district_actual,False,"MEDSL SLERs 1967-2022 (contest-level), seat=GA-L002",2022
13049,GA,GA-L174;GA-U003,-100.0,False,district_actual,False,"MEDSL SLERs 1967-2022 (contest-level), seat=GA-L174",2022
13051,GA,GA-L161;GA-L162;GA-L163;GA-L164;GA-L165;GA-L166;GA-U001;GA-U002;GA-U004,-17.598,False,district_actual,False,"MEDSL SLERs 1967-2022 (contest-level), seat=GA-L164",2022
13053,GA,GA-L151;GA-U015,-9.805,False,district_actual,False,"MEDSL SLERs 1967-2022 (contest-level), seat=GA-L151",2022
13055,GA,GA-L012;GA-U053,-100.0,False,district_actual,False,"MEDSL SLERs 1967-2022 (contest-level), seat=GA-L012",2022
13057,GA,GA-L011;GA-L014;GA-L020;GA-L021;GA-L022;GA-L023;GA-L044;GA-L046;GA-L047;GA-U021;GA-U032;GA-U056,-17.777,False,district_actual,False,"MEDSL SLERs 1967-2022 (contest-level), seat=GA-L044",2022
13059,GA,GA-L120;GA-L122;GA-L124;GA-U046;GA-U047,-22.349,False,district_actual,True,"MEDSL SLERs 1967-2022 (contest-level), seat=GA-L120",2022
13061,GA,GA-L154;GA-U012,-12.891,False,district_actual,False,"MEDSL SLERs 1967-2022 (contest-level), seat=GA-L154",2022
13063,GA,GA-L075;GA-L076;GA-L077;GA-L078;GA-L079;GA-U034;GA-U044,67.426,False,district_actual,False,"MEDSL SLERs 1967-2022 (contest-level), seat=GA-U034",2022
13065,GA,GA-L174;GA-U008,-100.0,False,district_actual,False,"MEDSL SLERs 1967-2022 (contest-level), seat=GA-L174",2022
13067,GA,GA-L034;GA-L035;GA-L036;GA-L037;GA-L038;GA-L039;GA-L041;GA-L042;GA-L043;GA-L044;GA-L045;GA-L046;GA-U032;GA-U033;GA-U037;GA-U038;GA-U056,11.98,False,district_actual,False,"MEDSL SLERs 1967-2022 (contest-level), seat=GA-L035",2022
13069,GA,GA-L169;GA-L176;GA-U013;GA-U019,-49.243,False,district_actual,False,"MEDSL SLERs 1967-2022 (contest-level), seat=GA-L169",2022
13071,GA,GA-L172;GA-U011,-100.0,False,district_actual,False,"MEDSL SLERs 1967-2022 (contest-level), seat=GA-L172",2022
13073,GA,GA-L123;GA-L125;GA-L127;GA-L131;GA-U023;GA-U024,-100.0,False,district_actual,False,"MEDSL SLERs 1967-2022 (contest-level), seat=GA-L123",2022
13075,GA,GA-L170;GA-L172;GA-U011,-100.0,False,district_actual,False,"MEDSL SLERs 1967-2022 (contest-level), seat=GA-L170",2022
13077,GA,GA-L065;GA-L067;GA-L070;GA-L073;GA-L136,-29.92,False,district_actual,False,"MEDSL SLERs 1967-2022 (contest-level), seat=GA-L070",2022
13079,GA,GA-U018,-28.86,False,district_actual,False,"MEDSL SLERs 1967-2022 (contest-level), seat=GA-U018",2022
13081,GA,GA-L148;GA-U013,-100.0,False,district_actual,False,"MEDSL SLERs 1967-2022 (contest-level), seat=GA-L148",2022
13083,GA,GA-L001;GA-U053,-100.0,False,district_actual,False,"MEDSL SLERs 1967-2022 (contest-level), seat=GA-L001",2022
13085,GA,GA-L007;GA-L009;GA-U051,-100.0,False,district_actual,False,"MEDSL SLERs 1967-2022 (contest-level), seat=GA-L007",2022
13087,GA,GA-L171;GA-U011,-100.0,False,district_actual,False,"MEDSL SLERs 1967-2022 (contest-level), seat=GA-L171",2022
13089,GA,GA-L052;GA-L080;GA-L083;GA-L084;GA-L085;GA-L086;GA-L087;GA-L088;GA-L089;GA-L090;GA-L094;GA-U010;GA-U040;GA-U041;GA-U043;GA-U044;GA-U055,14.259,False,district_actual,False,"MEDSL SLERs 1967-2022 (contest-level), seat=GA-L080",2022
13091,GA,GA-U020,-100.0,False,district_actual,False,"MEDSL SLERs 1967-2022 (contest-level), seat=GA-U020",2022
13093,GA,GA-L150;GA-U020,100.0,False,district_actual,False,"MEDSL SLERs 1967-2022 (contest-level), seat=GA-L150",2022
13095,GA,GA-L151;GA-L152;GA-L153;GA-L154;GA-U012,-9.805,False,district_actual,False,"MEDSL SLERs 1967-2022 (contest-level), seat=GA-L151",2022
13097,GA,GA-L061;GA-L065;GA-L066;GA-U030;GA-U035,39.403,False,district_actual,True,"MEDSL SLERs 1967-2022 (contest-level), seat=GA-L065",2022
13099,GA,GA-L154;GA-U012,-12.891,False,district_actual,False,"MEDSL SLERs 1967-2022 (contest-level), seat=GA-L154",2022
13101,GA,GA-L174;GA-U008,-100.0,False,district_actual,False,"MEDSL SLERs 1967-2022 (contest-level), seat=GA-L174",2022
13103,GA,GA-L159;GA-L161;GA-U004,-21.637,False,district_actual,False,"MEDSL SLERs 1967-2022 (contest-level), seat=GA-L161",2022
13105,GA,GA-L123;GA-U024,-100.0,False,district_actual,False,"MEDSL SLERs 1967-2022 (contest-level), seat=GA-L123",2022
13107,GA,GA-L158;GA-U023,-42.91,False,district_actual,False,"MEDSL SLERs 1967-2022 (contest-level), seat=GA-L158",2022
13109,GA,GA-L157;GA-U004,-100.0,False,district_actual,False,"MEDSL SLERs 1967-2022 (contest-level), seat=GA-L157",2022
13111,GA,GA-L007;GA-U051,-100.0,False,district_actual,False,"MEDSL SLERs 1967-2022 (contest-level), seat=GA-L007",2022
13113,GA,GA-L068;GA-L069;GA-L073;GA-U016;GA-U034,25.23,False,district_actual,False,"MEDSL SLERs 1967-2022 (contest-level), seat=GA-L068",2022
13115,GA,GA-L005;GA-L012;GA-L013;GA-U052;GA-U053,-100.0,False,district_actual,False,"MEDSL SLERs 1967-2022 (contest-level), seat=GA-L005",2022
13117,GA,GA-L011;GA-L024;GA-L025;GA-L026;GA-L028;GA-L100;GA-U027;GA-U048,-13.446,False,district_actual,False,"MEDSL SLERs 1967-2022 (contest-level), seat=GA-U048",2022
13119,GA,GA-L033;GA-U050,-69.556,False,district_actual,False,"MEDSL SLERs 1967-2022 (contest-level), seat=GA-U050",2022
13121,GA,GA-L047;GA-L048;GA-L049;GA-L050;GA-L051;GA-L053;GA-L054;GA-L055;GA-L056;GA-L057;GA-L058;GA-L059;GA-L060;GA-L061;GA-L062;GA-L063;GA-L065;GA-L067;GA-L068;GA-U014;GA-U021;GA-U035;GA-U036;GA-U038;GA-U039;GA-U048;GA-U056,-5.19,False,district_actual,False,"MEDSL SLERs 1967-2022 (contest-level), seat=GA-L053",2022
13123,GA,GA-L007;GA-U051,-100.0,False,district_actual,False,"MEDSL SLERs 1967-2022 (contest-level), seat=GA-L007",2022
13125,GA,GA-L128;GA-U023,100.0,False,district_actual,False,"MEDSL SLERs 1967-2022 (contest-level), seat=GA-L128",2022
13127,GA,GA-L167;GA-L179;GA-L180;GA-U003,-100.0,False,district_actual,False,"MEDSL SLERs 1967-2022 (contest-level), seat=GA-L167",2022
13129,GA,GA-L005;GA-L006;GA-U052;GA-U054,-100.0,False,district_actual,False,"MEDSL SLERs 1967-2022 (contest-level), seat=GA-L005",2022
13131,GA,GA-L171;GA-L173;GA-U011,-27.976,False,district_actual,False,"MEDSL SLERs 1967-2022 (contest-level), seat=GA-L173",2022
13133,GA,GA-L124;GA-U024,-31.697,False,district_actual,False,"MEDSL SLERs 1967-2022 (contest-level), seat=GA-L124",2022
13135,GA,GA-L094;GA-L095;GA-L096;GA-L097;GA-L098;GA-L099;GA-L100;GA-L101;GA-L102;GA-L103;GA-L104;GA-L106;GA-L107;GA-L108;GA-L109;GA-L110;GA-L111;GA-U005;GA-U007;GA-U009;GA-U040;GA-U045;GA-U046;GA-U048;GA-U055,4.204,False,district_actual,True,"MEDSL SLERs 1967-2022 (contest-level), seat=GA-L108",2022
13137,GA,GA-L010;GA-L032;GA-U050,-69.556,False,district_actual,False,"MEDSL SLERs 1967-2022 (contest-level), seat=GA-U050",2022
13139,GA,GA-L027;GA-L028;GA-L029;GA-L030;GA-L031;GA-L100;GA-L103;GA-U049;GA-U050,-22.804,False,district_actual,False,"MEDSL SLERs 1967-2022 (contest-level), seat=GA-L103",2022
13141,GA,GA-L128;GA-U026,100.0,False,district_actual,False,"MEDSL SLERs 1967-2022 (contest-level), seat=GA-L128",2022
13143,GA,GA-L018;GA-U030,-72.89,False,district_actual,False,"MEDSL SLERs 1967-2022 (contest-level), seat=GA-L018",2022
13145,GA,GA-L138;GA-L139;GA-U029,-32.496,False,district_actual,False,"MEDSL SLERs 1967-2022 (contest-level), seat=GA-U029",2022
13147,GA,GA-L033;GA-U024,-100.0,False,district_actual,False,"MEDSL SLERs 1967-2022 (contest-level), seat=GA-L033",2022
13149,GA,GA-L072,-100.0,False,district_actual,False,"MEDSL SLERs 1967-2022 (contest-level), seat=GA-L072",2022
13151,GA,GA-L078;GA-L091;GA-L115;GA-L116;GA-L118;GA-U010;GA-U025,-23.329,False,district_actual,True,"MEDSL SLERs 1967-2022 (contest-level), seat=GA-U025",2022
13153,GA,GA-L146;GA-L147;GA-L148;GA-U018;GA-U020;GA-U026,-11.622,False,district_actual,False,"MEDSL SLERs 1967-2022 (contest-level), seat=GA-L147",2022
13155,GA,GA-L169;GA-U013,-49.243,False,district_actual,False,"MEDSL SLERs 1967-2022 (contest-level), seat=GA-L169",2022
13157,GA,GA-L031;GA-L032;GA-L119;GA-L120;GA-U047;GA-U050,-22.349,False,district_actual,False,"MEDSL SLERs 1967-2022 (contest-level), seat=GA-L120",2022
13159,GA,GA-L114;GA-L118;GA-U025,-23.329,False,district_actual,False,"MEDSL SLERs 1967-2022 (contest-level), seat=GA-U025",2022
13161,GA,GA-L157;GA-U019,-57.367,False,district_actual,False,"MEDSL SLERs 1967-2022 (contest-level), seat=GA-U019",2022
13163,GA,GA-L132;GA-U023,100.0,False,district_actual,False,"MEDSL SLERs 1967-2022 (contest-level), seat=GA-L132",2022
13165,GA,GA-L126;GA-U023,18.512,False,district_actual,False,"MEDSL SLERs 1967-2022 (contest-level), seat=GA-L126",2022
13167,GA,GA-L155;GA-U026,-100.0,False,district_actual,False,"MEDSL SLERs 1967-2022 (contest-level), seat=GA-L155",2022
13169,GA,GA-L133;GA-L144;GA-U025,-14.993,False,district_actual,False,"MEDSL SLERs 1967-2022 (contest-level), seat=GA-L133",2022
13171,GA,GA-L134;GA-L135;GA-U016,-32.939,False,district_actual,False,"MEDSL SLERs 1967-2022 (contest-level), seat=GA-L134",2022
13173,GA,GA-L176;GA-U008,-100.0,False,district_actual,False,"MEDSL SLERs 1967-2022 (contest-level), seat=GA-L176",2022
13175,GA,GA-L155;GA-U020,-100.0,False,district_actual,False,"MEDSL SLERs 1967-2022 (contest-level), seat=GA-L155",2022
13177,GA,GA-L152;GA-U013,-100.0,False,district_actual,False,"MEDSL SLERs 1967-2022 (contest-level), seat=GA-L152",2022
13179,GA,GA-L167;GA-L168;GA-U001,-22.76,False,district_actual,False,"MEDSL SLERs 1967-2022 (contest-level), seat=GA-U001",2022
13181,GA,GA-L123;GA-U024,-100.0,False,district_actual,False,"MEDSL SLERs 1967-2022 (contest-level), seat=GA-L123",2022
13183,GA,GA-L167;GA-U019,-57.367,False,district_actual,False,"MEDSL SLERs 1967-2022 (contest-level), seat=GA-U019",2022
13185,GA,GA-L174;GA-L175;GA-L176;GA-L177;GA-U008,-100.0,False,district_actual,False,"MEDSL SLERs 1967-2022 (contest-level), seat=GA-L174",2022
13187,GA,GA-L009;GA-L027;GA-U051,-100.0,False,district_actual,False,"MEDSL SLERs 1967-2022 (contest-level), seat=GA-L009",2022
13189,GA,GA-L125;GA-L128;GA-U023,-100.0,False,district_actual,False,"MEDSL SLERs 1967-2022 (contest-level), seat=GA-L125",2022
13191,GA,GA-L167;GA-U003,-100.0,False,district_actual,False,"MEDSL SLERs 1967-2022 (contest-level), seat=GA-L167",2022
13193,GA,GA-L150;GA-U015,100.0,False,district_actual,False,"MEDSL SLERs 1967-2022 (contest-level), seat=GA-L150",2022
13195,GA,GA-L033;GA-L123;GA-U047,-24.01,False,district_actual,False,"MEDSL SLERs 1967-2022 (contest-level), seat=GA-U047",2022
13197,GA,GA-L151;GA-U015,-9.805,False,district_actual,False,"MEDSL SLERs 1967-2022 (contest-level), seat=GA-L151",2022
13199,GA,GA-L136;GA-L137;GA-U029,21.967,False,district_actual,False,"MEDSL SLERs 1967-2022 (contest-level), seat=GA-L137",2022
13201,GA,GA-L154;GA-U012,-12.891,False,district_actual,False,"MEDSL SLERs 1967-2022 (contest-level), seat=GA-L154",2022
13205,GA,GA-L171;GA-U012,-100.0,False,district_actual,False,"MEDSL SLERs 1967-2022 (contest-level), seat=GA-L171",2022
13207,GA,GA-L134;GA-L144;GA-U018,-28.86,False,district_actual,False,"MEDSL SLERs 1967-2022 (contest-level), seat=GA-U018",2022
13209,GA,GA-L156;GA-U019,-50.079,False,district_actual,False,"MEDSL SLERs 1967-2022 (contest-level), seat=GA-L156",2022
13211,GA,GA-L114,-41.861,False,district_actual,True,"MEDSL SLERs 1967-2022 (contest-level), seat=GA-L114",2022
13213,GA,GA-L006;GA-U054,-100.0,False,district_actual,False,"MEDSL SLERs 1967-2022 (contest-level), seat=GA-L006",2022
13215,GA,GA-L137;GA-L138;GA-L139;GA-L140;GA-L141;GA-U015;GA-U029,21.967,False,district_actual,False,"MEDSL SLERs 1967-2022 (contest-level), seat=GA-L137",2022
13217,GA,GA-L093;GA-L113;GA-L114;GA-U043,-41.861,False,district_actual,True,"MEDSL SLERs 1967-2022 (contest-level), seat=GA-L114",2022
13219,GA,GA-L120;GA-U046,-22.349,False,district_actual,True,"MEDSL SLERs 1967-2022 (contest-level), seat=GA-L120",2022
13221,GA,GA-L124;GA-U024,-31.697,False,district_actual,False,"MEDSL SLERs 1967-2022 (contest-level), seat=GA-L124",2022
13223,GA,GA-L016;GA-L017;GA-L018;GA-L019;GA-U030;GA-U031,-27.286,False,district_actual,True,"MEDSL SLERs 1967-2022 (contest-level), seat=GA-L019",2022
13225,GA,GA-L150;GA-U018,-28.86,False,district_actual,False,"MEDSL SLERs 1967-2022 (contest-level), seat=GA-U018",2022
13227,GA,GA-L011;GA-U051,-68.111,False,district_actual,False,"MEDSL SLERs 1967-2022 (contest-level), seat=GA-L011",2022
13229,GA,GA-L178;GA-U008,-100.0,False,district_actual,False,"MEDSL SLERs 1967-2022 (contest-level), seat=GA-L178",2022
13231,GA,GA-L135;GA-U016,-36.367,False,district_actual,False,"MEDSL SLERs 1967-2022 (contest-level), seat=GA-U016",2022
13233,GA,GA-L016;GA-U031,-100.0,False,district_actual,False,"MEDSL SLERs 1967-2022 (contest-level), seat=GA-L016",2022
13235,GA,GA-L148;GA-U020,-100.0,False,district_actual,False,"MEDSL SLERs 1967-2022 (contest-level), seat=GA-L148",2022
13237,GA,GA-L118;GA-L124;GA-U025,-23.329,False,district_actual,False,"MEDSL SLERs 1967-2022 (contest-level), seat=GA-U025",2022
13239,GA,GA-L154;GA-U012,-12.891,False,district_actual,False,"MEDSL SLERs 1967-2022 (contest-level), seat=GA-L154",2022
13241,GA,GA-L010;GA-U050,-69.556,False,district_actual,False,"MEDSL SLERs 1967-2022 (contest-level), seat=GA-U050",2022
13243,GA,GA-L154;GA-U012,-12.891,False,district_actual,False,"MEDSL SLERs 1967-2022 (contest-level), seat=GA-L154",2022
13245,GA,GA-L126;GA-L127;GA-L129;GA-L130;GA-L132;GA-U022;GA-U023,18.512,False,district_actual,False,"MEDSL SLERs 1967-2022 (contest-level), seat=GA-L126",2022
13247,GA,GA-L091;GA-L092;GA-L093;GA-L095;GA-U043,50.109,False,district_actual,False,"MEDSL SLERs 1967-2022 (contest-level), seat=GA-U043",2022
13249,GA,GA-L151;GA-U015,-9.805,False,district_actual,False,"MEDSL SLERs 1967-2022 (contest-level), seat=GA-L151",2022
13251,GA,GA-L159;GA-U023,-100.0,False,district_actual,False,"MEDSL SLERs 1967-2022 (contest-level), seat=GA-L159",2022
13253,GA,GA-L154;GA-U011,-12.891,False,district_actual,False,"MEDSL SLERs 1967-2022 (contest-level), seat=GA-L154",2022
13255,GA,GA-L134;GA-U016,-32.939,False,district_actual,True,"MEDSL SLERs 1967-2022 (contest-level), seat=GA-L134",2022
13257,GA,GA-L032;GA-U050,-69.556,False,district_actual,False,"MEDSL SLERs 1967-2022 (contest-level), seat=GA-U050",2022
13259,GA,GA-L151;GA-U012,-9.805,False,district_actual,False,"MEDSL SLERs 1967-2022 (contest-level), seat=GA-L151",2022
13261,GA,GA-L150;GA-L151;GA-U012,-9.805,False,district_actual,False,"MEDSL SLERs 1967-2022 (contest-level), seat=GA-L151",2022
13263,GA,GA-L137;GA-U015,21.967,False,district_actual,False,"MEDSL SLERs 1967-2022 (contest-level), seat=GA-L137",2022
13265,GA,GA-L124;GA-U023,-31.697,False,district_actual,False,"MEDSL SLERs 1967-2022 (contest-level), seat=GA-L124",2022
13267,GA,GA-L156;GA-L157;GA-U019,-50.079,False,district_actual,False,"MEDSL SLERs 1967-2022 (contest-level), seat=GA-L156",2022
13269,GA,GA-L150;GA-U015,100.0,False,district_actual,False,"MEDSL SLERs 1967-2022 (contest-level), seat=GA-L150",2022
13271,GA,GA-L156;GA-U019,-50.079,False,district_actual,False,"MEDSL SLERs 1967-2022 (contest-level), seat=GA-L156",2022
13273,GA,GA-L151;GA-U012,-9.805,False,district_actual,False,"MEDSL SLERs 1967-2022 (contest-level), seat=GA-L151",2022
13275,GA,GA-L172;GA-L173;GA-U011,-27.976,False,district_actual,False,"MEDSL SLERs 1967-2022 (contest-level), seat=GA-L173",2022
13277,GA,GA-L169;GA-L170;GA-U013,-49.243,False,district_actual,False,"MEDSL SLERs 1967-2022 (contest-level), seat=GA-L169",2022
13279,GA,GA-L156;GA-U019,-50.079,False,district_actual,False,"MEDSL SLERs 1967-2022 (contest-level), seat=GA-L156",2022
13281,GA,GA-L008;GA-U050,-68.605,False,district_actual,False,"MEDSL SLERs 1967-2022 (contest-level), seat=GA-L008",2022
13283,GA,GA-L158;GA-U020,-42.91,False,district_actual,False,"MEDSL SLERs 1967-2022 (contest-level), seat=GA-L158",2022
13285,GA,GA-L072;GA-L136;GA-L137;GA-L138;GA-U029,21.967,False,district_actual,False,"MEDSL SLERs 1967-2022 (contest-level), seat=GA-L137",2022
13287,GA,GA-L169;GA-U013,-49.243,False,district_actual,False,"MEDSL SLERs 1967-2022 (contest-level), seat=GA-L169",2022
13289,GA,GA-U026,100.0,False,district_actual,False,"MEDSL SLERs 1967-2022 (contest-level), seat=GA-U026",2022
13291,GA,GA-L008;GA-U051,-68.605,False,district_actual,False,"MEDSL SLERs 1967-2022 (contest-level), seat=GA-L008",2022
13293,GA,GA-L135;GA-U018,-28.86,False,district_actual,False,"MEDSL SLERs 1967-2022 (contest-level), seat=GA-U018",2022
13295,GA,GA-L001;GA-L002;GA-U053,-100.0,False,district_actual,False,"MEDSL SLERs 1967-2022 (contest-level), seat=GA-L001",2022
13297,GA,GA-L111;GA-L112;GA-U046,-28.044,False,district_actual,True,"MEDSL SLERs 1967-2022 (contest-level), seat=GA-U046",2022
13299,GA,GA-L174;GA-L176;GA-U003;GA-U008,-100.0,False,district_actual,False,"MEDSL SLERs 1967-2022 (contest-level), seat=GA-L174",2022
13301,GA,GA-L128;GA-U023,100.0,False,district_actual,False,"MEDSL SLERs 1967-2022 (contest-level), seat=GA-L128",2022
13303,GA,GA-L128;GA-U026,100.0,False,district_actual,False,"MEDSL SLERs 1967-2022 (contest-level), seat=GA-L128",2022
13305,GA,GA-L167;GA-L178;GA-U019,-57.367,False,district_actual,False,"MEDSL SLERs 1967-2022 (contest-level), seat=GA-U019",2022
13307,GA,GA-L151;GA-U012,-9.805,False,district_actual,False,"MEDSL SLERs 1967-2022 (contest-level), seat=GA-L151",2022
13309,GA,GA-L156;GA-U019,-50.079,False,district_actual,False,"MEDSL SLERs 1967-2022 (contest-level), seat=GA-L156",2022
13311,GA,GA-L008;GA-L009;GA-U050;GA-U051,-68.605,False,district_actual,False,"MEDSL SLERs 1967-2022 (contest-level), seat=GA-L008",2022
13313,GA,GA-L002;GA-L004;GA-L006;GA-U054,-100.0,False,district_actual,False,"MEDSL SLERs 1967-2022 (contest-level), seat=GA-L002",2022
13315,GA,GA-L148;GA-U020,-100.0,False,district_actual,False,"MEDSL SLERs 1967-2022 (contest-level), seat=GA-L148",2022
13317,GA,GA-L123;GA-U024,-100.0,False,district_actual,False,"MEDSL SLERs 1967-2022 (contest-level), seat=GA-L123",2022
13319,GA,GA-U026,100.0,False,district_actual,False,"MEDSL SLERs 1967-2022 (contest-level), seat=GA-U026",2022
13321,GA,GA-L152;GA-U013,-100.0,False,district_actual,False,"MEDSL SLERs 1967-2022 (contest-level), seat=GA-L152",2022
15001,HI,HI-L001;HI-L002;HI-L003;HI-L004;HI-L005;HI-L006;HI-L007;HI-L008;HI-U001;HI-U002;HI-U003;HI-U004,34.343,False,district_actual,False,"MEDSL SLERs 1967-2022 (contest-level), seat=HI-L006",2022
15003,HI,HI-L018;HI-L019;HI-L020;HI-L021;HI-L022;HI-L025;HI-L027;HI-L028;HI-L030;HI-L031;HI-L033;HI-L034;HI-L035;HI-L037;HI-L039;HI-L041;HI-L042;HI-L044;HI-L046;HI-L047;HI-L048;HI-L049;HI-L050;HI-L051;HI-U009;HI-U010;HI-U011;HI-U012;HI-U013;HI-U014;HI-U015;HI-U016;HI-U017;HI-U018;HI-U019;HI-U020;HI-U021;HI-U023;HI-U024;HI-U025,-2.566,True,district_actual,True,"MEDSL SLERs 1967-2022 (contest-level), seat=HI-U023",2022
15005,HI,HI-L013;HI-U007,43.778,False,district_actual,False,"MEDSL SLERs 1967-2022 (contest-level), seat=HI-L013",2022
15007,HI,HI-L015;HI-L016;HI-L017;HI-U008,46.677,False,district_actual,False,"MEDSL SLERs 1967-2022 (contest-level), seat=HI-L016",2022
15009,HI,HI-L009;HI-L010;HI-L011;HI-L012;HI-L013;HI-U005;HI-U006;HI-U007,29.233,False,district_actual,True,"MEDSL SLERs 1967-2022 (contest-level), seat=HI-L011",2022
16001,ID,ID-L010;ID-L014;ID-L015;ID-L016;ID-L017;ID-L018;ID-L019;ID-L020;ID-L021;ID-L022;ID-L023;ID-U010;ID-U014;ID-U016;ID-U017;ID-U018;ID-U019;ID-U020;ID-U021;ID-U022;ID-U023,5.887,False,district_actual,True,"MEDSL SLERs 1967-2022 (contest-level), seat=ID-L015",2022
16003,ID,ID-L007;ID-U007,-100.0,False,district_actual,False,"MEDSL SLERs 1967-2022 (contest-level), seat=ID-L007",2022
16005,ID,ID-L028;ID-L029;ID-L035;ID-U028;ID-U029;ID-U035,-4.44,False,district_actual,False,"MEDSL SLERs 1967-2022 (contest-level), seat=ID-L029",2022
16007,ID,ID-L035;ID-U035,-100.0,False,district_actual,False,"MEDSL SLERs 1967-2022 (contest-level), seat=ID-L035",2022
16009,ID,ID-L002;ID-U002,-100.0,False,district_actual,False,"MEDSL SLERs 1967-2022 (contest-level), seat=ID-L002",2022
16011,ID,ID-L030;ID-U030,-68.586,False,district_actual,False,"MEDSL SLERs 1967-2022 (contest-level), seat=ID-U030",2022
16013,ID,ID-L026;ID-U026,0.233,True,district_actual,False,"MEDSL SLERs 1967-2022 (contest-level), seat=ID-L026",2022
16015,ID,ID-L008;ID-U008,-79.748,False,district_actual,False,"MEDSL SLERs 1967-2022 (contest-level), seat=ID-L008",2022
16017,ID,ID-L001;ID-L002;ID-U001;ID-U002,-100.0,False,district_actual,False,"MEDSL SLERs 1967-2022 (contest-level), seat=ID-L001",2022
16019,ID,ID-L032;ID-L033;ID-L035;ID-U032;ID-U033;ID-U035,-20.098,False,district_actual,False,"MEDSL SLERs 1967-2022 (contest-level), seat=ID-L033",2022
16021,ID,ID-L001;ID-U001,-100.0,False,district_actual,False,"MEDSL SLERs 1967-2022 (contest-level), seat=ID-L001",2022
16023,ID,ID-L030;ID-U030,-68.586,False,district_actual,False,"MEDSL SLERs 1967-2022 (contest-level), seat=ID-U030",2022
16025,ID,ID-L024;ID-U024,-100.0,False,district_actual,False,"MEDSL SLERs 1967-2022 (contest-level), seat=ID-L024",2022
16027,ID,ID-L009;ID-L010;ID-L011;ID-L012;ID-L013;ID-L023;ID-U009;ID-U010;ID-U011;ID-U012;ID-U013;ID-U023,-27.567,False,district_actual,False,"MEDSL SLERs 1967-2022 (contest-level), seat=ID-U011",2022
16029,ID,ID-L035;ID-U035,-100.0,False,district_actual,False,"MEDSL SLERs 1967-2022 (contest-level), seat=ID-L035",2022
16031,ID,ID-L027;ID-U027,-89.032,False,district_actual,False,"MEDSL SLERs 1967-2022 (contest-level), seat=ID-U027",2022
16033,ID,ID-L031;ID-U031,-71.952,False,district_actual,False,"MEDSL SLERs 1967-2022 (contest-level), seat=ID-L031",2022
16035,ID,ID-L002;ID-U002,-100.0,False,district_actual,False,"MEDSL SLERs 1967-2022 (contest-level), seat=ID-L002",2022
16037,ID,ID-L008;ID-U008,-79.748,False,district_actual,False,"MEDSL SLERs 1967-2022 (contest-level), seat=ID-L008",2022
16039,ID,ID-L008;ID-U008,-79.748,False,district_actual,False,"MEDSL SLERs 1967-2022 (contest-level), seat=ID-L008",2022
16041,ID,ID-L028;ID-U028,-75.995,False,district_actual,False,"MEDSL SLERs 1967-2022 (contest-level), seat=ID-U028",2022
16043,ID,ID-L031;ID-U031,-71.952,False,district_actual,False,"MEDSL SLERs 1967-2022 (contest-level), seat=ID-L031",2022
16045,ID,ID-L014;ID-U014,-51.565,False,district_actual,False,"MEDSL SLERs 1967-2022 (contest-level), seat=ID-L014",2022
16047,ID,ID-L024;ID-U024,-100.0,False,district_actual,False,"MEDSL SLERs 1967-2022 (contest-level), seat=ID-L024",2022
16049,ID,ID-L007;ID-U007,-100.0,False,district_actual,False,"MEDSL SLERs 1967-2022 (contest-level), seat=ID-L007",2022
16051,ID,ID-L031;ID-U031,-71.952,False,district_actual,False,"MEDSL SLERs 1967-2022 (contest-level), seat=ID-L031",2022
16053,ID,ID-L026;ID-U026,0.233,True,district_actual,False,"MEDSL SLERs 1967-2022 (contest-level), seat=ID-L026",2022
16055,ID,ID-L002;ID-L003;ID-L004;ID-L005;ID-U002;ID-U003;ID-U004;ID-U005,-27.225,False,district_actual,False,"MEDSL SLERs 1967-2022 (contest-level), seat=ID-L004",2022
16057,ID,ID-L006;ID-U006,-2.149,True,district_actual,False,"MEDSL SLERs 1967-2022 (contest-level), seat=ID-U006",2022
16059,ID,ID-L031;ID-U031,-71.952,False,district_actual,False,"MEDSL SLERs 1967-2022 (contest-level), seat=ID-L031",2022
16061,ID,ID-L006;ID-U006,-2.149,True,district_actual,False,"MEDSL SLERs 1967-2022 (contest-level), seat=ID-U006",2022
16063,ID,ID-L026;ID-U026,0.233,True,district_actual,False,"MEDSL SLERs 1967-2022 (contest-level), seat=ID-L026",2022
16065,ID,ID-L034;ID-U034,-100.0,False,district_actual,False,"MEDSL SLERs 1967-2022 (contest-level), seat=ID-L034",2022
16067,ID,ID-L027;ID-U027,-89.032,False,district_actual,False,"MEDSL SLERs 1967-2022 (contest-level), seat=ID-U027",2022
16069,ID,ID-L006;ID-L007;ID-U006;ID-U007,-2.149,True,district_actual,False,"MEDSL SLERs 1967-2022 (contest-level), seat=ID-U006",2022
16071,ID,ID-L027;ID-U027,-89.032,False,district_actual,False,"MEDSL SLERs 1967-2022 (contest-level), seat=ID-U027",2022
16073,ID,ID-L023;ID-U023,-63.131,False,district_actual,False,"MEDSL SLERs 1967-2022 (contest-level), seat=ID-U023",2022
16075,ID,ID-L009;ID-U009,-100.0,False,district_actual,False,"MEDSL SLERs 1967-2022 (contest-level), seat=ID-L009",2022
16077,ID,ID-L028;ID-U028,-75.995,False,district_actual,False,"MEDSL SLERs 1967-2022 (contest-level), seat=ID-U028",2022
16079,ID,ID-L002;ID-U002,-100.0,False,district_actual,False,"MEDSL SLERs 1967-2022 (contest-level), seat=ID-L002",2022
16081,ID,ID-L035;ID-U035,-100.0,False,district_actual,False,"MEDSL SLERs 1967-2022 (contest-level), seat=ID-L035",2022
16083,ID,ID-L024;ID-L025;ID-U024;ID-U025,-75.149,False,district_actual,False,"MEDSL SLERs 1967-2022 (contest-level), seat=ID-U025",2022
16085,ID,ID-L008;ID-U008,-79.748,False,district_actual,False,"MEDSL SLERs 1967-2022 (contest-level), seat=ID-L008",2022
16087,ID,ID-L009;ID-U009,-100.0,False,district_actual,False,"MEDSL SLERs 1967-2022 (contest-level), seat=ID-L009",2022
17001,IL,IL-L094;IL-L099;IL-L100;IL-U047;IL-U050,-100.0,False,district_actual,False,"MEDSL SLERs 1967-2022 (contest-level), seat=IL-L094",2022
17003,IL,IL-L118;IL-U059,-22.69,False,district_actual,False,"MEDSL SLERs 1967-2022 (contest-level), seat=IL-L118",2022
17005,IL,IL-L109;IL-L110;IL-U055,-100.0,False,district_actual,False,"MEDSL SLERs 1967-2022 (contest-level), seat=IL-L109",2022
17007,IL,IL-L068;IL-L069;IL-L089;IL-L090;IL-U034;IL-U035;IL-U045,9.461,False,district_actual,False,"MEDSL SLERs 1967-2022 (contest-level), seat=IL-L068",2022
17009,IL,IL-L099;IL-L100;IL-U050,-100.0,False,district_actual,False,"MEDSL SLERs 1967-2022 (contest-level), seat=IL-L099",2022
17011,IL,IL-L073;IL-L076;IL-L105;IL-U037;IL-U038;IL-U053,15.006,False,district_actual,False,"MEDSL SLERs 1967-2022 (contest-level), seat=IL-L076",2022
17013,IL,IL-L100;IL-U050,-100.0,False,district_actual,False,"MEDSL SLERs 1967-2022 (contest-level), seat=IL-L100",2022
17015,IL,IL-L089;IL-U045,-32.888,False,district_actual,False,"MEDSL SLERs 1967-2022 (contest-level), seat=IL-U045",2022
17017,IL,IL-L099;IL-U050,-100.0,False,district_actual,False,"MEDSL SLERs 1967-2022 (contest-level), seat=IL-L099",2022
17019,IL,IL-L101;IL-L102;IL-L103;IL-L104;IL-U051;IL-U052,-8.037,False,district_actual,False,"MEDSL SLERs 1967-2022 (contest-level), seat=IL-L104",2022
17021,IL,IL-L095;IL-L096;IL-L107;IL-L108;IL-U048;IL-U054,1.83,True,district_actual,False,"MEDSL SLERs 1967-2022 (contest-level), seat=IL-U048",2022
17023,IL,IL-L102;IL-U051,-100.0,False,district_actual,False,"MEDSL SLERs 1967-2022 (contest-level), seat=IL-L102",2022
17025,IL,IL-L110;IL-U055,-100.0,False,district_actual,False,"MEDSL SLERs 1967-2022 (contest-level), seat=IL-L110",2022
17027,IL,IL-L109;IL-L110;IL-U055,-100.0,False,district_actual,False,"MEDSL SLERs 1967-2022 (contest-level), seat=IL-L109",2022
17029,IL,IL-L101;IL-L102;IL-U051,-100.0,False,district_actual,False,"MEDSL SLERs 1967-2022 (contest-level), seat=IL-L101",2022
17031,IL,IL-L001;IL-L002;IL-L006;IL-L007;IL-L008;IL-L010;IL-L015;IL-L016;IL-L017;IL-L018;IL-L019;IL-L020;IL-L021;IL-L022;IL-L027;IL-L028;IL-L030;IL-L031;IL-L032;IL-L033;IL-L034;IL-L035;IL-L036;IL-L078;IL-U001;IL-U002;IL-U003;IL-U004;IL-U005;IL-U007;IL-U008;IL-U009;IL-U010;IL-U011;IL-U012;IL-U013;IL-U014;IL-U015;IL-U016;IL-U017;IL-U018;IL-U019;IL-U020;IL-U027;IL-U028;IL-U039,1.184,True,district_actual,False,"MEDSL SLERs 1967-2022 (contest-level), seat=IL-U019",2022
17033,IL,IL-L102;IL-U051,-100.0,False,district_actual,False,"MEDSL SLERs 1967-2022 (contest-level), seat=IL-L102",2022
17035,IL,IL-L102;IL-L107;IL-U051;IL-U054,-100.0,False,district_actual,False,"MEDSL SLERs 1967-2022 (contest-level), seat=IL-L102",2022
17037,IL,IL-L070;IL-L074;IL-L075;IL-L076;IL-L089;IL-U035;IL-U037;IL-U038;IL-U045,15.006,False,district_actual,False,"MEDSL SLERs 1967-2022 (contest-level), seat=IL-L076",2022
17039,IL,IL-L087;IL-L088;IL-U044,-100.0,False,district_actual,False,"MEDSL SLERs 1967-2022 (contest-level), seat=IL-L087",2022
17041,IL,IL-L101;IL-L102;IL-U051,-100.0,False,district_actual,False,"MEDSL SLERs 1967-2022 (contest-level), seat=IL-L101",2022
17043,IL,IL-L041;IL-L042;IL-L045;IL-L046;IL-L047;IL-L048;IL-L049;IL-L077;IL-L081;IL-L082;IL-L084;IL-U021;IL-U023;IL-U024;IL-U025;IL-U039;IL-U041;IL-U042,0.836,True,district_actual,False,"MEDSL SLERs 1967-2022 (contest-level), seat=IL-L045",2022
17045,IL,IL-L102;IL-U051,-100.0,False,district_actual,False,"MEDSL SLERs 1967-2022 (contest-level), seat=IL-L102",2022
17047,IL,IL-L116;IL-U058,-100.0,False,district_actual,False,"MEDSL SLERs 1967-2022 (contest-level), seat=IL-L116",2022
17049,IL,IL-L102;IL-L107;IL-L110;IL-U051;IL-U054;IL-U055,-100.0,False,district_actual,False,"MEDSL SLERs 1967-2022 (contest-level), seat=IL-L102",2022
17051,IL,IL-L110;IL-U055,-100.0,False,district_actual,False,"MEDSL SLERs 1967-2022 (contest-level), seat=IL-L110",2022
17053,IL,IL-L101;IL-L106;IL-U051;IL-U053,-100.0,False,district_actual,False,"MEDSL SLERs 1967-2022 (contest-level), seat=IL-L101",2022
17055,IL,IL-L116;IL-L117;IL-U058;IL-U059,-100.0,False,district_actual,False,"MEDSL SLERs 1967-2022 (contest-level), seat=IL-L116",2022
17057,IL,IL-L093;IL-L094;IL-U047,-100.0,False,district_actual,False,"MEDSL SLERs 1967-2022 (contest-level), seat=IL-L093",2022
17059,IL,IL-L117;IL-U059,-100.0,False,district_actual,False,"MEDSL SLERs 1967-2022 (contest-level), seat=IL-L117",2022
17061,IL,IL-L100;IL-U050,-100.0,False,district_actual,False,"MEDSL SLERs 1967-2022 (contest-level), seat=IL-L100",2022
17063,IL,IL-L075;IL-L079;IL-L106;IL-U038;IL-U040;IL-U053,10.678,False,district_actual,False,"MEDSL SLERs 1967-2022 (contest-level), seat=IL-U040",2022
17065,IL,IL-L116;IL-L117;IL-U058;IL-U059,-100.0,False,district_actual,False,"MEDSL SLERs 1967-2022 (contest-level), seat=IL-L116",2022
17067,IL,IL-L094;IL-U047,-100.0,False,district_actual,False,"MEDSL SLERs 1967-2022 (contest-level), seat=IL-L094",2022
17069,IL,IL-L117;IL-U059,-100.0,False,district_actual,False,"MEDSL SLERs 1967-2022 (contest-level), seat=IL-L117",2022
17071,IL,IL-L094;IL-U047,-100.0,False,district_actual,False,"MEDSL SLERs 1967-2022 (contest-level), seat=IL-L094",2022
17073,IL,IL-L071;IL-L073;IL-L093;IL-U036;IL-U037;IL-U047,9.266,False,district_actual,False,"MEDSL SLERs 1967-2022 (contest-level), seat=IL-U036",2022
17075,IL,IL-L106;IL-U053,-100.0,False,district_actual,False,"MEDSL SLERs 1967-2022 (contest-level), seat=IL-L106",2022
17077,IL,IL-L115;IL-L118;IL-U058;IL-U059,-22.69,False,district_actual,False,"MEDSL SLERs 1967-2022 (contest-level), seat=IL-L118",2022
17079,IL,IL-L102;IL-U051,-100.0,False,district_actual,False,"MEDSL SLERs 1967-2022 (contest-level), seat=IL-L102",2022
17081,IL,IL-L116;IL-U058,-100.0,False,district_actual,False,"MEDSL SLERs 1967-2022 (contest-level), seat=IL-L116",2022
17083,IL,IL-L100;IL-U050,-100.0,False,district_actual,False,"MEDSL SLERs 1967-2022 (contest-level), seat=IL-L100",2022
17085,IL,IL-L089;IL-U045,-32.888,False,district_actual,False,"MEDSL SLERs 1967-2022 (contest-level), seat=IL-U045",2022
17087,IL,IL-L117;IL-U059,-100.0,False,district_actual,False,"MEDSL SLERs 1967-2022 (contest-level), seat=IL-L117",2022
17089,IL,IL-L043;IL-L049;IL-L050;IL-L065;IL-L066;IL-L070;IL-L083;IL-L084;IL-U022;IL-U025;IL-U033;IL-U035;IL-U042,6.342,False,district_actual,False,"MEDSL SLERs 1967-2022 (contest-level), seat=IL-L066",2022
17091,IL,IL-L029;IL-L034;IL-L079;IL-U015;IL-U017;IL-U040,10.678,False,district_actual,False,"MEDSL SLERs 1967-2022 (contest-level), seat=IL-U040",2022
17093,IL,IL-L075;IL-L083;IL-L084;IL-L097;IL-U038;IL-U042;IL-U049,3.32,False,district_actual,False,"MEDSL SLERs 1967-2022 (contest-level), seat=IL-L097",2022
17095,IL,IL-L071;IL-L093;IL-L094;IL-U036;IL-U047,9.266,False,district_actual,False,"MEDSL SLERs 1967-2022 (contest-level), seat=IL-U036",2022
17097,IL,IL-L051;IL-L052;IL-L058;IL-L059;IL-L060;IL-L061;IL-L062;IL-L064;IL-U026;IL-U029;IL-U030;IL-U031;IL-U032,-0.433,True,district_actual,False,"MEDSL SLERs 1967-2022 (contest-level), seat=IL-U026",2022
17099,IL,IL-L074;IL-L075;IL-L076;IL-L105;IL-L106;IL-U037;IL-U038;IL-U053,15.006,False,district_actual,False,"MEDSL SLERs 1967-2022 (contest-level), seat=IL-L076",2022
17101,IL,IL-L102;IL-U051,-100.0,False,district_actual,False,"MEDSL SLERs 1967-2022 (contest-level), seat=IL-L102",2022
17103,IL,IL-L073;IL-L074;IL-U037,-100.0,False,district_actual,False,"MEDSL SLERs 1967-2022 (contest-level), seat=IL-L073",2022
17105,IL,IL-L105;IL-L106;IL-U053,-100.0,False,district_actual,False,"MEDSL SLERs 1967-2022 (contest-level), seat=IL-L105",2022
17107,IL,IL-L087;IL-U044,-100.0,False,district_actual,False,"MEDSL SLERs 1967-2022 (contest-level), seat=IL-L087",2022
17109,IL,IL-L071;IL-L094;IL-U036;IL-U047,9.266,False,district_actual,False,"MEDSL SLERs 1967-2022 (contest-level), seat=IL-U036",2022
17111,IL,IL-L052;IL-L063;IL-L064;IL-L066;IL-L069;IL-L070;IL-U026;IL-U032;IL-U033;IL-U035,-0.433,True,district_actual,False,"MEDSL SLERs 1967-2022 (contest-level), seat=IL-U026",2022
17113,IL,IL-L087;IL-L088;IL-L091;IL-L105;IL-L106;IL-U044;IL-U046;IL-U053,4.505,False,district_actual,False,"MEDSL SLERs 1967-2022 (contest-level), seat=IL-L091",2022
17115,IL,IL-L087;IL-L088;IL-L096;IL-L107;IL-U044;IL-U048;IL-U054,1.83,True,district_actual,False,"MEDSL SLERs 1967-2022 (contest-level), seat=IL-U048",2022
17117,IL,IL-L100;IL-L108;IL-U050;IL-U054,-100.0,False,district_actual,False,"MEDSL SLERs 1967-2022 (contest-level), seat=IL-L100",2022
17119,IL,IL-L100;IL-L109;IL-L111;IL-L112;IL-L113;IL-U050;IL-U055;IL-U056;IL-U057,-2.205,True,district_actual,False,"MEDSL SLERs 1967-2022 (contest-level), seat=IL-U056",2022
17121,IL,IL-L110;IL-U055,-100.0,False,district_actual,False,"MEDSL SLERs 1967-2022 (contest-level), seat=IL-L110",2022
17123,IL,IL-L073;IL-L105;IL-U037;IL-U053,-100.0,False,district_actual,False,"MEDSL SLERs 1967-2022 (contest-level), seat=IL-L073",2022
17125,IL,IL-L087;IL-L094;IL-U044;IL-U047,-100.0,False,district_actual,False,"MEDSL SLERs 1967-2022 (contest-level), seat=IL-L087",2022
17127,IL,IL-L117;IL-U059,-100.0,False,district_actual,False,"MEDSL SLERs 1967-2022 (contest-level), seat=IL-L117",2022
17129,IL,IL-L108;IL-U054,-100.0,False,district_actual,False,"MEDSL SLERs 1967-2022 (contest-level), seat=IL-L108",2022
17131,IL,IL-L071;IL-L094;IL-U036;IL-U047,9.266,False,district_actual,False,"MEDSL SLERs 1967-2022 (contest-level), seat=IL-U036",2022
17133,IL,IL-L115;IL-U058,-100.0,False,district_actual,False,"MEDSL SLERs 1967-2022 (contest-level), seat=IL-L115",2022
17135,IL,IL-L107;IL-L108;IL-L110;IL-U054;IL-U055,-100.0,False,district_actual,False,"MEDSL SLERs 1967-2022 (contest-level), seat=IL-L107",2022
17137,IL,IL-L099;IL-L100;IL-U050,-100.0,False,district_actual,False,"MEDSL SLERs 1967-2022 (contest-level), seat=IL-L099",2022
17139,IL,IL-L101;IL-L107;IL-U051;IL-U054,-100.0,False,district_actual,False,"MEDSL SLERs 1967-2022 (contest-level), seat=IL-L101",2022
17141,IL,IL-L074;IL-L089;IL-U037;IL-U045,-32.888,False,district_actual,False,"MEDSL SLERs 1967-2022 (contest-level), seat=IL-U045",2022
17143,IL,IL-L073;IL-L091;IL-L092;IL-L093;IL-U037;IL-U046;IL-U047,4.505,False,district_actual,False,"MEDSL SLERs 1967-2022 (contest-level), seat=IL-L091",2022
17145,IL,IL-L115;IL-U058,-100.0,False,district_actual,False,"MEDSL SLERs 1967-2022 (contest-level), seat=IL-L115",2022
17147,IL,IL-L088;IL-U044,-100.0,False,district_actual,False,"MEDSL SLERs 1967-2022 (contest-level), seat=IL-L088",2022
17149,IL,IL-L100;IL-U050,-100.0,False,district_actual,False,"MEDSL SLERs 1967-2022 (contest-level), seat=IL-L100",2022
17151,IL,IL-L117;IL-U059,-100.0,False,district_actual,False,"MEDSL SLERs 1967-2022 (contest-level), seat=IL-L117",2022
17153,IL,IL-L118;IL-U059,-22.69,False,district_actual,False,"MEDSL SLERs 1967-2022 (contest-level), seat=IL-L118",2022
17155,IL,IL-L105;IL-U053,-100.0,False,district_actual,False,"MEDSL SLERs 1967-2022 (contest-level), seat=IL-L105",2022
17157,IL,IL-L115;IL-U058,-100.0,False,district_actual,False,"MEDSL SLERs 1967-2022 (contest-level), seat=IL-L115",2022
17159,IL,IL-L110;IL-U055,-100.0,False,district_actual,False,"MEDSL SLERs 1967-2022 (contest-level), seat=IL-L110",2022
17161,IL,IL-L071;IL-L072;IL-L073;IL-L094;IL-U036;IL-U037;IL-U047,9.266,False,district_actual,False,"MEDSL SLERs 1967-2022 (contest-level), seat=IL-U036",2022
17163,IL,IL-L109;IL-L112;IL-L113;IL-L114;IL-L115;IL-U055;IL-U056;IL-U057;IL-U058,-2.205,True,district_actual,False,"MEDSL SLERs 1967-2022 (contest-level), seat=IL-U056",2022
17165,IL,IL-L117;IL-U059,-100.0,False,district_actual,False,"MEDSL SLERs 1967-2022 (contest-level), seat=IL-L117",2022
17167,IL,IL-L087;IL-L095;IL-L096;IL-L108;IL-U044;IL-U048;IL-U054,1.83,True,district_actual,False,"MEDSL SLERs 1967-2022 (contest-level), seat=IL-U048",2022
17169,IL,IL-L094;IL-L099;IL-U047;IL-U050,-100.0,False,district_actual,False,"MEDSL SLERs 1967-2022 (contest-level), seat=IL-L094",2022
17171,IL,IL-L100;IL-U050,-100.0,False,district_actual,False,"MEDSL SLERs 1967-2022 (contest-level), seat=IL-L100",2022
17173,IL,IL-L107;IL-U054,-100.0,False,district_actual,False,"MEDSL SLERs 1967-2022 (contest-level), seat=IL-L107",2022
17175,IL,IL-L073;IL-L093;IL-U037;IL-U047,-100.0,False,district_actual,False,"MEDSL SLERs 1967-2022 (contest-level), seat=IL-L073",2022
17177,IL,IL-L089;IL-L090;IL-U045,-32.888,False,district_actual,False,"MEDSL SLERs 1967-2022 (contest-level), seat=IL-U045",2022
17179,IL,IL-L087;IL-L091;IL-L093;IL-L094;IL-L105;IL-U044;IL-U046;IL-U047;IL-U053,4.505,False,district_actual,False,"MEDSL SLERs 1967-2022 (contest-level), seat=IL-L091",2022
17181,IL,IL-L118;IL-U059,-22.69,False,district_actual,False,"MEDSL SLERs 1967-2022 (contest-level), seat=IL-L118",2022
17183,IL,IL-L101;IL-L102;IL-L104;IL-U051;IL-U052,-8.037,False,district_actual,False,"MEDSL SLERs 1967-2022 (contest-level), seat=IL-L104",2022
17185,IL,IL-L116;IL-U058,-100.0,False,district_actual,False,"MEDSL SLERs 1967-2022 (contest-level), seat=IL-L116",2022
17187,IL,IL-L071;IL-L094;IL-U036;IL-U047,9.266,False,district_actual,False,"MEDSL SLERs 1967-2022 (contest-level), seat=IL-U036",2022
17189,IL,IL-L109;IL-L115;IL-U055;IL-U058,-100.0,False,district_actual,False,"MEDSL SLERs 1967-2022 (contest-level), seat=IL-L109",2022
17191,IL,IL-L116;IL-U058,-100.0,False,district_actual,False,"MEDSL SLERs 1967-2022 (contest-level), seat=IL-L116",2022
17193,IL,IL-L116;IL-L117;IL-U058;IL-U059,-100.0,False,district_actual,False,"MEDSL SLERs 1967-2022 (contest-level), seat=IL-L116",2022
17195,IL,IL-L073;IL-L074;IL-U037,-100.0,False,district_actual,False,"MEDSL SLERs 1967-2022 (contest-level), seat=IL-L073",2022
17197,IL,IL-L029;IL-L037;IL-L038;IL-L041;IL-L079;IL-L080;IL-L085;IL-L086;IL-L097;IL-L098;IL-U015;IL-U019;IL-U021;IL-U040;IL-U043;IL-U049,1.184,True,district_actual,False,"MEDSL SLERs 1967-2022 (contest-level), seat=IL-U019",2022
17199,IL,IL-L117;IL-L118;IL-U059,-22.69,False,district_actual,False,"MEDSL SLERs 1967-2022 (contest-level), seat=IL-L118",2022
17201,IL,IL-L067;IL-L068;IL-L069;IL-L089;IL-L090;IL-U034;IL-U035;IL-U045,9.461,False,district_actual,False,"MEDSL SLERs 1967-2022 (contest-level), seat=IL-L068",2022
17203,IL,IL-L073;IL-L091;IL-L105;IL-U037;IL-U046;IL-U053,4.505,False,district_actual,False,"MEDSL SLERs 1967-2022 (contest-level), seat=IL-L091",2022
18001,IN,IN-L079;IN-U019,-100.0,False,district_actual,False,"MEDSL SLERs 1967-2022 (contest-level), seat=IN-L079",2022
18003,IN,IN-L080;IN-L081;IN-L082;IN-L083;IN-L084;IN-L085;IN-U014;IN-U015;IN-U019,12.757,False,district_actual,False,"MEDSL SLERs 1967-2022 (contest-level), seat=IN-L082",2022
18005,IN,IN-L059;IN-L069;IN-L073;IN-U041,-22.651,False,district_actual,False,"MEDSL SLERs 1967-2022 (contest-level), seat=IN-L059",2022
18007,IN,IN-L013;IN-U006,-100.0,False,district_actual,False,"MEDSL SLERs 1967-2022 (contest-level), seat=IN-L013",2022
18009,IN,IN-L033;IN-U019,-40.768,False,district_actual,False,"MEDSL SLERs 1967-2022 (contest-level), seat=IN-L033",2022
18011,IN,IN-L024;IN-L025;IN-L028;IN-L041;IN-U029,3.351,False,district_actual,False,"MEDSL SLERs 1967-2022 (contest-level), seat=IN-U029",2022
18013,IN,IN-L062,-0.154,True,district_actual,False,"MEDSL SLERs 1967-2022 (contest-level), seat=IN-L062",2022
18015,IN,IN-L038;IN-U022,-100.0,False,district_actual,False,"MEDSL SLERs 1967-2022 (contest-level), seat=IN-L038",2022
18017,IN,IN-L023;IN-L038,-100.0,False,district_actual,False,"MEDSL SLERs 1967-2022 (contest-level), seat=IN-L023",2022
18019,IN,IN-L066;IN-L070;IN-L071;IN-U045,1.23,True,district_actual,False,"MEDSL SLERs 1967-2022 (contest-level), seat=IN-L071",2022
18021,IN,IN-L042;IN-L046;IN-U038,-33.492,False,district_actual,False,"MEDSL SLERs 1967-2022 (contest-level), seat=IN-L046",2022
18023,IN,IN-L038;IN-L041,-50.52,False,district_actual,False,"MEDSL SLERs 1967-2022 (contest-level), seat=IN-L041",2022
18025,IN,IN-L074;IN-U048,-44.665,False,district_actual,False,"MEDSL SLERs 1967-2022 (contest-level), seat=IN-U048",2022
18027,IN,IN-L045;IN-L063;IN-U039,-53.874,False,district_actual,False,"MEDSL SLERs 1967-2022 (contest-level), seat=IN-L063",2022
18029,IN,IN-L068;IN-U043,-100.0,False,district_actual,False,"MEDSL SLERs 1967-2022 (contest-level), seat=IN-L068",2022
18031,IN,IN-L055;IN-L067;IN-L073,-54.227,False,district_actual,False,"MEDSL SLERs 1967-2022 (contest-level), seat=IN-L073",2022
18033,IN,IN-L052;IN-U014,-30.258,False,district_actual,False,"MEDSL SLERs 1967-2022 (contest-level), seat=IN-U014",2022
18035,IN,IN-L033;IN-L034;IN-L035;IN-U026,5.583,False,district_actual,False,"MEDSL SLERs 1967-2022 (contest-level), seat=IN-L034",2022
18037,IN,IN-L063;IN-L074;IN-U048,-44.665,False,district_actual,False,"MEDSL SLERs 1967-2022 (contest-level), seat=IN-U048",2022
18039,IN,IN-L018;IN-L021;IN-L048;IN-L049;IN-U011,-23.311,False,district_actual,False,"MEDSL SLERs 1967-2022 (contest-level), seat=IN-U011",2022
18041,IN,IN-L055,-100.0,False,district_actual,False,"MEDSL SLERs 1967-2022 (contest-level), seat=IN-L055",2022
18043,IN,IN-L070;IN-L071;IN-L072;IN-U045;IN-U047,1.23,True,district_actual,False,"MEDSL SLERs 1967-2022 (contest-level), seat=IN-L071",2022
18045,IN,IN-L013;IN-L042;IN-U023,-27.157,False,district_actual,False,"MEDSL SLERs 1967-2022 (contest-level), seat=IN-U023",2022
18047,IN,IN-L055;IN-U027,-42.322,False,district_actual,False,"MEDSL SLERs 1967-2022 (contest-level), seat=IN-U027",2022
18049,IN,IN-L017,-49.579,False,district_actual,False,"MEDSL SLERs 1967-2022 (contest-level), seat=IN-L017",2022
18051,IN,IN-L064;IN-L075;IN-U048,-41.061,False,district_actual,False,"MEDSL SLERs 1967-2022 (contest-level), seat=IN-L075",2022
18053,IN,IN-L030;IN-L031;IN-U017,-35.044,False,district_actual,False,"MEDSL SLERs 1967-2022 (contest-level), seat=IN-L030",2022
18055,IN,IN-L045;IN-U039,-69.794,False,district_actual,False,"MEDSL SLERs 1967-2022 (contest-level), seat=IN-L045",2022
18057,IN,IN-L024;IN-L029;IN-L032;IN-L037;IN-L039;IN-L088;IN-U021;IN-U025;IN-U029;IN-U031,1.001,True,district_actual,False,"MEDSL SLERs 1967-2022 (contest-level), seat=IN-L032",2022
18059,IN,IN-L053;IN-L054;IN-L088,-19.7,False,district_actual,False,"MEDSL SLERs 1967-2022 (contest-level), seat=IN-L088",2022
18061,IN,IN-L070;IN-U047,-33.565,False,district_actual,False,"MEDSL SLERs 1967-2022 (contest-level), seat=IN-U047",2022
18063,IN,IN-L025;IN-L028;IN-L040;IN-L057,-5.425,False,district_actual,False,"MEDSL SLERs 1967-2022 (contest-level), seat=IN-L025",2022
18065,IN,IN-L033;IN-L054;IN-U027,-40.768,False,district_actual,False,"MEDSL SLERs 1967-2022 (contest-level), seat=IN-L033",2022
18067,IN,IN-L030;IN-L038;IN-U021,-27.948,False,district_actual,False,"MEDSL SLERs 1967-2022 (contest-level), seat=IN-U021",2022
18069,IN,IN-L050;IN-U017,-50.101,False,district_actual,False,"MEDSL SLERs 1967-2022 (contest-level), seat=IN-U017",2022
18071,IN,IN-L062;IN-L065;IN-L069,-0.154,True,district_actual,False,"MEDSL SLERs 1967-2022 (contest-level), seat=IN-L062",2022
18073,IN,IN-L011;IN-L013;IN-L016;IN-U006,-100.0,False,district_actual,False,"MEDSL SLERs 1967-2022 (contest-level), seat=IN-L011",2022
18075,IN,IN-L033;IN-L079;IN-U019,-40.768,False,district_actual,False,"MEDSL SLERs 1967-2022 (contest-level), seat=IN-L033",2022
18077,IN,IN-L066;IN-L067;IN-L068;IN-U043,-39.88,False,district_actual,False,"MEDSL SLERs 1967-2022 (contest-level), seat=IN-L066",2022
18079,IN,IN-L067;IN-L073;IN-U043,-54.227,False,district_actual,False,"MEDSL SLERs 1967-2022 (contest-level), seat=IN-L073",2022
18081,IN,IN-L047;IN-L057;IN-L058;IN-L060;IN-U041,-35.603,False,district_actual,False,"MEDSL SLERs 1967-2022 (contest-level), seat=IN-U041",2022
18083,IN,IN-L045;IN-L064;IN-U039,-69.794,False,district_actual,False,"MEDSL SLERs 1967-2022 (contest-level), seat=IN-L045",2022
18085,IN,IN-L018;IN-L022,-65.693,False,district_actual,False,"MEDSL SLERs 1967-2022 (contest-level), seat=IN-L022",2022
18087,IN,IN-L051,-51.234,False,district_actual,False,"MEDSL SLERs 1967-2022 (contest-level), seat=IN-L051",2022
18089,IN,IN-L001;IN-L002;IN-L003;IN-L011;IN-L012;IN-L014;IN-L015;IN-L019;IN-U001;IN-U006,-4.666,False,district_actual,False,"MEDSL SLERs 1967-2022 (contest-level), seat=IN-U001",2022
18091,IN,IN-L009;IN-L020;IN-U004,4.627,False,district_actual,False,"MEDSL SLERs 1967-2022 (contest-level), seat=IN-U004",2022
18093,IN,IN-L065,-55.449,False,district_actual,False,"MEDSL SLERs 1967-2022 (contest-level), seat=IN-L065",2022
18095,IN,IN-L031;IN-L035;IN-L036;IN-L053;IN-L088;IN-U025,-1.847,True,district_actual,False,"MEDSL SLERs 1967-2022 (contest-level), seat=IN-L036",2022
18097,IN,IN-L086;IN-L087;IN-L089;IN-L090;IN-L091;IN-L092;IN-L093;IN-L094;IN-L095;IN-L096;IN-L097;IN-L098;IN-L099;IN-L100;IN-U029;IN-U046,1.941,True,district_actual,False,"MEDSL SLERs 1967-2022 (contest-level), seat=IN-L089",2022
18099,IN,IN-L007;IN-L017,-21.692,False,district_actual,False,"MEDSL SLERs 1967-2022 (contest-level), seat=IN-L007",2022
18101,IN,IN-L063;IN-U039,-53.874,False,district_actual,False,"MEDSL SLERs 1967-2022 (contest-level), seat=IN-L063",2022
18103,IN,IN-L023;IN-L050,-55.199,False,district_actual,False,"MEDSL SLERs 1967-2022 (contest-level), seat=IN-L050",2022
18105,IN,IN-L046;IN-L060;IN-L061;IN-L062,-0.154,True,district_actual,False,"MEDSL SLERs 1967-2022 (contest-level), seat=IN-L062",2022
18107,IN,IN-L013;IN-L028;IN-L041;IN-L044;IN-U023,-27.157,False,district_actual,False,"MEDSL SLERs 1967-2022 (contest-level), seat=IN-U023",2022
18109,IN,IN-L057;IN-L060,-50.88,False,district_actual,False,"MEDSL SLERs 1967-2022 (contest-level), seat=IN-L060",2022
18111,IN,IN-L011;IN-L013;IN-U006,-100.0,False,district_actual,False,"MEDSL SLERs 1967-2022 (contest-level), seat=IN-L011",2022
18113,IN,IN-L018;IN-L052,-81.692,False,district_actual,False,"MEDSL SLERs 1967-2022 (contest-level), seat=IN-L052",2022
18115,IN,IN-L068;IN-U043,-100.0,False,district_actual,False,"MEDSL SLERs 1967-2022 (contest-level), seat=IN-L068",2022
18117,IN,IN-L065;IN-L074,-55.449,False,district_actual,False,"MEDSL SLERs 1967-2022 (contest-level), seat=IN-L065",2022
18119,IN,IN-L046;IN-U039,-33.492,False,district_actual,False,"MEDSL SLERs 1967-2022 (contest-level), seat=IN-L046",2022
18121,IN,IN-L042;IN-U023,-27.157,False,district_actual,False,"MEDSL SLERs 1967-2022 (contest-level), seat=IN-U023",2022
18123,IN,IN-L074;IN-U048,-44.665,False,district_actual,False,"MEDSL SLERs 1967-2022 (contest-level), seat=IN-U048",2022
18125,IN,IN-L063;IN-L075;IN-U048,-41.061,False,district_actual,False,"MEDSL SLERs 1967-2022 (contest-level), seat=IN-L075",2022
18127,IN,IN-L004;IN-L009;IN-L010;IN-L011;IN-L019;IN-U004,4.627,False,district_actual,False,"MEDSL SLERs 1967-2022 (contest-level), seat=IN-U004",2022
18129,IN,IN-L076;IN-U049,-29.272,False,district_actual,False,"MEDSL SLERs 1967-2022 (contest-level), seat=IN-L076",2022
18131,IN,IN-L016;IN-L017,-49.579,False,district_actual,False,"MEDSL SLERs 1967-2022 (contest-level), seat=IN-L017",2022
18133,IN,IN-L044,-100.0,False,district_actual,False,"MEDSL SLERs 1967-2022 (contest-level), seat=IN-L044",2022
18135,IN,IN-L033;IN-U026,-21.926,False,district_actual,False,"MEDSL SLERs 1967-2022 (contest-level), seat=IN-U026",2022
18137,IN,IN-L055;IN-L067,-100.0,False,district_actual,False,"MEDSL SLERs 1967-2022 (contest-level), seat=IN-L055",2022
18139,IN,IN-L054;IN-L055,-47.402,False,district_actual,False,"MEDSL SLERs 1967-2022 (contest-level), seat=IN-L054",2022
18141,IN,IN-L005;IN-L006;IN-L007;IN-L008;IN-L021;IN-U011,-13.389,False,district_actual,False,"MEDSL SLERs 1967-2022 (contest-level), seat=IN-L005",2022
18143,IN,IN-L066;IN-L069;IN-U043,-39.88,False,district_actual,False,"MEDSL SLERs 1967-2022 (contest-level), seat=IN-L066",2022
18145,IN,IN-L047;IN-L054;IN-L073,-47.402,False,district_actual,False,"MEDSL SLERs 1967-2022 (contest-level), seat=IN-L054",2022
18147,IN,IN-L074;IN-U048,-44.665,False,district_actual,False,"MEDSL SLERs 1967-2022 (contest-level), seat=IN-U048",2022
18149,IN,IN-L016;IN-L020,-100.0,False,district_actual,False,"MEDSL SLERs 1967-2022 (contest-level), seat=IN-L016",2022
18151,IN,IN-L051;IN-L052,-51.234,False,district_actual,False,"MEDSL SLERs 1967-2022 (contest-level), seat=IN-L051",2022
18153,IN,IN-L045;IN-U038;IN-U039,-69.794,False,district_actual,False,"MEDSL SLERs 1967-2022 (contest-level), seat=IN-L045",2022
18155,IN,IN-L068;IN-U043,-100.0,False,district_actual,False,"MEDSL SLERs 1967-2022 (contest-level), seat=IN-L068",2022
18157,IN,IN-L013;IN-L026;IN-L027;IN-L038;IN-L041;IN-U022;IN-U023,19.727,False,district_actual,False,"MEDSL SLERs 1967-2022 (contest-level), seat=IN-L026",2022
18159,IN,IN-L038;IN-U021,-27.948,False,district_actual,False,"MEDSL SLERs 1967-2022 (contest-level), seat=IN-U021",2022
18161,IN,IN-L055;IN-U027,-42.322,False,district_actual,False,"MEDSL SLERs 1967-2022 (contest-level), seat=IN-U027",2022
18163,IN,IN-L064;IN-L076;IN-L077;IN-L078;IN-U049,-25.404,False,district_actual,False,"MEDSL SLERs 1967-2022 (contest-level), seat=IN-L078",2022
18165,IN,IN-L042;IN-U023,-27.157,False,district_actual,False,"MEDSL SLERs 1967-2022 (contest-level), seat=IN-U023",2022
18167,IN,IN-L042;IN-L043;IN-L045;IN-L046;IN-U038,16.79,False,district_actual,False,"MEDSL SLERs 1967-2022 (contest-level), seat=IN-L043",2022
18169,IN,IN-L022;IN-L050;IN-U017,-50.101,False,district_actual,False,"MEDSL SLERs 1967-2022 (contest-level), seat=IN-U017",2022
18171,IN,IN-L013;IN-U023,-27.157,False,district_actual,False,"MEDSL SLERs 1967-2022 (contest-level), seat=IN-U023",2022
18173,IN,IN-L075;IN-L078,-25.404,False,district_actual,False,"MEDSL SLERs 1967-2022 (contest-level), seat=IN-L078",2022
18175,IN,IN-L065;IN-L069;IN-L070;IN-U047,-33.565,False,district_actual,False,"MEDSL SLERs 1967-2022 (contest-level), seat=IN-U047",2022
18177,IN,IN-L056;IN-U027,-39.873,False,district_actual,False,"MEDSL SLERs 1967-2022 (contest-level), seat=IN-L056",2022
18179,IN,IN-L050;IN-L079;IN-U019,-55.199,False,district_actual,False,"MEDSL SLERs 1967-2022 (contest-level), seat=IN-L050",2022
18181,IN,IN-L013;IN-L016,-100.0,False,district_actual,False,"MEDSL SLERs 1967-2022 (contest-level), seat=IN-L013",2022
18183,IN,IN-L018;IN-L083,-100.0,False,district_actual,False,"MEDSL SLERs 1967-2022 (contest-level), seat=IN-L018",2022
19001,IA,IA-L023,-100.0,False,district_actual,False,"MEDSL SLERs 1967-2022 (contest-level), seat=IA-L023",2022
19003,IA,IA-L017;IA-U009,-42.376,False,district_actual,False,"MEDSL SLERs 1967-2022 (contest-level), seat=IA-L017",2022
19005,IA,IA-L064,-37.705,False,district_actual,False,"MEDSL SLERs 1967-2022 (contest-level), seat=IA-L064",2022
19007,IA,IA-L024;IA-L026;IA-U013,-29.835,False,district_actual,False,"MEDSL SLERs 1967-2022 (contest-level), seat=IA-U013",2022
19009,IA,IA-L011;IA-U006,-83.147,False,district_actual,False,"MEDSL SLERs 1967-2022 (contest-level), seat=IA-U006",2022
19011,IA,IA-L076;IA-L084;IA-U042,-21.443,False,district_actual,False,"MEDSL SLERs 1967-2022 (contest-level), seat=IA-L076",2022
19013,IA,IA-L054;IA-L061;IA-L062;IA-L068;IA-L075;IA-L076;IA-U027;IA-U031,-21.443,False,district_actual,False,"MEDSL SLERs 1967-2022 (contest-level), seat=IA-L076",2022
19015,IA,IA-L048,-19.128,False,district_actual,False,"MEDSL SLERs 1967-2022 (contest-level), seat=IA-L048",2022
19017,IA,IA-L057;IA-L058;IA-U029,-18.338,False,district_actual,False,"MEDSL SLERs 1967-2022 (contest-level), seat=IA-L058",2022
19019,IA,IA-L067;IA-L068,-35.775,False,district_actual,False,"MEDSL SLERs 1967-2022 (contest-level), seat=IA-L067",2022
19021,IA,IA-L005;IA-L006;IA-U003,-46.927,False,district_actual,False,"MEDSL SLERs 1967-2022 (contest-level), seat=IA-L006",2022
19023,IA,IA-L057;IA-U029,-29.007,False,district_actual,False,"MEDSL SLERs 1967-2022 (contest-level), seat=IA-L057",2022
19025,IA,IA-L007;IA-U004,-100.0,False,district_actual,False,"MEDSL SLERs 1967-2022 (contest-level), seat=IA-L007",2022
19027,IA,IA-L011;IA-U006,-83.147,False,district_actual,False,"MEDSL SLERs 1967-2022 (contest-level), seat=IA-U006",2022
19029,IA,IA-L018;IA-U009,-53.819,False,district_actual,False,"MEDSL SLERs 1967-2022 (contest-level), seat=IA-U009",2022
19031,IA,IA-L082;IA-U041,-16.325,False,district_actual,False,"MEDSL SLERs 1967-2022 (contest-level), seat=IA-U041",2022
19033,IA,IA-L060;IA-U030,-20.52,False,district_actual,True,"MEDSL SLERs 1967-2022 (contest-level), seat=IA-U030",2022
19035,IA,IA-L005;IA-L013;IA-U003;IA-U007,-85.641,False,district_actual,False,"MEDSL SLERs 1967-2022 (contest-level), seat=IA-L013",2022
19037,IA,IA-L058;IA-U029,-18.338,False,district_actual,False,"MEDSL SLERs 1967-2022 (contest-level), seat=IA-L058",2022
19039,IA,IA-L023;IA-L024,-100.0,False,district_actual,False,"MEDSL SLERs 1967-2022 (contest-level), seat=IA-L023",2022
19041,IA,IA-L006;IA-L010;IA-U003;IA-U005,-46.927,False,district_actual,False,"MEDSL SLERs 1967-2022 (contest-level), seat=IA-L006",2022
19043,IA,IA-L064,-37.705,False,district_actual,False,"MEDSL SLERs 1967-2022 (contest-level), seat=IA-L064",2022
19045,IA,IA-L069;IA-L070,-10.808,False,district_actual,False,"MEDSL SLERs 1967-2022 (contest-level), seat=IA-L069",2022
19047,IA,IA-L012;IA-U006,-83.147,False,district_actual,False,"MEDSL SLERs 1967-2022 (contest-level), seat=IA-U006",2022
19049,IA,IA-L023;IA-L027;IA-L028;IA-L046;IA-L047;IA-U014;IA-U023,2.978,True,district_actual,False,"MEDSL SLERs 1967-2022 (contest-level), seat=IA-U014",2022
19051,IA,IA-L026;IA-U013,-29.835,False,district_actual,False,"MEDSL SLERs 1967-2022 (contest-level), seat=IA-U013",2022
19053,IA,IA-L024,-100.0,False,district_actual,False,"MEDSL SLERs 1967-2022 (contest-level), seat=IA-L024",2022
19055,IA,IA-L067,-35.775,False,district_actual,False,"MEDSL SLERs 1967-2022 (contest-level), seat=IA-L067",2022
19057,IA,IA-L095;IA-L099,-4.401,False,district_actual,False,"MEDSL SLERs 1967-2022 (contest-level), seat=IA-L099",2022
19059,IA,IA-L010;IA-U005,-76.259,False,district_actual,False,"MEDSL SLERs 1967-2022 (contest-level), seat=IA-L010",2022
19061,IA,IA-L065;IA-L067;IA-L071;IA-U033,-31.697,False,district_actual,True,"MEDSL SLERs 1967-2022 (contest-level), seat=IA-U033",2022
19063,IA,IA-L009;IA-U005,-35.732,False,district_actual,False,"MEDSL SLERs 1967-2022 (contest-level), seat=IA-L009",2022
19065,IA,IA-L063;IA-L068,-22.85,False,district_actual,False,"MEDSL SLERs 1967-2022 (contest-level), seat=IA-L063",2022
19067,IA,IA-L058;IA-L060;IA-U029;IA-U030,-18.338,False,district_actual,False,"MEDSL SLERs 1967-2022 (contest-level), seat=IA-L058",2022
19069,IA,IA-L055,-100.0,False,district_actual,False,"MEDSL SLERs 1967-2022 (contest-level), seat=IA-L055",2022
19071,IA,IA-L016,-100.0,False,district_actual,False,"MEDSL SLERs 1967-2022 (contest-level), seat=IA-L016",2022
19073,IA,IA-L047,-30.429,False,district_actual,False,"MEDSL SLERs 1967-2022 (contest-level), seat=IA-L047",2022
19075,IA,IA-L054;IA-U027,-33.433,False,district_actual,False,"MEDSL SLERs 1967-2022 (contest-level), seat=IA-U027",2022
19077,IA,IA-L047,-30.429,False,district_actual,False,"MEDSL SLERs 1967-2022 (contest-level), seat=IA-L047",2022
19079,IA,IA-L055,-100.0,False,district_actual,False,"MEDSL SLERs 1967-2022 (contest-level), seat=IA-L055",2022
19081,IA,IA-L056,-82.417,False,district_actual,False,"MEDSL SLERs 1967-2022 (contest-level), seat=IA-L056",2022
19083,IA,IA-L054;IA-U027,-33.433,False,district_actual,False,"MEDSL SLERs 1967-2022 (contest-level), seat=IA-U027",2022
19085,IA,IA-L015,-78.768,False,district_actual,False,"MEDSL SLERs 1967-2022 (contest-level), seat=IA-L015",2022
19087,IA,IA-L087;IA-L095;IA-U044,-11.084,False,district_actual,False,"MEDSL SLERs 1967-2022 (contest-level), seat=IA-L087",2022
19089,IA,IA-L063,-22.85,False,district_actual,False,"MEDSL SLERs 1967-2022 (contest-level), seat=IA-L063",2022
19091,IA,IA-L056,-82.417,False,district_actual,False,"MEDSL SLERs 1967-2022 (contest-level), seat=IA-L056",2022
19093,IA,IA-L012;IA-U006,-83.147,False,district_actual,False,"MEDSL SLERs 1967-2022 (contest-level), seat=IA-U006",2022
19095,IA,IA-L091;IA-U046,-8.009,False,district_actual,False,"MEDSL SLERs 1967-2022 (contest-level), seat=IA-U046",2022
19097,IA,IA-L066;IA-L070;IA-U033,-22.487,False,district_actual,True,"MEDSL SLERs 1967-2022 (contest-level), seat=IA-L070",2022
19099,IA,IA-L037;IA-L038;IA-U019,-21.631,False,district_actual,False,"MEDSL SLERs 1967-2022 (contest-level), seat=IA-L038",2022
19101,IA,IA-L087;IA-L088;IA-U044,-11.084,False,district_actual,False,"MEDSL SLERs 1967-2022 (contest-level), seat=IA-L087",2022
19103,IA,IA-L085;IA-L086;IA-L089;IA-L090;IA-L091;IA-L092;IA-U043;IA-U045;IA-U046,-8.009,False,district_actual,False,"MEDSL SLERs 1967-2022 (contest-level), seat=IA-U046",2022
19105,IA,IA-L066;IA-U033,-30.749,False,district_actual,False,"MEDSL SLERs 1967-2022 (contest-level), seat=IA-L066",2022
19107,IA,IA-L088;IA-U044,-33.102,False,district_actual,False,"MEDSL SLERs 1967-2022 (contest-level), seat=IA-U044",2022
19109,IA,IA-L009;IA-L010;IA-U005,-35.732,False,district_actual,False,"MEDSL SLERs 1967-2022 (contest-level), seat=IA-L009",2022
19111,IA,IA-L099;IA-L100,-4.401,False,district_actual,False,"MEDSL SLERs 1967-2022 (contest-level), seat=IA-L099",2022
19113,IA,IA-L073;IA-L074;IA-L077;IA-L078;IA-L079;IA-L080;IA-L083;IA-L084;IA-U037;IA-U039;IA-U040;IA-U042,2.099,True,district_actual,False,"MEDSL SLERs 1967-2022 (contest-level), seat=IA-L073",2022
19115,IA,IA-L095,-100.0,False,district_actual,False,"MEDSL SLERs 1967-2022 (contest-level), seat=IA-L095",2022
19117,IA,IA-L024,-100.0,False,district_actual,False,"MEDSL SLERs 1967-2022 (contest-level), seat=IA-L024",2022
19119,IA,IA-L004,-100.0,False,district_actual,False,"MEDSL SLERs 1967-2022 (contest-level), seat=IA-L004",2022
19121,IA,IA-L023,-100.0,False,district_actual,False,"MEDSL SLERs 1967-2022 (contest-level), seat=IA-L023",2022
19123,IA,IA-L037;IA-L088;IA-U019;IA-U044,-33.102,False,district_actual,False,"MEDSL SLERs 1967-2022 (contest-level), seat=IA-U044",2022
19125,IA,IA-L021;IA-L037;IA-U011;IA-U019,-23.283,False,district_actual,False,"MEDSL SLERs 1967-2022 (contest-level), seat=IA-U011",2022
19127,IA,IA-L051,-73.524,False,district_actual,False,"MEDSL SLERs 1967-2022 (contest-level), seat=IA-L051",2022
19129,IA,IA-L016,-100.0,False,district_actual,False,"MEDSL SLERs 1967-2022 (contest-level), seat=IA-L016",2022
19131,IA,IA-L060;IA-U030,-20.52,False,district_actual,False,"MEDSL SLERs 1967-2022 (contest-level), seat=IA-U030",2022
19133,IA,IA-L013;IA-U007,-85.641,False,district_actual,False,"MEDSL SLERs 1967-2022 (contest-level), seat=IA-L013",2022
19135,IA,IA-L026;IA-U013,-29.835,False,district_actual,False,"MEDSL SLERs 1967-2022 (contest-level), seat=IA-U013",2022
19137,IA,IA-L018;IA-U009,-53.819,False,district_actual,False,"MEDSL SLERs 1967-2022 (contest-level), seat=IA-U009",2022
19139,IA,IA-L082;IA-L095;IA-L096;IA-U041,-16.325,False,district_actual,False,"MEDSL SLERs 1967-2022 (contest-level), seat=IA-U041",2022
19141,IA,IA-L005;IA-U003,-100.0,False,district_actual,False,"MEDSL SLERs 1967-2022 (contest-level), seat=IA-L005",2022
19143,IA,IA-L005;IA-U003,-100.0,False,district_actual,False,"MEDSL SLERs 1967-2022 (contest-level), seat=IA-L005",2022
19145,IA,IA-L017;IA-L018;IA-U009,-42.376,False,district_actual,False,"MEDSL SLERs 1967-2022 (contest-level), seat=IA-L017",2022
19147,IA,IA-L010;IA-U005,-76.259,False,district_actual,False,"MEDSL SLERs 1967-2022 (contest-level), seat=IA-L010",2022
19149,IA,IA-L003;IA-L013;IA-U007,-85.641,False,district_actual,False,"MEDSL SLERs 1967-2022 (contest-level), seat=IA-L013",2022
19151,IA,IA-L007;IA-U004,-100.0,False,district_actual,False,"MEDSL SLERs 1967-2022 (contest-level), seat=IA-L007",2022
19153,IA,IA-L029;IA-L030;IA-L031;IA-L032;IA-L033;IA-L034;IA-L035;IA-L036;IA-L039;IA-L040;IA-L042;IA-L043;IA-L044;IA-L045;IA-L046;IA-U015;IA-U016;IA-U017;IA-U021;IA-U023,0.165,True,district_actual,False,"MEDSL SLERs 1967-2022 (contest-level), seat=IA-L042",2022
19155,IA,IA-L011;IA-L015;IA-L016;IA-L019;IA-L020;IA-U006,0.088,True,district_actual,False,"MEDSL SLERs 1967-2022 (contest-level), seat=IA-L020",2022
19157,IA,IA-L053;IA-U027,-13.271,False,district_actual,False,"MEDSL SLERs 1967-2022 (contest-level), seat=IA-L053",2022
19159,IA,IA-L017;IA-U009,-42.376,False,district_actual,False,"MEDSL SLERs 1967-2022 (contest-level), seat=IA-L017",2022
19161,IA,IA-L007;IA-U004,-100.0,False,district_actual,False,"MEDSL SLERs 1967-2022 (contest-level), seat=IA-L007",2022
19163,IA,IA-L070;IA-L082;IA-L093;IA-L094;IA-L097;IA-L098;IA-U041;IA-U047;IA-U049,-12.327,False,district_actual,True,"MEDSL SLERs 1967-2022 (contest-level), seat=IA-U047",2022
19165,IA,IA-L011;IA-L012;IA-U006,-83.147,False,district_actual,False,"MEDSL SLERs 1967-2022 (contest-level), seat=IA-U006",2022
19167,IA,IA-L003;IA-L004,-100.0,False,district_actual,False,"MEDSL SLERs 1967-2022 (contest-level), seat=IA-L003",2022
19169,IA,IA-L048;IA-L049;IA-L050;IA-L051;IA-L055;IA-U025,-19.128,False,district_actual,False,"MEDSL SLERs 1967-2022 (contest-level), seat=IA-L048",2022
19171,IA,IA-L053;IA-L076;IA-U027,-13.271,False,district_actual,False,"MEDSL SLERs 1967-2022 (contest-level), seat=IA-L053",2022
19173,IA,IA-L017;IA-U009,-42.376,False,district_actual,False,"MEDSL SLERs 1967-2022 (contest-level), seat=IA-L017",2022
19175,IA,IA-L017;IA-L023;IA-U009,-42.376,False,district_actual,False,"MEDSL SLERs 1967-2022 (contest-level), seat=IA-L017",2022
19177,IA,IA-L087;IA-U044,-11.084,False,district_actual,False,"MEDSL SLERs 1967-2022 (contest-level), seat=IA-L087",2022
19179,IA,IA-L025;IA-L026;IA-U013,-26.38,False,district_actual,False,"MEDSL SLERs 1967-2022 (contest-level), seat=IA-L025",2022
19181,IA,IA-L021;IA-L022;IA-U011,-23.283,False,district_actual,False,"MEDSL SLERs 1967-2022 (contest-level), seat=IA-U011",2022
19183,IA,IA-L092;IA-U046,-8.009,False,district_actual,False,"MEDSL SLERs 1967-2022 (contest-level), seat=IA-U046",2022
19185,IA,IA-L024,-100.0,False,district_actual,False,"MEDSL SLERs 1967-2022 (contest-level), seat=IA-L024",2022
19187,IA,IA-L007;IA-L008;IA-U004,-100.0,False,district_actual,False,"MEDSL SLERs 1967-2022 (contest-level), seat=IA-L007",2022
19189,IA,IA-L009;IA-U005,-35.732,False,district_actual,False,"MEDSL SLERs 1967-2022 (contest-level), seat=IA-L009",2022
19191,IA,IA-L063,-22.85,False,district_actual,False,"MEDSL SLERs 1967-2022 (contest-level), seat=IA-L063",2022
19193,IA,IA-L001;IA-L002;IA-L013;IA-L014;IA-U007,-14.81,False,district_actual,True,"MEDSL SLERs 1967-2022 (contest-level), seat=IA-L002",2022
19195,IA,IA-L060;IA-U030,-20.52,False,district_actual,False,"MEDSL SLERs 1967-2022 (contest-level), seat=IA-U030",2022
19197,IA,IA-L055;IA-L056,-82.417,False,district_actual,False,"MEDSL SLERs 1967-2022 (contest-level), seat=IA-L056",2022
20001,KS,KS-L009,-48.298,False,district_actual,False,"MEDSL SLERs 1967-2022 (contest-level), seat=KS-L009",2022
20003,KS,KS-L009,-48.298,False,district_actual,False,"MEDSL SLERs 1967-2022 (contest-level), seat=KS-L009",2022
20005,KS,KS-L063,-100.0,False,district_actual,False,"MEDSL SLERs 1967-2022 (contest-level), seat=KS-L063",2022
20007,KS,KS-L116,-58.765,False,district_actual,False,"MEDSL SLERs 1967-2022 (contest-level), seat=KS-L116",2022
20009,KS,KS-L112;KS-L113,-51.971,False,district_actual,False,"MEDSL SLERs 1967-2022 (contest-level), seat=KS-L113",2022
20011,KS,KS-L004,-100.0,False,district_actual,False,"MEDSL SLERs 1967-2022 (contest-level), seat=KS-L004",2022
20013,KS,KS-L062,-100.0,False,district_actual,False,"MEDSL SLERs 1967-2022 (contest-level), seat=KS-L062",2022
20015,KS,KS-L012;KS-L075;KS-L077;KS-L099,-100.0,False,district_actual,False,"MEDSL SLERs 1967-2022 (contest-level), seat=KS-L012",2022
20017,KS,KS-L013,-100.0,False,district_actual,False,"MEDSL SLERs 1967-2022 (contest-level), seat=KS-L013",2022
20019,KS,KS-L012,-100.0,False,district_actual,False,"MEDSL SLERs 1967-2022 (contest-level), seat=KS-L012",2022
20021,KS,KS-L001,-50.405,False,district_actual,False,"MEDSL SLERs 1967-2022 (contest-level), seat=KS-L001",2022
20023,KS,KS-L120,-100.0,False,district_actual,False,"MEDSL SLERs 1967-2022 (contest-level), seat=KS-L120",2022
20025,KS,KS-L115;KS-U038,-50.546,False,district_actual,False,"MEDSL SLERs 1967-2022 (contest-level), seat=KS-U038",2022
20027,KS,KS-L064,-54.684,False,district_actual,False,"MEDSL SLERs 1967-2022 (contest-level), seat=KS-L064",2022
20029,KS,KS-L064;KS-L107,-54.684,False,district_actual,False,"MEDSL SLERs 1967-2022 (contest-level), seat=KS-L064",2022
20031,KS,KS-L076,-45.64,False,district_actual,False,"MEDSL SLERs 1967-2022 (contest-level), seat=KS-L076",2022
20033,KS,KS-L116,-58.765,False,district_actual,False,"MEDSL SLERs 1967-2022 (contest-level), seat=KS-L116",2022
20035,KS,KS-L012;KS-L079;KS-L080,-26.851,False,district_actual,False,"MEDSL SLERs 1967-2022 (contest-level), seat=KS-L079",2022
20037,KS,KS-L002;KS-L003,-100.0,False,district_actual,False,"MEDSL SLERs 1967-2022 (contest-level), seat=KS-L002",2022
20039,KS,KS-L120,-100.0,False,district_actual,False,"MEDSL SLERs 1967-2022 (contest-level), seat=KS-L120",2022
20041,KS,KS-L064;KS-L070,-54.684,False,district_actual,False,"MEDSL SLERs 1967-2022 (contest-level), seat=KS-L064",2022
20043,KS,KS-L063,-100.0,False,district_actual,False,"MEDSL SLERs 1967-2022 (contest-level), seat=KS-L063",2022
20045,KS,KS-L005;KS-L010;KS-L042;KS-L044;KS-L045;KS-L046;KS-L047;KS-L117,-3.887,False,district_actual,True,"MEDSL SLERs 1967-2022 (contest-level), seat=KS-L117",2022
20047,KS,KS-L115;KS-L122,-100.0,False,district_actual,False,"MEDSL SLERs 1967-2022 (contest-level), seat=KS-L115",2022
20049,KS,KS-L012,-100.0,False,district_actual,False,"MEDSL SLERs 1967-2022 (contest-level), seat=KS-L012",2022
20051,KS,KS-L110;KS-L111,-20.975,False,district_actual,False,"MEDSL SLERs 1967-2022 (contest-level), seat=KS-L111",2022
20053,KS,KS-L109,-85.325,False,district_actual,False,"MEDSL SLERs 1967-2022 (contest-level), seat=KS-L109",2022
20055,KS,KS-L122;KS-L123,-100.0,False,district_actual,False,"MEDSL SLERs 1967-2022 (contest-level), seat=KS-L122",2022
20057,KS,KS-L115;KS-L119;KS-U038,-50.546,False,district_actual,False,"MEDSL SLERs 1967-2022 (contest-level), seat=KS-U038",2022
20059,KS,KS-L005;KS-L059,-29.067,False,district_actual,True,"MEDSL SLERs 1967-2022 (contest-level), seat=KS-L059",2022
20061,KS,KS-L065;KS-L068,-35.545,False,district_actual,False,"MEDSL SLERs 1967-2022 (contest-level), seat=KS-L068",2022
20063,KS,KS-L118,-100.0,False,district_actual,False,"MEDSL SLERs 1967-2022 (contest-level), seat=KS-L118",2022
20065,KS,KS-L110,-100.0,False,district_actual,False,"MEDSL SLERs 1967-2022 (contest-level), seat=KS-L110",2022
20067,KS,KS-L124,-100.0,False,district_actual,False,"MEDSL SLERs 1967-2022 (contest-level), seat=KS-L124",2022
20069,KS,KS-L115;KS-U038,-50.546,False,district_actual,False,"MEDSL SLERs 1967-2022 (contest-level), seat=KS-U038",2022
20071,KS,KS-L118,-100.0,False,district_actual,False,"MEDSL SLERs 1967-2022 (contest-level), seat=KS-L118",2022
20073,KS,KS-L013,-100.0,False,district_actual,False,"MEDSL SLERs 1967-2022 (contest-level), seat=KS-L013",2022
20075,KS,KS-L124,-100.0,False,district_actual,False,"MEDSL SLERs 1967-2022 (contest-level), seat=KS-L124",2022
20077,KS,KS-L116,-58.765,False,district_actual,False,"MEDSL SLERs 1967-2022 (contest-level), seat=KS-L116",2022
20079,KS,KS-L072;KS-L074,-76.796,False,district_actual,False,"MEDSL SLERs 1967-2022 (contest-level), seat=KS-L074",2022
20081,KS,KS-L124;KS-U038,-50.546,False,district_actual,False,"MEDSL SLERs 1967-2022 (contest-level), seat=KS-U038",2022
20083,KS,KS-L122;KS-U038,-50.546,False,district_actual,False,"MEDSL SLERs 1967-2022 (contest-level), seat=KS-U038",2022
20085,KS,KS-L047;KS-L061;KS-L062,-100.0,False,district_actual,False,"MEDSL SLERs 1967-2022 (contest-level), seat=KS-L047",2022
20087,KS,KS-L042;KS-L047,-100.0,False,district_actual,False,"MEDSL SLERs 1967-2022 (contest-level), seat=KS-L042",2022
20089,KS,KS-L106,-100.0,False,district_actual,False,"MEDSL SLERs 1967-2022 (contest-level), seat=KS-L106",2022
20091,KS,KS-L005;KS-L016;KS-L017;KS-L018;KS-L019;KS-L020;KS-L021;KS-L022;KS-L023;KS-L024;KS-L025;KS-L026;KS-L027;KS-L028;KS-L029;KS-L030;KS-L039;KS-L043;KS-L048;KS-L049;KS-L078;KS-L108;KS-L117;KS-L121,-0.586,True,district_actual,False,"MEDSL SLERs 1967-2022 (contest-level), seat=KS-L028",2022
20093,KS,KS-L122,-100.0,False,district_actual,False,"MEDSL SLERs 1967-2022 (contest-level), seat=KS-L122",2022
20095,KS,KS-L114,-100.0,False,district_actual,False,"MEDSL SLERs 1967-2022 (contest-level), seat=KS-L114",2022
20097,KS,KS-L116,-58.765,False,district_actual,False,"MEDSL SLERs 1967-2022 (contest-level), seat=KS-L116",2022
20099,KS,KS-L001;KS-L007,-50.405,False,district_actual,False,"MEDSL SLERs 1967-2022 (contest-level), seat=KS-L001",2022
20101,KS,KS-L118,-100.0,False,district_actual,False,"MEDSL SLERs 1967-2022 (contest-level), seat=KS-L118",2022
20103,KS,KS-L038;KS-L040;KS-L041;KS-L042,-3.197,False,district_actual,False,"MEDSL SLERs 1967-2022 (contest-level), seat=KS-L041",2022
20105,KS,KS-L109,-85.325,False,district_actual,False,"MEDSL SLERs 1967-2022 (contest-level), seat=KS-L109",2022
20107,KS,KS-L004;KS-L009,-48.298,False,district_actual,False,"MEDSL SLERs 1967-2022 (contest-level), seat=KS-L009",2022
20109,KS,KS-L118,-100.0,False,district_actual,False,"MEDSL SLERs 1967-2022 (contest-level), seat=KS-L118",2022
20111,KS,KS-L013;KS-L060;KS-L076,-10.542,False,district_actual,False,"MEDSL SLERs 1967-2022 (contest-level), seat=KS-L060",2022
20113,KS,KS-L070;KS-L073;KS-L074;KS-L104,-21.138,False,district_actual,False,"MEDSL SLERs 1967-2022 (contest-level), seat=KS-L104",2022
20115,KS,KS-L070;KS-L074,-76.796,False,district_actual,False,"MEDSL SLERs 1967-2022 (contest-level), seat=KS-L074",2022
20117,KS,KS-L106,-100.0,False,district_actual,False,"MEDSL SLERs 1967-2022 (contest-level), seat=KS-L106",2022
20119,KS,KS-L115;KS-L125;KS-U038,-50.546,False,district_actual,False,"MEDSL SLERs 1967-2022 (contest-level), seat=KS-U038",2022
20121,KS,KS-L005;KS-L006;KS-L009,-35.915,False,district_actual,False,"MEDSL SLERs 1967-2022 (contest-level), seat=KS-L006",2022
20123,KS,KS-L107,-100.0,False,district_actual,False,"MEDSL SLERs 1967-2022 (contest-level), seat=KS-L107",2022
20125,KS,KS-L011;KS-L012,-49.765,False,district_actual,False,"MEDSL SLERs 1967-2022 (contest-level), seat=KS-L011",2022
20127,KS,KS-L068,-35.545,False,district_actual,False,"MEDSL SLERs 1967-2022 (contest-level), seat=KS-L068",2022
20129,KS,KS-L124,-100.0,False,district_actual,False,"MEDSL SLERs 1967-2022 (contest-level), seat=KS-L124",2022
20131,KS,KS-L062,-100.0,False,district_actual,False,"MEDSL SLERs 1967-2022 (contest-level), seat=KS-L062",2022
20133,KS,KS-L002;KS-L007,-100.0,False,district_actual,False,"MEDSL SLERs 1967-2022 (contest-level), seat=KS-L002",2022
20135,KS,KS-L118,-100.0,False,district_actual,False,"MEDSL SLERs 1967-2022 (contest-level), seat=KS-L118",2022
20137,KS,KS-L110,-100.0,False,district_actual,False,"MEDSL SLERs 1967-2022 (contest-level), seat=KS-L110",2022
20139,KS,KS-L054;KS-L076,-33.223,False,district_actual,True,"MEDSL SLERs 1967-2022 (contest-level), seat=KS-L054",2022
20141,KS,KS-L109,-85.325,False,district_actual,False,"MEDSL SLERs 1967-2022 (contest-level), seat=KS-L109",2022
20143,KS,KS-L107,-100.0,False,district_actual,False,"MEDSL SLERs 1967-2022 (contest-level), seat=KS-L107",2022
20145,KS,KS-L113;KS-L122,-51.971,False,district_actual,False,"MEDSL SLERs 1967-2022 (contest-level), seat=KS-L113",2022
20147,KS,KS-L110,-100.0,False,district_actual,False,"MEDSL SLERs 1967-2022 (contest-level), seat=KS-L110",2022
20149,KS,KS-L051;KS-L061,-100.0,False,district_actual,False,"MEDSL SLERs 1967-2022 (contest-level), seat=KS-L051",2022
20151,KS,KS-L114;KS-L116,-58.765,False,district_actual,False,"MEDSL SLERs 1967-2022 (contest-level), seat=KS-L116",2022
20153,KS,KS-L120,-100.0,False,district_actual,False,"MEDSL SLERs 1967-2022 (contest-level), seat=KS-L120",2022
20155,KS,KS-L101;KS-L104;KS-L114,-21.138,False,district_actual,True,"MEDSL SLERs 1967-2022 (contest-level), seat=KS-L104",2022
20157,KS,KS-L106,-100.0,False,district_actual,False,"MEDSL SLERs 1967-2022 (contest-level), seat=KS-L106",2022
20159,KS,KS-L113,-51.971,False,district_actual,False,"MEDSL SLERs 1967-2022 (contest-level), seat=KS-L113",2022
20161,KS,KS-L051;KS-L061;KS-L064;KS-L066;KS-L067;KS-L068,-4.829,False,district_actual,True,"MEDSL SLERs 1967-2022 (contest-level), seat=KS-L067",2022
20163,KS,KS-L110,-100.0,False,district_actual,False,"MEDSL SLERs 1967-2022 (contest-level), seat=KS-L110",2022
20165,KS,KS-L113,-51.971,False,district_actual,False,"MEDSL SLERs 1967-2022 (contest-level), seat=KS-L113",2022
20167,KS,KS-L109,-85.325,False,district_actual,False,"MEDSL SLERs 1967-2022 (contest-level), seat=KS-L109",2022
20169,KS,KS-L069;KS-L071;KS-L107,-30.001,False,district_actual,False,"MEDSL SLERs 1967-2022 (contest-level), seat=KS-L069",2022
20171,KS,KS-L118,-100.0,False,district_actual,False,"MEDSL SLERs 1967-2022 (contest-level), seat=KS-L118",2022
20173,KS,KS-L081;KS-L082;KS-L083;KS-L084;KS-L085;KS-L086;KS-L087;KS-L088;KS-L089;KS-L090;KS-L091;KS-L092;KS-L093;KS-L094;KS-L095;KS-L096;KS-L097;KS-L098;KS-L100;KS-L101;KS-L103;KS-L105,-1.922,True,district_actual,False,"MEDSL SLERs 1967-2022 (contest-level), seat=KS-L088",2022
20175,KS,KS-L125;KS-U038,-50.546,False,district_actual,False,"MEDSL SLERs 1967-2022 (contest-level), seat=KS-U038",2022
20177,KS,KS-L050;KS-L052;KS-L053;KS-L054;KS-L055;KS-L056;KS-L057;KS-L058,10.743,False,district_actual,True,"MEDSL SLERs 1967-2022 (contest-level), seat=KS-L053",2022
20179,KS,KS-L118,-100.0,False,district_actual,False,"MEDSL SLERs 1967-2022 (contest-level), seat=KS-L118",2022
20181,KS,KS-L120,-100.0,False,district_actual,False,"MEDSL SLERs 1967-2022 (contest-level), seat=KS-L120",2022
20183,KS,KS-L109,-85.325,False,district_actual,False,"MEDSL SLERs 1967-2022 (contest-level), seat=KS-L109",2022
20185,KS,KS-L113,-51.971,False,district_actual,False,"MEDSL SLERs 1967-2022 (contest-level), seat=KS-L113",2022
20187,KS,KS-L124,-100.0,False,district_actual,False,"MEDSL SLERs 1967-2022 (contest-level), seat=KS-L124",2022
20189,KS,KS-L124,-100.0,False,district_actual,False,"MEDSL SLERs 1967-2022 (contest-level), seat=KS-L124",2022
20191,KS,KS-L079;KS-L080;KS-L082;KS-L116,-26.851,False,district_actual,False,"MEDSL SLERs 1967-2022 (contest-level), seat=KS-L079",2022
20193,KS,KS-L120,-100.0,False,district_actual,False,"MEDSL SLERs 1967-2022 (contest-level), seat=KS-L120",2022
20195,KS,KS-L118,-100.0,False,district_actual,False,"MEDSL SLERs 1967-2022 (contest-level), seat=KS-L118",2022
20197,KS,KS-L051,-100.0,False,district_actual,False,"MEDSL SLERs 1967-2022 (contest-level), seat=KS-L051",2022
20199,KS,KS-L120,-100.0,False,district_actual,False,"MEDSL SLERs 1967-2022 (contest-level), seat=KS-L120",2022
20201,KS,KS-L106,-100.0,False,district_actual,False,"MEDSL SLERs 1967-2022 (contest-level), seat=KS-L106",2022
20203,KS,KS-L118,-100.0,False,district_actual,False,"MEDSL SLERs 1967-2022 (contest-level), seat=KS-L118",2022
20205,KS,KS-L013,-100.0,False,district_actual,False,"MEDSL SLERs 1967-2022 (contest-level), seat=KS-L013",2022
20207,KS,KS-L013,-100.0,False,district_actual,False,"MEDSL SLERs 1967-2022 (contest-level), seat=KS-L013",2022
20209,KS,KS-L031;KS-L032;KS-L033;KS-L034;KS-L035;KS-L036;KS-L037,-5.795,False,district_actual,False,"MEDSL SLERs 1967-2022 (contest-level), seat=KS-L033",2022
21001,KY,KY-L021;KY-U016,-100.0,False,district_actual,False,"MEDSL SLERs 1967-2022 (contest-level), seat=KY-L021",2022
21003,KY,KY-L022;KY-U016,-100.0,False,district_actual,False,"MEDSL SLERs 1967-2022 (contest-level), seat=KY-L022",2022
21005,KY,KY-L053,-53.36,False,district_actual,False,"MEDSL SLERs 1967-2022 (contest-level), seat=KY-L053",2022
21007,KY,KY-L001;KY-U002,-100.0,False,district_actual,False,"MEDSL SLERs 1967-2022 (contest-level), seat=KY-L001",2022
21009,KY,KY-L023,-100.0,False,district_actual,False,"MEDSL SLERs 1967-2022 (contest-level), seat=KY-L023",2022
21011,KY,KY-L074;KY-U028,-40.835,False,district_actual,False,"MEDSL SLERs 1967-2022 (contest-level), seat=KY-L074",2022
21013,KY,KY-L087,-67.477,False,district_actual,False,"MEDSL SLERs 1967-2022 (contest-level), seat=KY-L087",2022
21015,KY,KY-L060;KY-L061;KY-L063;KY-L066;KY-L069;KY-L078;KY-U020,-12.598,False,district_actual,False,"MEDSL SLERs 1967-2022 (contest-level), seat=KY-U020",2022
21017,KY,KY-L072,-100.0,False,district_actual,False,"MEDSL SLERs 1967-2022 (contest-level), seat=KY-L072",2022
21019,KY,KY-L096;KY-L098;KY-L100,-100.0,False,district_actual,False,"MEDSL SLERs 1967-2022 (contest-level), seat=KY-L096",2022
21021,KY,KY-L054;KY-U012,-21.015,False,district_actual,False,"MEDSL SLERs 1967-2022 (contest-level), seat=KY-U012",2022
21023,KY,KY-L070;KY-U024,-23.442,False,district_actual,False,"MEDSL SLERs 1967-2022 (contest-level), seat=KY-U024",2022
21025,KY,KY-L084;KY-U030,-37.78,False,district_actual,False,"MEDSL SLERs 1967-2022 (contest-level), seat=KY-L084",2022
21027,KY,KY-L010,-100.0,False,district_actual,False,"MEDSL SLERs 1967-2022 (contest-level), seat=KY-L010",2022
21029,KY,KY-L026;KY-L037;KY-L049;KY-U038,-15.702,False,district_actual,False,"MEDSL SLERs 1967-2022 (contest-level), seat=KY-L037",2022
21031,KY,KY-L015,-48.183,False,district_actual,False,"MEDSL SLERs 1967-2022 (contest-level), seat=KY-L015",2022
21033,KY,KY-L008,-36.27,False,district_actual,False,"MEDSL SLERs 1967-2022 (contest-level), seat=KY-L008",2022
21035,KY,KY-L005,-100.0,False,district_actual,False,"MEDSL SLERs 1967-2022 (contest-level), seat=KY-L005",2022
21037,KY,KY-L067;KY-L068;KY-L078;KY-U024,12.269,False,district_actual,False,"MEDSL SLERs 1967-2022 (contest-level), seat=KY-L067",2022
21039,KY,KY-L001;KY-U002,-100.0,False,district_actual,False,"MEDSL SLERs 1967-2022 (contest-level), seat=KY-L001",2022
21041,KY,KY-L047;KY-U020,-12.598,False,district_actual,False,"MEDSL SLERs 1967-2022 (contest-level), seat=KY-U020",2022
21043,KY,KY-L096,-100.0,False,district_actual,False,"MEDSL SLERs 1967-2022 (contest-level), seat=KY-L096",2022
21045,KY,KY-L054,-44.78,False,district_actual,False,"MEDSL SLERs 1967-2022 (contest-level), seat=KY-L054",2022
21047,KY,KY-L008;KY-L009;KY-L016,-36.27,False,district_actual,False,"MEDSL SLERs 1967-2022 (contest-level), seat=KY-L008",2022
21049,KY,KY-L073;KY-U028,-13.171,False,district_actual,False,"MEDSL SLERs 1967-2022 (contest-level), seat=KY-L073",2022
21051,KY,KY-L090,-100.0,False,district_actual,False,"MEDSL SLERs 1967-2022 (contest-level), seat=KY-L090",2022
21053,KY,KY-L083,-100.0,False,district_actual,False,"MEDSL SLERs 1967-2022 (contest-level), seat=KY-L083",2022
21055,KY,KY-L012,-55.039,False,district_actual,False,"MEDSL SLERs 1967-2022 (contest-level), seat=KY-L012",2022
21057,KY,KY-L021,-100.0,False,district_actual,False,"MEDSL SLERs 1967-2022 (contest-level), seat=KY-L021",2022
21059,KY,KY-L007;KY-L013;KY-L014;KY-U008,-26.529,False,district_actual,False,"MEDSL SLERs 1967-2022 (contest-level), seat=KY-L013",2022
21061,KY,KY-L019,-100.0,False,district_actual,False,"MEDSL SLERs 1967-2022 (contest-level), seat=KY-L019",2022
21063,KY,KY-L099,-20.705,False,district_actual,False,"MEDSL SLERs 1967-2022 (contest-level), seat=KY-L099",2022
21065,KY,KY-L091;KY-U030,-36.46,False,district_actual,False,"MEDSL SLERs 1967-2022 (contest-level), seat=KY-L091",2022
21067,KY,KY-L039;KY-L073;KY-L075;KY-L076;KY-L077;KY-L079;KY-L093;KY-U012;KY-U022;KY-U028;KY-U034,7.678,False,district_actual,True,"MEDSL SLERs 1967-2022 (contest-level), seat=KY-L093",2022
21069,KY,KY-L072,-100.0,False,district_actual,False,"MEDSL SLERs 1967-2022 (contest-level), seat=KY-L072",2022
21071,KY,KY-L095,19.673,False,district_actual,False,"MEDSL SLERs 1967-2022 (contest-level), seat=KY-L095",2022
21073,KY,KY-L056;KY-L057;KY-U020,-12.24,False,district_actual,False,"MEDSL SLERs 1967-2022 (contest-level), seat=KY-L056",2022
21075,KY,KY-L001,-100.0,False,district_actual,False,"MEDSL SLERs 1967-2022 (contest-level), seat=KY-L001",2022
21077,KY,KY-L061;KY-U020,-12.598,False,district_actual,False,"MEDSL SLERs 1967-2022 (contest-level), seat=KY-U020",2022
21079,KY,KY-L080;KY-U022,-19.433,False,district_actual,False,"MEDSL SLERs 1967-2022 (contest-level), seat=KY-U022",2022
21081,KY,KY-L061,-52.937,False,district_actual,False,"MEDSL SLERs 1967-2022 (contest-level), seat=KY-L061",2022
21083,KY,KY-L002,-82.605,False,district_actual,False,"MEDSL SLERs 1967-2022 (contest-level), seat=KY-L002",2022
21085,KY,KY-L018,-100.0,False,district_actual,False,"MEDSL SLERs 1967-2022 (contest-level), seat=KY-L018",2022
21087,KY,KY-L024,-52.423,False,district_actual,False,"MEDSL SLERs 1967-2022 (contest-level), seat=KY-L024",2022
21089,KY,KY-L098,-100.0,False,district_actual,False,"MEDSL SLERs 1967-2022 (contest-level), seat=KY-L098",2022
21091,KY,KY-L014;KY-U008,-100.0,False,district_actual,False,"MEDSL SLERs 1967-2022 (contest-level), seat=KY-L014",2022
21093,KY,KY-L010;KY-L018;KY-L025;KY-L026;KY-L027;KY-U010,-24.826,False,district_actual,False,"MEDSL SLERs 1967-2022 (contest-level), seat=KY-L025",2022
21095,KY,KY-L087;KY-L094,-13.43,False,district_actual,False,"MEDSL SLERs 1967-2022 (contest-level), seat=KY-L094",2022
21097,KY,KY-L070,-30.827,False,district_actual,False,"MEDSL SLERs 1967-2022 (contest-level), seat=KY-L070",2022
21099,KY,KY-L024,-52.423,False,district_actual,False,"MEDSL SLERs 1967-2022 (contest-level), seat=KY-L024",2022
21101,KY,KY-L011;KY-U004,-26.501,False,district_actual,False,"MEDSL SLERs 1967-2022 (contest-level), seat=KY-L011",2022
21103,KY,KY-L047,-43.54,False,district_actual,False,"MEDSL SLERs 1967-2022 (contest-level), seat=KY-L047",2022
21105,KY,KY-L001,-100.0,False,district_actual,False,"MEDSL SLERs 1967-2022 (contest-level), seat=KY-L001",2022
21107,KY,KY-L004;KY-U004,-33.282,False,district_actual,False,"MEDSL SLERs 1967-2022 (contest-level), seat=KY-U004",2022
21109,KY,KY-L089,-54.208,False,district_actual,False,"MEDSL SLERs 1967-2022 (contest-level), seat=KY-L089",2022
21111,KY,KY-L028;KY-L029;KY-L030;KY-L031;KY-L032;KY-L033;KY-L034;KY-L035;KY-L036;KY-L037;KY-L038;KY-L040;KY-L041;KY-L042;KY-L043;KY-L044;KY-L046;KY-L048;KY-U006;KY-U026;KY-U036;KY-U038,2.968,True,district_actual,False,"MEDSL SLERs 1967-2022 (contest-level), seat=KY-L038",2022
21113,KY,KY-L039;KY-L055;KY-L056;KY-U022,-12.24,False,district_actual,False,"MEDSL SLERs 1967-2022 (contest-level), seat=KY-L056",2022
21115,KY,KY-L097,-100.0,False,district_actual,False,"MEDSL SLERs 1967-2022 (contest-level), seat=KY-L097",2022
21117,KY,KY-L061;KY-L063;KY-L064;KY-L065;KY-L069;KY-L078;KY-U020;KY-U024,-2.09,True,district_actual,False,"MEDSL SLERs 1967-2022 (contest-level), seat=KY-L065",2022
21119,KY,KY-L092,-100.0,False,district_actual,False,"MEDSL SLERs 1967-2022 (contest-level), seat=KY-L092",2022
21121,KY,KY-L086,-100.0,False,district_actual,False,"MEDSL SLERs 1967-2022 (contest-level), seat=KY-L086",2022
21123,KY,KY-L024;KY-U014,-52.423,False,district_actual,False,"MEDSL SLERs 1967-2022 (contest-level), seat=KY-L024",2022
21125,KY,KY-L071;KY-L082;KY-L085;KY-L086;KY-L089;KY-L090,-54.208,False,district_actual,False,"MEDSL SLERs 1967-2022 (contest-level), seat=KY-L089",2022
21127,KY,KY-L100,-100.0,False,district_actual,False,"MEDSL SLERs 1967-2022 (contest-level), seat=KY-L100",2022
21129,KY,KY-L089;KY-U030,-47.454,False,district_actual,False,"MEDSL SLERs 1967-2022 (contest-level), seat=KY-U030",2022
21131,KY,KY-L090;KY-U030,-47.454,False,district_actual,False,"MEDSL SLERs 1967-2022 (contest-level), seat=KY-U030",2022
21133,KY,KY-L094,-13.43,False,district_actual,False,"MEDSL SLERs 1967-2022 (contest-level), seat=KY-L094",2022
21135,KY,KY-L096,-100.0,False,district_actual,False,"MEDSL SLERs 1967-2022 (contest-level), seat=KY-L096",2022
21137,KY,KY-L080,-100.0,False,district_actual,False,"MEDSL SLERs 1967-2022 (contest-level), seat=KY-L080",2022
21139,KY,KY-L003;KY-U002,-100.0,False,district_actual,False,"MEDSL SLERs 1967-2022 (contest-level), seat=KY-L003",2022
21141,KY,KY-L016;KY-U032,-100.0,False,district_actual,False,"MEDSL SLERs 1967-2022 (contest-level), seat=KY-L016",2022
21143,KY,KY-L006,-100.0,False,district_actual,False,"MEDSL SLERs 1967-2022 (contest-level), seat=KY-L006",2022
21145,KY,KY-L001;KY-L002;KY-L003;KY-L006;KY-U002,-82.605,False,district_actual,False,"MEDSL SLERs 1967-2022 (contest-level), seat=KY-L002",2022
21147,KY,KY-L052,-100.0,False,district_actual,False,"MEDSL SLERs 1967-2022 (contest-level), seat=KY-L052",2022
21149,KY,KY-L012;KY-U008,-55.039,False,district_actual,False,"MEDSL SLERs 1967-2022 (contest-level), seat=KY-L012",2022
21151,KY,KY-L071;KY-L081;KY-L089;KY-L091;KY-U034,-18.237,False,district_actual,False,"MEDSL SLERs 1967-2022 (contest-level), seat=KY-U034",2022
21153,KY,KY-L092;KY-U030,-47.454,False,district_actual,False,"MEDSL SLERs 1967-2022 (contest-level), seat=KY-U030",2022
21155,KY,KY-L051;KY-U014,-43.723,False,district_actual,False,"MEDSL SLERs 1967-2022 (contest-level), seat=KY-L051",2022
21157,KY,KY-L006;KY-U002,-100.0,False,district_actual,False,"MEDSL SLERs 1967-2022 (contest-level), seat=KY-L006",2022
21159,KY,KY-L097,-100.0,False,district_actual,False,"MEDSL SLERs 1967-2022 (contest-level), seat=KY-L097",2022
21161,KY,KY-L070,-30.827,False,district_actual,False,"MEDSL SLERs 1967-2022 (contest-level), seat=KY-L070",2022
21163,KY,KY-L027,-100.0,False,district_actual,False,"MEDSL SLERs 1967-2022 (contest-level), seat=KY-L027",2022
21165,KY,KY-L074;KY-U028,-40.835,False,district_actual,False,"MEDSL SLERs 1967-2022 (contest-level), seat=KY-L074",2022
21167,KY,KY-L055;KY-U012,-21.015,False,district_actual,False,"MEDSL SLERs 1967-2022 (contest-level), seat=KY-U012",2022
21169,KY,KY-L021;KY-U016,-100.0,False,district_actual,False,"MEDSL SLERs 1967-2022 (contest-level), seat=KY-L021",2022
21171,KY,KY-L021;KY-U016,-100.0,False,district_actual,False,"MEDSL SLERs 1967-2022 (contest-level), seat=KY-L021",2022
21173,KY,KY-L074;KY-U028,-40.835,False,district_actual,False,"MEDSL SLERs 1967-2022 (contest-level), seat=KY-L074",2022
21175,KY,KY-L099;KY-U030,-20.705,False,district_actual,False,"MEDSL SLERs 1967-2022 (contest-level), seat=KY-L099",2022
21177,KY,KY-L015,-48.183,False,district_actual,False,"MEDSL SLERs 1967-2022 (contest-level), seat=KY-L015",2022
21179,KY,KY-L050;KY-U014,-100.0,False,district_actual,False,"MEDSL SLERs 1967-2022 (contest-level), seat=KY-L050",2022
21181,KY,KY-L072,-100.0,False,district_actual,False,"MEDSL SLERs 1967-2022 (contest-level), seat=KY-L072",2022
21183,KY,KY-L014,-100.0,False,district_actual,False,"MEDSL SLERs 1967-2022 (contest-level), seat=KY-L014",2022
21185,KY,KY-L033;KY-L048;KY-L059;KY-U006,-8.302,False,district_actual,False,"MEDSL SLERs 1967-2022 (contest-level), seat=KY-L048",2022
21187,KY,KY-L047;KY-U020,-12.598,False,district_actual,False,"MEDSL SLERs 1967-2022 (contest-level), seat=KY-U020",2022
21189,KY,KY-L084,-37.78,False,district_actual,False,"MEDSL SLERs 1967-2022 (contest-level), seat=KY-L084",2022
21191,KY,KY-L078;KY-U024,-23.442,False,district_actual,False,"MEDSL SLERs 1967-2022 (contest-level), seat=KY-U024",2022
21193,KY,KY-L084;KY-U030,-37.78,False,district_actual,False,"MEDSL SLERs 1967-2022 (contest-level), seat=KY-L084",2022
21195,KY,KY-L092;KY-L094;KY-L095;KY-L097,-13.43,False,district_actual,False,"MEDSL SLERs 1967-2022 (contest-level), seat=KY-L094",2022
21197,KY,KY-L091;KY-U030,-36.46,False,district_actual,False,"MEDSL SLERs 1967-2022 (contest-level), seat=KY-L091",2022
21199,KY,KY-L052;KY-L071;KY-L080;KY-L083;KY-L085,-63.71,False,district_actual,False,"MEDSL SLERs 1967-2022 (contest-level), seat=KY-L085",2022
21201,KY,KY-L070,-30.827,False,district_actual,False,"MEDSL SLERs 1967-2022 (contest-level), seat=KY-L070",2022
21203,KY,KY-L071,-100.0,False,district_actual,False,"MEDSL SLERs 1967-2022 (contest-level), seat=KY-L071",2022
21205,KY,KY-L099,-20.705,False,district_actual,False,"MEDSL SLERs 1967-2022 (contest-level), seat=KY-L099",2022
21207,KY,KY-L083,-100.0,False,district_actual,False,"MEDSL SLERs 1967-2022 (contest-level), seat=KY-L083",2022
21209,KY,KY-L062,-100.0,False,district_actual,True,"MEDSL SLERs 1967-2022 (contest-level), seat=KY-L062",2022
21211,KY,KY-L033;KY-L058,-10.397,False,district_actual,False,"MEDSL SLERs 1967-2022 (contest-level), seat=KY-L033",2022
21213,KY,KY-L022;KY-U032,-100.0,False,district_actual,False,"MEDSL SLERs 1967-2022 (contest-level), seat=KY-L022",2022
21215,KY,KY-L053;KY-U014,-53.36,False,district_actual,False,"MEDSL SLERs 1967-2022 (contest-level), seat=KY-L053",2022
21217,KY,KY-L051;KY-U016,-43.723,False,district_actual,False,"MEDSL SLERs 1967-2022 (contest-level), seat=KY-L051",2022
21219,KY,KY-L016;KY-U032,-100.0,False,district_actual,False,"MEDSL SLERs 1967-2022 (contest-level), seat=KY-L016",2022
21221,KY,KY-L005;KY-L008,-36.27,False,district_actual,False,"MEDSL SLERs 1967-2022 (contest-level), seat=KY-L008",2022
21223,KY,KY-L047;KY-U006,-43.54,False,district_actual,False,"MEDSL SLERs 1967-2022 (contest-level), seat=KY-L047",2022
21225,KY,KY-L012;KY-U004,-33.282,False,district_actual,False,"MEDSL SLERs 1967-2022 (contest-level), seat=KY-U004",2022
21227,KY,KY-L017;KY-L019;KY-L020;KY-L022;KY-U016;KY-U032,-9.082,False,district_actual,False,"MEDSL SLERs 1967-2022 (contest-level), seat=KY-L020",2022
21229,KY,KY-L055;KY-U014,-100.0,False,district_actual,False,"MEDSL SLERs 1967-2022 (contest-level), seat=KY-L055",2022
21231,KY,KY-L052,-100.0,False,district_actual,False,"MEDSL SLERs 1967-2022 (contest-level), seat=KY-L052",2022
21233,KY,KY-L012;KY-U004,-33.282,False,district_actual,False,"MEDSL SLERs 1967-2022 (contest-level), seat=KY-U004",2022
21235,KY,KY-L082,-100.0,False,district_actual,False,"MEDSL SLERs 1967-2022 (contest-level), seat=KY-L082",2022
21237,KY,KY-L089;KY-U030,-47.454,False,district_actual,False,"MEDSL SLERs 1967-2022 (contest-level), seat=KY-U030",2022
21239,KY,KY-L056;KY-U012,-12.24,False,district_actual,False,"MEDSL SLERs 1967-2022 (contest-level), seat=KY-L056",2022
22001,LA,,-63.95,False,presidential,False,county_scores.json margin_2024 (MIT/tonmcg presidential),2024
22003,LA,,-61.04,False,presidential,False,county_scores.json margin_2024 (MIT/tonmcg presidential),2024
22005,LA,,-33.94,False,presidential,False,county_scores.json margin_2024 (MIT/tonmcg presidential),2024
22007,LA,,-35.59,False,presidential,False,county_scores.json margin_2024 (MIT/tonmcg presidential),2024
22009,LA,,-43.14,False,presidential,False,county_scores.json margin_2024 (MIT/tonmcg presidential),2024
22011,LA,,-71.26,False,presidential,False,county_scores.json margin_2024 (MIT/tonmcg presidential),2024
22013,LA,,-18.05,False,presidential,False,county_scores.json margin_2024 (MIT/tonmcg presidential),2024
22015,LA,,-43.34,False,presidential,False,county_scores.json margin_2024 (MIT/tonmcg presidential),2024
22017,LA,,4.64,False,presidential,False,county_scores.json margin_2024 (MIT/tonmcg presidential),2024
22019,LA,,-39.59,False,presidential,False,county_scores.json margin_2024 (MIT/tonmcg presidential),2024
22021,LA,,-72.54,False,presidential,False,county_scores.json margin_2024 (MIT/tonmcg presidential),2024
22023,LA,,-86.29,False,presidential,False,county_scores.json margin_2024 (MIT/tonmcg presidential),2024
22025,LA,,-50.55,False,presidential,False,county_scores.json margin_2024 (MIT/tonmcg presidential),2024
22027,LA,,-22.06,False,presidential,False,county_scores.json margin_2024 (MIT/tonmcg presidential),2024
22029,LA,,-29.35,False,presidential,False,county_scores.json margin_2024 (MIT/tonmcg presidential),2024
22031,LA,,-35.46,False,presidential,False,county_scores.json margin_2024 (MIT/tonmcg presidential),2024
22033,LA,,11.07,False,presidential,False,county_scores.json margin_2024 (MIT/tonmcg presidential),2024
22035,LA,,17.65,False,presidential,False,county_scores.json margin_2024 (MIT/tonmcg presidential),2024
22037,LA,,-22.23,False,presidential,False,county_scores.json margin_2024 (MIT/tonmcg presidential),2024
22039,LA,,-49.08,False,presidential,False,county_scores.json margin_2024 (MIT/tonmcg presidential),2024
22041,LA,,-49.19,False,presidential,False,county_scores.json margin_2024 (MIT/tonmcg presidential),2024
22043,LA,,-76.84,False,presidential,False,county_scores.json margin_2024 (MIT/tonmcg presidential),2024
22045,LA,,-34.12,False,presidential,False,county_scores.json margin_2024 (MIT/tonmcg presidential),2024
22047,LA,,-0.74,True,presidential,False,county_scores.json margin_2024 (MIT/tonmcg presidential),2024
22049,LA,,-47.59,False,presidential,False,county_scores.json margin_2024 (MIT/tonmcg presidential),2024
22051,LA,,-12.95,False,presidential,False,county_scores.json margin_2024 (MIT/tonmcg presidential),2024
22053,LA,,-61.14,False,presidential,False,county_scores.json margin_2024 (MIT/tonmcg presidential),2024
22055,LA,,-31.36,False,presidential,False,county_scores.json margin_2024 (MIT/tonmcg presidential),2024
22057,LA,,-62.08,False,presidential,False,county_scores.json margin_2024 (MIT/tonmcg presidential),2024
22059,LA,,-82.73,False,presidential,False,county_scores.json margin_2024 (MIT/tonmcg presidential),2024
22061,LA,,-25.45,False,presidential,False,county_scores.json margin_2024 (MIT/tonmcg presidential),2024
22063,LA,,-68.49,False,presidential,False,county_scores.json margin_2024 (MIT/tonmcg presidential),2024
22065,LA,,6.21,False,presidential,False,county_scores.json margin_2024 (MIT/tonmcg presidential),2024
22067,LA,,-19.34,False,presidential,False,county_scores.json margin_2024 (MIT/tonmcg presidential),2024
22069,LA,,-22.34,False,presidential,False,county_scores.json margin_2024 (MIT/tonmcg presidential),2024
22071,LA,,67.01,False,presidential,False,county_scores.json margin_2024 (MIT/tonmcg presidential),2024
22073,LA,,-27.88,False,presidential,False,county_scores.json margin_2024 (MIT/tonmcg presidential),2024
22075,LA,,-38.01,False,presidential,False,county_scores.json margin_2024 (MIT/tonmcg presidential),2024
22077,LA,,-27.55,False,presidential,False,county_scores.json margin_2024 (MIT/tonmcg presidential),2024
22079,LA,,-36.77,False,presidential,False,county_scores.json margin_2024 (MIT/tonmcg presidential),2024
22081,LA,,-27.28,False,presidential,False,county_scores.json margin_2024 (MIT/tonmcg presidential),2024
22083,LA,,-39.4,False,presidential,False,county_scores.json margin_2024 (MIT/tonmcg presidential),2024
22085,LA,,-70.06,False,presidential,False,county_scores.json margin_2024 (MIT/tonmcg presidential),2024
22087,LA,,-29.3,False,presidential,False,county_scores.json margin_2024 (MIT/tonmcg presidential),2024
22089,LA,,-32.34,False,presidential,False,county_scores.json margin_2024 (MIT/tonmcg presidential),2024
22091,LA,,0.77,True,presidential,False,county_scores.json margin_2024 (MIT/tonmcg presidential),2024
22093,LA,,-0.93,True,presidential,False,county_scores.json margin_2024 (MIT/tonmcg presidential),2024
22095,LA,,29.14,False,presidential,False,county_scores.json margin_2024 (MIT/tonmcg presidential),2024
22097,LA,,-18.84,False,presidential,False,county_scores.json margin_2024 (MIT/tonmcg presidential),2024
22099,LA,,-40.72,False,presidential,False,county_scores.json margin_2024 (MIT/tonmcg presidential),2024
22101,LA,,-31.87,False,presidential,False,county_scores.json margin_2024 (MIT/tonmcg presidential),2024
22103,LA,,-43.79,False,presidential,False,county_scores.json margin_2024 (MIT/tonmcg presidential),2024
22105,LA,,-37.41,False,presidential,False,county_scores.json margin_2024 (MIT/tonmcg presidential),2024
22107,LA,,-4.28,False,presidential,False,county_scores.json margin_2024 (MIT/tonmcg presidential),2024
22109,LA,,-51.81,False,presidential,False,county_scores.json margin_2024 (MIT/tonmcg presidential),2024
22111,LA,,-56.99,False,presidential,False,county_scores.json margin_2024 (MIT/tonmcg presidential),2024
22113,LA,,-63.84,False,presidential,False,county_scores.json margin_2024 (MIT/tonmcg presidential),2024
22115,LA,,-67.87,False,presidential,False,county_scores.json margin_2024 (MIT/tonmcg presidential),2024
22117,LA,,-40.29,False,presidential,False,county_scores.json margin_2024 (MIT/tonmcg presidential),2024
22119,LA,,-36.48,False,presidential,False,county_scores.json margin_2024 (MIT/tonmcg presidential),2024
22121,LA,,-11.7,False,presidential,False,county_scores.json margin_2024 (MIT/tonmcg presidential),2024
22123,LA,,-74.04,False,presidential,False,county_scores.json margin_2024 (MIT/tonmcg presidential),2024
22125,LA,,-31.94,False,presidential,False,county_scores.json margin_2024 (MIT/tonmcg presidential),2024
22127,LA,,-54.4,False,presidential,False,county_scores.json margin_2024 (MIT/tonmcg presidential),2024
23001,ME,ME-L076;ME-L087;ME-L089;ME-L090;ME-L091;ME-L092;ME-L093;ME-L094;ME-L095;ME-L096;ME-L097;ME-U017;ME-U018;ME-U020;ME-U021,-0.812,True,district_actual,False,"MEDSL SLERs 1967-2022 (contest-level), seat=ME-U020",2022
23003,ME,ME-L001;ME-L002;ME-L003;ME-L004;ME-L005;ME-L006;ME-L007;ME-L008;ME-U002,-3.509,False,district_actual,False,"MEDSL SLERs 1967-2022 (contest-level), seat=ME-L003",2022
23005,ME,ME-L083;ME-L084;ME-L085;ME-L099;ME-L100;ME-L101;ME-L102;ME-L103;ME-L104;ME-L105;ME-L106;ME-L108;ME-L109;ME-L110;ME-L111;ME-L112;ME-L113;ME-L115;ME-L116;ME-L117;ME-L118;ME-L119;ME-L120;ME-L122;ME-L123;ME-L124;ME-L125;ME-L127;ME-U018;ME-U020;ME-U022;ME-U023;ME-U025;ME-U026;ME-U027;ME-U028;ME-U029;ME-U030,-0.487,True,district_actual,False,"MEDSL SLERs 1967-2022 (contest-level), seat=ME-L106",2022
23007,ME,ME-L058;ME-L073;ME-L074;ME-L075;ME-L076;ME-U005;ME-U019,-5.429,False,district_actual,False,"MEDSL SLERs 1967-2022 (contest-level), seat=ME-L058",2022
23009,ME,ME-L012;ME-L014;ME-L015;ME-L016;ME-L018;ME-U006;ME-U007;ME-U010,8.482,False,district_actual,True,"MEDSL SLERs 1967-2022 (contest-level), seat=ME-L015",2022
23011,ME,ME-L053;ME-L054;ME-L055;ME-L056;ME-L057;ME-L058;ME-L059;ME-L060;ME-L061;ME-L062;ME-L063;ME-L064;ME-L065;ME-L066;ME-L067;ME-L068;ME-U003;ME-U005;ME-U013;ME-U014;ME-U015;ME-U017,3.754,False,district_actual,True,"MEDSL SLERs 1967-2022 (contest-level), seat=ME-L054",2022
23013,ME,ME-L015;ME-L040;ME-L041;ME-L042;ME-L043;ME-L044;ME-U007;ME-U012;ME-U013,8.482,False,district_actual,True,"MEDSL SLERs 1967-2022 (contest-level), seat=ME-L015",2022
23015,ME,ME-L046;ME-L048;ME-L053;ME-L062;ME-U013;ME-U024,9.4,False,district_actual,True,"MEDSL SLERs 1967-2022 (contest-level), seat=ME-U013",2022
23017,ME,ME-L073;ME-L077;ME-L078;ME-L079;ME-L080;ME-L081;ME-L082;ME-L083;ME-U018;ME-U019;ME-U022,-1.021,True,district_actual,False,"MEDSL SLERs 1967-2022 (contest-level), seat=ME-L082",2022
23019,ME,ME-L008;ME-L018;ME-L019;ME-L020;ME-L021;ME-L022;ME-L023;ME-L024;ME-L026;ME-L027;ME-L028;ME-L029;ME-L032;ME-L033;ME-L034;ME-L035;ME-L036;ME-U002;ME-U003;ME-U004;ME-U008;ME-U009;ME-U010,1.305,True,district_actual,False,"MEDSL SLERs 1967-2022 (contest-level), seat=ME-L020",2022
23021,ME,ME-L030;ME-L031;ME-U004,-9.166,False,district_actual,False,"MEDSL SLERs 1967-2022 (contest-level), seat=ME-L031",2022
23023,ME,ME-L049;ME-L050;ME-L051;ME-L052;ME-U024,15.289,False,district_actual,True,"MEDSL SLERs 1967-2022 (contest-level), seat=ME-L049",2022
23025,ME,ME-L066;ME-L067;ME-L068;ME-L069;ME-L070;ME-L071;ME-L072;ME-L073;ME-U003;ME-U005,-11.621,False,district_actual,True,"MEDSL SLERs 1967-2022 (contest-level), seat=ME-L067",2022
23027,ME,ME-L037;ME-L038;ME-L039;ME-L040;ME-L062;ME-L068;ME-U011,-4.426,False,district_actual,False,"MEDSL SLERs 1967-2022 (contest-level), seat=ME-L037",2022
23029,ME,ME-L008;ME-L010;ME-L011;ME-L012;ME-L018;ME-U006,-18.576,False,district_actual,True,"MEDSL SLERs 1967-2022 (contest-level), seat=ME-L018",2022
23031,ME,ME-L129;ME-L130;ME-L131;ME-L132;ME-L133;ME-L134;ME-L135;ME-L136;ME-L137;ME-L138;ME-L139;ME-L140;ME-L141;ME-L142;ME-L143;ME-L144;ME-L146;ME-L147;ME-L148;ME-L149;ME-L150;ME-L151;ME-U022;ME-U031;ME-U032;ME-U033;ME-U034;ME-U035,-5.269,False,district_actual,True,"MEDSL SLERs 1967-2022 (contest-level), seat=ME-L143",2022
24001,MD,MD-U001,-46.987,False,district_actual,False,"MEDSL SLERs 1967-2022 (contest-level), seat=MD-U001",2022
24003,MD,MD-L021;MD-L031;MD-L032;MD-U012;MD-U021;MD-U030;MD-U031;MD-U032;MD-U033,10.942,False,district_actual,False,"MEDSL SLERs 1967-2022 (contest-level), seat=MD-U033",2022
24005,MD,MD-L006;MD-L008;MD-L010;MD-U006;MD-U007;MD-U008;MD-U010;MD-U011;MD-U042;MD-U043;MD-U044,-22.503,False,district_actual,False,"MEDSL SLERs 1967-2022 (contest-level), seat=MD-U006",2022
24009,MD,MD-U027;MD-U029,20.768,False,district_actual,False,"MEDSL SLERs 1967-2022 (contest-level), seat=MD-U027",2022
24011,MD,MD-L036;MD-U036;MD-U037,-21.715,False,district_actual,False,"MEDSL SLERs 1967-2022 (contest-level), seat=MD-U037",2022
24013,MD,MD-L005;MD-U005;MD-U042,-100.0,False,district_actual,False,"MEDSL SLERs 1967-2022 (contest-level), seat=MD-L005",2022
24015,MD,MD-L036;MD-U035;MD-U036,-100.0,False,district_actual,False,"MEDSL SLERs 1967-2022 (contest-level), seat=MD-L036",2022
24017,MD,MD-L028;MD-U027;MD-U028,20.768,False,district_actual,False,"MEDSL SLERs 1967-2022 (contest-level), seat=MD-U027",2022
24019,MD,MD-U037,-21.715,False,district_actual,False,"MEDSL SLERs 1967-2022 (contest-level), seat=MD-U037",2022
24021,MD,MD-L003;MD-L004;MD-U002;MD-U003;MD-U004,-12.215,False,district_actual,False,"MEDSL SLERs 1967-2022 (contest-level), seat=MD-L004",2022
24023,MD,MD-U001,-46.987,False,district_actual,False,"MEDSL SLERs 1967-2022 (contest-level), seat=MD-U001",2022
24025,MD,MD-U007;MD-U034;MD-U035,1.31,True,district_actual,False,"MEDSL SLERs 1967-2022 (contest-level), seat=MD-U034",2022
24027,MD,MD-L013;MD-U009;MD-U012;MD-U013,15.927,False,district_actual,False,"MEDSL SLERs 1967-2022 (contest-level), seat=MD-U009",2022
24029,MD,MD-L036;MD-U036,-100.0,False,district_actual,False,"MEDSL SLERs 1967-2022 (contest-level), seat=MD-L036",2022
24031,MD,MD-L014;MD-L015;MD-L016;MD-L017;MD-L018;MD-L019;MD-L020;MD-L039;MD-U014;MD-U015;MD-U016;MD-U017;MD-U018;MD-U019;MD-U020;MD-U039,45.749,False,district_actual,False,"MEDSL SLERs 1967-2022 (contest-level), seat=MD-L015",2022
24033,MD,MD-L021;MD-L022;MD-L023;MD-L024;MD-L025;MD-L026;MD-U021;MD-U022;MD-U023;MD-U024;MD-U025;MD-U026;MD-U027;MD-U047,20.768,False,district_actual,False,"MEDSL SLERs 1967-2022 (contest-level), seat=MD-U027",2022
24035,MD,MD-L036;MD-U036,-100.0,False,district_actual,False,"MEDSL SLERs 1967-2022 (contest-level), seat=MD-L036",2022
24037,MD,MD-U029,-100.0,False,district_actual,False,"MEDSL SLERs 1967-2022 (contest-level), seat=MD-U029",2022
24039,MD,MD-U038,-32.964,False,district_actual,False,"MEDSL SLERs 1967-2022 (contest-level), seat=MD-U038",2022
24041,MD,MD-U037,-21.715,False,district_actual,False,"MEDSL SLERs 1967-2022 (contest-level), seat=MD-U037",2022
24043,MD,MD-U001;MD-U002,-27.776,False,district_actual,False,"MEDSL SLERs 1967-2022 (contest-level), seat=MD-U002",2022
24045,MD,MD-U037;MD-U038,-21.715,False,district_actual,False,"MEDSL SLERs 1967-2022 (contest-level), seat=MD-U037",2022
24047,MD,MD-U038,-32.964,False,district_actual,False,"MEDSL SLERs 1967-2022 (contest-level), seat=MD-U038",2022
24510,MD,MD-L040;MD-L041;MD-L045;MD-L046;MD-U040;MD-U041;MD-U043;MD-U045;MD-U046,69.548,False,district_actual,False,"MEDSL SLERs 1967-2022 (contest-level), seat=MD-U046",2022
25001,MA,MA-L001;MA-L002;MA-L003;MA-L004;MA-L005;MA-L006,9.04,False,district_actual,False,"MEDSL SLERs 1967-2022 (contest-level), seat=MA-L001",2022
25003,MA,MA-L007;MA-L008;MA-L009,7.048,False,district_actual,False,"MEDSL SLERs 1967-2022 (contest-level), seat=MA-L008",2022
25005,MA,MA-L010;MA-L011;MA-L012;MA-L013;MA-L014;MA-L015;MA-L016;MA-L017;MA-L018;MA-L019;MA-L020;MA-L021;MA-L022;MA-L023,-8.703,False,district_actual,False,"MEDSL SLERs 1967-2022 (contest-level), seat=MA-L022",2022
25007,MA,MA-L006,100.0,False,district_actual,False,"MEDSL SLERs 1967-2022 (contest-level), seat=MA-L006",2022
25009,MA,MA-L024;MA-L025;MA-L026;MA-L027;MA-L028;MA-L029;MA-L030;MA-L031;MA-L032;MA-L033;MA-L034;MA-L035;MA-L036;MA-L037,21.287,False,district_actual,False,"MEDSL SLERs 1967-2022 (contest-level), seat=MA-L036",2022
25011,MA,,37.75,False,presidential,False,county_scores.json margin_2024 (MIT/tonmcg presidential),2024
25013,MA,,8.89,False,presidential,False,county_scores.json margin_2024 (MIT/tonmcg presidential),2024
25015,MA,,41.92,False,presidential,False,county_scores.json margin_2024 (MIT/tonmcg presidential),2024
25017,MA,,39.45,False,presidential,False,county_scores.json margin_2024 (MIT/tonmcg presidential),2024
25019,MA,MA-L006,100.0,False,district_actual,False,"MEDSL SLERs 1967-2022 (contest-level), seat=MA-L006",2022
25021,MA,MA-L010,12.511,False,district_actual,False,"MEDSL SLERs 1967-2022 (contest-level), seat=MA-L010",2022
25023,MA,MA-L019;MA-L021,12.597,False,district_actual,False,"MEDSL SLERs 1967-2022 (contest-level), seat=MA-L019",2022
25025,MA,,52.45,False,presidential,False,county_scores.json margin_2024 (MIT/tonmcg presidential),2024
25027,MA,,10.0,False,presidential,False,county_scores.json margin_2024 (MIT/tonmcg presidential),2024
26001,MI,MI-L106;MI-U036,-29.963,False,district_actual,False,"MEDSL SLERs 1967-2022 (contest-level), seat=MI-L106",2022
26003,MI,MI-U038,-26.019,False,district_actual,True,"MEDSL SLERs 1967-2022 (contest-level), seat=MI-U038",2022
26005,MI,MI-L038;MI-L039;MI-L042;MI-L043;MI-L079;MI-L086;MI-U018;MI-U020;MI-U031,3.583,False,district_actual,False,"MEDSL SLERs 1967-2022 (contest-level), seat=MI-L038",2022
26007,MI,MI-L106;MI-U036,-29.963,False,district_actual,False,"MEDSL SLERs 1967-2022 (contest-level), seat=MI-L106",2022
26009,MI,MI-L104;MI-L105;MI-U037,-12.879,False,district_actual,False,"MEDSL SLERs 1967-2022 (contest-level), seat=MI-U037",2022
26011,MI,MI-L099;MI-U036,-32.523,False,district_actual,False,"MEDSL SLERs 1967-2022 (contest-level), seat=MI-U036",2022
26013,MI,MI-U038,-26.019,False,district_actual,True,"MEDSL SLERs 1967-2022 (contest-level), seat=MI-U038",2022
26015,MI,MI-L043;MI-L078;MI-L079;MI-U018,-23.917,False,district_actual,False,"MEDSL SLERs 1967-2022 (contest-level), seat=MI-U018",2022
26017,MI,MI-L096;MI-L097;MI-L099;MI-U034;MI-U035;MI-U036,6.755,False,district_actual,False,"MEDSL SLERs 1967-2022 (contest-level), seat=MI-U035",2022
26019,MI,MI-L103;MI-L104;MI-U032,1.395,True,district_actual,False,"MEDSL SLERs 1967-2022 (contest-level), seat=MI-L103",2022
26021,MI,MI-L037;MI-L038;MI-L039;MI-U017;MI-U020,3.583,False,district_actual,False,"MEDSL SLERs 1967-2022 (contest-level), seat=MI-L038",2022
26023,MI,MI-L035;MI-U017,-30.771,False,district_actual,False,"MEDSL SLERs 1967-2022 (contest-level), seat=MI-U017",2022
26025,MI,MI-L045;MI-U017;MI-U018,-23.917,False,district_actual,True,"MEDSL SLERs 1967-2022 (contest-level), seat=MI-U018",2022
26027,MI,MI-L036;MI-L037;MI-U017,-29.377,False,district_actual,False,"MEDSL SLERs 1967-2022 (contest-level), seat=MI-L037",2022
26029,MI,MI-L107;MI-U037,-12.879,False,district_actual,False,"MEDSL SLERs 1967-2022 (contest-level), seat=MI-U037",2022
26031,MI,MI-L106;MI-L107;MI-U037,-12.879,False,district_actual,False,"MEDSL SLERs 1967-2022 (contest-level), seat=MI-U037",2022
26033,MI,MI-L107;MI-L108;MI-U037;MI-U038,-12.879,False,district_actual,False,"MEDSL SLERs 1967-2022 (contest-level), seat=MI-U037",2022
26035,MI,MI-L099;MI-L100;MI-U034,-31.906,False,district_actual,False,"MEDSL SLERs 1967-2022 (contest-level), seat=MI-U034",2022
26037,MI,MI-L075;MI-L077;MI-L093;MI-U028;MI-U034,14.167,False,district_actual,False,"MEDSL SLERs 1967-2022 (contest-level), seat=MI-U028",2022
26039,MI,MI-L105;MI-U036,-32.523,False,district_actual,False,"MEDSL SLERs 1967-2022 (contest-level), seat=MI-U036",2022
26041,MI,MI-L108;MI-U038,-26.019,False,district_actual,False,"MEDSL SLERs 1967-2022 (contest-level), seat=MI-U038",2022
26043,MI,MI-L110;MI-U038,-26.019,False,district_actual,True,"MEDSL SLERs 1967-2022 (contest-level), seat=MI-U038",2022
26045,MI,MI-L043;MI-L076;MI-L077;MI-L078;MI-U021,11.492,False,district_actual,False,"MEDSL SLERs 1967-2022 (contest-level), seat=MI-L076",2022
26047,MI,MI-L107;MI-U037,-12.879,False,district_actual,False,"MEDSL SLERs 1967-2022 (contest-level), seat=MI-U037",2022
26049,MI,MI-L067;MI-L068;MI-L069;MI-L070;MI-L071;MI-L072;MI-L097;MI-U022;MI-U026;MI-U027,-9.448,False,district_actual,False,"MEDSL SLERs 1967-2022 (contest-level), seat=MI-L068",2022
26051,MI,MI-L095;MI-L099;MI-U034,-21.178,False,district_actual,False,"MEDSL SLERs 1967-2022 (contest-level), seat=MI-L095",2022
26053,MI,MI-L110;MI-U038,-26.019,False,district_actual,False,"MEDSL SLERs 1967-2022 (contest-level), seat=MI-U038",2022
26055,MI,MI-L103;MI-L104;MI-U037,1.395,True,district_actual,False,"MEDSL SLERs 1967-2022 (contest-level), seat=MI-L103",2022
26057,MI,MI-L092;MI-L093;MI-U034,-13.393,False,district_actual,False,"MEDSL SLERs 1967-2022 (contest-level), seat=MI-L092",2022
26059,MI,MI-L035;MI-U016;MI-U017,-30.025,False,district_actual,False,"MEDSL SLERs 1967-2022 (contest-level), seat=MI-U016",2022
26061,MI,MI-L110;MI-U038,-26.019,False,district_actual,False,"MEDSL SLERs 1967-2022 (contest-level), seat=MI-U038",2022
26063,MI,MI-L098;MI-U025,-33.659,False,district_actual,False,"MEDSL SLERs 1967-2022 (contest-level), seat=MI-U025",2022
26065,MI,MI-L073;MI-L074;MI-L075;MI-L077;MI-U021;MI-U022;MI-U028,14.167,False,district_actual,False,"MEDSL SLERs 1967-2022 (contest-level), seat=MI-U028",2022
26067,MI,MI-L078;MI-L091;MI-L093;MI-U018;MI-U033,-23.917,False,district_actual,False,"MEDSL SLERs 1967-2022 (contest-level), seat=MI-U018",2022
26069,MI,MI-L099;MI-U036,-32.523,False,district_actual,False,"MEDSL SLERs 1967-2022 (contest-level), seat=MI-U036",2022
26071,MI,MI-L110;MI-U038,-26.019,False,district_actual,False,"MEDSL SLERs 1967-2022 (contest-level), seat=MI-U038",2022
26073,MI,MI-L092;MI-U034,-13.393,False,district_actual,False,"MEDSL SLERs 1967-2022 (contest-level), seat=MI-L092",2022
26075,MI,MI-L045;MI-L046;MI-L047;MI-L048;MI-U014;MI-U017,7.361,False,district_actual,False,"MEDSL SLERs 1967-2022 (contest-level), seat=MI-L048",2022
26077,MI,MI-L040;MI-L041;MI-L042;MI-L045;MI-U018;MI-U019,-9.982,False,district_actual,False,"MEDSL SLERs 1967-2022 (contest-level), seat=MI-L042",2022
26079,MI,MI-L104;MI-L105;MI-U036,-25.371,False,district_actual,False,"MEDSL SLERs 1967-2022 (contest-level), seat=MI-L104",2022
26081,MI,MI-L078;MI-L079;MI-L080;MI-L081;MI-L082;MI-L083;MI-L084;MI-L090;MI-L091;MI-U018;MI-U020;MI-U029;MI-U030;MI-U033,-0.308,True,district_actual,False,"MEDSL SLERs 1967-2022 (contest-level), seat=MI-U030",2022
26083,MI,MI-L110;MI-U038,-26.019,False,district_actual,False,"MEDSL SLERs 1967-2022 (contest-level), seat=MI-U038",2022
26085,MI,MI-L100;MI-L101;MI-U033;MI-U034,-31.906,False,district_actual,False,"MEDSL SLERs 1967-2022 (contest-level), seat=MI-U034",2022
26087,MI,MI-L065;MI-L067;MI-L098;MI-U024;MI-U026,-21.045,False,district_actual,False,"MEDSL SLERs 1967-2022 (contest-level), seat=MI-L067",2022
26089,MI,MI-L103;MI-U037,1.395,True,district_actual,False,"MEDSL SLERs 1967-2022 (contest-level), seat=MI-L103",2022
26091,MI,MI-L030;MI-L031;MI-L034;MI-L035;MI-U015;MI-U016,4.517,False,district_actual,False,"MEDSL SLERs 1967-2022 (contest-level), seat=MI-L031",2022
26093,MI,MI-L048;MI-L049;MI-L050;MI-L072;MI-U022,7.361,False,district_actual,False,"MEDSL SLERs 1967-2022 (contest-level), seat=MI-L048",2022
26095,MI,MI-L108;MI-U038,-26.019,False,district_actual,False,"MEDSL SLERs 1967-2022 (contest-level), seat=MI-U038",2022
26097,MI,MI-L107;MI-L108;MI-U037;MI-U038,-12.879,False,district_actual,False,"MEDSL SLERs 1967-2022 (contest-level), seat=MI-U037",2022
26099,MI,MI-L011;MI-L012;MI-L013;MI-L014;MI-L057;MI-L059;MI-L060;MI-L061;MI-L062;MI-L063;MI-L065;MI-L066;MI-U003;MI-U009;MI-U010;MI-U011;MI-U012;MI-U024;MI-U025,0.323,True,district_actual,False,"MEDSL SLERs 1967-2022 (contest-level), seat=MI-U012",2022
26101,MI,MI-L102;MI-L104;MI-U032;MI-U036,-5.668,False,district_actual,False,"MEDSL SLERs 1967-2022 (contest-level), seat=MI-U032",2022
26103,MI,MI-U038,-26.019,False,district_actual,True,"MEDSL SLERs 1967-2022 (contest-level), seat=MI-U038",2022
26105,MI,MI-L101;MI-L102;MI-U032,-5.668,False,district_actual,False,"MEDSL SLERs 1967-2022 (contest-level), seat=MI-U032",2022
26107,MI,MI-L100;MI-U034,-31.906,False,district_actual,False,"MEDSL SLERs 1967-2022 (contest-level), seat=MI-U034",2022
26109,MI,MI-L108;MI-U038,-26.019,False,district_actual,False,"MEDSL SLERs 1967-2022 (contest-level), seat=MI-U038",2022
26111,MI,MI-L095;MI-U034;MI-U035,6.755,False,district_actual,False,"MEDSL SLERs 1967-2022 (contest-level), seat=MI-U035",2022
26113,MI,MI-L105;MI-U036,-32.523,False,district_actual,False,"MEDSL SLERs 1967-2022 (contest-level), seat=MI-U036",2022
26115,MI,MI-L028;MI-L029;MI-L030;MI-L031;MI-U016,-1.976,True,district_actual,False,"MEDSL SLERs 1967-2022 (contest-level), seat=MI-L028",2022
26117,MI,MI-L091;MI-L093;MI-U033,-28.829,False,district_actual,False,"MEDSL SLERs 1967-2022 (contest-level), seat=MI-L093",2022
26119,MI,MI-L106;MI-U036,-29.963,False,district_actual,False,"MEDSL SLERs 1967-2022 (contest-level), seat=MI-L106",2022
26121,MI,MI-L087;MI-L088;MI-L089;MI-L102;MI-U032;MI-U033,-5.668,False,district_actual,False,"MEDSL SLERs 1967-2022 (contest-level), seat=MI-U032",2022
26123,MI,MI-L101;MI-U033,-35.324,False,district_actual,False,"MEDSL SLERs 1967-2022 (contest-level), seat=MI-U033",2022
26125,MI,MI-L005;MI-L006;MI-L007;MI-L008;MI-L018;MI-L019;MI-L020;MI-L021;MI-L049;MI-L051;MI-L052;MI-L053;MI-L054;MI-L055;MI-L056;MI-L066;MI-U003;MI-U006;MI-U007;MI-U008;MI-U009;MI-U013;MI-U023;MI-U024,-0.691,True,district_actual,False,"MEDSL SLERs 1967-2022 (contest-level), seat=MI-U009",2022
26127,MI,MI-L101;MI-L102;MI-U032,-5.668,False,district_actual,False,"MEDSL SLERs 1967-2022 (contest-level), seat=MI-U032",2022
26129,MI,MI-L099;MI-U036,-32.523,False,district_actual,False,"MEDSL SLERs 1967-2022 (contest-level), seat=MI-U036",2022
26131,MI,MI-L110;MI-U038,-26.019,False,district_actual,False,"MEDSL SLERs 1967-2022 (contest-level), seat=MI-U038",2022
26133,MI,MI-L100;MI-U034,-31.906,False,district_actual,False,"MEDSL SLERs 1967-2022 (contest-level), seat=MI-U034",2022
26135,MI,MI-L105;MI-L106;MI-U036,-29.963,False,district_actual,False,"MEDSL SLERs 1967-2022 (contest-level), seat=MI-L106",2022
26137,MI,MI-L105;MI-U036,-32.523,False,district_actual,False,"MEDSL SLERs 1967-2022 (contest-level), seat=MI-U036",2022
26139,MI,MI-L043;MI-L085;MI-L086;MI-L088;MI-L089;MI-U030;MI-U031;MI-U033,-0.308,True,district_actual,False,"MEDSL SLERs 1967-2022 (contest-level), seat=MI-U030",2022
26141,MI,MI-L106;MI-U036,-29.963,False,district_actual,False,"MEDSL SLERs 1967-2022 (contest-level), seat=MI-L106",2022
26143,MI,MI-L105;MI-U036,-32.523,False,district_actual,False,"MEDSL SLERs 1967-2022 (contest-level), seat=MI-U036",2022
26145,MI,MI-L071;MI-L093;MI-L094;MI-L097;MI-U026;MI-U034;MI-U035,6.755,False,district_actual,False,"MEDSL SLERs 1967-2022 (contest-level), seat=MI-U035",2022
26147,MI,MI-L063;MI-L064;MI-L065;MI-U012;MI-U025,0.323,True,district_actual,False,"MEDSL SLERs 1967-2022 (contest-level), seat=MI-U012",2022
26149,MI,MI-L036;MI-U017,-30.771,False,district_actual,False,"MEDSL SLERs 1967-2022 (contest-level), seat=MI-U017",2022
26151,MI,MI-L064;MI-L098;MI-U025,-22.612,False,district_actual,False,"MEDSL SLERs 1967-2022 (contest-level), seat=MI-L064",2022
26153,MI,MI-L108;MI-U038,-26.019,False,district_actual,False,"MEDSL SLERs 1967-2022 (contest-level), seat=MI-U038",2022
26155,MI,MI-L071;MI-L075;MI-U022;MI-U028,14.167,False,district_actual,False,"MEDSL SLERs 1967-2022 (contest-level), seat=MI-U028",2022
26157,MI,MI-L067;MI-L097;MI-L098;MI-U025;MI-U026,-21.045,False,district_actual,False,"MEDSL SLERs 1967-2022 (contest-level), seat=MI-L067",2022
26159,MI,MI-L038;MI-L039;MI-U019;MI-U020,3.583,False,district_actual,False,"MEDSL SLERs 1967-2022 (contest-level), seat=MI-L038",2022
26161,MI,MI-L023;MI-L031;MI-L032;MI-L033;MI-L046;MI-L047;MI-L048;MI-U014;MI-U015,4.517,False,district_actual,False,"MEDSL SLERs 1967-2022 (contest-level), seat=MI-L031",2022
26163,MI,MI-L001;MI-L002;MI-L003;MI-L004;MI-L005;MI-L006;MI-L007;MI-L008;MI-L009;MI-L010;MI-L011;MI-L014;MI-L015;MI-L016;MI-L017;MI-L022;MI-L024;MI-L025;MI-L026;MI-L028;MI-L029;MI-L031;MI-U001;MI-U002;MI-U003;MI-U004;MI-U005;MI-U006;MI-U008;MI-U010;MI-U012;MI-U013,0.323,True,district_actual,False,"MEDSL SLERs 1967-2022 (contest-level), seat=MI-U012",2022
26165,MI,MI-L101;MI-L104;MI-U036,-25.371,False,district_actual,False,"MEDSL SLERs 1967-2022 (contest-level), seat=MI-L104",2022
27001,MN,MN-U007;MN-U010,-7.055,False,district_actual,False,"MEDSL SLERs 1967-2022 (contest-level), seat=MN-U007",2022
27003,MN,MN-U027;MN-U030;MN-U031;MN-U032;MN-U035;MN-U036;MN-U039,-0.54,True,district_actual,False,"MEDSL SLERs 1967-2022 (contest-level), seat=MN-U035",2022
27005,MN,MN-U002;MN-U004;MN-U005,5.732,False,district_actual,False,"MEDSL SLERs 1967-2022 (contest-level), seat=MN-U004",2022
27007,MN,MN-U002,-20.032,False,district_actual,False,"MEDSL SLERs 1967-2022 (contest-level), seat=MN-U002",2022
27009,MN,MN-U010;MN-U013;MN-U014,4.71,False,district_actual,False,"MEDSL SLERs 1967-2022 (contest-level), seat=MN-U014",2022
27011,MN,MN-U012,-41.537,False,district_actual,False,"MEDSL SLERs 1967-2022 (contest-level), seat=MN-U012",2022
27013,MN,MN-U015;MN-U018;MN-U022,15.695,False,district_actual,False,"MEDSL SLERs 1967-2022 (contest-level), seat=MN-U018",2022
27015,MN,MN-U015,-42.443,False,district_actual,False,"MEDSL SLERs 1967-2022 (contest-level), seat=MN-U015",2022
27017,MN,MN-U011,-21.948,False,district_actual,False,"MEDSL SLERs 1967-2022 (contest-level), seat=MN-U011",2022
27019,MN,MN-U017;MN-U048,-8.729,False,district_actual,False,"MEDSL SLERs 1967-2022 (contest-level), seat=MN-U048",2022
27021,MN,MN-U002;MN-U005;MN-U006,-20.032,False,district_actual,False,"MEDSL SLERs 1967-2022 (contest-level), seat=MN-U002",2022
27023,MN,MN-U015;MN-U016,-39.409,False,district_actual,False,"MEDSL SLERs 1967-2022 (contest-level), seat=MN-U016",2022
27025,MN,MN-U011;MN-U028,-21.948,False,district_actual,False,"MEDSL SLERs 1967-2022 (contest-level), seat=MN-U011",2022
27027,MN,MN-U001;MN-U004,5.732,False,district_actual,False,"MEDSL SLERs 1967-2022 (contest-level), seat=MN-U004",2022
27029,MN,MN-U002,-20.032,False,district_actual,False,"MEDSL SLERs 1967-2022 (contest-level), seat=MN-U002",2022
27031,MN,MN-U003,1.62,True,district_actual,False,"MEDSL SLERs 1967-2022 (contest-level), seat=MN-U003",2022
27033,MN,MN-U021,-100.0,False,district_actual,False,"MEDSL SLERs 1967-2022 (contest-level), seat=MN-U021",2022
27035,MN,MN-U006;MN-U010,-27.078,False,district_actual,False,"MEDSL SLERs 1967-2022 (contest-level), seat=MN-U006",2022
27037,MN,MN-U041;MN-U052;MN-U053;MN-U055;MN-U056;MN-U057;MN-U058;MN-U065,0.751,True,district_actual,False,"MEDSL SLERs 1967-2022 (contest-level), seat=MN-U041",2022
27039,MN,MN-U024,-14.956,False,district_actual,False,"MEDSL SLERs 1967-2022 (contest-level), seat=MN-U024",2022
27041,MN,MN-U009;MN-U012,-37.398,False,district_actual,False,"MEDSL SLERs 1967-2022 (contest-level), seat=MN-U009",2022
27043,MN,MN-U022;MN-U023,-21.672,False,district_actual,False,"MEDSL SLERs 1967-2022 (contest-level), seat=MN-U023",2022
27045,MN,MN-U026,-20.054,False,district_actual,False,"MEDSL SLERs 1967-2022 (contest-level), seat=MN-U026",2022
27047,MN,MN-U023,-21.672,False,district_actual,False,"MEDSL SLERs 1967-2022 (contest-level), seat=MN-U023",2022
27049,MN,MN-U019;MN-U020;MN-U058,-5.68,False,district_actual,False,"MEDSL SLERs 1967-2022 (contest-level), seat=MN-U058",2022
27051,MN,MN-U009,-37.398,False,district_actual,False,"MEDSL SLERs 1967-2022 (contest-level), seat=MN-U009",2022
27053,MN,MN-U034;MN-U037;MN-U038;MN-U042;MN-U043;MN-U045;MN-U046;MN-U049;MN-U050;MN-U051;MN-U059;MN-U060;MN-U061;MN-U062;MN-U063,9.825,False,district_actual,False,"MEDSL SLERs 1967-2022 (contest-level), seat=MN-U034",2022
27055,MN,MN-U026,-20.054,False,district_actual,False,"MEDSL SLERs 1967-2022 (contest-level), seat=MN-U026",2022
27057,MN,MN-U002;MN-U005,-20.032,False,district_actual,False,"MEDSL SLERs 1967-2022 (contest-level), seat=MN-U002",2022
27059,MN,MN-U010;MN-U027;MN-U028;MN-U031,-27.6,False,district_actual,False,"MEDSL SLERs 1967-2022 (contest-level), seat=MN-U031",2022
27061,MN,MN-U002;MN-U003;MN-U006;MN-U007,1.62,True,district_actual,False,"MEDSL SLERs 1967-2022 (contest-level), seat=MN-U003",2022
27063,MN,MN-U021,-100.0,False,district_actual,False,"MEDSL SLERs 1967-2022 (contest-level), seat=MN-U021",2022
27065,MN,MN-U010;MN-U011,-21.948,False,district_actual,False,"MEDSL SLERs 1967-2022 (contest-level), seat=MN-U011",2022
27067,MN,MN-U016,-39.409,False,district_actual,False,"MEDSL SLERs 1967-2022 (contest-level), seat=MN-U016",2022
27069,MN,MN-U001,-100.0,False,district_actual,False,"MEDSL SLERs 1967-2022 (contest-level), seat=MN-U001",2022
27071,MN,MN-U003,1.62,True,district_actual,False,"MEDSL SLERs 1967-2022 (contest-level), seat=MN-U003",2022
27073,MN,MN-U015,-42.443,False,district_actual,False,"MEDSL SLERs 1967-2022 (contest-level), seat=MN-U015",2022
27075,MN,MN-U003,1.62,True,district_actual,False,"MEDSL SLERs 1967-2022 (contest-level), seat=MN-U003",2022
27077,MN,MN-U002,-20.032,False,district_actual,False,"MEDSL SLERs 1967-2022 (contest-level), seat=MN-U002",2022
27079,MN,MN-U018;MN-U022,15.695,False,district_actual,False,"MEDSL SLERs 1967-2022 (contest-level), seat=MN-U018",2022
27081,MN,MN-U021,-100.0,False,district_actual,False,"MEDSL SLERs 1967-2022 (contest-level), seat=MN-U021",2022
27083,MN,MN-U015,-42.443,False,district_actual,False,"MEDSL SLERs 1967-2022 (contest-level), seat=MN-U015",2022
27085,MN,MN-U017,-40.43,False,district_actual,False,"MEDSL SLERs 1967-2022 (contest-level), seat=MN-U017",2022
27087,MN,MN-U002,-20.032,False,district_actual,False,"MEDSL SLERs 1967-2022 (contest-level), seat=MN-U002",2022
27089,MN,MN-U001,-100.0,False,district_actual,False,"MEDSL SLERs 1967-2022 (contest-level), seat=MN-U001",2022
27091,MN,MN-U021;MN-U022,-100.0,False,district_actual,False,"MEDSL SLERs 1967-2022 (contest-level), seat=MN-U021",2022
27093,MN,MN-U016;MN-U017;MN-U029,-36.178,False,district_actual,False,"MEDSL SLERs 1967-2022 (contest-level), seat=MN-U029",2022
27095,MN,MN-U010;MN-U027,-43.611,False,district_actual,False,"MEDSL SLERs 1967-2022 (contest-level), seat=MN-U027",2022
27097,MN,MN-U005;MN-U010,-45.191,False,district_actual,False,"MEDSL SLERs 1967-2022 (contest-level), seat=MN-U010",2022
27099,MN,MN-U023;MN-U026,-20.054,False,district_actual,False,"MEDSL SLERs 1967-2022 (contest-level), seat=MN-U026",2022
27101,MN,MN-U021,-100.0,False,district_actual,False,"MEDSL SLERs 1967-2022 (contest-level), seat=MN-U021",2022
27103,MN,MN-U018,15.695,False,district_actual,False,"MEDSL SLERs 1967-2022 (contest-level), seat=MN-U018",2022
27105,MN,MN-U021,-100.0,False,district_actual,False,"MEDSL SLERs 1967-2022 (contest-level), seat=MN-U021",2022
27107,MN,MN-U001,-100.0,False,district_actual,False,"MEDSL SLERs 1967-2022 (contest-level), seat=MN-U001",2022
27109,MN,MN-U020;MN-U024;MN-U025,-14.956,False,district_actual,False,"MEDSL SLERs 1967-2022 (contest-level), seat=MN-U024",2022
27111,MN,MN-U009,-37.398,False,district_actual,False,"MEDSL SLERs 1967-2022 (contest-level), seat=MN-U009",2022
27113,MN,MN-U001,-100.0,False,district_actual,False,"MEDSL SLERs 1967-2022 (contest-level), seat=MN-U001",2022
27115,MN,MN-U011,-21.948,False,district_actual,False,"MEDSL SLERs 1967-2022 (contest-level), seat=MN-U011",2022
27117,MN,MN-U021,-100.0,False,district_actual,False,"MEDSL SLERs 1967-2022 (contest-level), seat=MN-U021",2022
27119,MN,MN-U001,-100.0,False,district_actual,False,"MEDSL SLERs 1967-2022 (contest-level), seat=MN-U001",2022
27121,MN,MN-U012,-41.537,False,district_actual,False,"MEDSL SLERs 1967-2022 (contest-level), seat=MN-U012",2022
27123,MN,MN-U036;MN-U039;MN-U040;MN-U044;MN-U064;MN-U065;MN-U066;MN-U067,5.681,False,district_actual,False,"MEDSL SLERs 1967-2022 (contest-level), seat=MN-U036",2022
27125,MN,MN-U001,-100.0,False,district_actual,False,"MEDSL SLERs 1967-2022 (contest-level), seat=MN-U001",2022
27127,MN,MN-U015,-42.443,False,district_actual,False,"MEDSL SLERs 1967-2022 (contest-level), seat=MN-U015",2022
27129,MN,MN-U016,-39.409,False,district_actual,False,"MEDSL SLERs 1967-2022 (contest-level), seat=MN-U016",2022
27131,MN,MN-U019;MN-U022;MN-U058,-5.68,False,district_actual,False,"MEDSL SLERs 1967-2022 (contest-level), seat=MN-U058",2022
27133,MN,MN-U021,-100.0,False,district_actual,False,"MEDSL SLERs 1967-2022 (contest-level), seat=MN-U021",2022
27135,MN,MN-U001,-100.0,False,district_actual,False,"MEDSL SLERs 1967-2022 (contest-level), seat=MN-U001",2022
27137,MN,MN-U003;MN-U007;MN-U008,1.62,True,district_actual,False,"MEDSL SLERs 1967-2022 (contest-level), seat=MN-U003",2022
27139,MN,MN-U022;MN-U054;MN-U055;MN-U057;MN-U058,-5.68,False,district_actual,False,"MEDSL SLERs 1967-2022 (contest-level), seat=MN-U058",2022
27141,MN,MN-U014;MN-U027;MN-U030,4.71,False,district_actual,False,"MEDSL SLERs 1967-2022 (contest-level), seat=MN-U014",2022
27143,MN,MN-U017,-40.43,False,district_actual,False,"MEDSL SLERs 1967-2022 (contest-level), seat=MN-U017",2022
27145,MN,MN-U012;MN-U013;MN-U014,4.71,False,district_actual,False,"MEDSL SLERs 1967-2022 (contest-level), seat=MN-U014",2022
27147,MN,MN-U019;MN-U023,-21.672,False,district_actual,False,"MEDSL SLERs 1967-2022 (contest-level), seat=MN-U023",2022
27149,MN,MN-U012,-41.537,False,district_actual,False,"MEDSL SLERs 1967-2022 (contest-level), seat=MN-U012",2022
27151,MN,MN-U012,-41.537,False,district_actual,False,"MEDSL SLERs 1967-2022 (contest-level), seat=MN-U012",2022
27153,MN,MN-U005,-45.776,False,district_actual,False,"MEDSL SLERs 1967-2022 (contest-level), seat=MN-U005",2022
27155,MN,MN-U009,-37.398,False,district_actual,False,"MEDSL SLERs 1967-2022 (contest-level), seat=MN-U009",2022
27157,MN,MN-U020,-23.56,False,district_actual,False,"MEDSL SLERs 1967-2022 (contest-level), seat=MN-U020",2022
27159,MN,MN-U005,-45.776,False,district_actual,False,"MEDSL SLERs 1967-2022 (contest-level), seat=MN-U005",2022
27161,MN,MN-U019;MN-U023,-21.672,False,district_actual,False,"MEDSL SLERs 1967-2022 (contest-level), seat=MN-U023",2022
27163,MN,MN-U033;MN-U041;MN-U044;MN-U047;MN-U053,0.751,True,district_actual,False,"MEDSL SLERs 1967-2022 (contest-level), seat=MN-U041",2022
27165,MN,MN-U021;MN-U022,-100.0,False,district_actual,False,"MEDSL SLERs 1967-2022 (contest-level), seat=MN-U021",2022
27167,MN,MN-U009,-37.398,False,district_actual,False,"MEDSL SLERs 1967-2022 (contest-level), seat=MN-U009",2022
27169,MN,MN-U020;MN-U026,-20.054,False,district_actual,False,"MEDSL SLERs 1967-2022 (contest-level), seat=MN-U026",2022
27171,MN,MN-U017;MN-U029;MN-U030,-30.43,False,district_actual,False,"MEDSL SLERs 1967-2022 (contest-level), seat=MN-U030",2022
27173,MN,MN-U015,-42.443,False,district_actual,False,"MEDSL SLERs 1967-2022 (contest-level), seat=MN-U015",2022
28001,MS,,13.93,False,presidential,False,county_scores.json margin_2024 (MIT/tonmcg presidential),2024
28003,MS,,-68.35,False,presidential,False,county_scores.json margin_2024 (MIT/tonmcg presidential),2024
28005,MS,,-32.84,False,presidential,False,county_scores.json margin_2024 (MIT/tonmcg presidential),2024
28007,MS,,-23.28,False,presidential,False,county_scores.json margin_2024 (MIT/tonmcg presidential),2024
28009,MS,,-31.37,False,presidential,False,county_scores.json margin_2024 (MIT/tonmcg presidential),2024
28011,MS,,23.73,False,presidential,False,county_scores.json margin_2024 (MIT/tonmcg presidential),2024
28013,MS,,-47.99,False,presidential,False,county_scores.json margin_2024 (MIT/tonmcg presidential),2024
28015,MS,,-44.26,False,presidential,False,county_scores.json margin_2024 (MIT/tonmcg presidential),2024
28017,MS,,-13.67,False,presidential,False,county_scores.json margin_2024 (MIT/tonmcg presidential),2024
28019,MS,,-49.25,False,presidential,False,county_scores.json margin_2024 (MIT/tonmcg presidential),2024
28021,MS,,67.55,False,presidential,False,county_scores.json margin_2024 (MIT/tonmcg presidential),2024
28023,MS,,-35.17,False,presidential,False,county_scores.json margin_2024 (MIT/tonmcg presidential),2024
28025,MS,,10.41,False,presidential,False,county_scores.json margin_2024 (MIT/tonmcg presidential),2024
28027,MS,,39.81,False,presidential,False,county_scores.json margin_2024 (MIT/tonmcg presidential),2024
28029,MS,,-6.07,False,presidential,False,county_scores.json margin_2024 (MIT/tonmcg presidential),2024
28031,MS,,-33.27,False,presidential,False,county_scores.json margin_2024 (MIT/tonmcg presidential),2024
28033,MS,,-24.08,False,presidential,False,county_scores.json margin_2024 (MIT/tonmcg presidential),2024
28035,MS,,-17.93,False,presidential,False,county_scores.json margin_2024 (MIT/tonmcg presidential),2024
28037,MS,,-39.79,False,presidential,False,county_scores.json margin_2024 (MIT/tonmcg presidential),2024
28039,MS,,-78.78,False,presidential,False,county_scores.json margin_2024 (MIT/tonmcg presidential),2024
28041,MS,,-69.76,False,presidential,False,county_scores.json margin_2024 (MIT/tonmcg presidential),2024
28043,MS,,-16.29,False,presidential,False,county_scores.json margin_2024 (MIT/tonmcg presidential),2024
28045,MS,,-58.66,False,presidential,False,county_scores.json margin_2024 (MIT/tonmcg presidential),2024
28047,MS,,-28.9,False,presidential,False,county_scores.json margin_2024 (MIT/tonmcg presidential),2024
28049,MS,,46.09,False,presidential,False,county_scores.json margin_2024 (MIT/tonmcg presidential),2024
28051,MS,,62.07,False,presidential,False,county_scores.json margin_2024 (MIT/tonmcg presidential),2024
28053,MS,,41.9,False,presidential,False,county_scores.json margin_2024 (MIT/tonmcg presidential),2024
28055,MS,,-1.45,True,presidential,False,county_scores.json margin_2024 (MIT/tonmcg presidential),2024
28057,MS,,-79.99,False,presidential,False,county_scores.json margin_2024 (MIT/tonmcg presidential),2024
28059,MS,,-39.89,False,presidential,False,county_scores.json margin_2024 (MIT/tonmcg presidential),2024
28061,MS,,-5.02,False,presidential,False,county_scores.json margin_2024 (MIT/tonmcg presidential),2024
28063,MS,,66.26,False,presidential,False,county_scores.json margin_2024 (MIT/tonmcg presidential),2024
28065,MS,,13.74,False,presidential,False,county_scores.json margin_2024 (MIT/tonmcg presidential),2024
28067,MS,,-46.81,False,presidential,False,county_scores.json margin_2024 (MIT/tonmcg presidential),2024
28069,MS,,16.89,False,presidential,False,county_scores.json margin_2024 (MIT/tonmcg presidential),2024
28071,MS,,-21.76,False,presidential,False,county_scores.json margin_2024 (MIT/tonmcg presidential),2024
28073,MS,,-48.76,False,presidential,False,county_scores.json margin_2024 (MIT/tonmcg presidential),2024
28075,MS,,-21.2,False,presidential,False,county_scores.json margin_2024 (MIT/tonmcg presidential),2024
28077,MS,,-36.58,False,presidential,False,county_scores.json margin_2024 (MIT/tonmcg presidential),2024
28079,MS,,-23.4,False,presidential,False,county_scores.json margin_2024 (MIT/tonmcg presidential),2024
28081,MS,,-38.83,False,presidential,False,county_scores.json margin_2024 (MIT/tonmcg presidential),2024
28083,MS,,38.45,False,presidential,False,county_scores.json margin_2024 (MIT/tonmcg presidential),2024
28085,MS,,-45.37,False,presidential,False,county_scores.json margin_2024 (MIT/tonmcg presidential),2024
28087,MS,,-8.15,False,presidential,False,county_scores.json margin_2024 (MIT/tonmcg presidential),2024
28089,MS,,-17.29,False,presidential,False,county_scores.json margin_2024 (MIT/tonmcg presidential),2024
28091,MS,,-41.64,False,presidential,False,county_scores.json margin_2024 (MIT/tonmcg presidential),2024
28093,MS,,-7.27,False,presidential,False,county_scores.json margin_2024 (MIT/tonmcg presidential),2024
28095,MS,,-35.91,False,presidential,False,county_scores.json margin_2024 (MIT/tonmcg presidential),2024
28097,MS,,-20.82,False,presidential,False,county_scores.json margin_2024 (MIT/tonmcg presidential),2024
28099,MS,,-50.93,False,presidential,False,county_scores.json margin_2024 (MIT/tonmcg presidential),2024
28101,MS,,-43.31,False,presidential,False,county_scores.json margin_2024 (MIT/tonmcg presidential),2024
28103,MS,,47.61,False,presidential,False,county_scores.json margin_2024 (MIT/tonmcg presidential),2024
28105,MS,,-0.28,True,presidential,False,county_scores.json margin_2024 (MIT/tonmcg presidential),2024
28107,MS,,-14.85,False,presidential,False,county_scores.json margin_2024 (MIT/tonmcg presidential),2024
28109,MS,,-66.7,False,presidential,False,county_scores.json margin_2024 (MIT/tonmcg presidential),2024
28111,MS,,-60.43,False,presidential,False,county_scores.json margin_2024 (MIT/tonmcg presidential),2024
28113,MS,,-3.49,False,presidential,False,county_scores.json margin_2024 (MIT/tonmcg presidential),2024
28115,MS,,-67.71,False,presidential,False,county_scores.json margin_2024 (MIT/tonmcg presidential),2024
28117,MS,,-66.02,False,presidential,False,county_scores.json margin_2024 (MIT/tonmcg presidential),2024
28119,MS,,30.74,False,presidential,False,county_scores.json margin_2024 (MIT/tonmcg presidential),2024
28121,MS,,-47.13,False,presidential,False,county_scores.json margin_2024 (MIT/tonmcg presidential),2024
28123,MS,,-23.95,False,presidential,False,county_scores.json margin_2024 (MIT/tonmcg presidential),2024
28125,MS,,36.81,False,presidential,False,county_scores.json margin_2024 (MIT/tonmcg presidential),2024
28127,MS,,-36.71,False,presidential,False,county_scores.json margin_2024 (MIT/tonmcg presidential),2024
28129,MS,,-60.71,False,presidential,False,county_scores.json margin_2024 (MIT/tonmcg presidential),2024
28131,MS,,-58.01,False,presidential,False,county_scores.json margin_2024 (MIT/tonmcg presidential),2024
28133,MS,,35.51,False,presidential,False,county_scores.json margin_2024 (MIT/tonmcg presidential),2024
28135,MS,,5.93,False,presidential,False,county_scores.json margin_2024 (MIT/tonmcg presidential),2024
28137,MS,,-43.78,False,presidential,False,county_scores.json margin_2024 (MIT/tonmcg presidential),2024
28139,MS,,-67.12,False,presidential,False,county_scores.json margin_2024 (MIT/tonmcg presidential),2024
28141,MS,,-78.93,False,presidential,False,county_scores.json margin_2024 (MIT/tonmcg presidential),2024
28143,MS,,38.91,False,presidential,False,county_scores.json margin_2024 (MIT/tonmcg presidential),2024
28145,MS,,-70.14,False,presidential,False,county_scores.json margin_2024 (MIT/tonmcg presidential),2024
28147,MS,,-26.94,False,presidential,False,county_scores.json margin_2024 (MIT/tonmcg presidential),2024
28149,MS,,-3.96,False,presidential,False,county_scores.json margin_2024 (MIT/tonmcg presidential),2024
28151,MS,,34.98,False,presidential,False,county_scores.json margin_2024 (MIT/tonmcg presidential),2024
28153,MS,,-32.73,False,presidential,False,county_scores.json margin_2024 (MIT/tonmcg presidential),2024
28155,MS,,-65.22,False,presidential,False,county_scores.json margin_2024 (MIT/tonmcg presidential),2024
28157,MS,,25.32,False,presidential,False,county_scores.json margin_2024 (MIT/tonmcg presidential),2024
28159,MS,,-18.25,False,presidential,False,county_scores.json margin_2024 (MIT/tonmcg presidential),2024
28161,MS,,-20.91,False,presidential,False,county_scores.json margin_2024 (MIT/tonmcg presidential),2024
28163,MS,,-2.41,True,presidential,False,county_scores.json margin_2024 (MIT/tonmcg presidential),2024
29001,MO,MO-L003;MO-L004;MO-U018,-51.562,False,district_actual,False,"MEDSL SLERs 1967-2022 (contest-level), seat=MO-U018",2022
29003,MO,MO-L009;MO-U012,-61.54,False,district_actual,False,"MEDSL SLERs 1967-2022 (contest-level), seat=MO-U012",2022
29005,MO,MO-L001;MO-U012,-50.335,False,district_actual,False,"MEDSL SLERs 1967-2022 (contest-level), seat=MO-L001",2022
29007,MO,MO-L043;MO-U018,-51.562,False,district_actual,False,"MEDSL SLERs 1967-2022 (contest-level), seat=MO-U018",2022
29009,MO,MO-L158,-100.0,False,district_actual,False,"MEDSL SLERs 1967-2022 (contest-level), seat=MO-L158",2022
29011,MO,MO-L127;MO-U020,-70.185,False,district_actual,False,"MEDSL SLERs 1967-2022 (contest-level), seat=MO-L127",2022
29013,MO,MO-L062;MO-L125,-46.215,False,district_actual,False,"MEDSL SLERs 1967-2022 (contest-level), seat=MO-L062",2022
29015,MO,MO-L057;MO-L126;MO-U028,-83.604,False,district_actual,False,"MEDSL SLERs 1967-2022 (contest-level), seat=MO-L057",2022
29017,MO,MO-L144;MO-L151,-100.0,False,district_actual,False,"MEDSL SLERs 1967-2022 (contest-level), seat=MO-L144",2022
29019,MO,MO-L044;MO-L045;MO-L046;MO-L047;MO-L050,4.496,False,district_actual,True,"MEDSL SLERs 1967-2022 (contest-level), seat=MO-L047",2022
29021,MO,MO-L010;MO-L011;MO-L013;MO-U012;MO-U034,-18.204,False,district_actual,False,"MEDSL SLERs 1967-2022 (contest-level), seat=MO-U034",2022
29023,MO,MO-L150;MO-L152,-100.0,False,district_actual,False,"MEDSL SLERs 1967-2022 (contest-level), seat=MO-L150",2022
29025,MO,MO-L002;MO-U012,-61.54,False,district_actual,False,"MEDSL SLERs 1967-2022 (contest-level), seat=MO-U012",2022
29027,MO,MO-L043;MO-L049;MO-U010,-43.268,False,district_actual,False,"MEDSL SLERs 1967-2022 (contest-level), seat=MO-L049",2022
29029,MO,MO-L123;MO-L142;MO-U006,-100.0,False,district_actual,False,"MEDSL SLERs 1967-2022 (contest-level), seat=MO-L123",2022
29031,MO,MO-L146;MO-L147;MO-L151,-34.488,False,district_actual,False,"MEDSL SLERs 1967-2022 (contest-level), seat=MO-L147",2022
29033,MO,MO-L007;MO-U012,-61.529,False,district_actual,False,"MEDSL SLERs 1967-2022 (contest-level), seat=MO-L007",2022
29035,MO,MO-L153,-100.0,False,district_actual,False,"MEDSL SLERs 1967-2022 (contest-level), seat=MO-L153",2022
29037,MO,MO-L055;MO-L056;MO-L062,-14.542,False,district_actual,False,"MEDSL SLERs 1967-2022 (contest-level), seat=MO-L056",2022
29039,MO,MO-L125;MO-L127;MO-U028,-70.185,False,district_actual,False,"MEDSL SLERs 1967-2022 (contest-level), seat=MO-L127",2022
29041,MO,MO-L048;MO-U012,-61.54,False,district_actual,False,"MEDSL SLERs 1967-2022 (contest-level), seat=MO-U012",2022
29043,MO,MO-L138;MO-L139;MO-L140,-54.592,False,district_actual,False,"MEDSL SLERs 1967-2022 (contest-level), seat=MO-L140",2022
29045,MO,MO-L004;MO-U018,-51.562,False,district_actual,False,"MEDSL SLERs 1967-2022 (contest-level), seat=MO-U018",2022
29047,MO,MO-L008;MO-L015;MO-L016;MO-L017;MO-L018;MO-L039,-0.425,True,district_actual,False,"MEDSL SLERs 1967-2022 (contest-level), seat=MO-L017",2022
29049,MO,MO-L008;MO-L009;MO-U012,-35.945,False,district_actual,False,"MEDSL SLERs 1967-2022 (contest-level), seat=MO-L008",2022
29051,MO,MO-L059;MO-L060;MO-U006,-24.397,False,district_actual,False,"MEDSL SLERs 1967-2022 (contest-level), seat=MO-L060",2022
29053,MO,MO-L048,-100.0,False,district_actual,False,"MEDSL SLERs 1967-2022 (contest-level), seat=MO-L048",2022
29055,MO,MO-L120,-100.0,False,district_actual,False,"MEDSL SLERs 1967-2022 (contest-level), seat=MO-L120",2022
29057,MO,MO-L127;MO-U020,-70.185,False,district_actual,False,"MEDSL SLERs 1967-2022 (contest-level), seat=MO-L127",2022
29059,MO,MO-L142;MO-U028,-100.0,False,district_actual,False,"MEDSL SLERs 1967-2022 (contest-level), seat=MO-L142",2022
29061,MO,MO-L002;MO-U012,-61.54,False,district_actual,False,"MEDSL SLERs 1967-2022 (contest-level), seat=MO-U012",2022
29063,MO,MO-L009;MO-U012,-61.54,False,district_actual,False,"MEDSL SLERs 1967-2022 (contest-level), seat=MO-U012",2022
29065,MO,MO-L120;MO-U016,-61.35,False,district_actual,False,"MEDSL SLERs 1967-2022 (contest-level), seat=MO-U016",2022
29067,MO,MO-L141;MO-L155,-100.0,False,district_actual,False,"MEDSL SLERs 1967-2022 (contest-level), seat=MO-L141",2022
29069,MO,MO-L150,-100.0,False,district_actual,False,"MEDSL SLERs 1967-2022 (contest-level), seat=MO-L150",2022
29071,MO,MO-L109;MO-L118;MO-L119;MO-U026,-47.807,False,district_actual,False,"MEDSL SLERs 1967-2022 (contest-level), seat=MO-U026",2022
29073,MO,MO-L061;MO-U026,-47.807,False,district_actual,False,"MEDSL SLERs 1967-2022 (contest-level), seat=MO-U026",2022
29075,MO,MO-L001;MO-U012,-50.335,False,district_actual,False,"MEDSL SLERs 1967-2022 (contest-level), seat=MO-L001",2022
29077,MO,MO-L130;MO-L131;MO-L132;MO-L133;MO-L134;MO-L135;MO-L136;MO-L137;MO-U020;MO-U030,1.489,True,district_actual,False,"MEDSL SLERs 1967-2022 (contest-level), seat=MO-L136",2022
29079,MO,MO-L002;MO-U012,-61.54,False,district_actual,False,"MEDSL SLERs 1967-2022 (contest-level), seat=MO-U012",2022
29081,MO,MO-L002;MO-U012,-61.54,False,district_actual,False,"MEDSL SLERs 1967-2022 (contest-level), seat=MO-U012",2022
29083,MO,MO-L126;MO-U028,-100.0,False,district_actual,False,"MEDSL SLERs 1967-2022 (contest-level), seat=MO-L126",2022
29085,MO,MO-L126;MO-L128;MO-U028,-64.712,False,district_actual,False,"MEDSL SLERs 1967-2022 (contest-level), seat=MO-L128",2022
29087,MO,MO-L001;MO-U012,-50.335,False,district_actual,False,"MEDSL SLERs 1967-2022 (contest-level), seat=MO-L001",2022
29089,MO,MO-L048,-100.0,False,district_actual,False,"MEDSL SLERs 1967-2022 (contest-level), seat=MO-L048",2022
29091,MO,MO-L154,-100.0,False,district_actual,False,"MEDSL SLERs 1967-2022 (contest-level), seat=MO-L154",2022
29093,MO,MO-L144,-100.0,False,district_actual,False,"MEDSL SLERs 1967-2022 (contest-level), seat=MO-L144",2022
29095,MO,MO-L019;MO-L020;MO-L021;MO-L022;MO-L023;MO-L024;MO-L025;MO-L026;MO-L027;MO-L028;MO-L029;MO-L030;MO-L031;MO-L032;MO-L033;MO-L034;MO-L035;MO-L036;MO-L037;MO-U008,0.34,True,district_actual,False,"MEDSL SLERs 1967-2022 (contest-level), seat=MO-L034",2022
29097,MO,MO-L127;MO-L161;MO-L162;MO-L163;MO-U032,-70.185,False,district_actual,False,"MEDSL SLERs 1967-2022 (contest-level), seat=MO-L127",2022
29099,MO,MO-L097;MO-L111;MO-L112;MO-L113;MO-L114;MO-L115;MO-U022,-30.955,False,district_actual,False,"MEDSL SLERs 1967-2022 (contest-level), seat=MO-U022",2022
29101,MO,MO-L054;MO-L057,-83.604,False,district_actual,False,"MEDSL SLERs 1967-2022 (contest-level), seat=MO-L057",2022
29103,MO,MO-L004;MO-U018,-51.562,False,district_actual,False,"MEDSL SLERs 1967-2022 (contest-level), seat=MO-U018",2022
29105,MO,MO-L141;MO-L142;MO-U016,-61.35,False,district_actual,False,"MEDSL SLERs 1967-2022 (contest-level), seat=MO-U016",2022
29107,MO,MO-L051;MO-L053,-83.354,False,district_actual,False,"MEDSL SLERs 1967-2022 (contest-level), seat=MO-L051",2022
29109,MO,MO-L157,-100.0,False,district_actual,False,"MEDSL SLERs 1967-2022 (contest-level), seat=MO-L157",2022
29111,MO,MO-L004;MO-U018,-51.562,False,district_actual,False,"MEDSL SLERs 1967-2022 (contest-level), seat=MO-U018",2022
29113,MO,MO-L040;MO-L041;MO-U010,-50.952,False,district_actual,False,"MEDSL SLERs 1967-2022 (contest-level), seat=MO-L041",2022
29115,MO,MO-L007;MO-U012,-61.529,False,district_actual,False,"MEDSL SLERs 1967-2022 (contest-level), seat=MO-L007",2022
29117,MO,MO-L007;MO-U012,-61.529,False,district_actual,False,"MEDSL SLERs 1967-2022 (contest-level), seat=MO-L007",2022
29119,MO,MO-L158;MO-L159,-100.0,False,district_actual,False,"MEDSL SLERs 1967-2022 (contest-level), seat=MO-L158",2022
29121,MO,MO-L006;MO-U018,-51.562,False,district_actual,False,"MEDSL SLERs 1967-2022 (contest-level), seat=MO-U018",2022
29123,MO,MO-L116;MO-L144,-100.0,False,district_actual,False,"MEDSL SLERs 1967-2022 (contest-level), seat=MO-L116",2022
29125,MO,MO-L143;MO-U016,-61.35,False,district_actual,False,"MEDSL SLERs 1967-2022 (contest-level), seat=MO-U016",2022
29127,MO,MO-L005;MO-U018,-51.562,False,district_actual,False,"MEDSL SLERs 1967-2022 (contest-level), seat=MO-U018",2022
29129,MO,MO-L003;MO-U012,-61.54,False,district_actual,False,"MEDSL SLERs 1967-2022 (contest-level), seat=MO-U012",2022
29131,MO,MO-L061;MO-L124;MO-U006,-100.0,False,district_actual,False,"MEDSL SLERs 1967-2022 (contest-level), seat=MO-L061",2022
29133,MO,MO-L149,-100.0,False,district_actual,False,"MEDSL SLERs 1967-2022 (contest-level), seat=MO-L149",2022
29135,MO,MO-L058;MO-U006,-100.0,False,district_actual,False,"MEDSL SLERs 1967-2022 (contest-level), seat=MO-L058",2022
29137,MO,MO-L004;MO-L043;MO-U018,-51.562,False,district_actual,False,"MEDSL SLERs 1967-2022 (contest-level), seat=MO-U018",2022
29139,MO,MO-L042;MO-L061;MO-U010,-77.63,False,district_actual,False,"MEDSL SLERs 1967-2022 (contest-level), seat=MO-U010",2022
29141,MO,MO-L058;MO-U006,-100.0,False,district_actual,False,"MEDSL SLERs 1967-2022 (contest-level), seat=MO-L058",2022
29143,MO,MO-L149,-100.0,False,district_actual,False,"MEDSL SLERs 1967-2022 (contest-level), seat=MO-L149",2022
29145,MO,MO-L159;MO-L160;MO-U032,-100.0,False,district_actual,False,"MEDSL SLERs 1967-2022 (contest-level), seat=MO-L159",2022
29147,MO,MO-L001;MO-U012,-50.335,False,district_actual,False,"MEDSL SLERs 1967-2022 (contest-level), seat=MO-L001",2022
29149,MO,MO-L153,-100.0,False,district_actual,False,"MEDSL SLERs 1967-2022 (contest-level), seat=MO-L153",2022
29151,MO,MO-L061;MO-U026,-47.807,False,district_actual,False,"MEDSL SLERs 1967-2022 (contest-level), seat=MO-U026",2022
29153,MO,MO-L155,-100.0,False,district_actual,False,"MEDSL SLERs 1967-2022 (contest-level), seat=MO-L155",2022
29155,MO,MO-L149;MO-L150,-100.0,False,district_actual,False,"MEDSL SLERs 1967-2022 (contest-level), seat=MO-L149",2022
29157,MO,MO-L145,-100.0,False,district_actual,False,"MEDSL SLERs 1967-2022 (contest-level), seat=MO-L145",2022
29159,MO,MO-L052;MO-L057;MO-U028,-50.264,False,district_actual,False,"MEDSL SLERs 1967-2022 (contest-level), seat=MO-L052",2022
29161,MO,MO-L122;MO-L143;MO-U016,-38.124,False,district_actual,False,"MEDSL SLERs 1967-2022 (contest-level), seat=MO-L122",2022
29163,MO,MO-L040;MO-U010,-77.63,False,district_actual,False,"MEDSL SLERs 1967-2022 (contest-level), seat=MO-U010",2022
29165,MO,MO-L013;MO-L014;MO-U034,6.447,False,district_actual,True,"MEDSL SLERs 1967-2022 (contest-level), seat=MO-L014",2022
29167,MO,MO-L128;MO-U028,-64.712,False,district_actual,False,"MEDSL SLERs 1967-2022 (contest-level), seat=MO-L128",2022
29169,MO,MO-L121;MO-L124;MO-U016,-61.35,False,district_actual,False,"MEDSL SLERs 1967-2022 (contest-level), seat=MO-U016",2022
29171,MO,MO-L003;MO-U018,-51.562,False,district_actual,False,"MEDSL SLERs 1967-2022 (contest-level), seat=MO-U018",2022
29173,MO,MO-L005;MO-U018,-51.562,False,district_actual,False,"MEDSL SLERs 1967-2022 (contest-level), seat=MO-U018",2022
29175,MO,MO-L006;MO-L048;MO-U018,-51.562,False,district_actual,False,"MEDSL SLERs 1967-2022 (contest-level), seat=MO-U018",2022
29177,MO,MO-L007;MO-L053,-61.529,False,district_actual,False,"MEDSL SLERs 1967-2022 (contest-level), seat=MO-L007",2022
29179,MO,MO-L144,-100.0,False,district_actual,False,"MEDSL SLERs 1967-2022 (contest-level), seat=MO-L144",2022
29181,MO,MO-L153,-100.0,False,district_actual,False,"MEDSL SLERs 1967-2022 (contest-level), seat=MO-L153",2022
29183,MO,MO-L063;MO-L064;MO-L065;MO-L069;MO-L102;MO-L103;MO-L104;MO-L105;MO-L106;MO-L107;MO-L108;MO-U002;MO-U010,-0.924,True,district_actual,False,"MEDSL SLERs 1967-2022 (contest-level), seat=MO-L105",2022
29185,MO,MO-L126;MO-U028,-100.0,False,district_actual,False,"MEDSL SLERs 1967-2022 (contest-level), seat=MO-L126",2022
29186,MO,MO-L145,-100.0,False,district_actual,False,"MEDSL SLERs 1967-2022 (contest-level), seat=MO-L145",2022
29187,MO,MO-L116;MO-L117,-100.0,False,district_actual,False,"MEDSL SLERs 1967-2022 (contest-level), seat=MO-L116",2022
29189,MO,MO-L066;MO-L067;MO-L068;MO-L070;MO-L071;MO-L072;MO-L073;MO-L074;MO-L075;MO-L083;MO-L085;MO-L086;MO-L087;MO-L088;MO-L089;MO-L090;MO-L091;MO-L092;MO-L093;MO-L094;MO-L096;MO-L098;MO-L099;MO-L100;MO-L101;MO-L110;MO-U004;MO-U014;MO-U024,-1.1,True,district_actual,False,"MEDSL SLERs 1967-2022 (contest-level), seat=MO-L100",2022
29195,MO,MO-L051,-83.354,False,district_actual,False,"MEDSL SLERs 1967-2022 (contest-level), seat=MO-L051",2022
29197,MO,MO-L004;MO-U018,-51.562,False,district_actual,False,"MEDSL SLERs 1967-2022 (contest-level), seat=MO-U018",2022
29199,MO,MO-L004;MO-U018,-51.562,False,district_actual,False,"MEDSL SLERs 1967-2022 (contest-level), seat=MO-U018",2022
29201,MO,MO-L148,-100.0,False,district_actual,False,"MEDSL SLERs 1967-2022 (contest-level), seat=MO-L148",2022
29203,MO,MO-L144;MO-L153,-100.0,False,district_actual,False,"MEDSL SLERs 1967-2022 (contest-level), seat=MO-L144",2022
29205,MO,MO-L004;MO-U018,-51.562,False,district_actual,False,"MEDSL SLERs 1967-2022 (contest-level), seat=MO-U018",2022
29207,MO,MO-L151,-100.0,False,district_actual,False,"MEDSL SLERs 1967-2022 (contest-level), seat=MO-L151",2022
29209,MO,MO-L138;MO-L155,-100.0,False,district_actual,False,"MEDSL SLERs 1967-2022 (contest-level), seat=MO-L138",2022
29211,MO,MO-L003;MO-U012,-61.54,False,district_actual,False,"MEDSL SLERs 1967-2022 (contest-level), seat=MO-U012",2022
29213,MO,MO-L155;MO-L156,-55.767,False,district_actual,False,"MEDSL SLERs 1967-2022 (contest-level), seat=MO-L156",2022
29215,MO,MO-L143,-70.049,False,district_actual,False,"MEDSL SLERs 1967-2022 (contest-level), seat=MO-L143",2022
29217,MO,MO-L125;MO-U028,-86.119,False,district_actual,False,"MEDSL SLERs 1967-2022 (contest-level), seat=MO-L125",2022
29219,MO,MO-L042;MO-U026,-47.807,False,district_actual,False,"MEDSL SLERs 1967-2022 (contest-level), seat=MO-U026",2022
29221,MO,MO-L118;MO-L144,-51.277,False,district_actual,False,"MEDSL SLERs 1967-2022 (contest-level), seat=MO-L118",2022
29223,MO,MO-L144;MO-L153,-100.0,False,district_actual,False,"MEDSL SLERs 1967-2022 (contest-level), seat=MO-L144",2022
29225,MO,MO-L129;MO-U020,-100.0,False,district_actual,False,"MEDSL SLERs 1967-2022 (contest-level), seat=MO-L129",2022
29227,MO,MO-L002;MO-U012,-61.54,False,district_actual,False,"MEDSL SLERs 1967-2022 (contest-level), seat=MO-U012",2022
29229,MO,MO-L141;MO-U016,-61.35,False,district_actual,False,"MEDSL SLERs 1967-2022 (contest-level), seat=MO-U016",2022
29510,MO,MO-L076;MO-L077;MO-L078;MO-L079;MO-L080;MO-L081;MO-L082;MO-L084;MO-U004,48.342,False,district_actual,False,"MEDSL SLERs 1967-2022 (contest-level), seat=MO-U004",2022
30001,MT,,-43.41,False,presidential,True,county_scores.json margin_2024 (MIT/tonmcg presidential),2024
30003,MT,MT-L042,5.733,False,district_actual,False,"MEDSL SLERs 1967-2022 (contest-level), seat=MT-L042",2022
30005,MT,MT-L032;MT-L033,-53.81,False,district_actual,False,"MEDSL SLERs 1967-2022 (contest-level), seat=MT-L033",2022
30007,MT,MT-L070,-52.018,False,district_actual,False,"MEDSL SLERs 1967-2022 (contest-level), seat=MT-L070",2022
30009,MT,MT-U029,-100.0,False,district_actual,True,"MEDSL SLERs 1967-2022 (contest-level), seat=MT-U029",2022
30011,MT,MT-L037;MT-U019,-100.0,False,district_actual,False,"MEDSL SLERs 1967-2022 (contest-level), seat=MT-L037",2022
30013,MT,MT-L020;MT-L021;MT-L022;MT-L023;MT-L024;MT-L025;MT-L026;MT-L030;MT-U011;MT-U012;MT-U013;MT-U014;MT-U015,-1.754,True,district_actual,False,"MEDSL SLERs 1967-2022 (contest-level), seat=MT-L025",2022
30015,MT,MT-L032;MT-U014,-43.195,False,district_actual,False,"MEDSL SLERs 1967-2022 (contest-level), seat=MT-U014",2022
30017,MT,MT-L037;MT-L038;MT-L039;MT-U019;MT-U020,-29.849,False,district_actual,False,"MEDSL SLERs 1967-2022 (contest-level), seat=MT-L038",2022
30019,MT,MT-L034,-100.0,False,district_actual,False,"MEDSL SLERs 1967-2022 (contest-level), seat=MT-L034",2022
30021,MT,MT-L036,-100.0,False,district_actual,False,"MEDSL SLERs 1967-2022 (contest-level), seat=MT-L036",2022
30023,MT,MT-L077;MT-L078;MT-U039,-0.953,True,district_actual,False,"MEDSL SLERs 1967-2022 (contest-level), seat=MT-L077",2022
30025,MT,MT-L037;MT-U019,-100.0,False,district_actual,False,"MEDSL SLERs 1967-2022 (contest-level), seat=MT-L037",2022
30027,MT,MT-L029;MT-L030;MT-U015,-59.881,False,district_actual,False,"MEDSL SLERs 1967-2022 (contest-level), seat=MT-U015",2022
30029,MT,MT-L004;MT-L006;MT-L007;MT-L008;MT-L009;MT-L010;MT-L011;MT-L013;MT-L015;MT-U004;MT-U005;MT-U008,1.008,True,district_actual,False,"MEDSL SLERs 1967-2022 (contest-level), seat=MT-L015",2022
30031,MT,MT-L061;MT-L062;MT-L063;MT-L065;MT-L066;MT-L067;MT-L068;MT-L069;MT-U032;MT-U033;MT-U034,4.599,False,district_actual,False,"MEDSL SLERs 1967-2022 (contest-level), seat=MT-U032",2022
30033,MT,MT-L037;MT-U019,-100.0,False,district_actual,False,"MEDSL SLERs 1967-2022 (contest-level), seat=MT-L037",2022
30035,MT,MT-L015;MT-L016;MT-L018;MT-U008;MT-U009,1.008,True,district_actual,False,"MEDSL SLERs 1967-2022 (contest-level), seat=MT-L015",2022
30037,MT,MT-L030;MT-U015,-59.881,False,district_actual,False,"MEDSL SLERs 1967-2022 (contest-level), seat=MT-U015",2022
30039,MT,MT-L077;MT-U039,-0.953,True,district_actual,False,"MEDSL SLERs 1967-2022 (contest-level), seat=MT-L077",2022
30041,MT,MT-L032;MT-L033;MT-U014,-43.195,False,district_actual,True,"MEDSL SLERs 1967-2022 (contest-level), seat=MT-U014",2022
30043,MT,MT-L075,-100.0,False,district_actual,True,"MEDSL SLERs 1967-2022 (contest-level), seat=MT-L075",2022
30045,MT,MT-L030;MT-U015,-59.881,False,district_actual,False,"MEDSL SLERs 1967-2022 (contest-level), seat=MT-U015",2022
30047,MT,MT-L010;MT-L012;MT-L015;MT-U005;MT-U008,1.008,True,district_actual,False,"MEDSL SLERs 1967-2022 (contest-level), seat=MT-L015",2022
30049,MT,MT-L017;MT-L070;MT-L079;MT-L081;MT-L082;MT-L083;MT-U009;MT-U041;MT-U042,10.552,False,district_actual,True,"MEDSL SLERs 1967-2022 (contest-level), seat=MT-U042",2022
30051,MT,MT-U014,-43.195,False,district_actual,False,"MEDSL SLERs 1967-2022 (contest-level), seat=MT-U014",2022
30053,MT,MT-L001;MT-L002;MT-U001,-100.0,False,district_actual,False,"MEDSL SLERs 1967-2022 (contest-level), seat=MT-L001",2022
30055,MT,MT-L037;MT-U019,-100.0,False,district_actual,False,"MEDSL SLERs 1967-2022 (contest-level), seat=MT-L037",2022
30057,MT,,-45.29,False,presidential,True,county_scores.json margin_2024 (MIT/tonmcg presidential),2024
30059,MT,MT-L030;MT-U015,-59.881,False,district_actual,False,"MEDSL SLERs 1967-2022 (contest-level), seat=MT-U015",2022
30061,MT,MT-L014,-100.0,False,district_actual,False,"MEDSL SLERs 1967-2022 (contest-level), seat=MT-L014",2022
30063,MT,MT-L089;MT-L091;MT-L094;MT-L095;MT-L096;MT-L098;MT-L099;MT-L100;MT-U048;MT-U049;MT-U050,6.063,False,district_actual,False,"MEDSL SLERs 1967-2022 (contest-level), seat=MT-L096",2022
30065,MT,MT-L040;MT-U020,-100.0,False,district_actual,False,"MEDSL SLERs 1967-2022 (contest-level), seat=MT-L040",2022
30067,MT,MT-L060,15.695,False,district_actual,True,"MEDSL SLERs 1967-2022 (contest-level), seat=MT-L060",2022
30069,MT,MT-L029;MT-U015,-59.881,False,district_actual,False,"MEDSL SLERs 1967-2022 (contest-level), seat=MT-U015",2022
30071,MT,MT-L032;MT-L033,-53.81,False,district_actual,False,"MEDSL SLERs 1967-2022 (contest-level), seat=MT-L033",2022
30073,MT,MT-L015;MT-L017;MT-L018;MT-U008;MT-U009,1.008,True,district_actual,False,"MEDSL SLERs 1967-2022 (contest-level), seat=MT-L015",2022
30075,MT,MT-L037;MT-U019,-100.0,False,district_actual,True,"MEDSL SLERs 1967-2022 (contest-level), seat=MT-L037",2022
30077,MT,MT-L078;MT-U039,-9.323,False,district_actual,False,"MEDSL SLERs 1967-2022 (contest-level), seat=MT-U039",2022
30079,MT,MT-L037;MT-U019,-100.0,False,district_actual,False,"MEDSL SLERs 1967-2022 (contest-level), seat=MT-L037",2022
30081,MT,MT-L085;MT-L086;MT-L087;MT-L088;MT-U043,-33.457,False,district_actual,False,"MEDSL SLERs 1967-2022 (contest-level), seat=MT-L086",2022
30083,MT,MT-L035,-100.0,False,district_actual,False,"MEDSL SLERs 1967-2022 (contest-level), seat=MT-L035",2022
30085,MT,MT-L031;MT-L034,7.971,False,district_actual,False,"MEDSL SLERs 1967-2022 (contest-level), seat=MT-L031",2022
30087,MT,MT-L039;MT-U020,-100.0,False,district_actual,True,"MEDSL SLERs 1967-2022 (contest-level), seat=MT-L039",2022
30089,MT,MT-L013;MT-L014,-55.003,False,district_actual,False,"MEDSL SLERs 1967-2022 (contest-level), seat=MT-L013",2022
30091,MT,MT-L034,-100.0,False,district_actual,False,"MEDSL SLERs 1967-2022 (contest-level), seat=MT-L034",2022
30093,MT,MT-L073;MT-L074;MT-L078;MT-U039,-9.323,False,district_actual,True,"MEDSL SLERs 1967-2022 (contest-level), seat=MT-U039",2022
30095,MT,MT-U029,-100.0,False,district_actual,True,"MEDSL SLERs 1967-2022 (contest-level), seat=MT-U029",2022
30097,MT,MT-U029,-100.0,False,district_actual,True,"MEDSL SLERs 1967-2022 (contest-level), seat=MT-U029",2022
30099,MT,MT-L017;MT-U009,-53.88,False,district_actual,False,"MEDSL SLERs 1967-2022 (contest-level), seat=MT-L017",2022
30101,MT,MT-L018;MT-U009,-100.0,False,district_actual,False,"MEDSL SLERs 1967-2022 (contest-level), seat=MT-L018",2022
30103,MT,MT-L039;MT-U020,-100.0,False,district_actual,False,"MEDSL SLERs 1967-2022 (contest-level), seat=MT-L039",2022
30105,MT,MT-L031;MT-L033;MT-L034,7.971,False,district_actual,False,"MEDSL SLERs 1967-2022 (contest-level), seat=MT-L031",2022
30107,MT,MT-L030;MT-U015,-59.881,False,district_actual,False,"MEDSL SLERs 1967-2022 (contest-level), seat=MT-U015",2022
30109,MT,MT-L036,-100.0,False,district_actual,False,"MEDSL SLERs 1967-2022 (contest-level), seat=MT-L036",2022
30111,MT,MT-L039;MT-L040;MT-L042;MT-L043;MT-L044;MT-L047;MT-L048;MT-L050;MT-L051;MT-L052;MT-L053;MT-L054;MT-L055;MT-L056;MT-U020;MT-U022;MT-U027,-1.003,True,district_actual,False,"MEDSL SLERs 1967-2022 (contest-level), seat=MT-L048",2022
31001,NE,,-41.61,False,presidential,False,county_scores.json margin_2024 (MIT/tonmcg presidential),2024
31003,NE,,-76.47,False,presidential,False,county_scores.json margin_2024 (MIT/tonmcg presidential),2024
31005,NE,,-87.59,False,presidential,False,county_scores.json margin_2024 (MIT/tonmcg presidential),2024
31007,NE,,-81.35,False,presidential,False,county_scores.json margin_2024 (MIT/tonmcg presidential),2024
31009,NE,,-73.2,False,presidential,False,county_scores.json margin_2024 (MIT/tonmcg presidential),2024
31011,NE,,-66.08,False,presidential,False,county_scores.json margin_2024 (MIT/tonmcg presidential),2024
31013,NE,,-56.46,False,presidential,False,county_scores.json margin_2024 (MIT/tonmcg presidential),2024
31015,NE,,-74.98,False,presidential,False,county_scores.json margin_2024 (MIT/tonmcg presidential),2024
31017,NE,,-74.73,False,presidential,False,county_scores.json margin_2024 (MIT/tonmcg presidential),2024
31019,NE,,-44.94,False,presidential,False,county_scores.json margin_2024 (MIT/tonmcg presidential),2024
31021,NE,,-45.1,False,presidential,False,county_scores.json margin_2024 (MIT/tonmcg presidential),2024
31023,NE,,-59.65,False,presidential,False,county_scores.json margin_2024 (MIT/tonmcg presidential),2024
31025,NE,,-37.2,False,presidential,False,county_scores.json margin_2024 (MIT/tonmcg presidential),2024
31027,NE,,-70.01,False,presidential,False,county_scores.json margin_2024 (MIT/tonmcg presidential),2024
31029,NE,,-77.38,False,presidential,False,county_scores.json margin_2024 (MIT/tonmcg presidential),2024
31031,NE,,-76.18,False,presidential,False,county_scores.json margin_2024 (MIT/tonmcg presidential),2024
31033,NE,,-64.13,False,presidential,False,county_scores.json margin_2024 (MIT/tonmcg presidential),2024
31035,NE,,-63.44,False,presidential,False,county_scores.json margin_2024 (MIT/tonmcg presidential),2024
31037,NE,,-50.94,False,presidential,False,county_scores.json margin_2024 (MIT/tonmcg presidential),2024
31039,NE,,-60.04,False,presidential,False,county_scores.json margin_2024 (MIT/tonmcg presidential),2024
31041,NE,,-72.31,False,presidential,False,county_scores.json margin_2024 (MIT/tonmcg presidential),2024
31043,NE,,-29.82,False,presidential,False,county_scores.json margin_2024 (MIT/tonmcg presidential),2024
31045,NE,,-47.05,False,presidential,False,county_scores.json margin_2024 (MIT/tonmcg presidential),2024
31047,NE,,-49.59,False,presidential,False,county_scores.json margin_2024 (MIT/tonmcg presidential),2024
31049,NE,,-68.38,False,presidential,False,county_scores.json margin_2024 (MIT/tonmcg presidential),2024
31051,NE,,-58.65,False,presidential,False,county_scores.json margin_2024 (MIT/tonmcg presidential),2024
31053,NE,,-32.6,False,presidential,False,county_scores.json margin_2024 (MIT/tonmcg presidential),2024
31055,NE,,10.17,False,presidential,False,county_scores.json margin_2024 (MIT/tonmcg presidential),2024
31057,NE,,-78.9,False,presidential,False,county_scores.json margin_2024 (MIT/tonmcg presidential),2024
31059,NE,,-54.86,False,presidential,False,county_scores.json margin_2024 (MIT/tonmcg presidential),2024
31061,NE,,-69.69,False,presidential,False,county_scores.json margin_2024 (MIT/tonmcg presidential),2024
31063,NE,,-72.91,False,presidential,False,county_scores.json margin_2024 (MIT/tonmcg presidential),2024
31065,NE,,-69.83,False,presidential,False,county_scores.json margin_2024 (MIT/tonmcg presidential),2024
31067,NE,,-39.22,False,presidential,False,county_scores.json margin_2024 (MIT/tonmcg presidential),2024
31069,NE,,-70.46,False,presidential,False,county_scores.json margin_2024 (MIT/tonmcg presidential),2024
31071,NE,,-76.55,False,presidential,False,county_scores.json margin_2024 (MIT/tonmcg presidential),2024
31073,NE,,-62.97,False,presidential,False,county_scores.json margin_2024 (MIT/tonmcg presidential),2024
31075,NE,,-91.8,False,presidential,False,county_scores.json margin_2024 (MIT/tonmcg presidential),2024
31077,NE,,-67.85,False,presidential,False,county_scores.json margin_2024 (MIT/tonmcg presidential),2024
31079,NE,,-37.76,False,presidential,False,county_scores.json margin_2024 (MIT/tonmcg presidential),2024
31081,NE,,-60.37,False,presidential,False,county_scores.json margin_2024 (MIT/tonmcg presidential),2024
31083,NE,,-68.04,False,presidential,False,county_scores.json margin_2024 (MIT/tonmcg presidential),2024
31085,NE,,-91.7,False,presidential,False,county_scores.json margin_2024 (MIT/tonmcg presidential),2024
31087,NE,,-77.95,False,presidential,False,county_scores.json margin_2024 (MIT/tonmcg presidential),2024
31089,NE,,-74.0,False,presidential,False,county_scores.json margin_2024 (MIT/tonmcg presidential),2024
31091,NE,,-73.54,False,presidential,False,county_scores.json margin_2024 (MIT/tonmcg presidential),2024
31093,NE,,-62.7,False,presidential,False,county_scores.json margin_2024 (MIT/tonmcg presidential),2024
31095,NE,,-45.33,False,presidential,False,county_scores.json margin_2024 (MIT/tonmcg presidential),2024
31097,NE,,-40.47,False,presidential,False,county_scores.json margin_2024 (MIT/tonmcg presidential),2024
31099,NE,,-58.05,False,presidential,False,county_scores.json margin_2024 (MIT/tonmcg presidential),2024
31101,NE,,-63.94,False,presidential,False,county_scores.json margin_2024 (MIT/tonmcg presidential),2024
31103,NE,,-83.82,False,presidential,False,county_scores.json margin_2024 (MIT/tonmcg presidential),2024
31105,NE,,-66.98,False,presidential,False,county_scores.json margin_2024 (MIT/tonmcg presidential),2024
31107,NE,,-63.28,False,presidential,False,county_scores.json margin_2024 (MIT/tonmcg presidential),2024
31109,NE,,4.31,False,presidential,False,county_scores.json margin_2024 (MIT/tonmcg presidential),2024
31111,NE,,-55.2,False,presidential,False,county_scores.json margin_2024 (MIT/tonmcg presidential),2024
31113,NE,,-87.27,False,presidential,False,county_scores.json margin_2024 (MIT/tonmcg presidential),2024
31115,NE,,-65.65,False,presidential,False,county_scores.json margin_2024 (MIT/tonmcg presidential),2024
31117,NE,,-90.11,False,presidential,False,county_scores.json margin_2024 (MIT/tonmcg presidential),2024
31119,NE,,-55.99,False,presidential,False,county_scores.json margin_2024 (MIT/tonmcg presidential),2024
31121,NE,,-64.97,False,presidential,False,county_scores.json margin_2024 (MIT/tonmcg presidential),2024
31123,NE,,-68.43,False,presidential,False,county_scores.json margin_2024 (MIT/tonmcg presidential),2024
31125,NE,,-60.42,False,presidential,False,county_scores.json margin_2024 (MIT/tonmcg presidential),2024
31127,NE,,-44.7,False,presidential,False,county_scores.json margin_2024 (MIT/tonmcg presidential),2024
31129,NE,,-63.64,False,presidential,False,county_scores.json margin_2024 (MIT/tonmcg presidential),2024
31131,NE,,-38.89,False,presidential,False,county_scores.json margin_2024 (MIT/tonmcg presidential),2024
31133,NE,,-58.09,False,presidential,False,county_scores.json margin_2024 (MIT/tonmcg presidential),2024
31135,NE,,-72.72,False,presidential,False,county_scores.json margin_2024 (MIT/tonmcg presidential),2024
31137,NE,,-68.48,False,presidential,False,county_scores.json margin_2024 (MIT/tonmcg presidential),2024
31139,NE,,-76.32,False,presidential,False,county_scores.json margin_2024 (MIT/tonmcg presidential),2024
31141,NE,,-58.34,False,presidential,False,county_scores.json margin_2024 (MIT/tonmcg presidential),2024
31143,NE,,-63.68,False,presidential,False,county_scores.json margin_2024 (MIT/tonmcg presidential),2024
31145,NE,,-68.42,False,presidential,False,county_scores.json margin_2024 (MIT/tonmcg presidential),2024
31147,NE,,-51.45,False,presidential,False,county_scores.json margin_2024 (MIT/tonmcg presidential),2024
31149,NE,,-79.14,False,presidential,False,county_scores.json margin_2024 (MIT/tonmcg presidential),2024
31151,NE,,-33.23,False,presidential,False,county_scores.json margin_2024 (MIT/tonmcg presidential),2024
31153,NE,,-11.66,False,presidential,False,county_scores.json margin_2024 (MIT/tonmcg presidential),2024
31155,NE,,-46.41,False,presidential,False,county_scores.json margin_2024 (MIT/tonmcg presidential),2024
31157,NE,,-47.72,False,presidential,False,county_scores.json margin_2024 (MIT/tonmcg presidential),2024
31159,NE,,-46.59,False,presidential,False,county_scores.json margin_2024 (MIT/tonmcg presidential),2024
31161,NE,,-70.05,False,presidential,False,county_scores.json margin_2024 (MIT/tonmcg presidential),2024
31163,NE,,-60.23,False,presidential,False,county_scores.json margin_2024 (MIT/tonmcg presidential),2024
31165,NE,,-76.7,False,presidential,False,county_scores.json margin_2024 (MIT/tonmcg presidential),2024
31167,NE,,-66.71,False,presidential,False,county_scores.json margin_2024 (MIT/tonmcg presidential),2024
31169,NE,,-60.8,False,presidential,False,county_scores.json margin_2024 (MIT/tonmcg presidential),2024
31171,NE,,-77.35,False,presidential,False,county_scores.json margin_2024 (MIT/tonmcg presidential),2024
31173,NE,,-6.92,False,presidential,False,county_scores.json margin_2024 (MIT/tonmcg presidential),2024
31175,NE,,-63.9,False,presidential,False,county_scores.json margin_2024 (MIT/tonmcg presidential),2024
31177,NE,,-42.38,False,presidential,False,county_scores.json margin_2024 (MIT/tonmcg presidential),2024
31179,NE,,-49.23,False,presidential,False,county_scores.json margin_2024 (MIT/tonmcg presidential),2024
31181,NE,,-65.4,False,presidential,False,county_scores.json margin_2024 (MIT/tonmcg presidential),2024
31183,NE,,-75.51,False,presidential,False,county_scores.json margin_2024 (MIT/tonmcg presidential),2024
31185,NE,,-51.35,False,presidential,False,county_scores.json margin_2024 (MIT/tonmcg presidential),2024
32001,NV,NV-L038;NV-U017,-100.0,False,district_actual,False,"MEDSL SLERs 1967-2022 (contest-level), seat=NV-L038",2022
32003,NV,NV-L001;NV-L002;NV-L003;NV-L004;NV-L005;NV-L006;NV-L007;NV-L008;NV-L009;NV-L010;NV-L011;NV-L012;NV-L013;NV-L014;NV-L015;NV-L016;NV-L017;NV-L018;NV-L019;NV-L020;NV-L021;NV-L022;NV-L023;NV-L028;NV-L029;NV-L034;NV-L036;NV-L037;NV-L041;NV-L042;NV-U002;NV-U008;NV-U009;NV-U010;NV-U012;NV-U020;NV-U021,1.432,True,district_actual,False,"MEDSL SLERs 1967-2022 (contest-level), seat=NV-U008",2022
32005,NV,NV-L039;NV-U017,-40.332,False,district_actual,False,"MEDSL SLERs 1967-2022 (contest-level), seat=NV-L039",2022
32007,NV,NV-L032;NV-L033;NV-U014,-61.736,False,district_actual,False,"MEDSL SLERs 1967-2022 (contest-level), seat=NV-L033",2022
32009,NV,NV-L038;NV-U017,-100.0,False,district_actual,False,"MEDSL SLERs 1967-2022 (contest-level), seat=NV-L038",2022
32011,NV,NV-L032;NV-L033;NV-U014,-61.736,False,district_actual,False,"MEDSL SLERs 1967-2022 (contest-level), seat=NV-L033",2022
32013,NV,NV-L032;NV-U014,-100.0,False,district_actual,False,"MEDSL SLERs 1967-2022 (contest-level), seat=NV-L032",2022
32015,NV,NV-L032;NV-U014,-100.0,False,district_actual,False,"MEDSL SLERs 1967-2022 (contest-level), seat=NV-L032",2022
32017,NV,NV-L033,-61.736,False,district_actual,False,"MEDSL SLERs 1967-2022 (contest-level), seat=NV-L033",2022
32019,NV,NV-L038;NV-L039;NV-U017,-40.332,False,district_actual,False,"MEDSL SLERs 1967-2022 (contest-level), seat=NV-L039",2022
32021,NV,NV-L038;NV-U017,-100.0,False,district_actual,False,"MEDSL SLERs 1967-2022 (contest-level), seat=NV-L038",2022
32023,NV,NV-L033;NV-L036;NV-L038;NV-U017,-61.736,False,district_actual,False,"MEDSL SLERs 1967-2022 (contest-level), seat=NV-L033",2022
32027,NV,NV-L032;NV-U014,-100.0,False,district_actual,False,"MEDSL SLERs 1967-2022 (contest-level), seat=NV-L032",2022
32029,NV,NV-L040;NV-U016,-20.69,False,district_actual,False,"MEDSL SLERs 1967-2022 (contest-level), seat=NV-U016",2022
32031,NV,NV-L024;NV-L025;NV-L026;NV-L027;NV-L030;NV-L031;NV-L032;NV-L040;NV-U013;NV-U014;NV-U016,7.8,False,district_actual,True,"MEDSL SLERs 1967-2022 (contest-level), seat=NV-L025",2022
32033,NV,NV-L033,-61.736,False,district_actual,False,"MEDSL SLERs 1967-2022 (contest-level), seat=NV-L033",2022
32510,NV,NV-L040;NV-U016,-20.69,False,district_actual,False,"MEDSL SLERs 1967-2022 (contest-level), seat=NV-U016",2022
33001,NH,NH-L001;NH-L002;NH-L003;NH-L004;NH-L005;NH-L006;NH-L007;NH-U002;NH-U006;NH-U007;NH-U017,0.508,True,district_actual,False,"MEDSL SLERs 1967-2022 (contest-level), seat=NH-L002",2022
33003,NH,NH-U002;NH-U003,-12.0,False,district_actual,False,"MEDSL SLERs 1967-2022 (contest-level), seat=NH-U002",2022
33005,NH,NH-U008;NH-U009;NH-U010;NH-U012,-2.462,True,district_actual,False,"MEDSL SLERs 1967-2022 (contest-level), seat=NH-U012",2022
33007,NH,NH-U001;NH-U003,-9.417,False,district_actual,False,"MEDSL SLERs 1967-2022 (contest-level), seat=NH-U001",2022
33009,NH,NH-U001;NH-U002;NH-U003;NH-U005;NH-U007,-9.231,False,district_actual,False,"MEDSL SLERs 1967-2022 (contest-level), seat=NH-U007",2022
33011,NH,NH-U007;NH-U008;NH-U009;NH-U010;NH-U012;NH-U013;NH-U014;NH-U016;NH-U020;NH-U022,-2.462,True,district_actual,False,"MEDSL SLERs 1967-2022 (contest-level), seat=NH-U012",2022
33013,NH,NH-U005;NH-U007;NH-U015;NH-U016;NH-U017,-6.769,False,district_actual,False,"MEDSL SLERs 1967-2022 (contest-level), seat=NH-U016",2022
33015,NH,NH-U014;NH-U016;NH-U017;NH-U019;NH-U021;NH-U022;NH-U023;NH-U024,-6.769,False,district_actual,False,"MEDSL SLERs 1967-2022 (contest-level), seat=NH-U016",2022
33017,NH,NH-U003;NH-U004;NH-U006;NH-U021,-11.58,False,district_actual,False,"MEDSL SLERs 1967-2022 (contest-level), seat=NH-U006",2022
33019,NH,NH-U005;NH-U008,-14.472,False,district_actual,False,"MEDSL SLERs 1967-2022 (contest-level), seat=NH-U008",2022
34001,NJ,,-3.03,False,presidential,False,county_scores.json margin_2024 (MIT/tonmcg presidential),2024
34003,NJ,,3.39,False,presidential,False,county_scores.json margin_2024 (MIT/tonmcg presidential),2024
34005,NJ,,16.63,False,presidential,False,county_scores.json margin_2024 (MIT/tonmcg presidential),2024
34007,NJ,,27.44,False,presidential,False,county_scores.json margin_2024 (MIT/tonmcg presidential),2024
34009,NJ,,-19.25,False,presidential,False,county_scores.json margin_2024 (MIT/tonmcg presidential),2024
34011,NJ,,-3.75,False,presidential,False,county_scores.json margin_2024 (MIT/tonmcg presidential),2024
34013,NJ,,44.91,False,presidential,False,county_scores.json margin_2024 (MIT/tonmcg presidential),2024
34015,NJ,,-2.8,True,presidential,False,county_scores.json margin_2024 (MIT/tonmcg presidential),2024
34017,NJ,,28.05,False,presidential,False,county_scores.json margin_2024 (MIT/tonmcg presidential),2024
34019,NJ,,-6.67,False,presidential,False,county_scores.json margin_2024 (MIT/tonmcg presidential),2024
34021,NJ,,33.86,False,presidential,False,county_scores.json margin_2024 (MIT/tonmcg presidential),2024
34023,NJ,,8.04,False,presidential,False,county_scores.json margin_2024 (MIT/tonmcg presidential),2024
34025,NJ,,-11.39,False,presidential,False,county_scores.json margin_2024 (MIT/tonmcg presidential),2024
34027,NJ,,-2.73,True,presidential,False,county_scores.json margin_2024 (MIT/tonmcg presidential),2024
34029,NJ,,-36.02,False,presidential,False,county_scores.json margin_2024 (MIT/tonmcg presidential),2024
34031,NJ,,-2.86,True,presidential,False,county_scores.json margin_2024 (MIT/tonmcg presidential),2024
34033,NJ,,-19.21,False,presidential,False,county_scores.json margin_2024 (MIT/tonmcg presidential),2024
34035,NJ,,13.92,False,presidential,False,county_scores.json margin_2024 (MIT/tonmcg presidential),2024
34037,NJ,,-24.94,False,presidential,False,county_scores.json margin_2024 (MIT/tonmcg presidential),2024
34039,NJ,,24.21,False,presidential,False,county_scores.json margin_2024 (MIT/tonmcg presidential),2024
34041,NJ,,-20.7,False,presidential,False,county_scores.json margin_2024 (MIT/tonmcg presidential),2024
35001,NM,NM-L010;NM-L011;NM-L012;NM-L013;NM-L014;NM-L015;NM-L016;NM-L017;NM-L018;NM-L019;NM-L020;NM-L021;NM-L022;NM-L024;NM-L025;NM-L026;NM-L027;NM-L028;NM-L029;NM-L030;NM-L031;NM-L068;NM-L069,0.32,True,district_actual,False,"MEDSL SLERs 1967-2022 (contest-level), seat=NM-L068",2022
35003,NM,NM-L039;NM-L049,-6.588,False,district_actual,False,"MEDSL SLERs 1967-2022 (contest-level), seat=NM-L039",2022
35005,NM,NM-L054;NM-L058;NM-L059;NM-L064;NM-L066,-67.341,False,district_actual,False,"MEDSL SLERs 1967-2022 (contest-level), seat=NM-L064",2022
35006,NM,NM-L006;NM-L069,25.334,False,district_actual,True,"MEDSL SLERs 1967-2022 (contest-level), seat=NM-L006",2022
35007,NM,NM-L040;NM-L067,45.545,False,district_actual,False,"MEDSL SLERs 1967-2022 (contest-level), seat=NM-L040",2022
35009,NM,NM-L063;NM-L064;NM-L067,-67.341,False,district_actual,False,"MEDSL SLERs 1967-2022 (contest-level), seat=NM-L064",2022
35011,NM,NM-L063,-100.0,False,district_actual,False,"MEDSL SLERs 1967-2022 (contest-level), seat=NM-L063",2022
35013,NM,NM-L032;NM-L033;NM-L034;NM-L035;NM-L036;NM-L037;NM-L052;NM-L053,0.311,True,district_actual,False,"MEDSL SLERs 1967-2022 (contest-level), seat=NM-L053",2022
35015,NM,NM-L054;NM-L055;NM-L066,-80.856,False,district_actual,False,"MEDSL SLERs 1967-2022 (contest-level), seat=NM-L066",2022
35017,NM,NM-L039,-6.588,False,district_actual,True,"MEDSL SLERs 1967-2022 (contest-level), seat=NM-L039",2022
35019,NM,NM-L063,-100.0,False,district_actual,False,"MEDSL SLERs 1967-2022 (contest-level), seat=NM-L063",2022
35021,NM,NM-L067,-100.0,False,district_actual,False,"MEDSL SLERs 1967-2022 (contest-level), seat=NM-L067",2022
35023,NM,NM-L032;NM-L039,-0.611,True,district_actual,False,"MEDSL SLERs 1967-2022 (contest-level), seat=NM-L032",2022
35025,NM,NM-L055;NM-L061;NM-L062;NM-L066,-80.856,False,district_actual,False,"MEDSL SLERs 1967-2022 (contest-level), seat=NM-L066",2022
35027,NM,NM-L056,-67.172,False,district_actual,False,"MEDSL SLERs 1967-2022 (contest-level), seat=NM-L056",2022
35028,NM,NM-L043,100.0,False,district_actual,False,"MEDSL SLERs 1967-2022 (contest-level), seat=NM-L043",2022
35029,NM,NM-L032,-0.611,True,district_actual,False,"MEDSL SLERs 1967-2022 (contest-level), seat=NM-L032",2022
35031,NM,NM-L005;NM-L006;NM-L009;NM-L069,25.334,False,district_actual,True,"MEDSL SLERs 1967-2022 (contest-level), seat=NM-L006",2022
35033,NM,NM-L040,45.545,False,district_actual,False,"MEDSL SLERs 1967-2022 (contest-level), seat=NM-L040",2022
35035,NM,NM-L051;NM-L053;NM-L054;NM-L056,0.311,True,district_actual,False,"MEDSL SLERs 1967-2022 (contest-level), seat=NM-L053",2022
35037,NM,NM-L067,-100.0,False,district_actual,False,"MEDSL SLERs 1967-2022 (contest-level), seat=NM-L067",2022
35039,NM,NM-L040;NM-L041;NM-L065,45.545,False,district_actual,False,"MEDSL SLERs 1967-2022 (contest-level), seat=NM-L040",2022
35041,NM,NM-L063;NM-L064,-67.341,False,district_actual,False,"MEDSL SLERs 1967-2022 (contest-level), seat=NM-L064",2022
35043,NM,NM-L023;NM-L041;NM-L043;NM-L044;NM-L050;NM-L057;NM-L060;NM-L065,2.044,True,district_actual,False,"MEDSL SLERs 1967-2022 (contest-level), seat=NM-L044",2022
35045,NM,NM-L001;NM-L002;NM-L003;NM-L004;NM-L005;NM-L065;NM-L069,-70.202,False,district_actual,False,"MEDSL SLERs 1967-2022 (contest-level), seat=NM-L002",2022
35047,NM,NM-L040;NM-L067;NM-L070,45.545,False,district_actual,False,"MEDSL SLERs 1967-2022 (contest-level), seat=NM-L040",2022
35049,NM,NM-L043;NM-L045;NM-L046;NM-L047;NM-L048;NM-L050,54.645,False,district_actual,False,"MEDSL SLERs 1967-2022 (contest-level), seat=NM-L046",2022
35051,NM,NM-L049,-100.0,False,district_actual,True,"MEDSL SLERs 1967-2022 (contest-level), seat=NM-L049",2022
35053,NM,NM-L049;NM-L069,-100.0,False,district_actual,True,"MEDSL SLERs 1967-2022 (contest-level), seat=NM-L049",2022
35055,NM,NM-L041;NM-L042,100.0,False,district_actual,False,"MEDSL SLERs 1967-2022 (contest-level), seat=NM-L041",2022
35057,NM,NM-L022;NM-L070,-12.284,False,district_actual,False,"MEDSL SLERs 1967-2022 (contest-level), seat=NM-L022",2022
35059,NM,NM-L067,-100.0,False,district_actual,False,"MEDSL SLERs 1967-2022 (contest-level), seat=NM-L067",2022
35061,NM,NM-L007;NM-L008;NM-L049;NM-L069,-15.05,False,district_actual,True,"MEDSL SLERs 1967-2022 (contest-level), seat=NM-L007",2022
36001,NY,NY-L102;NY-L107;NY-L108;NY-L109;NY-L110;NY-U043;NY-U046,-5.757,False,district_actual,False,"MEDSL SLERs 1967-2022 (contest-level), seat=NY-U043",2022
36003,NY,NY-L148;NY-U057;NY-U058,-46.136,False,district_actual,False,"MEDSL SLERs 1967-2022 (contest-level), seat=NY-U057",2022
36005,NY,NY-L077;NY-L078;NY-L079;NY-L080;NY-L081;NY-L082;NY-L083;NY-L084;NY-L085;NY-L086;NY-L087;NY-U029;NY-U031;NY-U032;NY-U033;NY-U034;NY-U036,30.435,False,district_actual,False,"MEDSL SLERs 1967-2022 (contest-level), seat=NY-U034",2022
36007,NY,NY-L121;NY-L123;NY-L124;NY-L131;NY-U051;NY-U052,2.276,True,district_actual,False,"MEDSL SLERs 1967-2022 (contest-level), seat=NY-U052",2022
36009,NY,NY-L148;NY-U057,-46.136,False,district_actual,False,"MEDSL SLERs 1967-2022 (contest-level), seat=NY-U057",2022
36011,NY,NY-L120;NY-L126;NY-L131;NY-U048,7.714,False,district_actual,False,"MEDSL SLERs 1967-2022 (contest-level), seat=NY-U048",2022
36013,NY,NY-L150;NY-U057,-44.486,False,district_actual,False,"MEDSL SLERs 1967-2022 (contest-level), seat=NY-L150",2022
36015,NY,NY-L124;NY-L132;NY-U058,-100.0,False,district_actual,False,"MEDSL SLERs 1967-2022 (contest-level), seat=NY-L124",2022
36017,NY,NY-L121;NY-L131;NY-U051;NY-U053,-24.756,False,district_actual,False,"MEDSL SLERs 1967-2022 (contest-level), seat=NY-U051",2022
36019,NY,NY-L115;NY-U045,-20.481,False,district_actual,False,"MEDSL SLERs 1967-2022 (contest-level), seat=NY-U045",2022
36021,NY,NY-L106;NY-L107;NY-U041,5.413,False,district_actual,False,"MEDSL SLERs 1967-2022 (contest-level), seat=NY-U041",2022
36023,NY,NY-L125;NY-L131;NY-U052,2.276,True,district_actual,False,"MEDSL SLERs 1967-2022 (contest-level), seat=NY-U052",2022
36025,NY,NY-L101;NY-L102;NY-L121;NY-U051,-24.597,False,district_actual,False,"MEDSL SLERs 1967-2022 (contest-level), seat=NY-L101",2022
36027,NY,NY-L103;NY-L104;NY-L105;NY-L106;NY-U039;NY-U041,5.413,False,district_actual,False,"MEDSL SLERs 1967-2022 (contest-level), seat=NY-U041",2022
36029,NY,NY-L139;NY-L140;NY-L141;NY-L142;NY-L144;NY-L145;NY-L146;NY-L147;NY-L149;NY-U060;NY-U061;NY-U063,6.127,False,district_actual,True,"MEDSL SLERs 1967-2022 (contest-level), seat=NY-L142",2022
36031,NY,NY-L114;NY-L115;NY-U045,-20.481,False,district_actual,False,"MEDSL SLERs 1967-2022 (contest-level), seat=NY-U045",2022
36033,NY,NY-L115;NY-U045,-20.481,False,district_actual,False,"MEDSL SLERs 1967-2022 (contest-level), seat=NY-U045",2022
36035,NY,NY-L112;NY-L114;NY-L118;NY-U049,-19.254,False,district_actual,False,"MEDSL SLERs 1967-2022 (contest-level), seat=NY-L112",2022
36037,NY,NY-L139;NY-U057,-46.136,False,district_actual,False,"MEDSL SLERs 1967-2022 (contest-level), seat=NY-U057",2022
36039,NY,NY-L102;NY-U041,5.413,False,district_actual,False,"MEDSL SLERs 1967-2022 (contest-level), seat=NY-U041",2022
36041,NY,NY-L118;NY-U049,-100.0,False,district_actual,False,"MEDSL SLERs 1967-2022 (contest-level), seat=NY-L118",2022
36043,NY,NY-L118;NY-L122;NY-U049;NY-U053,-29.25,False,district_actual,False,"MEDSL SLERs 1967-2022 (contest-level), seat=NY-L122",2022
36045,NY,NY-L116;NY-L117;NY-L120;NY-U049,-70.491,False,district_actual,False,"MEDSL SLERs 1967-2022 (contest-level), seat=NY-L116",2022
36047,NY,NY-L041;NY-L042;NY-L043;NY-L044;NY-L045;NY-L046;NY-L047;NY-L048;NY-L049;NY-L050;NY-L051;NY-L052;NY-L053;NY-L054;NY-L055;NY-L056;NY-L057;NY-L058;NY-L059;NY-L060;NY-U018;NY-U019;NY-U020;NY-U021;NY-U022;NY-U023;NY-U025;NY-U026;NY-U059,1.807,True,district_actual,True,"MEDSL SLERs 1967-2022 (contest-level), seat=NY-U023",2022
36049,NY,NY-L117;NY-U049,-100.0,False,district_actual,False,"MEDSL SLERs 1967-2022 (contest-level), seat=NY-L117",2022
36051,NY,NY-L133;NY-U054,-32.919,False,district_actual,False,"MEDSL SLERs 1967-2022 (contest-level), seat=NY-U054",2022
36053,NY,NY-L101;NY-L121;NY-L122;NY-L127;NY-L131;NY-U053,11.121,False,district_actual,False,"MEDSL SLERs 1967-2022 (contest-level), seat=NY-L127",2022
36055,NY,NY-L130;NY-L133;NY-L134;NY-L135;NY-L136;NY-L137;NY-L138;NY-L139;NY-U054;NY-U055;NY-U056;NY-U062,8.405,False,district_actual,False,"MEDSL SLERs 1967-2022 (contest-level), seat=NY-U056",2022
36057,NY,NY-L111;NY-L118;NY-U046,10.291,False,district_actual,False,"MEDSL SLERs 1967-2022 (contest-level), seat=NY-U046",2022
36059,NY,NY-L009;NY-L013;NY-L014;NY-L015;NY-L017;NY-L018;NY-L019;NY-L020;NY-L022;NY-U005;NY-U006;NY-U007;NY-U008;NY-U009,-6.379,False,district_actual,True,"MEDSL SLERs 1967-2022 (contest-level), seat=NY-U007",2022
36061,NY,NY-L061;NY-L065;NY-L066;NY-L067;NY-L068;NY-L069;NY-L070;NY-L071;NY-L072;NY-L073;NY-L074;NY-L075;NY-L076;NY-U027;NY-U028;NY-U029;NY-U030;NY-U031;NY-U047;NY-U059,47.423,False,district_actual,False,"MEDSL SLERs 1967-2022 (contest-level), seat=NY-L073",2022
36063,NY,NY-L140;NY-L144;NY-L145;NY-U062,17.862,False,district_actual,False,"MEDSL SLERs 1967-2022 (contest-level), seat=NY-L140",2022
36065,NY,NY-L117;NY-L118;NY-L119;NY-L122;NY-U053,12.592,False,district_actual,False,"MEDSL SLERs 1967-2022 (contest-level), seat=NY-L119",2022
36067,NY,NY-L126;NY-L127;NY-L128;NY-L129;NY-U048;NY-U050,0.008,True,district_actual,False,"MEDSL SLERs 1967-2022 (contest-level), seat=NY-U050",2022
36069,NY,NY-L131;NY-L133;NY-U054,-32.919,False,district_actual,False,"MEDSL SLERs 1967-2022 (contest-level), seat=NY-U054",2022
36071,NY,NY-L098;NY-L099;NY-L100;NY-L101;NY-L104;NY-U039;NY-U042,0.022,True,district_actual,False,"MEDSL SLERs 1967-2022 (contest-level), seat=NY-L099",2022
36073,NY,NY-L139;NY-U062,-53.825,False,district_actual,False,"MEDSL SLERs 1967-2022 (contest-level), seat=NY-L139",2022
36075,NY,NY-L120;NY-U049;NY-U050,0.008,True,district_actual,False,"MEDSL SLERs 1967-2022 (contest-level), seat=NY-U050",2022
36077,NY,NY-L101;NY-L102;NY-L121;NY-L122;NY-U051,-24.597,False,district_actual,False,"MEDSL SLERs 1967-2022 (contest-level), seat=NY-L101",2022
36079,NY,NY-L094;NY-L095;NY-U039;NY-U040,-6.152,False,district_actual,False,"MEDSL SLERs 1967-2022 (contest-level), seat=NY-U039",2022
36081,NY,NY-L023;NY-L024;NY-L025;NY-L026;NY-L027;NY-L028;NY-L029;NY-L030;NY-L031;NY-L032;NY-L033;NY-L034;NY-L035;NY-L036;NY-L037;NY-L038;NY-L039;NY-L040;NY-U010;NY-U011;NY-U012;NY-U013;NY-U014;NY-U015;NY-U016;NY-U059,0.046,True,district_actual,False,"MEDSL SLERs 1967-2022 (contest-level), seat=NY-L023",2022
36083,NY,NY-L107;NY-L108;NY-U043,-5.757,False,district_actual,False,"MEDSL SLERs 1967-2022 (contest-level), seat=NY-U043",2022
36085,NY,NY-L061;NY-L062;NY-L063;NY-L064;NY-U023;NY-U024,1.807,True,district_actual,False,"MEDSL SLERs 1967-2022 (contest-level), seat=NY-U023",2022
36087,NY,NY-L096;NY-L098;NY-L099;NY-U038;NY-U040,0.022,True,district_actual,False,"MEDSL SLERs 1967-2022 (contest-level), seat=NY-L099",2022
36089,NY,NY-L116;NY-L117;NY-U045;NY-U049,-20.481,False,district_actual,False,"MEDSL SLERs 1967-2022 (contest-level), seat=NY-U045",2022
36091,NY,NY-L108;NY-L112;NY-L113;NY-L114;NY-U044,6.095,False,district_actual,False,"MEDSL SLERs 1967-2022 (contest-level), seat=NY-L113",2022
36093,NY,NY-L110;NY-L111;NY-L112;NY-U044;NY-U046,10.291,False,district_actual,False,"MEDSL SLERs 1967-2022 (contest-level), seat=NY-U046",2022
36095,NY,NY-L102;NY-U051,-24.756,False,district_actual,False,"MEDSL SLERs 1967-2022 (contest-level), seat=NY-U051",2022
36097,NY,NY-L132;NY-U058,-100.0,False,district_actual,False,"MEDSL SLERs 1967-2022 (contest-level), seat=NY-L132",2022
36099,NY,NY-L131;NY-L132;NY-U058,-100.0,False,district_actual,False,"MEDSL SLERs 1967-2022 (contest-level), seat=NY-L131",2022
36101,NY,NY-L132;NY-L133;NY-L148;NY-U058,-34.997,False,district_actual,False,"MEDSL SLERs 1967-2022 (contest-level), seat=NY-L133",2022
36103,NY,NY-L001;NY-L002;NY-L003;NY-L005;NY-L006;NY-L007;NY-L008;NY-L009;NY-L010;NY-L011;NY-L012;NY-U001;NY-U002;NY-U003;NY-U004;NY-U008,0.782,True,district_actual,False,"MEDSL SLERs 1967-2022 (contest-level), seat=NY-L011",2022
36105,NY,NY-L100;NY-L101;NY-L121;NY-U051,13.247,False,district_actual,False,"MEDSL SLERs 1967-2022 (contest-level), seat=NY-L100",2022
36107,NY,NY-L124;NY-U058,-100.0,False,district_actual,False,"MEDSL SLERs 1967-2022 (contest-level), seat=NY-L124",2022
36109,NY,NY-L125;NY-U052,2.276,True,district_actual,False,"MEDSL SLERs 1967-2022 (contest-level), seat=NY-U052",2022
36111,NY,NY-L101;NY-L102;NY-L103;NY-L104;NY-U041;NY-U051,5.413,False,district_actual,False,"MEDSL SLERs 1967-2022 (contest-level), seat=NY-U041",2022
36113,NY,NY-L113;NY-L114;NY-U045,6.095,False,district_actual,False,"MEDSL SLERs 1967-2022 (contest-level), seat=NY-L113",2022
36115,NY,NY-L107;NY-L113;NY-L114;NY-U043;NY-U045,-5.757,False,district_actual,False,"MEDSL SLERs 1967-2022 (contest-level), seat=NY-U043",2022
36117,NY,NY-L130;NY-U054,-31.785,False,district_actual,False,"MEDSL SLERs 1967-2022 (contest-level), seat=NY-L130",2022
36119,NY,NY-L088;NY-L089;NY-L090;NY-L091;NY-L092;NY-L093;NY-L094;NY-L095;NY-U034;NY-U035;NY-U036;NY-U037;NY-U040,5.531,False,district_actual,False,"MEDSL SLERs 1967-2022 (contest-level), seat=NY-L090",2022
36121,NY,NY-L133;NY-L147;NY-U057,-34.997,False,district_actual,False,"MEDSL SLERs 1967-2022 (contest-level), seat=NY-L133",2022
36123,NY,NY-L132;NY-U058,-100.0,False,district_actual,False,"MEDSL SLERs 1967-2022 (contest-level), seat=NY-L132",2022
37001,NC,NC-L063;NC-L064;NC-U025,-2.152,True,district_actual,False,"MEDSL SLERs 1967-2022 (contest-level), seat=NC-L063",2022
37003,NC,NC-L094;NC-U036,-60.133,False,district_actual,False,"MEDSL SLERs 1967-2022 (contest-level), seat=NC-L094",2022
37005,NC,NC-L093;NC-U047,-16.799,False,district_actual,False,"MEDSL SLERs 1967-2022 (contest-level), seat=NC-L093",2022
37007,NC,NC-L055;NC-U029,-46.09,False,district_actual,False,"MEDSL SLERs 1967-2022 (contest-level), seat=NC-U029",2022
37009,NC,NC-L093;NC-U047,-16.799,False,district_actual,False,"MEDSL SLERs 1967-2022 (contest-level), seat=NC-L093",2022
37011,NC,NC-L085;NC-U047,-49.18,False,district_actual,False,"MEDSL SLERs 1967-2022 (contest-level), seat=NC-L085",2022
37013,NC,NC-L079;NC-U002,-100.0,False,district_actual,False,"MEDSL SLERs 1967-2022 (contest-level), seat=NC-L079",2022
37015,NC,NC-L023;NC-U003,-5.067,False,district_actual,False,"MEDSL SLERs 1967-2022 (contest-level), seat=NC-U003",2022
37017,NC,NC-L022;NC-U009,-100.0,False,district_actual,False,"MEDSL SLERs 1967-2022 (contest-level), seat=NC-L022",2022
37019,NC,NC-L017;NC-L019;NC-U008,-24.575,False,district_actual,False,"MEDSL SLERs 1967-2022 (contest-level), seat=NC-L017",2022
37021,NC,NC-L114;NC-L115;NC-L116;NC-U046;NC-U049,15.145,False,district_actual,False,"MEDSL SLERs 1967-2022 (contest-level), seat=NC-L115",2022
37023,NC,NC-L086;NC-U046,-20.497,False,district_actual,False,"MEDSL SLERs 1967-2022 (contest-level), seat=NC-U046",2022
37025,NC,NC-L082;NC-L083;NC-U034;NC-U035,-13.809,False,district_actual,True,"MEDSL SLERs 1967-2022 (contest-level), seat=NC-U034",2022
37027,NC,NC-L087;NC-U045;NC-U047,-52.411,False,district_actual,False,"MEDSL SLERs 1967-2022 (contest-level), seat=NC-L087",2022
37029,NC,NC-L005;NC-U003,-5.067,False,district_actual,False,"MEDSL SLERs 1967-2022 (contest-level), seat=NC-U003",2022
37031,NC,NC-L013;NC-U001,-42.644,False,district_actual,False,"MEDSL SLERs 1967-2022 (contest-level), seat=NC-L013",2022
37033,NC,NC-L050;NC-U023,18.907,False,district_actual,False,"MEDSL SLERs 1967-2022 (contest-level), seat=NC-L050",2022
37035,NC,NC-L089;NC-L096;NC-U045,-100.0,False,district_actual,False,"MEDSL SLERs 1967-2022 (contest-level), seat=NC-L089",2022
37037,NC,NC-L054;NC-U020,10.579,False,district_actual,False,"MEDSL SLERs 1967-2022 (contest-level), seat=NC-L054",2022
37039,NC,NC-L120;NC-U050,-32.473,False,district_actual,False,"MEDSL SLERs 1967-2022 (contest-level), seat=NC-U050",2022
37041,NC,NC-L001;NC-U001,-100.0,False,district_actual,False,"MEDSL SLERs 1967-2022 (contest-level), seat=NC-L001",2022
37043,NC,NC-L120;NC-U050,-32.473,False,district_actual,False,"MEDSL SLERs 1967-2022 (contest-level), seat=NC-U050",2022
37045,NC,NC-L110;NC-L111;NC-U044,-100.0,False,district_actual,False,"MEDSL SLERs 1967-2022 (contest-level), seat=NC-L110",2022
37047,NC,NC-L046;NC-U008,-100.0,False,district_actual,False,"MEDSL SLERs 1967-2022 (contest-level), seat=NC-L046",2022
37049,NC,NC-L003;NC-L013;NC-U002,-42.644,False,district_actual,False,"MEDSL SLERs 1967-2022 (contest-level), seat=NC-L013",2022
37051,NC,NC-L042;NC-L043;NC-L044;NC-L045;NC-U019;NC-U021,5.405,False,district_actual,False,"MEDSL SLERs 1967-2022 (contest-level), seat=NC-U019",2022
37053,NC,NC-L001;NC-U003,-5.067,False,district_actual,False,"MEDSL SLERs 1967-2022 (contest-level), seat=NC-U003",2022
37055,NC,NC-L001;NC-L079;NC-U001,-100.0,False,district_actual,False,"MEDSL SLERs 1967-2022 (contest-level), seat=NC-L001",2022
37057,NC,NC-L080;NC-L081;NC-U030,-48.453,False,district_actual,False,"MEDSL SLERs 1967-2022 (contest-level), seat=NC-L081",2022
37059,NC,NC-L077;NC-U030,-53.201,False,district_actual,False,"MEDSL SLERs 1967-2022 (contest-level), seat=NC-U030",2022
37061,NC,NC-L004;NC-U009,-33.163,False,district_actual,False,"MEDSL SLERs 1967-2022 (contest-level), seat=NC-L004",2022
37063,NC,NC-L002;NC-L029;NC-L030;NC-L031;NC-U020;NC-U022,11.361,False,district_actual,False,"MEDSL SLERs 1967-2022 (contest-level), seat=NC-L002",2022
37065,NC,NC-L023;NC-U005,4.465,False,district_actual,False,"MEDSL SLERs 1967-2022 (contest-level), seat=NC-U005",2022
37067,NC,NC-L071;NC-L072;NC-L074;NC-L075;NC-L091;NC-U031;NC-U032,-4.731,False,district_actual,False,"MEDSL SLERs 1967-2022 (contest-level), seat=NC-L074",2022
37069,NC,NC-L007;NC-U011,-9.69,False,district_actual,False,"MEDSL SLERs 1967-2022 (contest-level), seat=NC-U011",2022
37071,NC,NC-L108;NC-L109;NC-L110;NC-U043;NC-U044,-21.598,False,district_actual,False,"MEDSL SLERs 1967-2022 (contest-level), seat=NC-L109",2022
37073,NC,NC-L005;NC-U003,-5.067,False,district_actual,False,"MEDSL SLERs 1967-2022 (contest-level), seat=NC-U003",2022
37075,NC,NC-L120;NC-U050,-32.473,False,district_actual,False,"MEDSL SLERs 1967-2022 (contest-level), seat=NC-U050",2022
37077,NC,NC-L007;NC-U018,5.534,False,district_actual,True,"MEDSL SLERs 1967-2022 (contest-level), seat=NC-U018",2022
37079,NC,NC-L012;NC-U004,-15.027,False,district_actual,False,"MEDSL SLERs 1967-2022 (contest-level), seat=NC-U004",2022
37081,NC,NC-L057;NC-L058;NC-L059;NC-L060;NC-L061;NC-L062;NC-U026;NC-U027;NC-U028,-4.312,False,district_actual,False,"MEDSL SLERs 1967-2022 (contest-level), seat=NC-L062",2022
37083,NC,NC-L027;NC-U003,-5.067,False,district_actual,False,"MEDSL SLERs 1967-2022 (contest-level), seat=NC-U003",2022
37085,NC,NC-L006;NC-L053;NC-U012,-21.289,False,district_actual,False,"MEDSL SLERs 1967-2022 (contest-level), seat=NC-L006",2022
37087,NC,NC-L118;NC-U047;NC-U050,-20.562,False,district_actual,False,"MEDSL SLERs 1967-2022 (contest-level), seat=NC-L118",2022
37089,NC,NC-L113;NC-L117;NC-U048,-17.919,False,district_actual,False,"MEDSL SLERs 1967-2022 (contest-level), seat=NC-L117",2022
37091,NC,NC-L005;NC-U003,-5.067,False,district_actual,False,"MEDSL SLERs 1967-2022 (contest-level), seat=NC-U003",2022
37093,NC,NC-L048;NC-U024,7.035,False,district_actual,False,"MEDSL SLERs 1967-2022 (contest-level), seat=NC-L048",2022
37095,NC,NC-L079;NC-U001,-100.0,False,district_actual,False,"MEDSL SLERs 1967-2022 (contest-level), seat=NC-L079",2022
37097,NC,NC-L084;NC-L089;NC-L095;NC-U037,-34.963,False,district_actual,False,"MEDSL SLERs 1967-2022 (contest-level), seat=NC-L095",2022
37099,NC,NC-L119;NC-U050,-7.801,False,district_actual,False,"MEDSL SLERs 1967-2022 (contest-level), seat=NC-L119",2022
37101,NC,NC-L026;NC-L028;NC-L053;NC-U010,-18.364,False,district_actual,False,"MEDSL SLERs 1967-2022 (contest-level), seat=NC-L026",2022
37103,NC,NC-L012;NC-U009,-22.842,False,district_actual,False,"MEDSL SLERs 1967-2022 (contest-level), seat=NC-L012",2022
37105,NC,NC-L051;NC-U012,-26.897,False,district_actual,False,"MEDSL SLERs 1967-2022 (contest-level), seat=NC-U012",2022
37107,NC,NC-L012;NC-U002,-22.842,False,district_actual,False,"MEDSL SLERs 1967-2022 (contest-level), seat=NC-L012",2022
37109,NC,NC-L097;NC-U044,-100.0,False,district_actual,False,"MEDSL SLERs 1967-2022 (contest-level), seat=NC-L097",2022
37111,NC,NC-L085;NC-L113;NC-U046,-20.497,False,district_actual,False,"MEDSL SLERs 1967-2022 (contest-level), seat=NC-U046",2022
37113,NC,NC-L120;NC-U050,-32.473,False,district_actual,False,"MEDSL SLERs 1967-2022 (contest-level), seat=NC-U050",2022
37115,NC,NC-L118;NC-U047,-20.562,False,district_actual,False,"MEDSL SLERs 1967-2022 (contest-level), seat=NC-L118",2022
37117,NC,NC-L023;NC-U003,-5.067,False,district_actual,False,"MEDSL SLERs 1967-2022 (contest-level), seat=NC-U003",2022
37119,NC,NC-L088;NC-L092;NC-L099;NC-L100;NC-L101;NC-L102;NC-L103;NC-L104;NC-L106;NC-L107;NC-L112;NC-U037;NC-U038;NC-U039;NC-U040;NC-U041;NC-U042,4.951,False,district_actual,True,"MEDSL SLERs 1967-2022 (contest-level), seat=NC-L103",2022
37121,NC,NC-L085;NC-U047,-49.18,False,district_actual,False,"MEDSL SLERs 1967-2022 (contest-level), seat=NC-L085",2022
37123,NC,NC-L067;NC-U029,-46.09,False,district_actual,False,"MEDSL SLERs 1967-2022 (contest-level), seat=NC-U029",2022
37125,NC,NC-L051;NC-L052;NC-L078;NC-U021,-9.269,False,district_actual,False,"MEDSL SLERs 1967-2022 (contest-level), seat=NC-U021",2022
37127,NC,NC-L025;NC-U011,-8.401,False,district_actual,False,"MEDSL SLERs 1967-2022 (contest-level), seat=NC-L025",2022
37129,NC,NC-L018;NC-L019;NC-L020;NC-U007;NC-U008,-1.941,True,district_actual,False,"MEDSL SLERs 1967-2022 (contest-level), seat=NC-U007",2022
37131,NC,NC-L027;NC-U003,-5.067,False,district_actual,False,"MEDSL SLERs 1967-2022 (contest-level), seat=NC-U003",2022
37133,NC,NC-L014;NC-L015;NC-L016;NC-U006,-32.415,False,district_actual,False,"MEDSL SLERs 1967-2022 (contest-level), seat=NC-L014",2022
37135,NC,NC-L050;NC-L056;NC-U023,18.907,False,district_actual,False,"MEDSL SLERs 1967-2022 (contest-level), seat=NC-L050",2022
37137,NC,NC-L079;NC-U001,-100.0,False,district_actual,False,"MEDSL SLERs 1967-2022 (contest-level), seat=NC-L079",2022
37139,NC,NC-L005;NC-U001,-7.656,False,district_actual,False,"MEDSL SLERs 1967-2022 (contest-level), seat=NC-L005",2022
37141,NC,NC-L016;NC-U009,-100.0,False,district_actual,False,"MEDSL SLERs 1967-2022 (contest-level), seat=NC-L016",2022
37143,NC,NC-L001;NC-U001,-100.0,False,district_actual,False,"MEDSL SLERs 1967-2022 (contest-level), seat=NC-L001",2022
37145,NC,NC-L002;NC-U023,11.361,False,district_actual,False,"MEDSL SLERs 1967-2022 (contest-level), seat=NC-L002",2022
37147,NC,NC-L008;NC-L009;NC-U005,-1.177,True,district_actual,False,"MEDSL SLERs 1967-2022 (contest-level), seat=NC-L009",2022
37149,NC,NC-L113;NC-U048,-29.582,False,district_actual,False,"MEDSL SLERs 1967-2022 (contest-level), seat=NC-U048",2022
37151,NC,NC-L054;NC-L070;NC-L078;NC-U025;NC-U029,10.579,False,district_actual,False,"MEDSL SLERs 1967-2022 (contest-level), seat=NC-L054",2022
37153,NC,NC-L052;NC-U029,-46.09,False,district_actual,False,"MEDSL SLERs 1967-2022 (contest-level), seat=NC-U029",2022
37155,NC,NC-L046;NC-L047;NC-U024,-16.649,False,district_actual,False,"MEDSL SLERs 1967-2022 (contest-level), seat=NC-U024",2022
37157,NC,NC-L065;NC-U026,-34.314,False,district_actual,False,"MEDSL SLERs 1967-2022 (contest-level), seat=NC-L065",2022
37159,NC,NC-L076;NC-L077;NC-L083;NC-U033,-46.536,False,district_actual,False,"MEDSL SLERs 1967-2022 (contest-level), seat=NC-U033",2022
37161,NC,NC-L111;NC-L113;NC-U048,-29.582,False,district_actual,False,"MEDSL SLERs 1967-2022 (contest-level), seat=NC-U048",2022
37163,NC,NC-L022;NC-U009;NC-U012,-26.897,False,district_actual,False,"MEDSL SLERs 1967-2022 (contest-level), seat=NC-U012",2022
37165,NC,NC-L048;NC-U024,7.035,False,district_actual,False,"MEDSL SLERs 1967-2022 (contest-level), seat=NC-L048",2022
37167,NC,NC-L067;NC-U033,-46.536,False,district_actual,False,"MEDSL SLERs 1967-2022 (contest-level), seat=NC-U033",2022
37169,NC,NC-L091;NC-U031,-100.0,False,district_actual,False,"MEDSL SLERs 1967-2022 (contest-level), seat=NC-L091",2022
37171,NC,NC-L090;NC-U036,-100.0,False,district_actual,False,"MEDSL SLERs 1967-2022 (contest-level), seat=NC-L090",2022
37173,NC,NC-L119;NC-U050,-7.801,False,district_actual,False,"MEDSL SLERs 1967-2022 (contest-level), seat=NC-L119",2022
37175,NC,NC-L119;NC-U050,-7.801,False,district_actual,False,"MEDSL SLERs 1967-2022 (contest-level), seat=NC-L119",2022
37177,NC,NC-L001;NC-U003,-5.067,False,district_actual,False,"MEDSL SLERs 1967-2022 (contest-level), seat=NC-U003",2022
37179,NC,NC-L055;NC-L068;NC-L069;NC-U029;NC-U035,-33.175,False,district_actual,False,"MEDSL SLERs 1967-2022 (contest-level), seat=NC-L069",2022
37181,NC,NC-U011,-9.69,False,district_actual,True,"MEDSL SLERs 1967-2022 (contest-level), seat=NC-U011",2022
37183,NC,NC-L011;NC-L021;NC-L033;NC-L034;NC-L036;NC-L037;NC-L038;NC-L039;NC-L040;NC-L041;NC-L049;NC-L066;NC-U013;NC-U014;NC-U015;NC-U016;NC-U017;NC-U018,5.534,False,district_actual,False,"MEDSL SLERs 1967-2022 (contest-level), seat=NC-U018",2022
37185,NC,NC-L027;NC-U003,-5.067,False,district_actual,False,"MEDSL SLERs 1967-2022 (contest-level), seat=NC-U003",2022
37187,NC,NC-L001;NC-U001,-100.0,False,district_actual,False,"MEDSL SLERs 1967-2022 (contest-level), seat=NC-L001",2022
37189,NC,NC-L087;NC-L093;NC-U047,-16.799,False,district_actual,False,"MEDSL SLERs 1967-2022 (contest-level), seat=NC-L093",2022
37191,NC,NC-L004;NC-L010;NC-U004,-15.027,False,district_actual,False,"MEDSL SLERs 1967-2022 (contest-level), seat=NC-U004",2022
37193,NC,NC-L090;NC-L094;NC-U036,-60.133,False,district_actual,False,"MEDSL SLERs 1967-2022 (contest-level), seat=NC-L094",2022
37195,NC,NC-U004,-15.027,False,district_actual,True,"MEDSL SLERs 1967-2022 (contest-level), seat=NC-U004",2022
37197,NC,NC-L077;NC-U036,-100.0,False,district_actual,False,"MEDSL SLERs 1967-2022 (contest-level), seat=NC-L077",2022
37199,NC,NC-L085;NC-U047,-49.18,False,district_actual,False,"MEDSL SLERs 1967-2022 (contest-level), seat=NC-L085",2022
38001,ND,ND-L039;ND-U039,-70.567,False,district_actual,False,"MEDSL SLERs 1967-2022 (contest-level), seat=ND-U039",2022
38003,ND,ND-L024,-51.878,False,district_actual,False,"MEDSL SLERs 1967-2022 (contest-level), seat=ND-L024",2022
38005,ND,ND-L015;ND-U015,-31.803,False,district_actual,False,"MEDSL SLERs 1967-2022 (contest-level), seat=ND-U015",2022
38007,ND,ND-L039;ND-U039,-70.567,False,district_actual,False,"MEDSL SLERs 1967-2022 (contest-level), seat=ND-U039",2022
38009,ND,ND-U006,-79.454,False,district_actual,False,"MEDSL SLERs 1967-2022 (contest-level), seat=ND-U006",2022
38011,ND,ND-L039;ND-U039,-70.567,False,district_actual,False,"MEDSL SLERs 1967-2022 (contest-level), seat=ND-U039",2022
38013,ND,ND-L002;ND-U002,-100.0,False,district_actual,False,"MEDSL SLERs 1967-2022 (contest-level), seat=ND-L002 (pre-2022 map)",2020
38015,ND,ND-L007;ND-L008;ND-L035;ND-L047;ND-U007;ND-U008;ND-U035;ND-U047,-20.463,False,district_actual,False,"MEDSL SLERs 1967-2022 (contest-level), seat=ND-U035",2022
38017,ND,ND-L011;ND-L013;ND-L021;ND-L027;ND-L041;ND-L044;ND-L045;ND-U010;ND-U011;ND-U013;ND-U021;ND-U027;ND-U041;ND-U044;ND-U045,1.58,True,district_actual,False,"MEDSL SLERs 1967-2022 (contest-level), seat=ND-U010",2022
38019,ND,ND-L019;ND-U019,-51.675,False,district_actual,True,"MEDSL SLERs 1967-2022 (contest-level), seat=ND-U019",2022
38021,ND,ND-L028;ND-U028,-66.178,False,district_actual,False,"MEDSL SLERs 1967-2022 (contest-level), seat=ND-L028",2022
38023,ND,ND-L002;ND-U002,-100.0,False,district_actual,False,"MEDSL SLERs 1967-2022 (contest-level), seat=ND-L002 (pre-2022 map)",2020
38025,ND,ND-L026;ND-L036;ND-L039;ND-U026;ND-U036;ND-U039,-70.567,False,district_actual,False,"MEDSL SLERs 1967-2022 (contest-level), seat=ND-U039",2022
38027,ND,ND-L015;ND-U015,-31.803,False,district_actual,False,"MEDSL SLERs 1967-2022 (contest-level), seat=ND-U015",2022
38029,ND,ND-L008;ND-U008,-100.0,False,district_actual,False,"MEDSL SLERs 1967-2022 (contest-level), seat=ND-L008",2022
38031,ND,ND-L029;ND-U029,-46.015,False,district_actual,False,"MEDSL SLERs 1967-2022 (contest-level), seat=ND-U029",2022
38033,ND,ND-L039;ND-U039,-70.567,False,district_actual,False,"MEDSL SLERs 1967-2022 (contest-level), seat=ND-U039",2022
38035,ND,ND-L017;ND-L020;ND-L043;ND-U017;ND-U020;ND-U043,1.329,True,district_actual,False,"MEDSL SLERs 1967-2022 (contest-level), seat=ND-L043",2022
38037,ND,ND-L031;ND-U031,-65.991,False,district_actual,False,"MEDSL SLERs 1967-2022 (contest-level), seat=ND-L031",2022
38039,ND,ND-L029;ND-U029,-46.015,False,district_actual,False,"MEDSL SLERs 1967-2022 (contest-level), seat=ND-U029",2022
38041,ND,ND-L031;ND-L039;ND-U031;ND-U039,-65.991,False,district_actual,False,"MEDSL SLERs 1967-2022 (contest-level), seat=ND-L031",2022
38043,ND,ND-L014;ND-U014,-53.705,False,district_actual,False,"MEDSL SLERs 1967-2022 (contest-level), seat=ND-L014 (pre-2022 map)",2020
38045,ND,ND-L028;ND-U028,-66.178,False,district_actual,False,"MEDSL SLERs 1967-2022 (contest-level), seat=ND-L028",2022
38047,ND,ND-L028;ND-U028,-66.178,False,district_actual,False,"MEDSL SLERs 1967-2022 (contest-level), seat=ND-L028",2022
38049,ND,ND-U006,-79.454,False,district_actual,False,"MEDSL SLERs 1967-2022 (contest-level), seat=ND-U006",2022
38051,ND,ND-L028;ND-U028,-66.178,False,district_actual,False,"MEDSL SLERs 1967-2022 (contest-level), seat=ND-L028",2022
38053,ND,ND-L026;ND-U026,-100.0,False,district_actual,False,"MEDSL SLERs 1967-2022 (contest-level), seat=ND-L026",2022
38055,ND,ND-L008;ND-L033;ND-U006;ND-U008;ND-U033,-79.454,False,district_actual,False,"MEDSL SLERs 1967-2022 (contest-level), seat=ND-U006",2022
38057,ND,ND-L033;ND-U033,-100.0,False,district_actual,False,"MEDSL SLERs 1967-2022 (contest-level), seat=ND-L033",2022
38059,ND,ND-L031;ND-L033;ND-L036;ND-U031;ND-U033;ND-U036,-65.991,False,district_actual,False,"MEDSL SLERs 1967-2022 (contest-level), seat=ND-L031",2022
38061,ND,ND-L002;ND-U002;ND-U004,-35.649,False,district_actual,False,"MEDSL SLERs 1967-2022 (contest-level), seat=ND-U004 (pre-2022 map)",2020
38063,ND,ND-L029;ND-U029,-46.015,False,district_actual,False,"MEDSL SLERs 1967-2022 (contest-level), seat=ND-U029",2022
38065,ND,ND-L033;ND-U033,-100.0,False,district_actual,False,"MEDSL SLERs 1967-2022 (contest-level), seat=ND-L033",2022
38067,ND,ND-L019;ND-U019,-51.675,False,district_actual,False,"MEDSL SLERs 1967-2022 (contest-level), seat=ND-U019",2022
38069,ND,ND-L014;ND-U014,-53.705,False,district_actual,False,"MEDSL SLERs 1967-2022 (contest-level), seat=ND-L014 (pre-2022 map)",2020
38071,ND,ND-L015;ND-U015,-31.803,False,district_actual,False,"MEDSL SLERs 1967-2022 (contest-level), seat=ND-U015",2022
38073,ND,ND-L024,-51.878,False,district_actual,False,"MEDSL SLERs 1967-2022 (contest-level), seat=ND-L024",2022
38075,ND,ND-U006,-79.454,False,district_actual,False,"MEDSL SLERs 1967-2022 (contest-level), seat=ND-U006",2022
38077,ND,ND-L025;ND-U025,-27.041,False,district_actual,False,"MEDSL SLERs 1967-2022 (contest-level), seat=ND-U025",2022
38079,ND,,28.08,False,presidential,True,county_scores.json margin_2024 (MIT/tonmcg presidential),2024
38081,ND,ND-L025;ND-L028;ND-U025;ND-U028,-27.041,False,district_actual,False,"MEDSL SLERs 1967-2022 (contest-level), seat=ND-U025",2022
38083,ND,ND-L014;ND-U014,-53.705,False,district_actual,False,"MEDSL SLERs 1967-2022 (contest-level), seat=ND-L014 (pre-2022 map)",2020
38085,ND,ND-L031;ND-U031,-65.991,False,district_actual,False,"MEDSL SLERs 1967-2022 (contest-level), seat=ND-L031",2022
38087,ND,ND-L039;ND-U039,-70.567,False,district_actual,False,"MEDSL SLERs 1967-2022 (contest-level), seat=ND-U039",2022
38089,ND,ND-L036;ND-L037;ND-L039;ND-U036;ND-U037;ND-U039,-70.567,False,district_actual,False,"MEDSL SLERs 1967-2022 (contest-level), seat=ND-U039",2022
38091,ND,ND-L029;ND-U029,-46.015,False,district_actual,False,"MEDSL SLERs 1967-2022 (contest-level), seat=ND-U029",2022
38093,ND,ND-L029;ND-U029,-46.015,False,district_actual,False,"MEDSL SLERs 1967-2022 (contest-level), seat=ND-U029",2022
38095,ND,ND-L015;ND-U015,-31.803,False,district_actual,True,"MEDSL SLERs 1967-2022 (contest-level), seat=ND-U015",2022
38097,ND,ND-L020;ND-U020,-42.47,False,district_actual,False,"MEDSL SLERs 1967-2022 (contest-level), seat=ND-U020",2022
38099,ND,ND-L019;ND-L020;ND-U019;ND-U020,-42.47,False,district_actual,False,"MEDSL SLERs 1967-2022 (contest-level), seat=ND-U020",2022
38101,ND,ND-L003;ND-L005;ND-U003;ND-U005;ND-U006,-63.256,False,district_actual,False,"MEDSL SLERs 1967-2022 (contest-level), seat=ND-L003",2022
38103,ND,ND-L014;ND-U014,-53.705,False,district_actual,False,"MEDSL SLERs 1967-2022 (contest-level), seat=ND-L014 (pre-2022 map)",2020
38105,ND,ND-L001;ND-L023;ND-U001;ND-U023,-100.0,False,district_actual,False,"MEDSL SLERs 1967-2022 (contest-level), seat=ND-L001",2022
39001,OH,OH-L090,-51.104,False,district_actual,False,"MEDSL SLERs 1967-2022 (contest-level), seat=OH-L090",2022
39003,OH,OH-L078,-100.0,False,district_actual,False,"MEDSL SLERs 1967-2022 (contest-level), seat=OH-L078",2022
39005,OH,OH-L067,-40.464,False,district_actual,False,"MEDSL SLERs 1967-2022 (contest-level), seat=OH-L067",2022
39007,OH,OH-L065;OH-L099,-20.785,False,district_actual,False,"MEDSL SLERs 1967-2022 (contest-level), seat=OH-L099",2022
39009,OH,OH-L094,-20.714,False,district_actual,False,"MEDSL SLERs 1967-2022 (contest-level), seat=OH-L094",2022
39011,OH,OH-L078;OH-L084,-64.787,False,district_actual,False,"MEDSL SLERs 1967-2022 (contest-level), seat=OH-L084",2022
39013,OH,OH-L095;OH-L096,-42.522,False,district_actual,False,"MEDSL SLERs 1967-2022 (contest-level), seat=OH-L096",2022
39015,OH,OH-L063;OH-L090,-51.104,False,district_actual,False,"MEDSL SLERs 1967-2022 (contest-level), seat=OH-L090",2022
39017,OH,OH-L040;OH-L045;OH-L046;OH-L047;OH-U005,-27.87,False,district_actual,False,"MEDSL SLERs 1967-2022 (contest-level), seat=OH-L045",2022
39019,OH,OH-L079;OH-U033,-32.19,False,district_actual,False,"MEDSL SLERs 1967-2022 (contest-level), seat=OH-U033",2022
39021,OH,OH-L085,-100.0,False,district_actual,False,"MEDSL SLERs 1967-2022 (contest-level), seat=OH-L085",2022
39023,OH,OH-L071;OH-L074,-26.534,False,district_actual,False,"MEDSL SLERs 1967-2022 (contest-level), seat=OH-L074",2022
39025,OH,OH-L062;OH-L063,-28.357,False,district_actual,False,"MEDSL SLERs 1967-2022 (contest-level), seat=OH-L062",2022
39027,OH,OH-L071,-42.25,False,district_actual,False,"MEDSL SLERs 1967-2022 (contest-level), seat=OH-L071",2022
39029,OH,OH-L079;OH-U033,-32.19,False,district_actual,False,"MEDSL SLERs 1967-2022 (contest-level), seat=OH-U033",2022
39031,OH,OH-L098;OH-U019,-25.904,False,district_actual,False,"MEDSL SLERs 1967-2022 (contest-level), seat=OH-U019",2022
39033,OH,OH-L087,-100.0,False,district_actual,False,"MEDSL SLERs 1967-2022 (contest-level), seat=OH-L087",2022
39035,OH,OH-L013;OH-L014;OH-L015;OH-L016;OH-L017;OH-L018;OH-L019;OH-L020;OH-L021;OH-L022;OH-U021;OH-U023,-10.201,False,district_actual,False,"MEDSL SLERs 1967-2022 (contest-level), seat=OH-L017",2022
39037,OH,OH-L080;OH-L084;OH-U005,-64.787,False,district_actual,False,"MEDSL SLERs 1967-2022 (contest-level), seat=OH-L084",2022
39039,OH,OH-L081;OH-L082;OH-U001,-58.9,False,district_actual,False,"MEDSL SLERs 1967-2022 (contest-level), seat=OH-L082",2022
39041,OH,OH-L060;OH-L061;OH-U019,-17.406,False,district_actual,False,"MEDSL SLERs 1967-2022 (contest-level), seat=OH-L061",2022
39043,OH,OH-L054;OH-L089;OH-U013,-15.39,False,district_actual,False,"MEDSL SLERs 1967-2022 (contest-level), seat=OH-U013",2022
39045,OH,OH-L069;OH-L073,-46.3,False,district_actual,False,"MEDSL SLERs 1967-2022 (contest-level), seat=OH-L069",2022
39047,OH,OH-L091;OH-U017,-48.868,False,district_actual,False,"MEDSL SLERs 1967-2022 (contest-level), seat=OH-U017",2022
39049,OH,OH-L001;OH-L002;OH-L003;OH-L004;OH-L005;OH-L006;OH-L007;OH-L008;OH-L009;OH-L011;OH-U003;OH-U015;OH-U025,0.418,True,district_actual,True,"MEDSL SLERs 1967-2022 (contest-level), seat=OH-L005",2022
39051,OH,OH-L081;OH-U001,-100.0,False,district_actual,False,"MEDSL SLERs 1967-2022 (contest-level), seat=OH-L081",2022
39053,OH,OH-L093;OH-U017,-48.868,False,district_actual,False,"MEDSL SLERs 1967-2022 (contest-level), seat=OH-U017",2022
39055,OH,OH-L035;OH-L099,-20.667,False,district_actual,False,"MEDSL SLERs 1967-2022 (contest-level), seat=OH-L035",2022
39057,OH,OH-L070;OH-L071,-25.648,False,district_actual,False,"MEDSL SLERs 1967-2022 (contest-level), seat=OH-L070",2022
39059,OH,OH-L095;OH-L097;OH-U031,-49.634,False,district_actual,False,"MEDSL SLERs 1967-2022 (contest-level), seat=OH-L095",2022
39061,OH,OH-L024;OH-L025;OH-L026;OH-L027;OH-L028;OH-L029;OH-L030;OH-U007;OH-U009,4.839,False,district_actual,False,"MEDSL SLERs 1967-2022 (contest-level), seat=OH-L028",2022
39063,OH,OH-L083;OH-U001,-46.522,False,district_actual,False,"MEDSL SLERs 1967-2022 (contest-level), seat=OH-L083",2022
39065,OH,OH-L083;OH-U001,-46.522,False,district_actual,False,"MEDSL SLERs 1967-2022 (contest-level), seat=OH-L083",2022
39067,OH,OH-L095,-49.634,False,district_actual,False,"MEDSL SLERs 1967-2022 (contest-level), seat=OH-L095",2022
39069,OH,OH-L081;OH-U001,-100.0,False,district_actual,False,"MEDSL SLERs 1967-2022 (contest-level), seat=OH-L081",2022
39071,OH,OH-L091;OH-U017,-48.868,False,district_actual,False,"MEDSL SLERs 1967-2022 (contest-level), seat=OH-U017",2022
39073,OH,OH-L092;OH-U017,-48.868,False,district_actual,False,"MEDSL SLERs 1967-2022 (contest-level), seat=OH-U017",2022
39075,OH,OH-L098;OH-U019,-25.904,False,district_actual,False,"MEDSL SLERs 1967-2022 (contest-level), seat=OH-U019",2022
39077,OH,OH-L054;OH-L089;OH-U013,-15.39,False,district_actual,False,"MEDSL SLERs 1967-2022 (contest-level), seat=OH-U013",2022
39079,OH,OH-L093;OH-U017,-48.868,False,district_actual,False,"MEDSL SLERs 1967-2022 (contest-level), seat=OH-U017",2022
39081,OH,OH-L096,-42.522,False,district_actual,False,"MEDSL SLERs 1967-2022 (contest-level), seat=OH-L096",2022
39083,OH,OH-L061;OH-L098;OH-U019,-17.406,False,district_actual,False,"MEDSL SLERs 1967-2022 (contest-level), seat=OH-L061",2022
39085,OH,OH-L023;OH-L057,3.008,False,district_actual,False,"MEDSL SLERs 1967-2022 (contest-level), seat=OH-L023",2022
39087,OH,OH-L093;OH-U017,-48.868,False,district_actual,False,"MEDSL SLERs 1967-2022 (contest-level), seat=OH-U017",2022
39089,OH,OH-L068;OH-L069,-46.3,False,district_actual,False,"MEDSL SLERs 1967-2022 (contest-level), seat=OH-L069",2022
39091,OH,OH-L083;OH-L085;OH-U001,-46.522,False,district_actual,False,"MEDSL SLERs 1967-2022 (contest-level), seat=OH-L083",2022
39093,OH,OH-L052;OH-L053;OH-L054;OH-U013,4.209,False,district_actual,False,"MEDSL SLERs 1967-2022 (contest-level), seat=OH-L053",2022
39095,OH,OH-L043;OH-U011,10.566,False,district_actual,True,"MEDSL SLERs 1967-2022 (contest-level), seat=OH-U011",2022
39097,OH,OH-L012,-100.0,False,district_actual,True,"MEDSL SLERs 1967-2022 (contest-level), seat=OH-L012",2022
39099,OH,OH-U033,-32.19,False,district_actual,True,"MEDSL SLERs 1967-2022 (contest-level), seat=OH-U033",2022
39101,OH,OH-L086;OH-L087,-37.513,False,district_actual,False,"MEDSL SLERs 1967-2022 (contest-level), seat=OH-L086",2022
39103,OH,OH-L066;OH-L067,-29.23,False,district_actual,False,"MEDSL SLERs 1967-2022 (contest-level), seat=OH-L066",2022
39105,OH,OH-L094,-20.714,False,district_actual,False,"MEDSL SLERs 1967-2022 (contest-level), seat=OH-L094",2022
39107,OH,OH-L084,-64.787,False,district_actual,False,"MEDSL SLERs 1967-2022 (contest-level), seat=OH-L084",2022
39109,OH,OH-L080;OH-U005,-100.0,False,district_actual,False,"MEDSL SLERs 1967-2022 (contest-level), seat=OH-L080",2022
39111,OH,OH-L096,-42.522,False,district_actual,False,"MEDSL SLERs 1967-2022 (contest-level), seat=OH-L096",2022
39113,OH,OH-L036;OH-L037;OH-L038;OH-L039;OH-L040;OH-U005,-1.117,True,district_actual,False,"MEDSL SLERs 1967-2022 (contest-level), seat=OH-L036",2022
39115,OH,OH-L094,-20.714,False,district_actual,False,"MEDSL SLERs 1967-2022 (contest-level), seat=OH-L094",2022
39117,OH,OH-L087,-100.0,False,district_actual,False,"MEDSL SLERs 1967-2022 (contest-level), seat=OH-L087",2022
39119,OH,OH-L097;OH-U031,-100.0,False,district_actual,False,"MEDSL SLERs 1967-2022 (contest-level), seat=OH-L097",2022
39121,OH,OH-L095,-49.634,False,district_actual,False,"MEDSL SLERs 1967-2022 (contest-level), seat=OH-L095",2022
39123,OH,OH-L089,-23.495,False,district_actual,False,"MEDSL SLERs 1967-2022 (contest-level), seat=OH-L089",2022
39125,OH,OH-L082;OH-U001,-58.9,False,district_actual,False,"MEDSL SLERs 1967-2022 (contest-level), seat=OH-L082",2022
39127,OH,OH-L069;OH-L092;OH-U017,-46.3,False,district_actual,False,"MEDSL SLERs 1967-2022 (contest-level), seat=OH-L069",2022
39129,OH,OH-L012,-100.0,False,district_actual,True,"MEDSL SLERs 1967-2022 (contest-level), seat=OH-L012",2022
39131,OH,OH-L091;OH-U017,-48.868,False,district_actual,False,"MEDSL SLERs 1967-2022 (contest-level), seat=OH-U017",2022
39133,OH,OH-L035;OH-L072,-2.431,True,district_actual,False,"MEDSL SLERs 1967-2022 (contest-level), seat=OH-L072",2022
39135,OH,OH-L040;OH-U005,-43.315,False,district_actual,False,"MEDSL SLERs 1967-2022 (contest-level), seat=OH-L040",2022
39137,OH,OH-L082;OH-U001,-58.9,False,district_actual,False,"MEDSL SLERs 1967-2022 (contest-level), seat=OH-L082",2022
39139,OH,OH-L076,-100.0,False,district_actual,False,"MEDSL SLERs 1967-2022 (contest-level), seat=OH-L076",2022
39141,OH,OH-L091;OH-L092;OH-U017,-48.868,False,district_actual,False,"MEDSL SLERs 1967-2022 (contest-level), seat=OH-U017",2022
39143,OH,OH-L088,-35.608,False,district_actual,False,"MEDSL SLERs 1967-2022 (contest-level), seat=OH-L088",2022
39145,OH,OH-L090,-51.104,False,district_actual,False,"MEDSL SLERs 1967-2022 (contest-level), seat=OH-L090",2022
39147,OH,OH-L088,-35.608,False,district_actual,False,"MEDSL SLERs 1967-2022 (contest-level), seat=OH-L088",2022
39149,OH,OH-L085,-100.0,False,district_actual,False,"MEDSL SLERs 1967-2022 (contest-level), seat=OH-L085",2022
39151,OH,OH-L048;OH-L049;OH-L050;OH-L051;OH-U029;OH-U031,-7.117,False,district_actual,False,"MEDSL SLERs 1967-2022 (contest-level), seat=OH-L049",2022
39153,OH,OH-L031;OH-L032;OH-L033;OH-L034;OH-L035;OH-U027,-2.21,True,district_actual,False,"MEDSL SLERs 1967-2022 (contest-level), seat=OH-U027",2022
39155,OH,OH-L064;OH-L065,-1.806,True,district_actual,False,"MEDSL SLERs 1967-2022 (contest-level), seat=OH-L064",2022
39157,OH,OH-L051;OH-U031,-100.0,False,district_actual,False,"MEDSL SLERs 1967-2022 (contest-level), seat=OH-L051",2022
39159,OH,OH-L086,-37.513,False,district_actual,False,"MEDSL SLERs 1967-2022 (contest-level), seat=OH-L086",2022
39161,OH,OH-L082;OH-U001,-58.9,False,district_actual,False,"MEDSL SLERs 1967-2022 (contest-level), seat=OH-L082",2022
39163,OH,OH-L092;OH-U017,-48.868,False,district_actual,False,"MEDSL SLERs 1967-2022 (contest-level), seat=OH-U017",2022
39165,OH,OH-L055;OH-L056;OH-U007,-20.891,False,district_actual,False,"MEDSL SLERs 1967-2022 (contest-level), seat=OH-L056",2022
39167,OH,OH-L094;OH-L095,-20.714,False,district_actual,False,"MEDSL SLERs 1967-2022 (contest-level), seat=OH-L094",2022
39169,OH,OH-L077;OH-U031,-38.516,False,district_actual,False,"MEDSL SLERs 1967-2022 (contest-level), seat=OH-L077",2022
39171,OH,OH-L081;OH-U001,-100.0,False,district_actual,False,"MEDSL SLERs 1967-2022 (contest-level), seat=OH-L081",2022
39173,OH,OH-L075,-18.592,False,district_actual,False,"MEDSL SLERs 1967-2022 (contest-level), seat=OH-L075",2022
39175,OH,OH-L087,-100.0,False,district_actual,False,"MEDSL SLERs 1967-2022 (contest-level), seat=OH-L087",2022
40001,OK,OK-L086;OK-U004,-100.0,False,district_actual,False,"MEDSL SLERs 1967-2022 (contest-level), seat=OK-L086",2022
40003,OK,OK-L058,-100.0,False,district_actual,False,"MEDSL SLERs 1967-2022 (contest-level), seat=OK-L058",2022
40005,OK,OK-L019;OK-L022;OK-U006,-100.0,False,district_actual,False,"MEDSL SLERs 1967-2022 (contest-level), seat=OK-L019",2022
40007,OK,OK-L061,-100.0,False,district_actual,False,"MEDSL SLERs 1967-2022 (contest-level), seat=OK-L061",2022
40009,OK,OK-L055;OK-L057;OK-U038,-100.0,False,district_actual,False,"MEDSL SLERs 1967-2022 (contest-level), seat=OK-L055",2022
40011,OK,OK-L055;OK-L059;OK-U026,-100.0,False,district_actual,False,"MEDSL SLERs 1967-2022 (contest-level), seat=OK-L055",2022
40013,OK,OK-L019;OK-L021;OK-U006,-100.0,False,district_actual,False,"MEDSL SLERs 1967-2022 (contest-level), seat=OK-L019",2022
40015,OK,OK-L055;OK-L056;OK-L065;OK-U026,-100.0,False,district_actual,False,"MEDSL SLERs 1967-2022 (contest-level), seat=OK-L055",2022
40017,OK,OK-L041;OK-L043;OK-L047;OK-L055;OK-L056;OK-L060;OK-U018;OK-U022;OK-U026,-27.251,False,district_actual,False,"MEDSL SLERs 1967-2022 (contest-level), seat=OK-U022",2022
40019,OK,OK-L048;OK-L049;OK-U014,-100.0,False,district_actual,False,"MEDSL SLERs 1967-2022 (contest-level), seat=OK-L048",2022
40021,OK,OK-L004;OK-L014;OK-L086;OK-U004,-26.755,False,district_actual,False,"MEDSL SLERs 1967-2022 (contest-level), seat=OK-L004",2022
40023,OK,OK-L019;OK-U006,-100.0,False,district_actual,False,"MEDSL SLERs 1967-2022 (contest-level), seat=OK-L019",2022
40025,OK,OK-L061,-100.0,False,district_actual,False,"MEDSL SLERs 1967-2022 (contest-level), seat=OK-L061",2022
40027,OK,OK-L020;OK-L027;OK-L036;OK-L042;OK-L044;OK-L045;OK-L046;OK-L053;OK-L054;OK-L090;OK-L091;OK-U016;OK-U024,7.028,False,district_actual,False,"MEDSL SLERs 1967-2022 (contest-level), seat=OK-L045",2022
40029,OK,OK-L018;OK-L022;OK-U014,-100.0,False,district_actual,False,"MEDSL SLERs 1967-2022 (contest-level), seat=OK-L018",2022
40031,OK,OK-L062;OK-L063;OK-L064;OK-L065;OK-U032,-15.104,False,district_actual,False,"MEDSL SLERs 1967-2022 (contest-level), seat=OK-L064",2022
40033,OK,OK-L063,-60.894,False,district_actual,False,"MEDSL SLERs 1967-2022 (contest-level), seat=OK-L063",2022
40035,OK,OK-L006;OK-L007,-57.358,False,district_actual,False,"MEDSL SLERs 1967-2022 (contest-level), seat=OK-L007",2022
40037,OK,OK-L024;OK-L029;OK-L030;OK-L035;OK-U008;OK-U012,-56.706,False,district_actual,False,"MEDSL SLERs 1967-2022 (contest-level), seat=OK-L035",2022
40039,OK,OK-L057;OK-U026,-100.0,False,district_actual,False,"MEDSL SLERs 1967-2022 (contest-level), seat=OK-L057",2022
40041,OK,OK-L005;OK-L007;OK-L086;OK-U004,-57.358,False,district_actual,False,"MEDSL SLERs 1967-2022 (contest-level), seat=OK-L007",2022
40043,OK,OK-L059,-100.0,False,district_actual,False,"MEDSL SLERs 1967-2022 (contest-level), seat=OK-L059",2022
40045,OK,OK-L061,-100.0,False,district_actual,False,"MEDSL SLERs 1967-2022 (contest-level), seat=OK-L061",2022
40047,OK,OK-L038;OK-L040;OK-L058;OK-L059,-41.556,False,district_actual,False,"MEDSL SLERs 1967-2022 (contest-level), seat=OK-L040",2022
40049,OK,OK-L042;OK-L048,-58.593,False,district_actual,False,"MEDSL SLERs 1967-2022 (contest-level), seat=OK-L042",2022
40051,OK,OK-L051;OK-L056,-100.0,False,district_actual,False,"MEDSL SLERs 1967-2022 (contest-level), seat=OK-L051",2022
40053,OK,OK-L038,-100.0,False,district_actual,False,"MEDSL SLERs 1967-2022 (contest-level), seat=OK-L038",2022
40055,OK,OK-L052;OK-U038,-100.0,False,district_actual,False,"MEDSL SLERs 1967-2022 (contest-level), seat=OK-L052",2022
40057,OK,OK-L052;OK-U038,-100.0,False,district_actual,False,"MEDSL SLERs 1967-2022 (contest-level), seat=OK-L052",2022
40059,OK,OK-L061,-100.0,False,district_actual,False,"MEDSL SLERs 1967-2022 (contest-level), seat=OK-L061",2022
40061,OK,OK-L015,-100.0,False,district_actual,False,"MEDSL SLERs 1967-2022 (contest-level), seat=OK-L015",2022
40063,OK,OK-L018,-100.0,False,district_actual,False,"MEDSL SLERs 1967-2022 (contest-level), seat=OK-L018",2022
40065,OK,OK-L052;OK-U038,-100.0,False,district_actual,False,"MEDSL SLERs 1967-2022 (contest-level), seat=OK-L052",2022
40067,OK,OK-L050,-100.0,False,district_actual,False,"MEDSL SLERs 1967-2022 (contest-level), seat=OK-L050",2022
40069,OK,OK-L022;OK-U006;OK-U014,-100.0,False,district_actual,False,"MEDSL SLERs 1967-2022 (contest-level), seat=OK-L022",2022
40071,OK,OK-L037;OK-L038;OK-U010,-100.0,False,district_actual,False,"MEDSL SLERs 1967-2022 (contest-level), seat=OK-L037",2022
40073,OK,OK-L041;OK-L059;OK-U020;OK-U026,-35.047,False,district_actual,False,"MEDSL SLERs 1967-2022 (contest-level), seat=OK-L041",2022
40075,OK,OK-L052;OK-L063;OK-U038,-60.894,False,district_actual,False,"MEDSL SLERs 1967-2022 (contest-level), seat=OK-L063",2022
40077,OK,OK-L017,-100.0,False,district_actual,False,"MEDSL SLERs 1967-2022 (contest-level), seat=OK-L017",2022
40079,OK,OK-L001;OK-L003;OK-L015,-100.0,False,district_actual,False,"MEDSL SLERs 1967-2022 (contest-level), seat=OK-L001",2022
40081,OK,OK-L032;OK-U028,-52.765,False,district_actual,False,"MEDSL SLERs 1967-2022 (contest-level), seat=OK-U028",2022
40083,OK,OK-L031;OK-L032;OK-L033;OK-L038;OK-L041;OK-U020;OK-U028,-35.047,False,district_actual,False,"MEDSL SLERs 1967-2022 (contest-level), seat=OK-L041",2022
40085,OK,OK-L049,-100.0,False,district_actual,False,"MEDSL SLERs 1967-2022 (contest-level), seat=OK-L049",2022
40087,OK,OK-L020;OK-L025;OK-L042,-58.593,False,district_actual,False,"MEDSL SLERs 1967-2022 (contest-level), seat=OK-L042",2022
40089,OK,OK-L001,-100.0,False,district_actual,False,"MEDSL SLERs 1967-2022 (contest-level), seat=OK-L001",2022
40091,OK,OK-L013;OK-L015;OK-U008,-26.893,False,district_actual,False,"MEDSL SLERs 1967-2022 (contest-level), seat=OK-L013",2022
40093,OK,OK-L058,-100.0,False,district_actual,False,"MEDSL SLERs 1967-2022 (contest-level), seat=OK-L058",2022
40095,OK,OK-L021;OK-L049;OK-U014,-100.0,False,district_actual,False,"MEDSL SLERs 1967-2022 (contest-level), seat=OK-L021",2022
40097,OK,OK-L005;OK-L006;OK-L008;OK-L086,-100.0,False,district_actual,False,"MEDSL SLERs 1967-2022 (contest-level), seat=OK-L005",2022
40099,OK,OK-L022;OK-L048;OK-U014,-100.0,False,district_actual,False,"MEDSL SLERs 1967-2022 (contest-level), seat=OK-L022",2022
40101,OK,OK-L013;OK-L014;OK-L015;OK-L016;OK-U008,-26.893,False,district_actual,False,"MEDSL SLERs 1967-2022 (contest-level), seat=OK-L013",2022
40103,OK,OK-L035;OK-L038;OK-U020,-56.706,False,district_actual,False,"MEDSL SLERs 1967-2022 (contest-level), seat=OK-L035",2022
40105,OK,OK-L006;OK-L010,-100.0,False,district_actual,False,"MEDSL SLERs 1967-2022 (contest-level), seat=OK-L006",2022
40107,OK,OK-L018;OK-U008,-100.0,False,district_actual,False,"MEDSL SLERs 1967-2022 (contest-level), seat=OK-L018",2022
40109,OK,OK-L036;OK-L039;OK-L081;OK-L082;OK-L083;OK-L084;OK-L085;OK-L087;OK-L088;OK-L089;OK-L090;OK-L092;OK-L093;OK-L094;OK-L095;OK-L096;OK-L097;OK-L099;OK-L100;OK-L101;OK-U018;OK-U022;OK-U028;OK-U030;OK-U040;OK-U042;OK-U044;OK-U046;OK-U048,-4.256,False,district_actual,False,"MEDSL SLERs 1967-2022 (contest-level), seat=OK-L083",2022
40111,OK,OK-L016;OK-L024;OK-U008,-100.0,False,district_actual,False,"MEDSL SLERs 1967-2022 (contest-level), seat=OK-L016",2022
40113,OK,OK-L010;OK-L035;OK-L037;OK-L066;OK-L073;OK-U010,-39.695,False,district_actual,False,"MEDSL SLERs 1967-2022 (contest-level), seat=OK-L066",2022
40115,OK,OK-L007,-57.358,False,district_actual,False,"MEDSL SLERs 1967-2022 (contest-level), seat=OK-L007",2022
40117,OK,OK-L035;OK-U020,-56.706,False,district_actual,False,"MEDSL SLERs 1967-2022 (contest-level), seat=OK-L035",2022
40119,OK,OK-L032;OK-L033;OK-L034;OK-L035;OK-U020,23.235,False,district_actual,False,"MEDSL SLERs 1967-2022 (contest-level), seat=OK-L034",2022
40121,OK,OK-L015;OK-L017;OK-L018,-100.0,False,district_actual,False,"MEDSL SLERs 1967-2022 (contest-level), seat=OK-L015",2022
40123,OK,OK-L025,-100.0,False,district_actual,False,"MEDSL SLERs 1967-2022 (contest-level), seat=OK-L025",2022
40125,OK,OK-L025;OK-L026;OK-L027;OK-L028;OK-U028,-35.016,False,district_actual,False,"MEDSL SLERs 1967-2022 (contest-level), seat=OK-L026",2022
40127,OK,OK-L019;OK-U006,-100.0,False,district_actual,False,"MEDSL SLERs 1967-2022 (contest-level), seat=OK-L019",2022
40129,OK,OK-L057,-100.0,False,district_actual,False,"MEDSL SLERs 1967-2022 (contest-level), seat=OK-L057",2022
40131,OK,OK-L006;OK-L008;OK-L009;OK-L023;OK-L074;OK-U002,-33.405,False,district_actual,False,"MEDSL SLERs 1967-2022 (contest-level), seat=OK-L023",2022
40133,OK,OK-L028;OK-U028,-52.765,False,district_actual,False,"MEDSL SLERs 1967-2022 (contest-level), seat=OK-U028",2022
40135,OK,OK-L002;OK-U004,-100.0,False,district_actual,False,"MEDSL SLERs 1967-2022 (contest-level), seat=OK-L002",2022
40137,OK,OK-L050;OK-L051,-100.0,False,district_actual,False,"MEDSL SLERs 1967-2022 (contest-level), seat=OK-L050",2022
40139,OK,OK-L061,-100.0,False,district_actual,False,"MEDSL SLERs 1967-2022 (contest-level), seat=OK-L061",2022
40141,OK,OK-L063;OK-U038,-60.894,False,district_actual,False,"MEDSL SLERs 1967-2022 (contest-level), seat=OK-L063",2022
40143,OK,OK-L011;OK-L024;OK-L029;OK-L030;OK-L066;OK-L067;OK-L068;OK-L069;OK-L070;OK-L071;OK-L072;OK-L073;OK-L074;OK-L075;OK-L076;OK-L077;OK-L078;OK-L079;OK-L080;OK-L098;OK-U002;OK-U012;OK-U034;OK-U036,3.698,False,district_actual,False,"MEDSL SLERs 1967-2022 (contest-level), seat=OK-L079",2022
40145,OK,OK-L004;OK-L008;OK-L012;OK-L013;OK-L014;OK-L023;OK-L098;OK-U036,-26.755,False,district_actual,False,"MEDSL SLERs 1967-2022 (contest-level), seat=OK-L004",2022
40147,OK,OK-L010;OK-L011,-100.0,False,district_actual,False,"MEDSL SLERs 1967-2022 (contest-level), seat=OK-L010",2022
40149,OK,OK-L055;OK-U038,-100.0,False,district_actual,False,"MEDSL SLERs 1967-2022 (contest-level), seat=OK-L055",2022
40151,OK,OK-L058,-100.0,False,district_actual,False,"MEDSL SLERs 1967-2022 (contest-level), seat=OK-L058",2022
40153,OK,OK-L058;OK-L059;OK-L061,-100.0,False,district_actual,False,"MEDSL SLERs 1967-2022 (contest-level), seat=OK-L058",2022
41001,OR,OR-L060,-89.621,False,district_actual,False,"MEDSL SLERs 1967-2022 (contest-level), seat=OR-L060",2022
41003,OR,OR-L010;OR-L015;OR-L016;OR-U008,13.53,False,district_actual,False,"MEDSL SLERs 1967-2022 (contest-level), seat=OR-L010",2022
41005,OR,OR-L018;OR-L026;OR-L037;OR-L038;OR-L039;OR-L040;OR-L041;OR-L048;OR-L051;OR-L052;OR-U013;OR-U019;OR-U020;OR-U024;OR-U026,0.547,True,district_actual,False,"MEDSL SLERs 1967-2022 (contest-level), seat=OR-L040",2022
41007,OR,OR-U016,-13.143,False,district_actual,True,"MEDSL SLERs 1967-2022 (contest-level), seat=OR-U016",2022
41009,OR,OR-L031;OR-U016,-13.143,False,district_actual,True,"MEDSL SLERs 1967-2022 (contest-level), seat=OR-U016",2022
41011,OR,OR-L001;OR-L009,-20.299,False,district_actual,False,"MEDSL SLERs 1967-2022 (contest-level), seat=OR-L009",2022
41013,OR,OR-L059,-45.013,False,district_actual,False,"MEDSL SLERs 1967-2022 (contest-level), seat=OR-L059",2022
41015,OR,OR-L001,-41.446,False,district_actual,False,"MEDSL SLERs 1967-2022 (contest-level), seat=OR-L001",2022
41017,OR,OR-L053;OR-L054;OR-L055;OR-L059;OR-L060,1.317,True,district_actual,False,"MEDSL SLERs 1967-2022 (contest-level), seat=OR-L053",2022
41019,OR,OR-L001;OR-L002;OR-L004;OR-L009,-20.299,False,district_actual,False,"MEDSL SLERs 1967-2022 (contest-level), seat=OR-L009",2022
41021,OR,OR-L057,-100.0,False,district_actual,False,"MEDSL SLERs 1967-2022 (contest-level), seat=OR-L057",2022
41023,OR,OR-L060,-89.621,False,district_actual,False,"MEDSL SLERs 1967-2022 (contest-level), seat=OR-L060",2022
41025,OR,OR-L060,-89.621,False,district_actual,False,"MEDSL SLERs 1967-2022 (contest-level), seat=OR-L060",2022
41027,OR,OR-L052;OR-U026,-5.05,False,district_actual,False,"MEDSL SLERs 1967-2022 (contest-level), seat=OR-L052",2022
41029,OR,OR-L004;OR-L005;OR-L006;OR-L056;OR-U003,3.86,False,district_actual,False,"MEDSL SLERs 1967-2022 (contest-level), seat=OR-U003",2022
41031,OR,OR-L057;OR-L059,-45.013,False,district_actual,False,"MEDSL SLERs 1967-2022 (contest-level), seat=OR-L059",2022
41033,OR,OR-L003;OR-L004,-36.581,False,district_actual,False,"MEDSL SLERs 1967-2022 (contest-level), seat=OR-L003",2022
41035,OR,OR-L055;OR-L056,-37.643,False,district_actual,False,"MEDSL SLERs 1967-2022 (contest-level), seat=OR-L055",2022
41037,OR,OR-L060,-89.621,False,district_actual,False,"MEDSL SLERs 1967-2022 (contest-level), seat=OR-L060",2022
41039,OR,OR-L007;OR-L008;OR-L009;OR-L010;OR-L012;OR-L013;OR-L014;OR-U004;OR-U006;OR-U007,4.151,False,district_actual,False,"MEDSL SLERs 1967-2022 (contest-level), seat=OR-L007",2022
41041,OR,OR-L010,13.53,False,district_actual,False,"MEDSL SLERs 1967-2022 (contest-level), seat=OR-L010",2022
41043,OR,OR-L011;OR-L015;OR-L017;OR-U006;OR-U008,19.687,False,district_actual,False,"MEDSL SLERs 1967-2022 (contest-level), seat=OR-U008",2022
41045,OR,OR-L060,-89.621,False,district_actual,False,"MEDSL SLERs 1967-2022 (contest-level), seat=OR-L060",2022
41047,OR,OR-L011;OR-L017;OR-L018;OR-L019;OR-L020;OR-L021;OR-U006;OR-U010;OR-U011,-5.164,False,district_actual,True,"MEDSL SLERs 1967-2022 (contest-level), seat=OR-U011",2022
41049,OR,OR-L057,-100.0,False,district_actual,False,"MEDSL SLERs 1967-2022 (contest-level), seat=OR-L057",2022
41051,OR,OR-L028;OR-L033;OR-L038;OR-L041;OR-L042;OR-L043;OR-L044;OR-L045;OR-L046;OR-L047;OR-L048;OR-L049;OR-L050;OR-L052;OR-U017;OR-U019;OR-U024;OR-U026,2.566,True,district_actual,False,"MEDSL SLERs 1967-2022 (contest-level), seat=OR-L048",2022
41053,OR,OR-L020;OR-L023;OR-L024;OR-U010,6.94,False,district_actual,False,"MEDSL SLERs 1967-2022 (contest-level), seat=OR-U010",2022
41055,OR,OR-L057,-100.0,False,district_actual,False,"MEDSL SLERs 1967-2022 (contest-level), seat=OR-L057",2022
41057,OR,OR-U016,-13.143,False,district_actual,True,"MEDSL SLERs 1967-2022 (contest-level), seat=OR-U016",2022
41059,OR,OR-L057;OR-L058,-84.633,False,district_actual,False,"MEDSL SLERs 1967-2022 (contest-level), seat=OR-L058",2022
41061,OR,OR-L058,-84.633,False,district_actual,False,"MEDSL SLERs 1967-2022 (contest-level), seat=OR-L058",2022
41063,OR,OR-L058,-84.633,False,district_actual,False,"MEDSL SLERs 1967-2022 (contest-level), seat=OR-L058",2022
41065,OR,OR-L052;OR-L057;OR-U026,-5.05,False,district_actual,False,"MEDSL SLERs 1967-2022 (contest-level), seat=OR-L052",2022
41067,OR,OR-L025;OR-L026;OR-L027;OR-L028;OR-L029;OR-L030;OR-L031;OR-L034;OR-L035;OR-L036;OR-L037;OR-U013;OR-U015;OR-U016;OR-U017;OR-U018;OR-U019,6.558,False,district_actual,False,"MEDSL SLERs 1967-2022 (contest-level), seat=OR-L026",2022
41069,OR,OR-L057,-100.0,False,district_actual,False,"MEDSL SLERs 1967-2022 (contest-level), seat=OR-L057",2022
41071,OR,OR-L023;OR-L024,-12.61,False,district_actual,False,"MEDSL SLERs 1967-2022 (contest-level), seat=OR-L024",2022
42001,PA,PA-L091;PA-L193,-30.893,False,district_actual,False,"MEDSL SLERs 1967-2022 (contest-level), seat=PA-L091",2022
42003,PA,PA-L019;PA-L020;PA-L021;PA-L023;PA-L024;PA-L025;PA-L027;PA-L028;PA-L030;PA-L032;PA-L033;PA-L034;PA-L035;PA-L036;PA-L038;PA-L039;PA-L040;PA-L042;PA-L044;PA-L045;PA-U038;PA-U042,9.72,False,district_actual,False,"MEDSL SLERs 1967-2022 (contest-level), seat=PA-L033",2022
42005,PA,PA-L060;PA-L063,-37.787,False,district_actual,False,"MEDSL SLERs 1967-2022 (contest-level), seat=PA-L060",2022
42007,PA,PA-L014;PA-L015;PA-L016;PA-U046,13.402,False,district_actual,False,"MEDSL SLERs 1967-2022 (contest-level), seat=PA-L016",2022
42009,PA,PA-L078;PA-U032,-50.206,False,district_actual,False,"MEDSL SLERs 1967-2022 (contest-level), seat=PA-U032",2022
42011,PA,PA-L005;PA-L099;PA-L124;PA-L126;PA-L127;PA-L128;PA-L129;PA-L130;PA-U024;PA-U044;PA-U048,-4.002,False,district_actual,False,"MEDSL SLERs 1967-2022 (contest-level), seat=PA-U024",2022
42013,PA,PA-L079;PA-L080;PA-U030,-52.337,False,district_actual,False,"MEDSL SLERs 1967-2022 (contest-level), seat=PA-U030",2022
42015,PA,PA-L068;PA-L110,-100.0,False,district_actual,False,"MEDSL SLERs 1967-2022 (contest-level), seat=PA-L068",2022
42017,PA,PA-L018;PA-L029;PA-L031;PA-L140;PA-L141;PA-L142;PA-L143;PA-L144;PA-L145;PA-L178;PA-U006;PA-U010;PA-U016,-0.247,True,district_actual,False,"MEDSL SLERs 1967-2022 (contest-level), seat=PA-L142",2022
42019,PA,PA-L008;PA-L011;PA-L012;PA-L017,-24.495,False,district_actual,False,"MEDSL SLERs 1967-2022 (contest-level), seat=PA-L012",2022
42021,PA,PA-L071;PA-L072;PA-L073,9.087,False,district_actual,False,"MEDSL SLERs 1967-2022 (contest-level), seat=PA-L072",2022
42023,PA,PA-L067,-100.0,False,district_actual,False,"MEDSL SLERs 1967-2022 (contest-level), seat=PA-L067",2022
42025,PA,PA-L122,-44.241,False,district_actual,False,"MEDSL SLERs 1967-2022 (contest-level), seat=PA-L122",2022
42027,PA,PA-L077;PA-L082;PA-L171,12.69,False,district_actual,False,"MEDSL SLERs 1967-2022 (contest-level), seat=PA-L082",2022
42029,PA,PA-L013;PA-L026;PA-L074;PA-L155;PA-L156;PA-L157;PA-L158;PA-L160;PA-L167;PA-U044,-4.722,False,district_actual,False,"MEDSL SLERs 1967-2022 (contest-level), seat=PA-L160",2022
42031,PA,PA-L063,-100.0,False,district_actual,False,"MEDSL SLERs 1967-2022 (contest-level), seat=PA-L063",2022
42033,PA,PA-L073;PA-L075,-52.122,False,district_actual,False,"MEDSL SLERs 1967-2022 (contest-level), seat=PA-L075",2022
42035,PA,PA-L076,-34.82,False,district_actual,False,"MEDSL SLERs 1967-2022 (contest-level), seat=PA-L076",2022
42037,PA,PA-L109,-34.026,False,district_actual,False,"MEDSL SLERs 1967-2022 (contest-level), seat=PA-L109",2022
42039,PA,PA-L006;PA-L064;PA-L065;PA-U050,-37.224,False,district_actual,False,"MEDSL SLERs 1967-2022 (contest-level), seat=PA-L006",2022
42041,PA,PA-L087;PA-L088;PA-L103;PA-L193;PA-L199;PA-U034,-9.459,False,district_actual,False,"MEDSL SLERs 1967-2022 (contest-level), seat=PA-L088",2022
42043,PA,PA-L103;PA-L104;PA-L105;PA-L106;PA-L125;PA-U034,-27.081,False,district_actual,True,"MEDSL SLERs 1967-2022 (contest-level), seat=PA-U034",2022
42045,PA,PA-L159;PA-L160;PA-L161;PA-L162;PA-L163;PA-L164;PA-L165;PA-L166;PA-L168;PA-L185;PA-L191;PA-U008;PA-U026,-4.722,False,district_actual,False,"MEDSL SLERs 1967-2022 (contest-level), seat=PA-L160",2022
42047,PA,PA-L075,-52.122,False,district_actual,False,"MEDSL SLERs 1967-2022 (contest-level), seat=PA-L075",2022
42049,PA,PA-L001;PA-L002;PA-L003;PA-L004;PA-L006,-22.885,False,district_actual,False,"MEDSL SLERs 1967-2022 (contest-level), seat=PA-L004",2022
42051,PA,PA-L051;PA-L052;PA-U032,-23.619,False,district_actual,False,"MEDSL SLERs 1967-2022 (contest-level), seat=PA-L051",2022
42053,PA,PA-L065,-100.0,False,district_actual,False,"MEDSL SLERs 1967-2022 (contest-level), seat=PA-L065",2022
42055,PA,PA-L081;PA-L089;PA-L090,-50.27,False,district_actual,False,"MEDSL SLERs 1967-2022 (contest-level), seat=PA-L081",2022
42057,PA,PA-L078;PA-U030,-52.337,False,district_actual,False,"MEDSL SLERs 1967-2022 (contest-level), seat=PA-U030",2022
42059,PA,PA-L050;PA-U046,-23.894,False,district_actual,False,"MEDSL SLERs 1967-2022 (contest-level), seat=PA-L050",2022
42061,PA,PA-L080;PA-L081;PA-U030,-50.27,False,district_actual,False,"MEDSL SLERs 1967-2022 (contest-level), seat=PA-L081",2022
42063,PA,PA-L062;PA-L066,-40.942,False,district_actual,False,"MEDSL SLERs 1967-2022 (contest-level), seat=PA-L062",2022
42065,PA,PA-L066,-100.0,False,district_actual,False,"MEDSL SLERs 1967-2022 (contest-level), seat=PA-L066",2022
42067,PA,PA-L085;PA-L086;PA-U030,-52.337,False,district_actual,False,"MEDSL SLERs 1967-2022 (contest-level), seat=PA-U030",2022
42069,PA,PA-L112;PA-L113;PA-L114;PA-L118;PA-U022;PA-U040,4.66,False,district_actual,False,"MEDSL SLERs 1967-2022 (contest-level), seat=PA-L118",2022
42071,PA,PA-L037;PA-L041;PA-L043;PA-L049;PA-L096;PA-L097;PA-L098;PA-L099;PA-L100;PA-U048,22.176,False,district_actual,False,"MEDSL SLERs 1967-2022 (contest-level), seat=PA-L096",2022
42073,PA,PA-L008;PA-L009;PA-U050,-5.79,False,district_actual,False,"MEDSL SLERs 1967-2022 (contest-level), seat=PA-L009",2022
42075,PA,PA-L098;PA-L101;PA-L102;PA-U048,-24.305,False,district_actual,False,"MEDSL SLERs 1967-2022 (contest-level), seat=PA-L101",2022
42077,PA,PA-L022;PA-L131;PA-L132;PA-L133;PA-L134;PA-L183;PA-L187;PA-U014;PA-U016;PA-U018,7.009,False,district_actual,False,"MEDSL SLERs 1967-2022 (contest-level), seat=PA-U014",2022
42079,PA,PA-L116;PA-L117;PA-L118;PA-L119;PA-L120;PA-L121;PA-U020;PA-U022,4.66,False,district_actual,False,"MEDSL SLERs 1967-2022 (contest-level), seat=PA-L118",2022
42081,PA,PA-L083;PA-L084,-100.0,False,district_actual,False,"MEDSL SLERs 1967-2022 (contest-level), seat=PA-L083",2022
42083,PA,PA-L067,-100.0,False,district_actual,False,"MEDSL SLERs 1967-2022 (contest-level), seat=PA-L067",2022
42085,PA,PA-L007;PA-L017;PA-U050,-2.809,True,district_actual,False,"MEDSL SLERs 1967-2022 (contest-level), seat=PA-L007",2022
42087,PA,PA-L085;PA-L171;PA-U030,-43.917,False,district_actual,False,"MEDSL SLERs 1967-2022 (contest-level), seat=PA-L171",2022
42089,PA,PA-L115;PA-L176;PA-L189;PA-U040,-10.516,False,district_actual,False,"MEDSL SLERs 1967-2022 (contest-level), seat=PA-U040",2022
42091,PA,PA-L053;PA-L054;PA-L061;PA-L070;PA-L131;PA-L146;PA-L147;PA-L148;PA-L149;PA-L150;PA-L151;PA-L152;PA-L153;PA-L154;PA-U004;PA-U012;PA-U024;PA-U044,0.188,True,district_actual,False,"MEDSL SLERs 1967-2022 (contest-level), seat=PA-L151",2022
42093,PA,PA-L108,-100.0,False,district_actual,False,"MEDSL SLERs 1967-2022 (contest-level), seat=PA-L108",2022
42095,PA,PA-L135;PA-L136;PA-L137;PA-L138;PA-L183;PA-U014;PA-U018,-2.302,True,district_actual,False,"MEDSL SLERs 1967-2022 (contest-level), seat=PA-L137",2022
42097,PA,PA-L107;PA-L108,-50.425,False,district_actual,False,"MEDSL SLERs 1967-2022 (contest-level), seat=PA-L107",2022
42099,PA,PA-L086;PA-U034,-27.081,False,district_actual,False,"MEDSL SLERs 1967-2022 (contest-level), seat=PA-U034",2022
42101,PA,PA-L010;PA-L170;PA-L172;PA-L173;PA-L174;PA-L175;PA-L177;PA-L179;PA-L180;PA-L181;PA-L182;PA-L184;PA-L185;PA-L186;PA-L188;PA-L190;PA-L191;PA-L192;PA-L194;PA-L195;PA-L197;PA-L198;PA-L200;PA-L201;PA-L202;PA-L203;PA-U002;PA-U004;PA-U008,13.953,False,district_actual,False,"MEDSL SLERs 1967-2022 (contest-level), seat=PA-L172",2022
42103,PA,PA-L139;PA-L189;PA-U020,11.712,False,district_actual,False,"MEDSL SLERs 1967-2022 (contest-level), seat=PA-L189",2022
42105,PA,PA-L067,-100.0,False,district_actual,False,"MEDSL SLERs 1967-2022 (contest-level), seat=PA-L067",2022
42107,PA,PA-L107;PA-L116;PA-L123;PA-L124,-36.434,False,district_actual,False,"MEDSL SLERs 1967-2022 (contest-level), seat=PA-L116",2022
42109,PA,PA-L085,-100.0,False,district_actual,False,"MEDSL SLERs 1967-2022 (contest-level), seat=PA-L085",2022
42111,PA,PA-L069;PA-L071;PA-U032,-50.206,False,district_actual,False,"MEDSL SLERs 1967-2022 (contest-level), seat=PA-U032",2022
42113,PA,PA-L084,-100.0,False,district_actual,False,"MEDSL SLERs 1967-2022 (contest-level), seat=PA-L084",2022
42115,PA,PA-L111;PA-U020,-35.464,False,district_actual,False,"MEDSL SLERs 1967-2022 (contest-level), seat=PA-U020",2022
42117,PA,PA-L068,-100.0,False,district_actual,False,"MEDSL SLERs 1967-2022 (contest-level), seat=PA-L068",2022
42119,PA,PA-L076;PA-L083;PA-L085,-34.82,False,district_actual,False,"MEDSL SLERs 1967-2022 (contest-level), seat=PA-L076",2022
42121,PA,PA-L064,-100.0,False,district_actual,False,"MEDSL SLERs 1967-2022 (contest-level), seat=PA-L064",2022
42123,PA,PA-L065,-100.0,False,district_actual,False,"MEDSL SLERs 1967-2022 (contest-level), seat=PA-L065",2022
42125,PA,PA-L015;PA-L039;PA-L040;PA-L046;PA-L048;PA-L050;PA-U046,-13.597,False,district_actual,False,"MEDSL SLERs 1967-2022 (contest-level), seat=PA-L040",2022
42127,PA,PA-L111;PA-L139;PA-U020;PA-U040,-10.516,False,district_actual,False,"MEDSL SLERs 1967-2022 (contest-level), seat=PA-U040",2022
42129,PA,PA-L055;PA-L056;PA-L057;PA-L058;PA-L059;PA-L060,-23.044,False,district_actual,False,"MEDSL SLERs 1967-2022 (contest-level), seat=PA-L055",2022
42131,PA,PA-L110;PA-U020,-35.464,False,district_actual,False,"MEDSL SLERs 1967-2022 (contest-level), seat=PA-U020",2022
42133,PA,PA-L047;PA-L092;PA-L093;PA-L094;PA-L095;PA-L169;PA-L196;PA-U028,-29.786,False,district_actual,False,"MEDSL SLERs 1967-2022 (contest-level), seat=PA-L093",2022
44001,RI,RI-L066;RI-L067;RI-L068;RI-L069;RI-U010;RI-U011;RI-U032,13.968,False,district_actual,False,"MEDSL SLERs 1967-2022 (contest-level), seat=RI-L068",2022
44003,RI,RI-L019;RI-L020;RI-L022;RI-L023;RI-L024;RI-L025;RI-L027;RI-L028;RI-L029;RI-L030;RI-L040;RI-U009;RI-U021;RI-U030;RI-U031;RI-U033;RI-U035,9.191,False,district_actual,True,"MEDSL SLERs 1967-2022 (contest-level), seat=RI-L030",2022
44005,RI,RI-L069;RI-L070;RI-L071;RI-L072;RI-L073;RI-L074;RI-L075;RI-U010;RI-U011;RI-U012;RI-U013,9.43,False,district_actual,False,"MEDSL SLERs 1967-2022 (contest-level), seat=RI-L070",2022
44007,RI,RI-L002;RI-L004;RI-L008;RI-L010;RI-L012;RI-L014;RI-L015;RI-L016;RI-L017;RI-L018;RI-L040;RI-L041;RI-L043;RI-L044;RI-L045;RI-L046;RI-L047;RI-L048;RI-L052;RI-L053;RI-L054;RI-L055;RI-L059;RI-L062;RI-L063;RI-L064;RI-L065;RI-U001;RI-U002;RI-U003;RI-U004;RI-U005;RI-U006;RI-U007;RI-U008;RI-U014;RI-U015;RI-U016;RI-U017;RI-U018;RI-U019;RI-U020;RI-U021;RI-U022;RI-U023;RI-U024;RI-U025;RI-U026;RI-U027;RI-U028,-1.172,True,district_actual,False,"MEDSL SLERs 1967-2022 (contest-level), seat=RI-L053",2022
44009,RI,RI-L031;RI-L032;RI-L033;RI-L034;RI-L035;RI-L036;RI-L037;RI-L038;RI-L039;RI-U034;RI-U035;RI-U036;RI-U037;RI-U038,0.478,True,district_actual,False,"MEDSL SLERs 1967-2022 (contest-level), seat=RI-L039",2022
45001,SC,SC-L011,-100.0,False,district_actual,False,"MEDSL SLERs 1967-2022 (contest-level), seat=SC-L011",2022
45003,SC,SC-L081;SC-L082;SC-L083;SC-L084;SC-L086,-52.074,False,district_actual,False,"MEDSL SLERs 1967-2022 (contest-level), seat=SC-L083",2022
45005,SC,SC-L091,100.0,False,district_actual,False,"MEDSL SLERs 1967-2022 (contest-level), seat=SC-L091",2022
45007,SC,SC-L006;SC-L007;SC-L008;SC-L009;SC-L010;SC-L011,-48.234,False,district_actual,False,"MEDSL SLERs 1967-2022 (contest-level), seat=SC-L009",2022
45009,SC,SC-L090,17.511,False,district_actual,False,"MEDSL SLERs 1967-2022 (contest-level), seat=SC-L090",2022
45011,SC,SC-L091,100.0,False,district_actual,False,"MEDSL SLERs 1967-2022 (contest-level), seat=SC-L091",2022
45013,SC,SC-L118;SC-L120;SC-L121;SC-L123;SC-L124,14.73,False,district_actual,False,"MEDSL SLERs 1967-2022 (contest-level), seat=SC-L121",2022
45015,SC,SC-L015;SC-L092;SC-L099;SC-L100;SC-L101;SC-L103;SC-L117,13.812,False,district_actual,True,"MEDSL SLERs 1967-2022 (contest-level), seat=SC-L015",2022
45017,SC,SC-L093,21.686,False,district_actual,True,"MEDSL SLERs 1967-2022 (contest-level), seat=SC-L093",2022
45019,SC,SC-L015;SC-L080;SC-L108;SC-L109;SC-L110;SC-L111;SC-L112;SC-L113;SC-L114;SC-L115;SC-L116;SC-L119,-3.424,False,district_actual,False,"MEDSL SLERs 1967-2022 (contest-level), seat=SC-L116",2022
45021,SC,SC-L029;SC-L030,-100.0,False,district_actual,False,"MEDSL SLERs 1967-2022 (contest-level), seat=SC-L029",2022
45023,SC,SC-L041;SC-L043,14.702,False,district_actual,True,"MEDSL SLERs 1967-2022 (contest-level), seat=SC-L041",2022
45025,SC,SC-L053;SC-L054;SC-L065,4.661,False,district_actual,False,"MEDSL SLERs 1967-2022 (contest-level), seat=SC-L054",2022
45027,SC,SC-L064,-10.495,False,district_actual,False,"MEDSL SLERs 1967-2022 (contest-level), seat=SC-L064",2022
45029,SC,SC-L097;SC-L116;SC-L121;SC-L122,-3.424,False,district_actual,False,"MEDSL SLERs 1967-2022 (contest-level), seat=SC-L116",2022
45031,SC,SC-L053;SC-L054;SC-L062;SC-L065,4.661,False,district_actual,False,"MEDSL SLERs 1967-2022 (contest-level), seat=SC-L054",2022
45033,SC,SC-L055,3.421,False,district_actual,False,"MEDSL SLERs 1967-2022 (contest-level), seat=SC-L055",2022
45035,SC,SC-L094;SC-L095;SC-L097;SC-L098;SC-L109;SC-L114,-15.776,False,district_actual,True,"MEDSL SLERs 1967-2022 (contest-level), seat=SC-L098",2022
45037,SC,SC-L082;SC-L083,-52.074,False,district_actual,False,"MEDSL SLERs 1967-2022 (contest-level), seat=SC-L083",2022
45039,SC,SC-L041,14.702,False,district_actual,True,"MEDSL SLERs 1967-2022 (contest-level), seat=SC-L041",2022
45041,SC,SC-L059;SC-L060;SC-L062;SC-L063;SC-L101,-37.613,False,district_actual,False,"MEDSL SLERs 1967-2022 (contest-level), seat=SC-L063",2022
45043,SC,SC-L103;SC-L108,100.0,False,district_actual,False,"MEDSL SLERs 1967-2022 (contest-level), seat=SC-L103",2022
45045,SC,SC-L010;SC-L016;SC-L017;SC-L018;SC-L019;SC-L020;SC-L021;SC-L022;SC-L023;SC-L024;SC-L025;SC-L027;SC-L028,29.286,False,district_actual,False,"MEDSL SLERs 1967-2022 (contest-level), seat=SC-L025",2022
45047,SC,SC-L012;SC-L013,-5.84,False,district_actual,False,"MEDSL SLERs 1967-2022 (contest-level), seat=SC-L012",2022
45049,SC,SC-L122,-7.983,False,district_actual,False,"MEDSL SLERs 1967-2022 (contest-level), seat=SC-L122",2022
45051,SC,SC-L055;SC-L056;SC-L057;SC-L058;SC-L061;SC-L068;SC-L104;SC-L105;SC-L106;SC-L107,3.421,False,district_actual,False,"MEDSL SLERs 1967-2022 (contest-level), seat=SC-L055",2022
45053,SC,SC-L120;SC-L122;SC-L123,-7.983,False,district_actual,False,"MEDSL SLERs 1967-2022 (contest-level), seat=SC-L122",2022
45055,SC,SC-L045;SC-L050;SC-L065,20.083,False,district_actual,False,"MEDSL SLERs 1967-2022 (contest-level), seat=SC-L050",2022
45057,SC,SC-L044;SC-L045;SC-L053;SC-L065,-27.64,False,district_actual,True,"MEDSL SLERs 1967-2022 (contest-level), seat=SC-L044",2022
45059,SC,SC-L011;SC-L013;SC-L014;SC-L016;SC-L042,-41.236,False,district_actual,False,"MEDSL SLERs 1967-2022 (contest-level), seat=SC-L014",2022
45061,SC,SC-L050,20.083,False,district_actual,True,"MEDSL SLERs 1967-2022 (contest-level), seat=SC-L050",2022
45063,SC,SC-L039;SC-L069;SC-L085;SC-L086;SC-L087;SC-L088;SC-L089;SC-L093;SC-L096,21.686,False,district_actual,False,"MEDSL SLERs 1967-2022 (contest-level), seat=SC-L093",2022
45065,SC,SC-L012,-5.84,False,district_actual,False,"MEDSL SLERs 1967-2022 (contest-level), seat=SC-L012",2022
45067,SC,SC-L057,100.0,False,district_actual,False,"MEDSL SLERs 1967-2022 (contest-level), seat=SC-L057",2022
45069,SC,SC-L054;SC-L055,3.421,False,district_actual,False,"MEDSL SLERs 1967-2022 (contest-level), seat=SC-L055",2022
45071,SC,SC-L040,-100.0,False,district_actual,False,"MEDSL SLERs 1967-2022 (contest-level), seat=SC-L040",2022
45073,SC,SC-L001;SC-L002,-100.0,False,district_actual,False,"MEDSL SLERs 1967-2022 (contest-level), seat=SC-L001",2022
45075,SC,SC-L090;SC-L091;SC-L093;SC-L095,17.511,False,district_actual,True,"MEDSL SLERs 1967-2022 (contest-level), seat=SC-L090",2022
45077,SC,SC-L001;SC-L003;SC-L004;SC-L005;SC-L010,-100.0,False,district_actual,False,"MEDSL SLERs 1967-2022 (contest-level), seat=SC-L001",2022
45079,SC,SC-L070;SC-L071;SC-L072;SC-L073;SC-L074;SC-L075;SC-L076;SC-L077;SC-L078;SC-L079,1.591,True,district_actual,False,"MEDSL SLERs 1967-2022 (contest-level), seat=SC-L075",2022
45081,SC,SC-L039;SC-L082,-100.0,False,district_actual,False,"MEDSL SLERs 1967-2022 (contest-level), seat=SC-L039",2022
45083,SC,SC-L029;SC-L030;SC-L031;SC-L032;SC-L033;SC-L034;SC-L035;SC-L036;SC-L037;SC-L038,-100.0,False,district_actual,False,"MEDSL SLERs 1967-2022 (contest-level), seat=SC-L029",2022
45085,SC,SC-L050;SC-L051;SC-L064;SC-L067,-10.495,False,district_actual,True,"MEDSL SLERs 1967-2022 (contest-level), seat=SC-L064",2022
45087,SC,SC-L042,-100.0,False,district_actual,False,"MEDSL SLERs 1967-2022 (contest-level), seat=SC-L042",2022
45089,SC,SC-L057;SC-L101,100.0,False,district_actual,False,"MEDSL SLERs 1967-2022 (contest-level), seat=SC-L057",2022
45091,SC,SC-L026;SC-L029;SC-L043;SC-L046;SC-L047;SC-L048;SC-L049;SC-L066,-15.545,False,district_actual,True,"MEDSL SLERs 1967-2022 (contest-level), seat=SC-L066",2022
46003,SD,SD-L021;SD-U021,-63.661,False,district_actual,False,"MEDSL SLERs 1967-2022 (contest-level), seat=SD-U021",2022
46005,SD,SD-L022;SD-U022,-63.918,False,district_actual,False,"MEDSL SLERs 1967-2022 (contest-level), seat=SD-L022",2022
46007,SD,SD-U027,2.897,True,district_actual,True,"MEDSL SLERs 1967-2022 (contest-level), seat=SD-U027",2022
46009,SD,SD-L019;SD-U019,-63.044,False,district_actual,False,"MEDSL SLERs 1967-2022 (contest-level), seat=SD-U019",2022
46011,SD,SD-L007;SD-L008;SD-U007;SD-U008,-46.69,False,district_actual,False,"MEDSL SLERs 1967-2022 (contest-level), seat=SD-L007",2022
46013,SD,SD-L001;SD-L003;SD-L023;SD-U001;SD-U003;SD-U023,-20.517,False,district_actual,False,"MEDSL SLERs 1967-2022 (contest-level), seat=SD-L001",2022
46015,SD,,-42.43,False,presidential,True,county_scores.json margin_2024 (MIT/tonmcg presidential),2024
46017,SD,,27.25,False,presidential,True,county_scores.json margin_2024 (MIT/tonmcg presidential),2024
46019,SD,SD-U028,-100.0,False,district_actual,False,"MEDSL SLERs 1967-2022 (contest-level), seat=SD-U028",2022
46021,SD,SD-L023;SD-U023,-100.0,False,district_actual,False,"MEDSL SLERs 1967-2022 (contest-level), seat=SD-L023",2022
46023,SD,SD-L021;SD-U021,-63.661,False,district_actual,False,"MEDSL SLERs 1967-2022 (contest-level), seat=SD-U021",2022
46025,SD,SD-L004;SD-L022;SD-U004;SD-U022,-63.918,False,district_actual,False,"MEDSL SLERs 1967-2022 (contest-level), seat=SD-L022",2022
46027,SD,SD-L017;SD-L018;SD-U017;SD-U018,-21.404,False,district_actual,False,"MEDSL SLERs 1967-2022 (contest-level), seat=SD-L018",2022
46029,SD,SD-L004;SD-L005;SD-U004;SD-U005,-56.221,False,district_actual,False,"MEDSL SLERs 1967-2022 (contest-level), seat=SD-L005",2022
46031,SD,SD-U028,-100.0,False,district_actual,False,"MEDSL SLERs 1967-2022 (contest-level), seat=SD-U028",2022
46033,SD,SD-L030;SD-U030,-66.427,False,district_actual,False,"MEDSL SLERs 1967-2022 (contest-level), seat=SD-L030",2022
46035,SD,SD-L020;SD-U020,-100.0,False,district_actual,False,"MEDSL SLERs 1967-2022 (contest-level), seat=SD-L020",2022
46037,SD,SD-L001;SD-U001,-20.517,False,district_actual,False,"MEDSL SLERs 1967-2022 (contest-level), seat=SD-L001",2022
46039,SD,SD-L004;SD-U004,-100.0,False,district_actual,False,"MEDSL SLERs 1967-2022 (contest-level), seat=SD-L004",2022
46041,SD,SD-U028,-100.0,False,district_actual,False,"MEDSL SLERs 1967-2022 (contest-level), seat=SD-U028",2022
46043,SD,SD-L021;SD-U021,-63.661,False,district_actual,False,"MEDSL SLERs 1967-2022 (contest-level), seat=SD-U021",2022
46045,SD,SD-L023;SD-U023,-100.0,False,district_actual,False,"MEDSL SLERs 1967-2022 (contest-level), seat=SD-L023",2022
46047,SD,SD-L030;SD-U030,-66.427,False,district_actual,False,"MEDSL SLERs 1967-2022 (contest-level), seat=SD-L030",2022
46049,SD,SD-L023;SD-U023,-100.0,False,district_actual,False,"MEDSL SLERs 1967-2022 (contest-level), seat=SD-L023",2022
46051,SD,SD-L004;SD-U004,-100.0,False,district_actual,False,"MEDSL SLERs 1967-2022 (contest-level), seat=SD-L004",2022
46053,SD,SD-L021;SD-U021,-63.661,False,district_actual,False,"MEDSL SLERs 1967-2022 (contest-level), seat=SD-U021",2022
46055,SD,SD-L024;SD-U024,-100.0,False,district_actual,False,"MEDSL SLERs 1967-2022 (contest-level), seat=SD-L024",2022
46057,SD,SD-L004;SD-U004,-100.0,False,district_actual,False,"MEDSL SLERs 1967-2022 (contest-level), seat=SD-L004",2022
46059,SD,SD-L023;SD-U023,-100.0,False,district_actual,False,"MEDSL SLERs 1967-2022 (contest-level), seat=SD-L023",2022
46061,SD,SD-L019;SD-U019,-63.044,False,district_actual,False,"MEDSL SLERs 1967-2022 (contest-level), seat=SD-U019",2022
46063,SD,SD-U028,-100.0,False,district_actual,False,"MEDSL SLERs 1967-2022 (contest-level), seat=SD-U028",2022
46065,SD,SD-L024;SD-U024,-100.0,False,district_actual,False,"MEDSL SLERs 1967-2022 (contest-level), seat=SD-L024",2022
46067,SD,SD-L019;SD-U019,-63.044,False,district_actual,False,"MEDSL SLERs 1967-2022 (contest-level), seat=SD-U019",2022
46069,SD,SD-L024;SD-U024,-100.0,False,district_actual,True,"MEDSL SLERs 1967-2022 (contest-level), seat=SD-L024",2022
46071,SD,SD-U027,2.897,True,district_actual,True,"MEDSL SLERs 1967-2022 (contest-level), seat=SD-U027",2022
46073,SD,SD-L020;SD-U020,-100.0,False,district_actual,False,"MEDSL SLERs 1967-2022 (contest-level), seat=SD-L020",2022
46075,SD,,-75.82,False,presidential,True,county_scores.json margin_2024 (MIT/tonmcg presidential),2024
46077,SD,SD-L008;SD-U008,-100.0,False,district_actual,False,"MEDSL SLERs 1967-2022 (contest-level), seat=SD-L008",2022
46079,SD,SD-L008;SD-U008,-100.0,False,district_actual,False,"MEDSL SLERs 1967-2022 (contest-level), seat=SD-L008",2022
46081,SD,SD-L031;SD-U031,-100.0,False,district_actual,False,"MEDSL SLERs 1967-2022 (contest-level), seat=SD-L031",2022
46083,SD,SD-L006;SD-L012;SD-L013;SD-L016;SD-U006;SD-U012;SD-U013;SD-U016,-7.761,False,district_actual,False,"MEDSL SLERs 1967-2022 (contest-level), seat=SD-U012",2022
46085,SD,,-39.46,False,presidential,True,county_scores.json margin_2024 (MIT/tonmcg presidential),2024
46087,SD,SD-L019;SD-U019,-63.044,False,district_actual,False,"MEDSL SLERs 1967-2022 (contest-level), seat=SD-U019",2022
46089,SD,SD-L023;SD-U023,-100.0,False,district_actual,False,"MEDSL SLERs 1967-2022 (contest-level), seat=SD-L023",2022
46091,SD,SD-L001;SD-U001,-20.517,False,district_actual,False,"MEDSL SLERs 1967-2022 (contest-level), seat=SD-L001",2022
46093,SD,SD-L029;SD-L033;SD-U029;SD-U033,-52.212,False,district_actual,False,"MEDSL SLERs 1967-2022 (contest-level), seat=SD-L033",2022
46095,SD,,-20.14,False,presidential,True,county_scores.json margin_2024 (MIT/tonmcg presidential),2024
46097,SD,SD-L008;SD-L020;SD-U008;SD-U020,-100.0,False,district_actual,False,"MEDSL SLERs 1967-2022 (contest-level), seat=SD-L008",2022
46099,SD,SD-L002;SD-L009;SD-L010;SD-L011;SD-L012;SD-L013;SD-L014;SD-L015;SD-L025;SD-U002;SD-U009;SD-U010;SD-U011;SD-U012;SD-U013;SD-U014;SD-U015;SD-U025,5.523,False,district_actual,False,"MEDSL SLERs 1967-2022 (contest-level), seat=SD-U015",2022
46101,SD,SD-L025;SD-U025,-31.681,False,district_actual,False,"MEDSL SLERs 1967-2022 (contest-level), seat=SD-L025",2022
46102,SD,SD-U027,2.897,True,district_actual,True,"MEDSL SLERs 1967-2022 (contest-level), seat=SD-U027",2022
46103,SD,SD-L030;SD-L032;SD-L033;SD-L034;SD-L035;SD-U027;SD-U030;SD-U032;SD-U033;SD-U034;SD-U035,2.897,True,district_actual,True,"MEDSL SLERs 1967-2022 (contest-level), seat=SD-U027",2022
46105,SD,SD-U028,-100.0,False,district_actual,False,"MEDSL SLERs 1967-2022 (contest-level), seat=SD-U028",2022
46107,SD,SD-L023;SD-U023,-100.0,False,district_actual,False,"MEDSL SLERs 1967-2022 (contest-level), seat=SD-L023",2022
46109,SD,SD-L001;SD-L004;SD-U001;SD-U004,-20.517,False,district_actual,False,"MEDSL SLERs 1967-2022 (contest-level), seat=SD-L001",2022
46111,SD,SD-L020;SD-U020,-100.0,False,district_actual,False,"MEDSL SLERs 1967-2022 (contest-level), seat=SD-L020",2022
46115,SD,SD-L022;SD-U022,-63.918,False,district_actual,False,"MEDSL SLERs 1967-2022 (contest-level), seat=SD-L022",2022
46117,SD,SD-L024;SD-U024,-100.0,False,district_actual,False,"MEDSL SLERs 1967-2022 (contest-level), seat=SD-L024",2022
46119,SD,SD-L024;SD-U024,-100.0,False,district_actual,False,"MEDSL SLERs 1967-2022 (contest-level), seat=SD-L024",2022
46121,SD,,50.47,False,presidential,True,county_scores.json margin_2024 (MIT/tonmcg presidential),2024
46123,SD,SD-L021;SD-U021,-63.661,False,district_actual,False,"MEDSL SLERs 1967-2022 (contest-level), seat=SD-U021",2022
46125,SD,SD-L016;SD-L019;SD-U016;SD-U019,-40.677,False,district_actual,False,"MEDSL SLERs 1967-2022 (contest-level), seat=SD-U016",2022
46127,SD,SD-L016;SD-L017;SD-U016;SD-U017,-40.677,False,district_actual,False,"MEDSL SLERs 1967-2022 (contest-level), seat=SD-U016",2022
46129,SD,SD-L023;SD-U023,-100.0,False,district_actual,False,"MEDSL SLERs 1967-2022 (contest-level), seat=SD-L023",2022
46135,SD,SD-L018;SD-U018,-21.404,False,district_actual,False,"MEDSL SLERs 1967-2022 (contest-level), seat=SD-L018",2022
46137,SD,SD-U028,-100.0,False,district_actual,False,"MEDSL SLERs 1967-2022 (contest-level), seat=SD-U028",2022
47001,TN,TN-L033;TN-L041;TN-U005,-23.454,False,district_actual,False,"MEDSL SLERs 1967-2022 (contest-level), seat=TN-L033",2022
47003,TN,TN-L062,-100.0,False,district_actual,False,"MEDSL SLERs 1967-2022 (contest-level), seat=TN-L062",2022
47005,TN,TN-L074,-100.0,False,district_actual,False,"MEDSL SLERs 1967-2022 (contest-level), seat=TN-L074",2022
47007,TN,TN-L031,-72.651,False,district_actual,False,"MEDSL SLERs 1967-2022 (contest-level), seat=TN-L031",2022
47009,TN,TN-L008;TN-L020,-60.651,False,district_actual,False,"MEDSL SLERs 1967-2022 (contest-level), seat=TN-L008",2022
47011,TN,TN-L022;TN-L024;TN-U001,-66.119,False,district_actual,False,"MEDSL SLERs 1967-2022 (contest-level), seat=TN-U001",2022
47013,TN,TN-L036,-100.0,False,district_actual,False,"MEDSL SLERs 1967-2022 (contest-level), seat=TN-L036",2022
47015,TN,TN-L040,-66.786,False,district_actual,False,"MEDSL SLERs 1967-2022 (contest-level), seat=TN-L040",2022
47017,TN,TN-L076;TN-L079,-62.383,False,district_actual,False,"MEDSL SLERs 1967-2022 (contest-level), seat=TN-L079",2022
47019,TN,TN-L003;TN-L004;TN-U003,-49.943,False,district_actual,False,"MEDSL SLERs 1967-2022 (contest-level), seat=TN-U003",2022
47021,TN,TN-L078;TN-U023,-47.259,False,district_actual,False,"MEDSL SLERs 1967-2022 (contest-level), seat=TN-L078",2022
47023,TN,TN-L072,-100.0,False,district_actual,False,"MEDSL SLERs 1967-2022 (contest-level), seat=TN-L072",2022
47025,TN,TN-L009;TN-L036,-100.0,False,district_actual,False,"MEDSL SLERs 1967-2022 (contest-level), seat=TN-L009",2022
47027,TN,TN-L038,-100.0,False,district_actual,False,"MEDSL SLERs 1967-2022 (contest-level), seat=TN-L038",2022
47029,TN,TN-L011;TN-U009,-65.824,False,district_actual,False,"MEDSL SLERs 1967-2022 (contest-level), seat=TN-U009",2022
47031,TN,TN-L047,-80.529,False,district_actual,False,"MEDSL SLERs 1967-2022 (contest-level), seat=TN-L047",2022
47033,TN,TN-L082;TN-U025,-79.402,False,district_actual,False,"MEDSL SLERs 1967-2022 (contest-level), seat=TN-U025",2022
47035,TN,TN-L025;TN-U015,-65.567,False,district_actual,False,"MEDSL SLERs 1967-2022 (contest-level), seat=TN-L025",2022
47037,TN,TN-L050;TN-L051;TN-L052;TN-L053;TN-L054;TN-L055;TN-L056;TN-L058;TN-L059;TN-L060;TN-U017;TN-U019;TN-U021,4.801,False,district_actual,False,"MEDSL SLERs 1967-2022 (contest-level), seat=TN-L059",2022
47039,TN,TN-L072;TN-U025,-79.402,False,district_actual,False,"MEDSL SLERs 1967-2022 (contest-level), seat=TN-U025",2022
47041,TN,TN-L040,-66.786,False,district_actual,False,"MEDSL SLERs 1967-2022 (contest-level), seat=TN-L040",2022
47043,TN,TN-L069;TN-L078;TN-U023,-47.259,False,district_actual,False,"MEDSL SLERs 1967-2022 (contest-level), seat=TN-L078",2022
47045,TN,TN-L077;TN-U025,-79.402,False,district_actual,False,"MEDSL SLERs 1967-2022 (contest-level), seat=TN-U025",2022
47047,TN,TN-L094,-100.0,False,district_actual,False,"MEDSL SLERs 1967-2022 (contest-level), seat=TN-L094",2022
47049,TN,TN-L038;TN-L041,-52.592,False,district_actual,False,"MEDSL SLERs 1967-2022 (contest-level), seat=TN-L041",2022
47051,TN,TN-L039,-53.456,False,district_actual,False,"MEDSL SLERs 1967-2022 (contest-level), seat=TN-L039",2022
47053,TN,TN-L079;TN-L082,-62.383,False,district_actual,False,"MEDSL SLERs 1967-2022 (contest-level), seat=TN-L079",2022
47055,TN,TN-L070,-100.0,False,district_actual,False,"MEDSL SLERs 1967-2022 (contest-level), seat=TN-L070",2022
47057,TN,TN-L010,-100.0,False,district_actual,False,"MEDSL SLERs 1967-2022 (contest-level), seat=TN-L010",2022
47059,TN,TN-L005;TN-U009,-65.824,False,district_actual,False,"MEDSL SLERs 1967-2022 (contest-level), seat=TN-U009",2022
47061,TN,TN-L047,-80.529,False,district_actual,False,"MEDSL SLERs 1967-2022 (contest-level), seat=TN-L047",2022
47063,TN,TN-L010;TN-L011;TN-U009,-65.824,False,district_actual,False,"MEDSL SLERs 1967-2022 (contest-level), seat=TN-U009",2022
47065,TN,TN-L026;TN-L027;TN-L028;TN-L029;TN-L030;TN-U011,-27.747,False,district_actual,False,"MEDSL SLERs 1967-2022 (contest-level), seat=TN-L026",2022
47067,TN,TN-L009,-100.0,False,district_actual,False,"MEDSL SLERs 1967-2022 (contest-level), seat=TN-L009",2022
47069,TN,TN-L080;TN-L094,100.0,False,district_actual,False,"MEDSL SLERs 1967-2022 (contest-level), seat=TN-L080",2022
47071,TN,TN-L071;TN-L072,-63.427,False,district_actual,False,"MEDSL SLERs 1967-2022 (contest-level), seat=TN-L071",2022
47073,TN,TN-L003;TN-L009,-100.0,False,district_actual,False,"MEDSL SLERs 1967-2022 (contest-level), seat=TN-L003",2022
47075,TN,TN-L080;TN-L081,-79.629,False,district_actual,False,"MEDSL SLERs 1967-2022 (contest-level), seat=TN-L081",2022
47077,TN,TN-L072;TN-L079;TN-U025,-62.383,False,district_actual,False,"MEDSL SLERs 1967-2022 (contest-level), seat=TN-L079",2022
47079,TN,TN-L074;TN-L076,-82.871,False,district_actual,False,"MEDSL SLERs 1967-2022 (contest-level), seat=TN-L076",2022
47081,TN,TN-L069;TN-U023,-59.335,False,district_actual,False,"MEDSL SLERs 1967-2022 (contest-level), seat=TN-L069",2022
47083,TN,TN-L074,-100.0,False,district_actual,False,"MEDSL SLERs 1967-2022 (contest-level), seat=TN-L074",2022
47085,TN,TN-L074;TN-U023,-100.0,False,district_actual,False,"MEDSL SLERs 1967-2022 (contest-level), seat=TN-L074",2022
47087,TN,TN-L040;TN-U015,-66.786,False,district_actual,False,"MEDSL SLERs 1967-2022 (contest-level), seat=TN-L040",2022
47089,TN,TN-L011;TN-L017,-100.0,False,district_actual,False,"MEDSL SLERs 1967-2022 (contest-level), seat=TN-L011",2022
47091,TN,TN-L003;TN-U003,-49.943,False,district_actual,False,"MEDSL SLERs 1967-2022 (contest-level), seat=TN-U003",2022
47093,TN,TN-L014;TN-L015;TN-L016;TN-L018;TN-L019;TN-L089;TN-L090;TN-U005;TN-U007,-8.196,False,district_actual,False,"MEDSL SLERs 1967-2022 (contest-level), seat=TN-L018",2022
47095,TN,TN-L077;TN-U025,-79.402,False,district_actual,False,"MEDSL SLERs 1967-2022 (contest-level), seat=TN-U025",2022
47097,TN,TN-L082,-100.0,False,district_actual,False,"MEDSL SLERs 1967-2022 (contest-level), seat=TN-L082",2022
47099,TN,TN-L070;TN-L071,-63.427,False,district_actual,False,"MEDSL SLERs 1967-2022 (contest-level), seat=TN-L071",2022
47101,TN,TN-L069,-59.335,False,district_actual,False,"MEDSL SLERs 1967-2022 (contest-level), seat=TN-L069",2022
47103,TN,TN-L062;TN-L070,-100.0,False,district_actual,False,"MEDSL SLERs 1967-2022 (contest-level), seat=TN-L062",2022
47105,TN,TN-L021;TN-L032;TN-U005,-53.46,False,district_actual,False,"MEDSL SLERs 1967-2022 (contest-level), seat=TN-L032",2022
47107,TN,TN-L023;TN-U001,-66.119,False,district_actual,False,"MEDSL SLERs 1967-2022 (contest-level), seat=TN-U001",2022
47109,TN,TN-L094,-100.0,False,district_actual,False,"MEDSL SLERs 1967-2022 (contest-level), seat=TN-L094",2022
47111,TN,TN-L038,-100.0,False,district_actual,False,"MEDSL SLERs 1967-2022 (contest-level), seat=TN-L038",2022
47113,TN,TN-L073;TN-L080;TN-U025,-42.074,False,district_actual,False,"MEDSL SLERs 1967-2022 (contest-level), seat=TN-L073",2022
47115,TN,TN-L039,-53.456,False,district_actual,False,"MEDSL SLERs 1967-2022 (contest-level), seat=TN-L039",2022
47117,TN,TN-L092,-47.844,False,district_actual,False,"MEDSL SLERs 1967-2022 (contest-level), seat=TN-L092",2022
47119,TN,TN-L064;TN-L071,-41.408,False,district_actual,False,"MEDSL SLERs 1967-2022 (contest-level), seat=TN-L064",2022
47121,TN,TN-L022;TN-U001,-66.119,False,district_actual,False,"MEDSL SLERs 1967-2022 (contest-level), seat=TN-U001",2022
47123,TN,TN-L021;TN-L023,-100.0,False,district_actual,False,"MEDSL SLERs 1967-2022 (contest-level), seat=TN-L021",2022
47125,TN,TN-L067;TN-L068;TN-L075,1.344,True,district_actual,False,"MEDSL SLERs 1967-2022 (contest-level), seat=TN-L067",2022
47127,TN,TN-L062,-100.0,False,district_actual,False,"MEDSL SLERs 1967-2022 (contest-level), seat=TN-L062",2022
47129,TN,TN-L041,-52.592,False,district_actual,False,"MEDSL SLERs 1967-2022 (contest-level), seat=TN-L041",2022
47131,TN,TN-L077;TN-L082,-100.0,False,district_actual,False,"MEDSL SLERs 1967-2022 (contest-level), seat=TN-L077",2022
47133,TN,TN-L041,-52.592,False,district_actual,False,"MEDSL SLERs 1967-2022 (contest-level), seat=TN-L041",2022
47135,TN,TN-L072;TN-U025,-79.402,False,district_actual,False,"MEDSL SLERs 1967-2022 (contest-level), seat=TN-U025",2022
47137,TN,TN-L038,-100.0,False,district_actual,False,"MEDSL SLERs 1967-2022 (contest-level), seat=TN-L038",2022
47139,TN,TN-L022,-100.0,False,district_actual,False,"MEDSL SLERs 1967-2022 (contest-level), seat=TN-L022",2022
47141,TN,TN-L025;TN-L042;TN-U015,-65.567,False,district_actual,False,"MEDSL SLERs 1967-2022 (contest-level), seat=TN-L025",2022
47143,TN,TN-L031;TN-U001,-66.119,False,district_actual,False,"MEDSL SLERs 1967-2022 (contest-level), seat=TN-U001",2022
47145,TN,TN-L032;TN-L041,-52.592,False,district_actual,False,"MEDSL SLERs 1967-2022 (contest-level), seat=TN-L041",2022
47147,TN,TN-L066;TN-U023,-100.0,False,district_actual,False,"MEDSL SLERs 1967-2022 (contest-level), seat=TN-L066",2022
47149,TN,TN-L013;TN-L034;TN-L037;TN-L048;TN-L049;TN-U013,-18.992,False,district_actual,False,"MEDSL SLERs 1967-2022 (contest-level), seat=TN-L049",2022
47151,TN,TN-L038,-100.0,False,district_actual,False,"MEDSL SLERs 1967-2022 (contest-level), seat=TN-L038",2022
47153,TN,TN-L031,-72.651,False,district_actual,False,"MEDSL SLERs 1967-2022 (contest-level), seat=TN-L031",2022
47155,TN,TN-L012;TN-L017;TN-U009,-65.824,False,district_actual,False,"MEDSL SLERs 1967-2022 (contest-level), seat=TN-U009",2022
47157,TN,TN-L083;TN-L084;TN-L085;TN-L086;TN-L087;TN-L088;TN-L091;TN-L093;TN-L095;TN-L096;TN-L097;TN-L098;TN-L099;TN-U029;TN-U031;TN-U033,-13.445,False,district_actual,False,"MEDSL SLERs 1967-2022 (contest-level), seat=TN-L097",2022
47159,TN,TN-L040;TN-U015,-66.786,False,district_actual,False,"MEDSL SLERs 1967-2022 (contest-level), seat=TN-L040",2022
47161,TN,TN-L074,-100.0,False,district_actual,False,"MEDSL SLERs 1967-2022 (contest-level), seat=TN-L074",2022
47163,TN,TN-L001;TN-L002;TN-L003,-100.0,False,district_actual,False,"MEDSL SLERs 1967-2022 (contest-level), seat=TN-L001",2022
47165,TN,TN-L035;TN-L044;TN-L045,-56.255,False,district_actual,False,"MEDSL SLERs 1967-2022 (contest-level), seat=TN-L044",2022
47167,TN,TN-L081,-79.629,False,district_actual,False,"MEDSL SLERs 1967-2022 (contest-level), seat=TN-L081",2022
47169,TN,TN-L035,-100.0,False,district_actual,False,"MEDSL SLERs 1967-2022 (contest-level), seat=TN-L035",2022
47171,TN,TN-L004;TN-U009,-65.824,False,district_actual,False,"MEDSL SLERs 1967-2022 (contest-level), seat=TN-U009",2022
47173,TN,TN-L036,-100.0,False,district_actual,False,"MEDSL SLERs 1967-2022 (contest-level), seat=TN-L036",2022
47175,TN,TN-L031;TN-U015,-72.651,False,district_actual,False,"MEDSL SLERs 1967-2022 (contest-level), seat=TN-L031",2022
47177,TN,TN-L043,-55.381,False,district_actual,False,"MEDSL SLERs 1967-2022 (contest-level), seat=TN-L043",2022
47179,TN,TN-L006;TN-L007;TN-U003,-49.943,False,district_actual,False,"MEDSL SLERs 1967-2022 (contest-level), seat=TN-U003",2022
47181,TN,TN-L071,-63.427,False,district_actual,False,"MEDSL SLERs 1967-2022 (contest-level), seat=TN-L071",2022
47183,TN,TN-L076,-82.871,False,district_actual,False,"MEDSL SLERs 1967-2022 (contest-level), seat=TN-L076",2022
47185,TN,TN-L043;TN-U015,-55.381,False,district_actual,False,"MEDSL SLERs 1967-2022 (contest-level), seat=TN-L043",2022
47187,TN,TN-L061;TN-L063;TN-L065;TN-L092;TN-U027,-31.875,False,district_actual,False,"MEDSL SLERs 1967-2022 (contest-level), seat=TN-L061",2022
47189,TN,TN-L040;TN-L046;TN-L057;TN-U017,-66.786,False,district_actual,False,"MEDSL SLERs 1967-2022 (contest-level), seat=TN-L040",2022
48001,TX,TX-L008;TX-U003,-57.076,False,district_actual,False,"MEDSL SLERs 1967-2022 (contest-level), seat=TX-U003",2022
48003,TX,TX-L088;TX-U031,-100.0,False,district_actual,False,"MEDSL SLERs 1967-2022 (contest-level), seat=TX-L088",2022
48005,TX,TX-L009;TX-U003,-57.076,False,district_actual,False,"MEDSL SLERs 1967-2022 (contest-level), seat=TX-U003",2022
48007,TX,TX-L032;TX-U018,-32.338,False,district_actual,False,"MEDSL SLERs 1967-2022 (contest-level), seat=TX-U018",2022
48009,TX,TX-L069;TX-U030,-61.756,False,district_actual,False,"MEDSL SLERs 1967-2022 (contest-level), seat=TX-L069",2022
48011,TX,TX-L086;TX-U031,-100.0,False,district_actual,False,"MEDSL SLERs 1967-2022 (contest-level), seat=TX-L086",2022
48013,TX,TX-U019;TX-U024,10.786,False,district_actual,False,"MEDSL SLERs 1967-2022 (contest-level), seat=TX-U019",2022
48015,TX,TX-L085;TX-U018,-32.338,False,district_actual,False,"MEDSL SLERs 1967-2022 (contest-level), seat=TX-U018",2022
48017,TX,TX-L088;TX-U031,-100.0,False,district_actual,False,"MEDSL SLERs 1967-2022 (contest-level), seat=TX-L088",2022
48019,TX,TX-L053;TX-U024,-28.641,False,district_actual,False,"MEDSL SLERs 1967-2022 (contest-level), seat=TX-U024",2022
48021,TX,TX-L017;TX-U005,-33.657,False,district_actual,False,"MEDSL SLERs 1967-2022 (contest-level), seat=TX-L017",2022
48023,TX,TX-L069;TX-U028,-61.756,False,district_actual,False,"MEDSL SLERs 1967-2022 (contest-level), seat=TX-L069",2022
48025,TX,TX-L043,-100.0,False,district_actual,True,"MEDSL SLERs 1967-2022 (contest-level), seat=TX-L043",2022
48027,TX,TX-L054;TX-L055;TX-U024,-22.123,False,district_actual,False,"MEDSL SLERs 1967-2022 (contest-level), seat=TX-L055",2022
48029,TX,TX-L116;TX-L117;TX-L118;TX-L119;TX-L120;TX-L121;TX-L122;TX-L123;TX-L124;TX-L125;TX-U019;TX-U025;TX-U026,-3.676,False,district_actual,False,"MEDSL SLERs 1967-2022 (contest-level), seat=TX-L118",2022
48031,TX,TX-L019;TX-U025,-25.653,False,district_actual,False,"MEDSL SLERs 1967-2022 (contest-level), seat=TX-U025",2022
48033,TX,TX-L083;TX-U031,-100.0,False,district_actual,False,"MEDSL SLERs 1967-2022 (contest-level), seat=TX-L083",2022
48035,TX,TX-L013;TX-U022,-54.997,False,district_actual,False,"MEDSL SLERs 1967-2022 (contest-level), seat=TX-L013",2022
48037,TX,TX-L001;TX-U001,-100.0,False,district_actual,False,"MEDSL SLERs 1967-2022 (contest-level), seat=TX-L001",2022
48039,TX,TX-L025;TX-L029;TX-U011;TX-U017,-30.67,False,district_actual,False,"MEDSL SLERs 1967-2022 (contest-level), seat=TX-U017",2022
48041,TX,TX-L012;TX-L014;TX-U005,-68.094,False,district_actual,False,"MEDSL SLERs 1967-2022 (contest-level), seat=TX-L014",2022
48043,TX,TX-L074;TX-U019;TX-U029,10.786,False,district_actual,False,"MEDSL SLERs 1967-2022 (contest-level), seat=TX-U019",2022
48045,TX,TX-L088;TX-U031,-100.0,False,district_actual,False,"MEDSL SLERs 1967-2022 (contest-level), seat=TX-L088",2022
48047,TX,TX-L031;TX-U020,18.369,False,district_actual,False,"MEDSL SLERs 1967-2022 (contest-level), seat=TX-U020",2022
48049,TX,TX-L068;TX-U010,-100.0,False,district_actual,False,"MEDSL SLERs 1967-2022 (contest-level), seat=TX-L068",2022
48051,TX,TX-L017;TX-U018,-32.338,False,district_actual,False,"MEDSL SLERs 1967-2022 (contest-level), seat=TX-U018",2022
48053,TX,TX-L019;TX-U024,-28.641,False,district_actual,False,"MEDSL SLERs 1967-2022 (contest-level), seat=TX-U024",2022
48055,TX,TX-L017;TX-U021,26.277,False,district_actual,False,"MEDSL SLERs 1967-2022 (contest-level), seat=TX-U021",2022
48057,TX,TX-L043;TX-U018,-32.338,False,district_actual,False,"MEDSL SLERs 1967-2022 (contest-level), seat=TX-U018",2022
48059,TX,TX-L071;TX-U010,-61.993,False,district_actual,False,"MEDSL SLERs 1967-2022 (contest-level), seat=TX-L071",2022
48061,TX,TX-L035;TX-L037;TX-L038,-3.657,False,district_actual,True,"MEDSL SLERs 1967-2022 (contest-level), seat=TX-L037",2022
48063,TX,TX-L005;TX-U001,-100.0,False,district_actual,False,"MEDSL SLERs 1967-2022 (contest-level), seat=TX-L005",2022
48065,TX,TX-L087;TX-U031,-87.075,False,district_actual,False,"MEDSL SLERs 1967-2022 (contest-level), seat=TX-L087",2022
48067,TX,TX-L001;TX-U001,-100.0,False,district_actual,False,"MEDSL SLERs 1967-2022 (contest-level), seat=TX-L001",2022
48069,TX,TX-L088;TX-U031,-100.0,False,district_actual,False,"MEDSL SLERs 1967-2022 (contest-level), seat=TX-L088",2022
48071,TX,TX-L023;TX-U004,-27.564,False,district_actual,False,"MEDSL SLERs 1967-2022 (contest-level), seat=TX-L023",2022
48073,TX,TX-L008;TX-U003,-57.076,False,district_actual,False,"MEDSL SLERs 1967-2022 (contest-level), seat=TX-U003",2022
48075,TX,TX-L088;TX-U028,-100.0,False,district_actual,False,"MEDSL SLERs 1967-2022 (contest-level), seat=TX-L088",2022
48077,TX,TX-L069;TX-U030,-61.756,False,district_actual,False,"MEDSL SLERs 1967-2022 (contest-level), seat=TX-L069",2022
48079,TX,TX-L088;TX-U031,-100.0,False,district_actual,False,"MEDSL SLERs 1967-2022 (contest-level), seat=TX-L088",2022
48081,TX,TX-L072;TX-U031,-100.0,False,district_actual,False,"MEDSL SLERs 1967-2022 (contest-level), seat=TX-L072",2022
48083,TX,TX-L072;TX-U028,-100.0,False,district_actual,False,"MEDSL SLERs 1967-2022 (contest-level), seat=TX-L072",2022
48085,TX,TX-L033;TX-L061;TX-L066;TX-L067;TX-L070;TX-L089;TX-U002;TX-U008;TX-U030,1.469,True,district_actual,False,"MEDSL SLERs 1967-2022 (contest-level), seat=TX-L070",2022
48087,TX,TX-L088;TX-U028,-100.0,False,district_actual,False,"MEDSL SLERs 1967-2022 (contest-level), seat=TX-L088",2022
48089,TX,TX-L085;TX-U017,-30.67,False,district_actual,False,"MEDSL SLERs 1967-2022 (contest-level), seat=TX-U017",2022
48091,TX,TX-L073;TX-U025,-25.653,False,district_actual,False,"MEDSL SLERs 1967-2022 (contest-level), seat=TX-U025",2022
48093,TX,TX-L068;TX-U022,-74.259,False,district_actual,False,"MEDSL SLERs 1967-2022 (contest-level), seat=TX-U022",2022
48095,TX,TX-L072;TX-U028,-100.0,False,district_actual,False,"MEDSL SLERs 1967-2022 (contest-level), seat=TX-L072",2022
48097,TX,TX-L068;TX-U030,-100.0,False,district_actual,False,"MEDSL SLERs 1967-2022 (contest-level), seat=TX-L068",2022
48099,TX,TX-L059;TX-U024,-28.641,False,district_actual,False,"MEDSL SLERs 1967-2022 (contest-level), seat=TX-U024",2022
48101,TX,TX-L069;TX-U028,-61.756,False,district_actual,False,"MEDSL SLERs 1967-2022 (contest-level), seat=TX-L069",2022
48103,TX,TX-L053;TX-U031,-59.661,False,district_actual,False,"MEDSL SLERs 1967-2022 (contest-level), seat=TX-L053",2022
48105,TX,TX-L053;TX-U019,10.786,False,district_actual,False,"MEDSL SLERs 1967-2022 (contest-level), seat=TX-U019",2022
48107,TX,TX-L083;TX-U028,-100.0,False,district_actual,False,"MEDSL SLERs 1967-2022 (contest-level), seat=TX-L083",2022
48109,TX,TX-L074;TX-U029,11.336,False,district_actual,False,"MEDSL SLERs 1967-2022 (contest-level), seat=TX-L074",2022
48111,TX,TX-L086;TX-U031,-100.0,False,district_actual,False,"MEDSL SLERs 1967-2022 (contest-level), seat=TX-L086",2022
48113,TX,TX-L100;TX-L102;TX-L103;TX-L104;TX-L105;TX-L107;TX-L108;TX-L109;TX-L110;TX-L111;TX-L112;TX-L113;TX-L114;TX-L115;TX-U002;TX-U012;TX-U016;TX-U023,-9.663,False,district_actual,False,"MEDSL SLERs 1967-2022 (contest-level), seat=TX-L112",2022
48115,TX,TX-L082;TX-U031,-100.0,False,district_actual,False,"MEDSL SLERs 1967-2022 (contest-level), seat=TX-L082",2022
48117,TX,TX-L086;TX-U031,-100.0,False,district_actual,False,"MEDSL SLERs 1967-2022 (contest-level), seat=TX-L086",2022
48119,TX,TX-L062;TX-U001,-100.0,False,district_actual,False,"MEDSL SLERs 1967-2022 (contest-level), seat=TX-L062",2022
48121,TX,TX-L057;TX-L063;TX-L064;TX-L065;TX-L106;TX-U012;TX-U030,-11.854,False,district_actual,False,"MEDSL SLERs 1967-2022 (contest-level), seat=TX-L063",2022
48123,TX,TX-L030;TX-U018,-32.338,False,district_actual,False,"MEDSL SLERs 1967-2022 (contest-level), seat=TX-U018",2022
48125,TX,TX-L083;TX-U028,-100.0,False,district_actual,False,"MEDSL SLERs 1967-2022 (contest-level), seat=TX-L083",2022
48127,TX,TX-U021,26.277,False,district_actual,False,"MEDSL SLERs 1967-2022 (contest-level), seat=TX-U021",2022
48129,TX,TX-L088;TX-U028,-100.0,False,district_actual,False,"MEDSL SLERs 1967-2022 (contest-level), seat=TX-L088",2022
48131,TX,TX-L031;TX-U021,26.277,False,district_actual,False,"MEDSL SLERs 1967-2022 (contest-level), seat=TX-U021",2022
48133,TX,TX-L068;TX-U022,-74.259,False,district_actual,False,"MEDSL SLERs 1967-2022 (contest-level), seat=TX-U022",2022
48135,TX,TX-L081;TX-U031,-100.0,False,district_actual,False,"MEDSL SLERs 1967-2022 (contest-level), seat=TX-L081",2022
48137,TX,TX-L053;TX-U019,10.786,False,district_actual,False,"MEDSL SLERs 1967-2022 (contest-level), seat=TX-U019",2022
48139,TX,TX-L010;TX-U002;TX-U022,-23.799,False,district_actual,False,"MEDSL SLERs 1967-2022 (contest-level), seat=TX-U002",2022
48141,TX,TX-L074;TX-L075;TX-L077;TX-L078;TX-L079;TX-U029,11.336,False,district_actual,False,"MEDSL SLERs 1967-2022 (contest-level), seat=TX-L074",2022
48143,TX,TX-L059;TX-U022,-74.259,False,district_actual,False,"MEDSL SLERs 1967-2022 (contest-level), seat=TX-U022",2022
48145,TX,TX-L013;TX-U022,-54.997,False,district_actual,False,"MEDSL SLERs 1967-2022 (contest-level), seat=TX-L013",2022
48147,TX,TX-L062;TX-U001,-100.0,False,district_actual,False,"MEDSL SLERs 1967-2022 (contest-level), seat=TX-L062",2022
48149,TX,TX-L085;TX-U018,-32.338,False,district_actual,False,"MEDSL SLERs 1967-2022 (contest-level), seat=TX-U018",2022
48151,TX,TX-L069;TX-U028,-61.756,False,district_actual,False,"MEDSL SLERs 1967-2022 (contest-level), seat=TX-L069",2022
48153,TX,TX-L083;TX-U028,-100.0,False,district_actual,False,"MEDSL SLERs 1967-2022 (contest-level), seat=TX-L083",2022
48155,TX,TX-L069;TX-U028,-61.756,False,district_actual,False,"MEDSL SLERs 1967-2022 (contest-level), seat=TX-L069",2022
48157,TX,TX-L026;TX-L027;TX-L028;TX-L076;TX-L085;TX-U013;TX-U017;TX-U018,14.524,False,district_actual,False,"MEDSL SLERs 1967-2022 (contest-level), seat=TX-L076",2022
48159,TX,TX-L062;TX-U001,-100.0,False,district_actual,False,"MEDSL SLERs 1967-2022 (contest-level), seat=TX-L062",2022
48161,TX,TX-L013;TX-U005,-54.997,False,district_actual,False,"MEDSL SLERs 1967-2022 (contest-level), seat=TX-L013",2022
48163,TX,TX-U019,10.786,False,district_actual,False,"MEDSL SLERs 1967-2022 (contest-level), seat=TX-U019",2022
48165,TX,TX-L088;TX-U031,-100.0,False,district_actual,False,"MEDSL SLERs 1967-2022 (contest-level), seat=TX-L088",2022
48167,TX,TX-L023;TX-L024;TX-U004;TX-U011,-27.564,False,district_actual,False,"MEDSL SLERs 1967-2022 (contest-level), seat=TX-L023",2022
48169,TX,TX-L083;TX-U028,-100.0,False,district_actual,False,"MEDSL SLERs 1967-2022 (contest-level), seat=TX-L083",2022
48171,TX,TX-L019;TX-U024,-28.641,False,district_actual,False,"MEDSL SLERs 1967-2022 (contest-level), seat=TX-U024",2022
48173,TX,TX-L072;TX-U031,-100.0,False,district_actual,False,"MEDSL SLERs 1967-2022 (contest-level), seat=TX-L072",2022
48175,TX,TX-L030;TX-U018,-32.338,False,district_actual,False,"MEDSL SLERs 1967-2022 (contest-level), seat=TX-U018",2022
48177,TX,TX-L044;TX-U018,-32.338,False,district_actual,False,"MEDSL SLERs 1967-2022 (contest-level), seat=TX-U018",2022
48179,TX,TX-L088;TX-U028,-100.0,False,district_actual,False,"MEDSL SLERs 1967-2022 (contest-level), seat=TX-L088",2022
48181,TX,TX-L062;TX-U030,-100.0,False,district_actual,False,"MEDSL SLERs 1967-2022 (contest-level), seat=TX-L062",2022
48183,TX,TX-L007;TX-U001,-100.0,False,district_actual,False,"MEDSL SLERs 1967-2022 (contest-level), seat=TX-L007",2022
48185,TX,TX-L012;TX-U018,-32.338,False,district_actual,False,"MEDSL SLERs 1967-2022 (contest-level), seat=TX-U018",2022
48187,TX,TX-L044;TX-U019;TX-U021;TX-U025,10.786,False,district_actual,False,"MEDSL SLERs 1967-2022 (contest-level), seat=TX-U019",2022
48189,TX,TX-L088;TX-U028,-100.0,False,district_actual,False,"MEDSL SLERs 1967-2022 (contest-level), seat=TX-L088",2022
48191,TX,TX-L088;TX-U031,-100.0,False,district_actual,False,"MEDSL SLERs 1967-2022 (contest-level), seat=TX-L088",2022
48193,TX,TX-L059;TX-U022,-74.259,False,district_actual,False,"MEDSL SLERs 1967-2022 (contest-level), seat=TX-U022",2022
48195,TX,TX-L087;TX-U031,-87.075,False,district_actual,False,"MEDSL SLERs 1967-2022 (contest-level), seat=TX-L087",2022
48197,TX,TX-L069;TX-U028,-61.756,False,district_actual,False,"MEDSL SLERs 1967-2022 (contest-level), seat=TX-L069",2022
48199,TX,TX-L018;TX-U003,-57.076,False,district_actual,False,"MEDSL SLERs 1967-2022 (contest-level), seat=TX-U003",2022
48201,TX,TX-L126;TX-L127;TX-L128;TX-L129;TX-L130;TX-L131;TX-L132;TX-L133;TX-L134;TX-L135;TX-L138;TX-L139;TX-L140;TX-L141;TX-L142;TX-L143;TX-L144;TX-L145;TX-L146;TX-L147;TX-L148;TX-L149;TX-L150;TX-U004;TX-U006;TX-U007;TX-U011;TX-U013;TX-U015;TX-U017;TX-U018,13.182,False,district_actual,False,"MEDSL SLERs 1967-2022 (contest-level), seat=TX-L148",2022
48203,TX,TX-L007;TX-U001,-100.0,False,district_actual,False,"MEDSL SLERs 1967-2022 (contest-level), seat=TX-L007",2022
48205,TX,TX-L086;TX-U031,-100.0,False,district_actual,False,"MEDSL SLERs 1967-2022 (contest-level), seat=TX-L086",2022
48207,TX,TX-L069;TX-U028,-61.756,False,district_actual,False,"MEDSL SLERs 1967-2022 (contest-level), seat=TX-L069",2022
48209,TX,TX-L045;TX-L073;TX-U021;TX-U025,18.479,False,district_actual,False,"MEDSL SLERs 1967-2022 (contest-level), seat=TX-L045",2022
48211,TX,TX-L088;TX-U031,-100.0,False,district_actual,False,"MEDSL SLERs 1967-2022 (contest-level), seat=TX-L088",2022
48213,TX,TX-L004;TX-L008;TX-U003,-57.076,False,district_actual,False,"MEDSL SLERs 1967-2022 (contest-level), seat=TX-U003",2022
48215,TX,TX-L035;TX-L036;TX-L039;TX-L040;TX-L041;TX-U020,13.939,False,district_actual,True,"MEDSL SLERs 1967-2022 (contest-level), seat=TX-L041",2022
48217,TX,TX-L013;TX-U022,-54.997,False,district_actual,False,"MEDSL SLERs 1967-2022 (contest-level), seat=TX-L013",2022
48219,TX,TX-L088;TX-U028,-100.0,False,district_actual,False,"MEDSL SLERs 1967-2022 (contest-level), seat=TX-L088",2022
48221,TX,TX-L059;TX-U022,-74.259,False,district_actual,False,"MEDSL SLERs 1967-2022 (contest-level), seat=TX-U022",2022
48223,TX,TX-L002;TX-U001,-100.0,False,district_actual,False,"MEDSL SLERs 1967-2022 (contest-level), seat=TX-L002",2022
48225,TX,TX-L009;TX-U003,-57.076,False,district_actual,False,"MEDSL SLERs 1967-2022 (contest-level), seat=TX-U003",2022
48227,TX,TX-L072;TX-U031,-100.0,False,district_actual,False,"MEDSL SLERs 1967-2022 (contest-level), seat=TX-L072",2022
48229,TX,TX-L074;TX-U029,11.336,False,district_actual,False,"MEDSL SLERs 1967-2022 (contest-level), seat=TX-L074",2022
48231,TX,TX-L002;TX-U008,-18.774,False,district_actual,False,"MEDSL SLERs 1967-2022 (contest-level), seat=TX-U008",2022
48233,TX,TX-L087;TX-U031,-87.075,False,district_actual,False,"MEDSL SLERs 1967-2022 (contest-level), seat=TX-L087",2022
48235,TX,TX-L072;TX-U031,-100.0,False,district_actual,False,"MEDSL SLERs 1967-2022 (contest-level), seat=TX-L072",2022
48237,TX,TX-L068;TX-U030,-100.0,False,district_actual,False,"MEDSL SLERs 1967-2022 (contest-level), seat=TX-L068",2022
48239,TX,TX-L030;TX-U017,-30.67,False,district_actual,False,"MEDSL SLERs 1967-2022 (contest-level), seat=TX-U017",2022
48241,TX,TX-L021;TX-U003,-57.076,False,district_actual,False,"MEDSL SLERs 1967-2022 (contest-level), seat=TX-U003",2022
48243,TX,TX-L074;TX-U029,11.336,False,district_actual,False,"MEDSL SLERs 1967-2022 (contest-level), seat=TX-L074",2022
48245,TX,TX-L021;TX-L022;TX-U003;TX-U004,12.974,False,district_actual,False,"MEDSL SLERs 1967-2022 (contest-level), seat=TX-L022",2022
48247,TX,TX-L031;TX-U021,26.277,False,district_actual,False,"MEDSL SLERs 1967-2022 (contest-level), seat=TX-U021",2022
48249,TX,TX-L043;TX-U020,18.369,False,district_actual,False,"MEDSL SLERs 1967-2022 (contest-level), seat=TX-U020",2022
48251,TX,TX-L058;TX-U010,-100.0,False,district_actual,False,"MEDSL SLERs 1967-2022 (contest-level), seat=TX-L058",2022
48253,TX,TX-L071;TX-U028,-61.993,False,district_actual,False,"MEDSL SLERs 1967-2022 (contest-level), seat=TX-L071",2022
48255,TX,TX-L031;TX-U021,26.277,False,district_actual,False,"MEDSL SLERs 1967-2022 (contest-level), seat=TX-U021",2022
48257,TX,TX-L004;TX-U002,-23.799,False,district_actual,False,"MEDSL SLERs 1967-2022 (contest-level), seat=TX-U002",2022
48259,TX,TX-L019;TX-U025,-25.653,False,district_actual,False,"MEDSL SLERs 1967-2022 (contest-level), seat=TX-U025",2022
48261,TX,TX-L031,-42.472,False,district_actual,True,"MEDSL SLERs 1967-2022 (contest-level), seat=TX-L031",2022
48263,TX,TX-L083;TX-U028,-100.0,False,district_actual,False,"MEDSL SLERs 1967-2022 (contest-level), seat=TX-L083",2022
48265,TX,TX-L053;TX-U024,-28.641,False,district_actual,False,"MEDSL SLERs 1967-2022 (contest-level), seat=TX-U024",2022
48267,TX,TX-L053;TX-U024,-28.641,False,district_actual,False,"MEDSL SLERs 1967-2022 (contest-level), seat=TX-U024",2022
48269,TX,TX-L069;TX-U028,-61.756,False,district_actual,False,"MEDSL SLERs 1967-2022 (contest-level), seat=TX-L069",2022
48271,TX,TX-L074;TX-U019,10.786,False,district_actual,False,"MEDSL SLERs 1967-2022 (contest-level), seat=TX-U019",2022
48273,TX,TX-L043,-100.0,False,district_actual,True,"MEDSL SLERs 1967-2022 (contest-level), seat=TX-L043",2022
48275,TX,TX-L069;TX-U028,-61.756,False,district_actual,False,"MEDSL SLERs 1967-2022 (contest-level), seat=TX-L069",2022
48277,TX,TX-L001;TX-U001,-100.0,False,district_actual,False,"MEDSL SLERs 1967-2022 (contest-level), seat=TX-L001",2022
48279,TX,TX-L088;TX-U028,-100.0,False,district_actual,False,"MEDSL SLERs 1967-2022 (contest-level), seat=TX-L088",2022
48281,TX,TX-L068;TX-U024,-28.641,False,district_actual,False,"MEDSL SLERs 1967-2022 (contest-level), seat=TX-U024",2022
48283,TX,TX-L031;TX-U021,26.277,False,district_actual,False,"MEDSL SLERs 1967-2022 (contest-level), seat=TX-U021",2022
48285,TX,TX-L030;TX-U018,-32.338,False,district_actual,False,"MEDSL SLERs 1967-2022 (contest-level), seat=TX-U018",2022
48287,TX,TX-L017;TX-U018,-32.338,False,district_actual,False,"MEDSL SLERs 1967-2022 (contest-level), seat=TX-U018",2022
48289,TX,TX-L013;TX-U005,-54.997,False,district_actual,False,"MEDSL SLERs 1967-2022 (contest-level), seat=TX-L013",2022
48291,TX,TX-L018;TX-U003,-57.076,False,district_actual,False,"MEDSL SLERs 1967-2022 (contest-level), seat=TX-U003",2022
48293,TX,TX-L013;TX-U005,-54.997,False,district_actual,False,"MEDSL SLERs 1967-2022 (contest-level), seat=TX-L013",2022
48295,TX,TX-L087;TX-U031,-87.075,False,district_actual,False,"MEDSL SLERs 1967-2022 (contest-level), seat=TX-L087",2022
48297,TX,TX-L031;TX-U021,26.277,False,district_actual,False,"MEDSL SLERs 1967-2022 (contest-level), seat=TX-U021",2022
48299,TX,TX-L053;TX-U024,-28.641,False,district_actual,False,"MEDSL SLERs 1967-2022 (contest-level), seat=TX-U024",2022
48301,TX,TX-L081;TX-U031,-100.0,False,district_actual,False,"MEDSL SLERs 1967-2022 (contest-level), seat=TX-L081",2022
48303,TX,TX-L083;TX-L084;TX-U028,-100.0,False,district_actual,False,"MEDSL SLERs 1967-2022 (contest-level), seat=TX-L083",2022
48305,TX,TX-L083;TX-U028,-100.0,False,district_actual,False,"MEDSL SLERs 1967-2022 (contest-level), seat=TX-L083",2022
48307,TX,TX-L053;TX-U028,-59.661,False,district_actual,False,"MEDSL SLERs 1967-2022 (contest-level), seat=TX-L053",2022
48309,TX,TX-L013;TX-L056;TX-U022,-40.305,False,district_actual,False,"MEDSL SLERs 1967-2022 (contest-level), seat=TX-L056",2022
48311,TX,TX-L031;TX-U021,26.277,False,district_actual,False,"MEDSL SLERs 1967-2022 (contest-level), seat=TX-U021",2022
48313,TX,TX-L012;TX-U005,-71.573,False,district_actual,False,"MEDSL SLERs 1967-2022 (contest-level), seat=TX-U005",2022
48315,TX,TX-L007;TX-U001,-100.0,False,district_actual,False,"MEDSL SLERs 1967-2022 (contest-level), seat=TX-L007",2022
48317,TX,TX-L082;TX-U031,-100.0,False,district_actual,False,"MEDSL SLERs 1967-2022 (contest-level), seat=TX-L082",2022
48319,TX,TX-L053;TX-U028,-59.661,False,district_actual,False,"MEDSL SLERs 1967-2022 (contest-level), seat=TX-L053",2022
48321,TX,TX-L030;TX-U017,-30.67,False,district_actual,False,"MEDSL SLERs 1967-2022 (contest-level), seat=TX-U017",2022
48323,TX,TX-L074;TX-U019,10.786,False,district_actual,False,"MEDSL SLERs 1967-2022 (contest-level), seat=TX-U019",2022
48325,TX,TX-L053;TX-U024,-28.641,False,district_actual,False,"MEDSL SLERs 1967-2022 (contest-level), seat=TX-U024",2022
48327,TX,TX-L053;TX-U028,-59.661,False,district_actual,False,"MEDSL SLERs 1967-2022 (contest-level), seat=TX-L053",2022
48329,TX,TX-L082;TX-U031,-100.0,False,district_actual,False,"MEDSL SLERs 1967-2022 (contest-level), seat=TX-L082",2022
48331,TX,TX-L017;TX-U005,-33.657,False,district_actual,False,"MEDSL SLERs 1967-2022 (contest-level), seat=TX-L017",2022
48333,TX,TX-L068;TX-U028,-100.0,False,district_actual,False,"MEDSL SLERs 1967-2022 (contest-level), seat=TX-L068",2022
48335,TX,TX-L083;TX-U031,-100.0,False,district_actual,False,"MEDSL SLERs 1967-2022 (contest-level), seat=TX-L083",2022
48337,TX,TX-L068;TX-U030,-100.0,False,district_actual,False,"MEDSL SLERs 1967-2022 (contest-level), seat=TX-L068",2022
48339,TX,TX-L003;TX-L015;TX-L016;TX-L018;TX-U004;TX-U007;TX-U018,-31.345,False,district_actual,False,"MEDSL SLERs 1967-2022 (contest-level), seat=TX-L015",2022
48341,TX,TX-L087;TX-U031,-87.075,False,district_actual,False,"MEDSL SLERs 1967-2022 (contest-level), seat=TX-L087",2022
48343,TX,TX-L001;TX-U001,-100.0,False,district_actual,False,"MEDSL SLERs 1967-2022 (contest-level), seat=TX-L001",2022
48345,TX,TX-L069;TX-U028,-61.756,False,district_actual,False,"MEDSL SLERs 1967-2022 (contest-level), seat=TX-L069",2022
48347,TX,TX-L011;TX-U003,-57.076,False,district_actual,False,"MEDSL SLERs 1967-2022 (contest-level), seat=TX-U003",2022
48349,TX,TX-L008;TX-U002,-23.799,False,district_actual,False,"MEDSL SLERs 1967-2022 (contest-level), seat=TX-U002",2022
48351,TX,TX-L011;TX-U003,-57.076,False,district_actual,False,"MEDSL SLERs 1967-2022 (contest-level), seat=TX-U003",2022
48353,TX,TX-L071;TX-U028,-61.993,False,district_actual,False,"MEDSL SLERs 1967-2022 (contest-level), seat=TX-L071",2022
48355,TX,TX-L032;TX-U020,18.369,False,district_actual,True,"MEDSL SLERs 1967-2022 (contest-level), seat=TX-U020",2022
48357,TX,TX-L087;TX-U031,-87.075,False,district_actual,False,"MEDSL SLERs 1967-2022 (contest-level), seat=TX-L087",2022
48359,TX,TX-L086;TX-U031,-100.0,False,district_actual,False,"MEDSL SLERs 1967-2022 (contest-level), seat=TX-L086",2022
48361,TX,TX-L021;TX-U003,-57.076,False,district_actual,False,"MEDSL SLERs 1967-2022 (contest-level), seat=TX-U003",2022
48363,TX,TX-L060;TX-U010,-100.0,False,district_actual,False,"MEDSL SLERs 1967-2022 (contest-level), seat=TX-L060",2022
48365,TX,TX-L011;TX-U001,-100.0,False,district_actual,False,"MEDSL SLERs 1967-2022 (contest-level), seat=TX-L011",2022
48367,TX,TX-L060;TX-U010;TX-U030,-100.0,False,district_actual,False,"MEDSL SLERs 1967-2022 (contest-level), seat=TX-L060",2022
48369,TX,TX-L086;TX-U031,-100.0,False,district_actual,False,"MEDSL SLERs 1967-2022 (contest-level), seat=TX-L086",2022
48371,TX,TX-L053;TX-U029,28.185,False,district_actual,False,"MEDSL SLERs 1967-2022 (contest-level), seat=TX-U029",2022
48373,TX,TX-L009;TX-U003,-57.076,False,district_actual,False,"MEDSL SLERs 1967-2022 (contest-level), seat=TX-U003",2022
48375,TX,TX-L087;TX-U031,-87.075,False,district_actual,False,"MEDSL SLERs 1967-2022 (contest-level), seat=TX-L087",2022
48377,TX,TX-L074;TX-U029,11.336,False,district_actual,False,"MEDSL SLERs 1967-2022 (contest-level), seat=TX-L074",2022
48379,TX,TX-L005;TX-U008,-18.774,False,district_actual,False,"MEDSL SLERs 1967-2022 (contest-level), seat=TX-U008",2022
48381,TX,TX-L086;TX-U031,-100.0,False,district_actual,False,"MEDSL SLERs 1967-2022 (contest-level), seat=TX-L086",2022
48383,TX,TX-L072;TX-U031,-100.0,False,district_actual,False,"MEDSL SLERs 1967-2022 (contest-level), seat=TX-L072",2022
48385,TX,TX-L053;TX-U019,10.786,False,district_actual,False,"MEDSL SLERs 1967-2022 (contest-level), seat=TX-U019",2022
48387,TX,TX-L001;TX-U001,-100.0,False,district_actual,False,"MEDSL SLERs 1967-2022 (contest-level), seat=TX-L001",2022
48389,TX,TX-L074;TX-U029,11.336,False,district_actual,False,"MEDSL SLERs 1967-2022 (contest-level), seat=TX-L074",2022
48391,TX,TX-L043;TX-U018,-32.338,False,district_actual,False,"MEDSL SLERs 1967-2022 (contest-level), seat=TX-U018",2022
48393,TX,TX-L088;TX-U031,-100.0,False,district_actual,False,"MEDSL SLERs 1967-2022 (contest-level), seat=TX-L088",2022
48395,TX,TX-L012;TX-U005,-71.573,False,district_actual,False,"MEDSL SLERs 1967-2022 (contest-level), seat=TX-U005",2022
48397,TX,TX-L033;TX-U002,-23.799,False,district_actual,False,"MEDSL SLERs 1967-2022 (contest-level), seat=TX-U002",2022
48399,TX,TX-L072;TX-U028,-100.0,False,district_actual,False,"MEDSL SLERs 1967-2022 (contest-level), seat=TX-L072",2022
48401,TX,TX-L011;TX-U001,-100.0,False,district_actual,False,"MEDSL SLERs 1967-2022 (contest-level), seat=TX-L011",2022
48403,TX,TX-L011;TX-U003,-57.076,False,district_actual,False,"MEDSL SLERs 1967-2022 (contest-level), seat=TX-U003",2022
48405,TX,TX-L009;TX-U003,-57.076,False,district_actual,False,"MEDSL SLERs 1967-2022 (contest-level), seat=TX-U003",2022
48407,TX,TX-L018;TX-U005,-71.573,False,district_actual,False,"MEDSL SLERs 1967-2022 (contest-level), seat=TX-U005",2022
48409,TX,TX-L043,-100.0,False,district_actual,True,"MEDSL SLERs 1967-2022 (contest-level), seat=TX-L043",2022
48411,TX,TX-L068;TX-U028,-100.0,False,district_actual,False,"MEDSL SLERs 1967-2022 (contest-level), seat=TX-L068",2022
48413,TX,TX-L053;TX-U031,-59.661,False,district_actual,False,"MEDSL SLERs 1967-2022 (contest-level), seat=TX-L053",2022
48415,TX,TX-L083;TX-U031,-100.0,False,district_actual,False,"MEDSL SLERs 1967-2022 (contest-level), seat=TX-L083",2022
48417,TX,TX-L068;TX-U010,-100.0,False,district_actual,False,"MEDSL SLERs 1967-2022 (contest-level), seat=TX-L068",2022
48419,TX,TX-L011;TX-U003,-57.076,False,district_actual,False,"MEDSL SLERs 1967-2022 (contest-level), seat=TX-U003",2022
48421,TX,TX-L087;TX-U031,-87.075,False,district_actual,False,"MEDSL SLERs 1967-2022 (contest-level), seat=TX-L087",2022
48423,TX,TX-L005;TX-L006;TX-U001,-46.586,False,district_actual,False,"MEDSL SLERs 1967-2022 (contest-level), seat=TX-L006",2022
48425,TX,TX-L058;TX-U022,-74.259,False,district_actual,False,"MEDSL SLERs 1967-2022 (contest-level), seat=TX-U022",2022
48427,TX,TX-L031;TX-U021,26.277,False,district_actual,False,"MEDSL SLERs 1967-2022 (contest-level), seat=TX-U021",2022
48429,TX,TX-L060;TX-U010,-100.0,False,district_actual,False,"MEDSL SLERs 1967-2022 (contest-level), seat=TX-L060",2022
48431,TX,TX-L072;TX-U031,-100.0,False,district_actual,False,"MEDSL SLERs 1967-2022 (contest-level), seat=TX-L072",2022
48433,TX,TX-L069;TX-U028,-61.756,False,district_actual,False,"MEDSL SLERs 1967-2022 (contest-level), seat=TX-L069",2022
48435,TX,TX-L053;TX-U024,-28.641,False,district_actual,False,"MEDSL SLERs 1967-2022 (contest-level), seat=TX-U024",2022
48437,TX,TX-L088;TX-U031,-100.0,False,district_actual,False,"MEDSL SLERs 1967-2022 (contest-level), seat=TX-L088",2022
48439,TX,TX-L090;TX-L091;TX-L092;TX-L093;TX-L094;TX-L095;TX-L096;TX-L097;TX-L098;TX-L099;TX-L101;TX-U010;TX-U012;TX-U022;TX-U023,-13.253,False,district_actual,False,"MEDSL SLERs 1967-2022 (contest-level), seat=TX-L094",2022
48441,TX,TX-L071;TX-U028,-61.993,False,district_actual,False,"MEDSL SLERs 1967-2022 (contest-level), seat=TX-L071",2022
48443,TX,TX-L074;TX-U019,10.786,False,district_actual,False,"MEDSL SLERs 1967-2022 (contest-level), seat=TX-U019",2022
48445,TX,TX-L083;TX-U028,-100.0,False,district_actual,False,"MEDSL SLERs 1967-2022 (contest-level), seat=TX-L083",2022
48447,TX,TX-L068;TX-U028,-100.0,False,district_actual,False,"MEDSL SLERs 1967-2022 (contest-level), seat=TX-L068",2022
48449,TX,TX-L005;TX-U001,-100.0,False,district_actual,False,"MEDSL SLERs 1967-2022 (contest-level), seat=TX-L005",2022
48451,TX,TX-L072;TX-U028,-100.0,False,district_actual,False,"MEDSL SLERs 1967-2022 (contest-level), seat=TX-L072",2022
48453,TX,TX-L019;TX-L046;TX-L047;TX-L048;TX-L049;TX-L050;TX-L051;TX-U014;TX-U021;TX-U025,22.532,False,district_actual,False,"MEDSL SLERs 1967-2022 (contest-level), seat=TX-L047",2022
48455,TX,TX-L009;TX-U003,-57.076,False,district_actual,False,"MEDSL SLERs 1967-2022 (contest-level), seat=TX-U003",2022
48457,TX,TX-L009;TX-U003,-57.076,False,district_actual,False,"MEDSL SLERs 1967-2022 (contest-level), seat=TX-U003",2022
48459,TX,TX-L005;TX-U001,-100.0,False,district_actual,False,"MEDSL SLERs 1967-2022 (contest-level), seat=TX-L005",2022
48461,TX,TX-L053;TX-U031,-59.661,False,district_actual,False,"MEDSL SLERs 1967-2022 (contest-level), seat=TX-L053",2022
48463,TX,TX-U019,10.786,False,district_actual,False,"MEDSL SLERs 1967-2022 (contest-level), seat=TX-U019",2022
48465,TX,TX-L074;TX-U019,10.786,False,district_actual,False,"MEDSL SLERs 1967-2022 (contest-level), seat=TX-U019",2022
48467,TX,TX-L002;TX-U002,-23.799,False,district_actual,False,"MEDSL SLERs 1967-2022 (contest-level), seat=TX-U002",2022
48469,TX,TX-L030;TX-U018,-32.338,False,district_actual,False,"MEDSL SLERs 1967-2022 (contest-level), seat=TX-U018",2022
48471,TX,TX-L012;TX-U005,-71.573,False,district_actual,False,"MEDSL SLERs 1967-2022 (contest-level), seat=TX-U005",2022
48473,TX,TX-L085;TX-U017;TX-U018,-30.67,False,district_actual,False,"MEDSL SLERs 1967-2022 (contest-level), seat=TX-U017",2022
48475,TX,TX-L081;TX-U031,-100.0,False,district_actual,False,"MEDSL SLERs 1967-2022 (contest-level), seat=TX-L081",2022
48477,TX,TX-L012;TX-U018,-32.338,False,district_actual,False,"MEDSL SLERs 1967-2022 (contest-level), seat=TX-U018",2022
48479,TX,TX-L042;TX-U021,26.277,False,district_actual,False,"MEDSL SLERs 1967-2022 (contest-level), seat=TX-U021",2022
48481,TX,TX-L085;TX-U017,-30.67,False,district_actual,False,"MEDSL SLERs 1967-2022 (contest-level), seat=TX-U017",2022
48483,TX,TX-L088;TX-U028,-100.0,False,district_actual,False,"MEDSL SLERs 1967-2022 (contest-level), seat=TX-L088",2022
48485,TX,TX-L069;TX-U028;TX-U030,-61.756,False,district_actual,False,"MEDSL SLERs 1967-2022 (contest-level), seat=TX-L069",2022
48487,TX,TX-L069;TX-U028,-61.756,False,district_actual,False,"MEDSL SLERs 1967-2022 (contest-level), seat=TX-L069",2022
48489,TX,TX-L037,-3.657,False,district_actual,True,"MEDSL SLERs 1967-2022 (contest-level), seat=TX-L037",2022
48491,TX,TX-L020;TX-L052;TX-L136;TX-U005;TX-U024,-11.886,False,district_actual,False,"MEDSL SLERs 1967-2022 (contest-level), seat=TX-L052",2022
48493,TX,TX-L031;TX-U021,26.277,False,district_actual,False,"MEDSL SLERs 1967-2022 (contest-level), seat=TX-U021",2022
48495,TX,TX-L081;TX-U031,-100.0,False,district_actual,False,"MEDSL SLERs 1967-2022 (contest-level), seat=TX-L081",2022
48497,TX,TX-L064;TX-U012,-22.884,False,district_actual,False,"MEDSL SLERs 1967-2022 (contest-level), seat=TX-U012",2022
48499,TX,TX-L005;TX-U001,-100.0,False,district_actual,False,"MEDSL SLERs 1967-2022 (contest-level), seat=TX-L005",2022
48501,TX,TX-L088;TX-U031,-100.0,False,district_actual,False,"MEDSL SLERs 1967-2022 (contest-level), seat=TX-L088",2022
48503,TX,TX-L068;TX-U030,-100.0,False,district_actual,False,"MEDSL SLERs 1967-2022 (contest-level), seat=TX-L068",2022
48505,TX,TX-L031;TX-U021,26.277,False,district_actual,False,"MEDSL SLERs 1967-2022 (contest-level), seat=TX-U021",2022
48507,TX,TX-U019,10.786,False,district_actual,False,"MEDSL SLERs 1967-2022 (contest-level), seat=TX-U019",2022
49001,UT,UT-L070;UT-U028,-80.895,False,district_actual,False,"MEDSL SLERs 1967-2022 (contest-level), seat=UT-U028",2022
49003,UT,UT-L001;UT-L006;UT-U001,-66.398,False,district_actual,False,"MEDSL SLERs 1967-2022 (contest-level), seat=UT-L001",2022
49005,UT,UT-L001;UT-L002;UT-L003;UT-L005;UT-U001,-13.153,False,district_actual,False,"MEDSL SLERs 1967-2022 (contest-level), seat=UT-L003",2022
49007,UT,UT-L067,-100.0,False,district_actual,False,"MEDSL SLERs 1967-2022 (contest-level), seat=UT-L067",2022
49009,UT,UT-L068;UT-U020,-37.377,False,district_actual,False,"MEDSL SLERs 1967-2022 (contest-level), seat=UT-U020",2022
49011,UT,UT-L011;UT-L013;UT-L014;UT-L015;UT-L016;UT-L017;UT-L018;UT-L019;UT-L020;UT-U005;UT-U006;UT-U007,-22.795,False,district_actual,True,"MEDSL SLERs 1967-2022 (contest-level), seat=UT-L013",2022
49013,UT,UT-L067;UT-L068;UT-U020,-37.377,False,district_actual,False,"MEDSL SLERs 1967-2022 (contest-level), seat=UT-U020",2022
49015,UT,UT-L067;UT-L069,-17.976,False,district_actual,False,"MEDSL SLERs 1967-2022 (contest-level), seat=UT-L069",2022
49017,UT,UT-L069,-17.976,False,district_actual,False,"MEDSL SLERs 1967-2022 (contest-level), seat=UT-L069",2022
49019,UT,UT-L069,-17.976,False,district_actual,False,"MEDSL SLERs 1967-2022 (contest-level), seat=UT-L069",2022
49021,UT,UT-L070;UT-L071;UT-U028,-60.232,False,district_actual,False,"MEDSL SLERs 1967-2022 (contest-level), seat=UT-L071",2022
49023,UT,UT-L029;UT-L066;UT-U028,-57.179,False,district_actual,False,"MEDSL SLERs 1967-2022 (contest-level), seat=UT-L029",2022
49025,UT,UT-L069,-17.976,False,district_actual,False,"MEDSL SLERs 1967-2022 (contest-level), seat=UT-L069",2022
49027,UT,UT-L029;UT-U028,-57.179,False,district_actual,False,"MEDSL SLERs 1967-2022 (contest-level), seat=UT-L029",2022
49029,UT,UT-L004;UT-L008;UT-U005;UT-U007,-15.32,False,district_actual,False,"MEDSL SLERs 1967-2022 (contest-level), seat=UT-L004",2022
49031,UT,UT-L070,-91.882,False,district_actual,False,"MEDSL SLERs 1967-2022 (contest-level), seat=UT-L070",2022
49033,UT,UT-L004,-15.32,False,district_actual,False,"MEDSL SLERs 1967-2022 (contest-level), seat=UT-L004",2022
49035,UT,UT-L021;UT-L022;UT-L023;UT-L024;UT-L025;UT-L026;UT-L027;UT-L031;UT-L032;UT-L033;UT-L034;UT-L035;UT-L036;UT-L037;UT-L038;UT-L039;UT-L040;UT-L041;UT-L042;UT-L043;UT-L044;UT-L045;UT-L046;UT-L047;UT-L048;UT-L049;UT-U009;UT-U011;UT-U012;UT-U013;UT-U014;UT-U018;UT-U019,-0.725,True,district_actual,False,"MEDSL SLERs 1967-2022 (contest-level), seat=UT-L027",2022
49037,UT,UT-L069,-17.976,False,district_actual,False,"MEDSL SLERs 1967-2022 (contest-level), seat=UT-L069",2022
49039,UT,UT-L066,-84.125,False,district_actual,False,"MEDSL SLERs 1967-2022 (contest-level), seat=UT-L066",2022
49041,UT,UT-L070,-91.882,False,district_actual,False,"MEDSL SLERs 1967-2022 (contest-level), seat=UT-L070",2022
49043,UT,UT-L004;UT-L059;UT-L068;UT-U020,-15.32,False,district_actual,False,"MEDSL SLERs 1967-2022 (contest-level), seat=UT-L004",2022
49045,UT,UT-L028;UT-L029;UT-U001;UT-U011,-57.179,False,district_actual,False,"MEDSL SLERs 1967-2022 (contest-level), seat=UT-L029",2022
49047,UT,UT-L068;UT-U020,-37.377,False,district_actual,False,"MEDSL SLERs 1967-2022 (contest-level), seat=UT-U020",2022
49049,UT,UT-L050;UT-L051;UT-L052;UT-L053;UT-L054;UT-L055;UT-L056;UT-L057;UT-L058;UT-L060;UT-L061;UT-L062;UT-L063;UT-L064;UT-L065;UT-L066;UT-U011;UT-U019;UT-U021;UT-U023,-21.886,False,district_actual,False,"MEDSL SLERs 1967-2022 (contest-level), seat=UT-L062",2022
49051,UT,UT-L059;UT-U020,-17.159,False,district_actual,False,"MEDSL SLERs 1967-2022 (contest-level), seat=UT-L059",2022
49053,UT,UT-L072;UT-L073;UT-L074;UT-L075;UT-U028,-62.78,False,district_actual,False,"MEDSL SLERs 1967-2022 (contest-level), seat=UT-L072",2022
49055,UT,UT-L069,-17.976,False,district_actual,False,"MEDSL SLERs 1967-2022 (contest-level), seat=UT-L069",2022
49057,UT,UT-L006;UT-L007;UT-L008;UT-L009;UT-L011;UT-L012;UT-U005,-20.829,False,district_actual,True,"MEDSL SLERs 1967-2022 (contest-level), seat=UT-L008",2022
50001,VT,,35.89,False,presidential,False,county_scores.json margin_2024 (MIT/tonmcg presidential),2024
50003,VT,,22.52,False,presidential,False,county_scores.json margin_2024 (MIT/tonmcg presidential),2024
50005,VT,,12.44,False,presidential,False,county_scores.json margin_2024 (MIT/tonmcg presidential),2024
50007,VT,,53.65,False,presidential,False,county_scores.json margin_2024 (MIT/tonmcg presidential),2024
50009,VT,,-16.01,False,presidential,False,county_scores.json margin_2024 (MIT/tonmcg presidential),2024
50011,VT,,2.98,True,presidential,False,county_scores.json margin_2024 (MIT/tonmcg presidential),2024
50013,VT,,21.08,False,presidential,False,county_scores.json margin_2024 (MIT/tonmcg presidential),2024
50015,VT,,35.8,False,presidential,False,county_scores.json margin_2024 (MIT/tonmcg presidential),2024
50017,VT,,20.17,False,presidential,False,county_scores.json margin_2024 (MIT/tonmcg presidential),2024
50019,VT,,-1.55,True,presidential,False,county_scores.json margin_2024 (MIT/tonmcg presidential),2024
50021,VT,,5.28,False,presidential,False,county_scores.json margin_2024 (MIT/tonmcg presidential),2024
50023,VT,,43.36,False,presidential,False,county_scores.json margin_2024 (MIT/tonmcg presidential),2024
50025,VT,,42.68,False,presidential,False,county_scores.json margin_2024 (MIT/tonmcg presidential),2024
50027,VT,,35.6,False,presidential,False,county_scores.json margin_2024 (MIT/tonmcg presidential),2024
51001,VA,,-13.33,False,presidential,False,county_scores.json margin_2024 (MIT/tonmcg presidential),2024
51003,VA,,34.11,False,presidential,False,county_scores.json margin_2024 (MIT/tonmcg presidential),2024
51005,VA,,-48.07,False,presidential,False,county_scores.json margin_2024 (MIT/tonmcg presidential),2024
51007,VA,,-44.35,False,presidential,False,county_scores.json margin_2024 (MIT/tonmcg presidential),2024
51009,VA,,-36.49,False,presidential,False,county_scores.json margin_2024 (MIT/tonmcg presidential),2024
51011,VA,,-51.02,False,presidential,False,county_scores.json margin_2024 (MIT/tonmcg presidential),2024
51013,VA,,58.6,False,presidential,False,county_scores.json margin_2024 (MIT/tonmcg presidential),2024
51015,VA,,-47.55,False,presidential,False,county_scores.json margin_2024 (MIT/tonmcg presidential),2024
51017,VA,,-53.76,False,presidential,False,county_scores.json margin_2024 (MIT/tonmcg presidential),2024
51019,VA,,-50.37,False,presidential,False,county_scores.json margin_2024 (MIT/tonmcg presidential),2024
51021,VA,,-69.73,False,presidential,False,county_scores.json margin_2024 (MIT/tonmcg presidential),2024
51023,VA,,-45.13,False,presidential,False,county_scores.json margin_2024 (MIT/tonmcg presidential),2024
51025,VA,,8.54,False,presidential,False,county_scores.json margin_2024 (MIT/tonmcg presidential),2024
51027,VA,,-70.59,False,presidential,False,county_scores.json margin_2024 (MIT/tonmcg presidential),2024
51029,VA,,-23.49,False,presidential,False,county_scores.json margin_2024 (MIT/tonmcg presidential),2024
51031,VA,,-48.58,False,presidential,False,county_scores.json margin_2024 (MIT/tonmcg presidential),2024
51033,VA,,-8.8,False,presidential,False,county_scores.json margin_2024 (MIT/tonmcg presidential),2024
51035,VA,,-63.29,False,presidential,False,county_scores.json margin_2024 (MIT/tonmcg presidential),2024
51036,VA,,10.76,False,presidential,False,county_scores.json margin_2024 (MIT/tonmcg presidential),2024
51037,VA,,-32.55,False,presidential,False,county_scores.json margin_2024 (MIT/tonmcg presidential),2024
51041,VA,,8.98,False,presidential,False,county_scores.json margin_2024 (MIT/tonmcg presidential),2024
51043,VA,,-16.85,False,presidential,False,county_scores.json margin_2024 (MIT/tonmcg presidential),2024
51045,VA,,-64.72,False,presidential,False,county_scores.json margin_2024 (MIT/tonmcg presidential),2024
51047,VA,,-24.96,False,presidential,False,county_scores.json margin_2024 (MIT/tonmcg presidential),2024
51049,VA,,-22.2,False,presidential,False,county_scores.json margin_2024 (MIT/tonmcg presidential),2024
51051,VA,,-62.23,False,presidential,False,county_scores.json margin_2024 (MIT/tonmcg presidential),2024
51053,VA,,-23.14,False,presidential,False,county_scores.json margin_2024 (MIT/tonmcg presidential),2024
51057,VA,,-7.75,False,presidential,False,county_scores.json margin_2024 (MIT/tonmcg presidential),2024
51059,VA,,35.0,False,presidential,False,county_scores.json margin_2024 (MIT/tonmcg presidential),2024
51061,VA,,-21.66,False,presidential,False,county_scores.json margin_2024 (MIT/tonmcg presidential),2024
51063,VA,,-37.23,False,presidential,False,county_scores.json margin_2024 (MIT/tonmcg presidential),2024
51065,VA,,-6.27,False,presidential,False,county_scores.json margin_2024 (MIT/tonmcg presidential),2024
51067,VA,,-45.28,False,presidential,False,county_scores.json margin_2024 (MIT/tonmcg presidential),2024
51069,VA,,-28.41,False,presidential,False,county_scores.json margin_2024 (MIT/tonmcg presidential),2024
51071,VA,,-54.51,False,presidential,False,county_scores.json margin_2024 (MIT/tonmcg presidential),2024
51073,VA,,-38.38,False,presidential,False,county_scores.json margin_2024 (MIT/tonmcg presidential),2024
51075,VA,,-18.59,False,presidential,False,county_scores.json margin_2024 (MIT/tonmcg presidential),2024
51077,VA,,-62.2,False,presidential,False,county_scores.json margin_2024 (MIT/tonmcg presidential),2024
51079,VA,,-24.72,False,presidential,False,county_scores.json margin_2024 (MIT/tonmcg presidential),2024
51081,VA,,9.26,False,presidential,False,county_scores.json margin_2024 (MIT/tonmcg presidential),2024
51083,VA,,-21.05,False,presidential,False,county_scores.json margin_2024 (MIT/tonmcg presidential),2024
51085,VA,,-25.77,False,presidential,False,county_scores.json margin_2024 (MIT/tonmcg presidential),2024
51087,VA,,28.87,False,presidential,False,county_scores.json margin_2024 (MIT/tonmcg presidential),2024
51089,VA,,-32.83,False,presidential,False,county_scores.json margin_2024 (MIT/tonmcg presidential),2024
51091,VA,,-44.41,False,presidential,False,county_scores.json margin_2024 (MIT/tonmcg presidential),2024
51093,VA,,-19.78,False,presidential,False,county_scores.json margin_2024 (MIT/tonmcg presidential),2024
51095,VA,,6.22,False,presidential,False,county_scores.json margin_2024 (MIT/tonmcg presidential),2024
51097,VA,,-25.69,False,presidential,False,county_scores.json margin_2024 (MIT/tonmcg presidential),2024
51099,VA,,-25.02,False,presidential,False,county_scores.json margin_2024 (MIT/tonmcg presidential),2024
51101,VA,,-40.58,False,presidential,False,county_scores.json margin_2024 (MIT/tonmcg presidential),2024
51103,VA,,-7.02,False,presidential,False,county_scores.json margin_2024 (MIT/tonmcg presidential),2024
51105,VA,,-72.05,False,presidential,False,county_scores.json margin_2024 (MIT/tonmcg presidential),2024
51107,VA,,16.29,False,presidential,False,county_scores.json margin_2024 (MIT/tonmcg presidential),2024
51109,VA,,-26.2,False,presidential,False,county_scores.json margin_2024 (MIT/tonmcg presidential),2024
51111,VA,,-22.81,False,presidential,False,county_scores.json margin_2024 (MIT/tonmcg presidential),2024
51113,VA,,-35.21,False,presidential,False,county_scores.json margin_2024 (MIT/tonmcg presidential),2024
51115,VA,,-39.33,False,presidential,False,county_scores.json margin_2024 (MIT/tonmcg presidential),2024
51117,VA,,-20.82,False,presidential,False,county_scores.json margin_2024 (MIT/tonmcg presidential),2024
51119,VA,,-27.38,False,presidential,False,county_scores.json margin_2024 (MIT/tonmcg presidential),2024
51121,VA,,3.49,False,presidential,False,county_scores.json margin_2024 (MIT/tonmcg presidential),2024
51125,VA,,-7.52,False,presidential,False,county_scores.json margin_2024 (MIT/tonmcg presidential),2024
51127,VA,,-31.85,False,presidential,False,county_scores.json margin_2024 (MIT/tonmcg presidential),2024
51131,VA,,6.15,False,presidential,False,county_scores.json margin_2024 (MIT/tonmcg presidential),2024
51133,VA,,-21.16,False,presidential,False,county_scores.json margin_2024 (MIT/tonmcg presidential),2024
51135,VA,,-22.36,False,presidential,False,county_scores.json margin_2024 (MIT/tonmcg presidential),2024
51137,VA,,-24.68,False,presidential,False,county_scores.json margin_2024 (MIT/tonmcg presidential),2024
51139,VA,,-54.1,False,presidential,False,county_scores.json margin_2024 (MIT/tonmcg presidential),2024
51141,VA,,-60.42,False,presidential,False,county_scores.json margin_2024 (MIT/tonmcg presidential),2024
51143,VA,,-43.14,False,presidential,False,county_scores.json margin_2024 (MIT/tonmcg presidential),2024
51145,VA,,-44.07,False,presidential,False,county_scores.json margin_2024 (MIT/tonmcg presidential),2024
51147,VA,,-2.58,True,presidential,False,county_scores.json margin_2024 (MIT/tonmcg presidential),2024
51149,VA,,-21.3,False,presidential,False,county_scores.json margin_2024 (MIT/tonmcg presidential),2024
51153,VA,,17.98,False,presidential,False,county_scores.json margin_2024 (MIT/tonmcg presidential),2024
51155,VA,,-44.67,False,presidential,False,county_scores.json margin_2024 (MIT/tonmcg presidential),2024
51157,VA,,-17.9,False,presidential,False,county_scores.json margin_2024 (MIT/tonmcg presidential),2024
51159,VA,,-30.23,False,presidential,False,county_scores.json margin_2024 (MIT/tonmcg presidential),2024
51161,VA,,-22.47,False,presidential,False,county_scores.json margin_2024 (MIT/tonmcg presidential),2024
51163,VA,,-33.78,False,presidential,False,county_scores.json margin_2024 (MIT/tonmcg presidential),2024
51165,VA,,-37.05,False,presidential,False,county_scores.json margin_2024 (MIT/tonmcg presidential),2024
51167,VA,,-67.51,False,presidential,False,county_scores.json margin_2024 (MIT/tonmcg presidential),2024
51169,VA,,-70.41,False,presidential,False,county_scores.json margin_2024 (MIT/tonmcg presidential),2024
51171,VA,,-42.25,False,presidential,False,county_scores.json margin_2024 (MIT/tonmcg presidential),2024
51173,VA,,-60.44,False,presidential,False,county_scores.json margin_2024 (MIT/tonmcg presidential),2024
51175,VA,,-25.5,False,presidential,False,county_scores.json margin_2024 (MIT/tonmcg presidential),2024
51177,VA,,-8.56,False,presidential,False,county_scores.json margin_2024 (MIT/tonmcg presidential),2024
51179,VA,,0.8,True,presidential,False,county_scores.json margin_2024 (MIT/tonmcg presidential),2024
51181,VA,,-0.65,True,presidential,False,county_scores.json margin_2024 (MIT/tonmcg presidential),2024
51183,VA,,4.44,False,presidential,False,county_scores.json margin_2024 (MIT/tonmcg presidential),2024
51185,VA,,-68.89,False,presidential,False,county_scores.json margin_2024 (MIT/tonmcg presidential),2024
51187,VA,,-37.63,False,presidential,False,county_scores.json margin_2024 (MIT/tonmcg presidential),2024
51191,VA,,-53.32,False,presidential,False,county_scores.json margin_2024 (MIT/tonmcg presidential),2024
51193,VA,,-14.29,False,presidential,False,county_scores.json margin_2024 (MIT/tonmcg presidential),2024
51195,VA,,-63.3,False,presidential,False,county_scores.json margin_2024 (MIT/tonmcg presidential),2024
51197,VA,,-59.54,False,presidential,False,county_scores.json margin_2024 (MIT/tonmcg presidential),2024
51199,VA,,-6.14,False,presidential,False,county_scores.json margin_2024 (MIT/tonmcg presidential),2024
51510,VA,,57.72,False,presidential,False,county_scores.json margin_2024 (MIT/tonmcg presidential),2024
51520,VA,,-39.66,False,presidential,False,county_scores.json margin_2024 (MIT/tonmcg presidential),2024
51530,VA,,-44.44,False,presidential,False,county_scores.json margin_2024 (MIT/tonmcg presidential),2024
51540,VA,,68.69,False,presidential,False,county_scores.json margin_2024 (MIT/tonmcg presidential),2024
51550,VA,,3.8,False,presidential,False,county_scores.json margin_2024 (MIT/tonmcg presidential),2024
51570,VA,,-32.45,False,presidential,False,county_scores.json margin_2024 (MIT/tonmcg presidential),2024
51580,VA,,-33.29,False,presidential,False,county_scores.json margin_2024 (MIT/tonmcg presidential),2024
51590,VA,,21.06,False,presidential,False,county_scores.json margin_2024 (MIT/tonmcg presidential),2024
51595,VA,,30.99,False,presidential,False,county_scores.json margin_2024 (MIT/tonmcg presidential),2024
51600,VA,,33.43,False,presidential,False,county_scores.json margin_2024 (MIT/tonmcg presidential),2024
51610,VA,,62.21,False,presidential,False,county_scores.json margin_2024 (MIT/tonmcg presidential),2024
51620,VA,,22.78,False,presidential,False,county_scores.json margin_2024 (MIT/tonmcg presidential),2024
51630,VA,,31.72,False,presidential,False,county_scores.json margin_2024 (MIT/tonmcg presidential),2024
51640,VA,,-43.91,False,presidential,False,county_scores.json margin_2024 (MIT/tonmcg presidential),2024
51650,VA,,39.87,False,presidential,False,county_scores.json margin_2024 (MIT/tonmcg presidential),2024
51660,VA,,25.37,False,presidential,False,county_scores.json margin_2024 (MIT/tonmcg presidential),2024
51670,VA,,13.77,False,presidential,False,county_scores.json margin_2024 (MIT/tonmcg presidential),2024
51678,VA,,26.72,False,presidential,False,county_scores.json margin_2024 (MIT/tonmcg presidential),2024
51680,VA,,-7.93,False,presidential,False,county_scores.json margin_2024 (MIT/tonmcg presidential),2024
51683,VA,,14.84,False,presidential,False,county_scores.json margin_2024 (MIT/tonmcg presidential),2024
51685,VA,,19.98,False,presidential,False,county_scores.json margin_2024 (MIT/tonmcg presidential),2024
51690,VA,,22.62,False,presidential,False,county_scores.json margin_2024 (MIT/tonmcg presidential),2024
51700,VA,,28.8,False,presidential,False,county_scores.json margin_2024 (MIT/tonmcg presidential),2024
51710,VA,,41.53,False,presidential,False,county_scores.json margin_2024 (MIT/tonmcg presidential),2024
51720,VA,,-43.58,False,presidential,False,county_scores.json margin_2024 (MIT/tonmcg presidential),2024
51730,VA,,72.78,False,presidential,False,county_scores.json margin_2024 (MIT/tonmcg presidential),2024
51735,VA,,-45.87,False,presidential,False,county_scores.json margin_2024 (MIT/tonmcg presidential),2024
51740,VA,,38.63,False,presidential,False,county_scores.json margin_2024 (MIT/tonmcg presidential),2024
51750,VA,,0.52,True,presidential,False,county_scores.json margin_2024 (MIT/tonmcg presidential),2024
51760,VA,,66.27,False,presidential,False,county_scores.json margin_2024 (MIT/tonmcg presidential),2024
51770,VA,,23.62,False,presidential,False,county_scores.json margin_2024 (MIT/tonmcg presidential),2024
51775,VA,,-19.26,False,presidential,False,county_scores.json margin_2024 (MIT/tonmcg presidential),2024
51790,VA,,13.38,False,presidential,False,county_scores.json margin_2024 (MIT/tonmcg presidential),2024
51800,VA,,15.9,False,presidential,False,county_scores.json margin_2024 (MIT/tonmcg presidential),2024
51810,VA,,2.65,True,presidential,False,county_scores.json margin_2024 (MIT/tonmcg presidential),2024
51820,VA,,-5.69,False,presidential,False,county_scores.json margin_2024 (MIT/tonmcg presidential),2024
51830,VA,,44.5,False,presidential,False,county_scores.json margin_2024 (MIT/tonmcg presidential),2024
51840,VA,,9.77,False,presidential,False,county_scores.json margin_2024 (MIT/tonmcg presidential),2024
53001,WA,WA-L009;WA-L015;WA-U015,-35.674,False,district_actual,False,"MEDSL SLERs 1967-2022 (contest-level), seat=WA-U015",2022
53003,WA,WA-L009,-100.0,False,district_actual,False,"MEDSL SLERs 1967-2022 (contest-level), seat=WA-L009",2022
53005,WA,WA-L008;WA-L015;WA-L016;WA-U008;WA-U015,-35.674,False,district_actual,False,"MEDSL SLERs 1967-2022 (contest-level), seat=WA-U015",2022
53007,WA,WA-L012,-100.0,False,district_actual,False,"MEDSL SLERs 1967-2022 (contest-level), seat=WA-L012",2022
53009,WA,WA-L024,13.139,False,district_actual,False,"MEDSL SLERs 1967-2022 (contest-level), seat=WA-L024",2022
53011,WA,WA-L017;WA-L018;WA-L020;WA-L049,-4.894,False,district_actual,False,"MEDSL SLERs 1967-2022 (contest-level), seat=WA-L018",2022
53013,WA,WA-L009,-100.0,False,district_actual,False,"MEDSL SLERs 1967-2022 (contest-level), seat=WA-L009",2022
53015,WA,WA-L019;WA-L020,-24.478,False,district_actual,False,"MEDSL SLERs 1967-2022 (contest-level), seat=WA-L019",2022
53017,WA,WA-L007;WA-L012;WA-U007,-100.0,False,district_actual,False,"MEDSL SLERs 1967-2022 (contest-level), seat=WA-L007",2022
53019,WA,WA-L007;WA-U007,-100.0,False,district_actual,False,"MEDSL SLERs 1967-2022 (contest-level), seat=WA-L007",2022
53021,WA,WA-L008;WA-L009;WA-L015;WA-U008;WA-U015,-35.674,False,district_actual,False,"MEDSL SLERs 1967-2022 (contest-level), seat=WA-U015",2022
53023,WA,WA-L009,-100.0,False,district_actual,False,"MEDSL SLERs 1967-2022 (contest-level), seat=WA-L009",2022
53025,WA,WA-L007;WA-L013;WA-L015;WA-U007;WA-U013;WA-U015,-35.674,False,district_actual,False,"MEDSL SLERs 1967-2022 (contest-level), seat=WA-U015",2022
53027,WA,WA-L019;WA-L024,13.139,False,district_actual,False,"MEDSL SLERs 1967-2022 (contest-level), seat=WA-L024",2022
53029,WA,WA-L010,0.283,True,district_actual,False,"MEDSL SLERs 1967-2022 (contest-level), seat=WA-L010",2022
53031,WA,WA-L024,13.139,False,district_actual,False,"MEDSL SLERs 1967-2022 (contest-level), seat=WA-L024",2022
53033,WA,WA-L001;WA-L005;WA-L011;WA-L012;WA-L030;WA-L031;WA-L032;WA-L033;WA-L034;WA-L036;WA-L037;WA-L041;WA-L043;WA-L045;WA-L046;WA-L047;WA-L048;WA-U030;WA-U031;WA-U032;WA-U033;WA-U034;WA-U036;WA-U037;WA-U043;WA-U045;WA-U046;WA-U047;WA-U048,5.525,False,district_actual,False,"MEDSL SLERs 1967-2022 (contest-level), seat=WA-U047",2022
53035,WA,WA-L023;WA-L026;WA-L035;WA-U026;WA-U035,-0.981,True,district_actual,False,"MEDSL SLERs 1967-2022 (contest-level), seat=WA-L026",2022
53037,WA,WA-L013;WA-U013,-100.0,False,district_actual,False,"MEDSL SLERs 1967-2022 (contest-level), seat=WA-L013",2022
53039,WA,WA-L014,-66.074,False,district_actual,False,"MEDSL SLERs 1967-2022 (contest-level), seat=WA-L014",2022
53041,WA,WA-L019;WA-L020,-24.478,False,district_actual,False,"MEDSL SLERs 1967-2022 (contest-level), seat=WA-L019",2022
53043,WA,WA-L009,-100.0,False,district_actual,False,"MEDSL SLERs 1967-2022 (contest-level), seat=WA-L009",2022
53045,WA,WA-L035;WA-U035,-12.24,False,district_actual,False,"MEDSL SLERs 1967-2022 (contest-level), seat=WA-U035",2022
53047,WA,WA-L007;WA-U007,-100.0,False,district_actual,False,"MEDSL SLERs 1967-2022 (contest-level), seat=WA-L007",2022
53049,WA,WA-L019,-24.478,False,district_actual,False,"MEDSL SLERs 1967-2022 (contest-level), seat=WA-L019",2022
53051,WA,WA-L007;WA-U007,-100.0,False,district_actual,False,"MEDSL SLERs 1967-2022 (contest-level), seat=WA-L007",2022
53053,WA,WA-L002;WA-L025;WA-L026;WA-L027;WA-L028;WA-L029;WA-L031;WA-U026;WA-U027;WA-U029;WA-U031,-0.981,True,district_actual,False,"MEDSL SLERs 1967-2022 (contest-level), seat=WA-L026",2022
53055,WA,WA-L040,38.681,False,district_actual,False,"MEDSL SLERs 1967-2022 (contest-level), seat=WA-L040",2022
53057,WA,WA-L010;WA-L039;WA-L040,0.283,True,district_actual,False,"MEDSL SLERs 1967-2022 (contest-level), seat=WA-L010",2022
53059,WA,WA-L017,-6.46,False,district_actual,False,"MEDSL SLERs 1967-2022 (contest-level), seat=WA-L017",2022
53061,WA,WA-L001;WA-L010;WA-L012;WA-L021;WA-L032;WA-L038;WA-L039;WA-L044;WA-U021;WA-U032;WA-U038;WA-U044,0.283,True,district_actual,False,"MEDSL SLERs 1967-2022 (contest-level), seat=WA-L010",2022
53063,WA,WA-L003;WA-L004;WA-L006;WA-L007;WA-L009;WA-U006;WA-U007,24.917,False,district_actual,False,"MEDSL SLERs 1967-2022 (contest-level), seat=WA-L003",2022
53065,WA,WA-L007;WA-U007,-100.0,False,district_actual,False,"MEDSL SLERs 1967-2022 (contest-level), seat=WA-L007",2022
53067,WA,WA-L002;WA-L019;WA-L020;WA-L022;WA-L035;WA-U035,-12.24,False,district_actual,False,"MEDSL SLERs 1967-2022 (contest-level), seat=WA-U035",2022
53069,WA,WA-L019,-24.478,False,district_actual,False,"MEDSL SLERs 1967-2022 (contest-level), seat=WA-L019",2022
53071,WA,WA-L016,-37.626,False,district_actual,False,"MEDSL SLERs 1967-2022 (contest-level), seat=WA-L016",2022
53073,WA,WA-L040;WA-L042;WA-U042,1.202,True,district_actual,False,"MEDSL SLERs 1967-2022 (contest-level), seat=WA-U042",2022
53075,WA,WA-L009,-100.0,False,district_actual,False,"MEDSL SLERs 1967-2022 (contest-level), seat=WA-L009",2022
53077,WA,WA-L013;WA-L014;WA-L015;WA-U013;WA-U015,-35.674,False,district_actual,False,"MEDSL SLERs 1967-2022 (contest-level), seat=WA-U015",2022
54001,WV,WV-L068;WV-U011,-100.0,False,district_actual,False,"MEDSL SLERs 1967-2022 (contest-level), seat=WV-L068",2022
54003,WV,WV-L090;WV-L091;WV-L092;WV-L093;WV-L094;WV-L095;WV-L096;WV-L097;WV-U015;WV-U016,-16.178,False,district_actual,False,"MEDSL SLERs 1967-2022 (contest-level), seat=WV-L097",2022
54005,WV,WV-L031;WV-L032;WV-U007,-9.08,False,district_actual,False,"MEDSL SLERs 1967-2022 (contest-level), seat=WV-L032",2022
54007,WV,WV-L063;WV-U011,-42.136,False,district_actual,False,"MEDSL SLERs 1967-2022 (contest-level), seat=WV-L063",2022
54009,WV,WV-L001;WV-L002;WV-L003;WV-U001,-9.784,False,district_actual,False,"MEDSL SLERs 1967-2022 (contest-level), seat=WV-L003",2022
54011,WV,WV-L022;WV-L023;WV-L024;WV-L025;WV-L026;WV-U004,-5.223,False,district_actual,True,"MEDSL SLERs 1967-2022 (contest-level), seat=WV-L024",2022
54013,WV,WV-L062;WV-U012,-68.689,False,district_actual,False,"MEDSL SLERs 1967-2022 (contest-level), seat=WV-U012",2022
54015,WV,WV-L062;WV-U008,-13.51,False,district_actual,False,"MEDSL SLERs 1967-2022 (contest-level), seat=WV-U008",2022
54017,WV,WV-L008;WV-U002,-25.079,False,district_actual,False,"MEDSL SLERs 1967-2022 (contest-level), seat=WV-U002",2022
54019,WV,WV-L045;WV-L051;WV-U009;WV-U010,-17.29,False,district_actual,True,"MEDSL SLERs 1967-2022 (contest-level), seat=WV-L051",2022
54021,WV,WV-L062;WV-L063;WV-U012,-42.136,False,district_actual,False,"MEDSL SLERs 1967-2022 (contest-level), seat=WV-L063",2022
54023,WV,WV-L085;WV-U014,-52.338,False,district_actual,False,"MEDSL SLERs 1967-2022 (contest-level), seat=WV-U014",2022
54025,WV,WV-L046;WV-L047;WV-L048;WV-U010,-21.484,False,district_actual,False,"MEDSL SLERs 1967-2022 (contest-level), seat=WV-U010",2022
54027,WV,WV-L088;WV-L089;WV-U015,-75.149,False,district_actual,False,"MEDSL SLERs 1967-2022 (contest-level), seat=WV-L089",2022
54029,WV,WV-L001;WV-L002;WV-U001,-20.926,False,district_actual,False,"MEDSL SLERs 1967-2022 (contest-level), seat=WV-U001",2022
54031,WV,WV-L086;WV-U014,-52.338,False,district_actual,False,"MEDSL SLERs 1967-2022 (contest-level), seat=WV-U014",2022
54033,WV,WV-L069;WV-L070;WV-L071;WV-L072;WV-U012,-7.661,False,district_actual,False,"MEDSL SLERs 1967-2022 (contest-level), seat=WV-L070",2022
54035,WV,WV-L016;WV-L017;WV-U004;WV-U008,-13.51,False,district_actual,False,"MEDSL SLERs 1967-2022 (contest-level), seat=WV-U008",2022
54037,WV,WV-L097;WV-L098;WV-L099;WV-L100;WV-U016,-9.514,False,district_actual,False,"MEDSL SLERs 1967-2022 (contest-level), seat=WV-L100",2022
54039,WV,WV-L053;WV-L054;WV-L055;WV-L056;WV-L057;WV-L058;WV-L059;WV-L060;WV-L061;WV-U007;WV-U008;WV-U017,1.015,True,district_actual,False,"MEDSL SLERs 1967-2022 (contest-level), seat=WV-L056",2022
54041,WV,WV-L064;WV-L069;WV-U012,-34.652,False,district_actual,False,"MEDSL SLERs 1967-2022 (contest-level), seat=WV-L069",2022
54043,WV,WV-L030;WV-L031;WV-U007,-12.578,False,district_actual,False,"MEDSL SLERs 1967-2022 (contest-level), seat=WV-L030",2022
54045,WV,WV-L031;WV-L033;WV-U007,-16.321,False,district_actual,False,"MEDSL SLERs 1967-2022 (contest-level), seat=WV-U007",2022
54047,WV,WV-L036;WV-U006,-19.188,False,district_actual,False,"MEDSL SLERs 1967-2022 (contest-level), seat=WV-L036",2022
54049,WV,WV-L074;WV-L075;WV-L076;WV-U002;WV-U013,-0.57,True,district_actual,False,"MEDSL SLERs 1967-2022 (contest-level), seat=WV-U013",2022
54051,WV,WV-L006;WV-L007;WV-U001;WV-U002,-16.425,False,district_actual,False,"MEDSL SLERs 1967-2022 (contest-level), seat=WV-L007",2022
54053,WV,WV-L017;WV-L018;WV-U004,-100.0,False,district_actual,False,"MEDSL SLERs 1967-2022 (contest-level), seat=WV-L017",2022
54055,WV,WV-L037;WV-L038;WV-L039;WV-L041;WV-U006,-24.276,False,district_actual,False,"MEDSL SLERs 1967-2022 (contest-level), seat=WV-L037",2022
54057,WV,WV-L087;WV-L088;WV-U014,-39.178,False,district_actual,False,"MEDSL SLERs 1967-2022 (contest-level), seat=WV-L087",2022
54059,WV,WV-L029;WV-L034;WV-U006,-21.614,False,district_actual,False,"MEDSL SLERs 1967-2022 (contest-level), seat=WV-L029",2022
54061,WV,WV-L077;WV-L078;WV-L079;WV-L080;WV-L081;WV-L082;WV-U002;WV-U013,-0.57,True,district_actual,False,"MEDSL SLERs 1967-2022 (contest-level), seat=WV-U013",2022
54063,WV,WV-L040;WV-L047;WV-U010,-21.484,False,district_actual,False,"MEDSL SLERs 1967-2022 (contest-level), seat=WV-U010",2022
54065,WV,WV-L089;WV-L090;WV-U015,-75.149,False,district_actual,False,"MEDSL SLERs 1967-2022 (contest-level), seat=WV-L089",2022
54067,WV,WV-L048;WV-L049;WV-U010,-21.484,False,district_actual,False,"MEDSL SLERs 1967-2022 (contest-level), seat=WV-U010",2022
54069,WV,WV-L003;WV-L004;WV-L005;WV-U001,9.184,False,district_actual,False,"MEDSL SLERs 1967-2022 (contest-level), seat=WV-L005",2022
54071,WV,WV-L067;WV-L086;WV-U011,-20.593,False,district_actual,False,"MEDSL SLERs 1967-2022 (contest-level), seat=WV-L067",2022
54073,WV,WV-L009;WV-U003,-31.418,False,district_actual,False,"MEDSL SLERs 1967-2022 (contest-level), seat=WV-U003",2022
54075,WV,WV-L046;WV-L066;WV-U011,-32.225,False,district_actual,False,"MEDSL SLERs 1967-2022 (contest-level), seat=WV-L066",2022
54077,WV,WV-L083;WV-L084;WV-U014,-41.49,False,district_actual,False,"MEDSL SLERs 1967-2022 (contest-level), seat=WV-L083",2022
54079,WV,WV-L018;WV-L019;WV-L020;WV-L021;WV-U004;WV-U008,-13.51,False,district_actual,False,"MEDSL SLERs 1967-2022 (contest-level), seat=WV-U008",2022
54081,WV,WV-L041;WV-L042;WV-L043;WV-L044;WV-L045;WV-U009,-10.202,False,district_actual,False,"MEDSL SLERs 1967-2022 (contest-level), seat=WV-L044",2022
54083,WV,WV-L066;WV-L067;WV-U011,-20.593,False,district_actual,False,"MEDSL SLERs 1967-2022 (contest-level), seat=WV-L067",2022
54085,WV,WV-L009;WV-U003,-31.418,False,district_actual,False,"MEDSL SLERs 1967-2022 (contest-level), seat=WV-U003",2022
54087,WV,WV-L015;WV-U008,-13.51,False,district_actual,False,"MEDSL SLERs 1967-2022 (contest-level), seat=WV-U008",2022
54089,WV,WV-L040;WV-L041;WV-U010,-21.484,False,district_actual,False,"MEDSL SLERs 1967-2022 (contest-level), seat=WV-U010",2022
54091,WV,WV-L073;WV-U012;WV-U014,-38.707,False,district_actual,False,"MEDSL SLERs 1967-2022 (contest-level), seat=WV-L073",2022
54093,WV,WV-L085;WV-U014,-52.338,False,district_actual,False,"MEDSL SLERs 1967-2022 (contest-level), seat=WV-U014",2022
54095,WV,WV-L008;WV-L009;WV-U002,-25.079,False,district_actual,False,"MEDSL SLERs 1967-2022 (contest-level), seat=WV-U002",2022
54097,WV,WV-L064;WV-L065;WV-L068;WV-U011,-53.909,False,district_actual,False,"MEDSL SLERs 1967-2022 (contest-level), seat=WV-L064",2022
54099,WV,WV-L028;WV-L029;WV-U006,-21.614,False,district_actual,True,"MEDSL SLERs 1967-2022 (contest-level), seat=WV-L029",2022
54101,WV,WV-L048;WV-U011,-41.505,False,district_actual,False,"MEDSL SLERs 1967-2022 (contest-level), seat=WV-L048",2022
54103,WV,WV-L007;WV-L008;WV-L072;WV-L077;WV-U002,-16.425,False,district_actual,False,"MEDSL SLERs 1967-2022 (contest-level), seat=WV-L007",2022
54105,WV,WV-L014;WV-L015;WV-U003,-31.418,False,district_actual,False,"MEDSL SLERs 1967-2022 (contest-level), seat=WV-U003",2022
54107,WV,WV-L010;WV-L011;WV-L012;WV-L013;WV-L014;WV-U003,-17.897,False,district_actual,False,"MEDSL SLERs 1967-2022 (contest-level), seat=WV-L011",2022
54109,WV,WV-L035;WV-L043;WV-U009,-44.241,False,district_actual,False,"MEDSL SLERs 1967-2022 (contest-level), seat=WV-L035",2022
55001,WI,WI-L041;WI-L072,-24.325,False,district_actual,False,"MEDSL SLERs 1967-2022 (contest-level), seat=WI-L072",2022
55003,WI,WI-L074;WI-U025,-5.713,False,district_actual,False,"MEDSL SLERs 1967-2022 (contest-level), seat=WI-L074",2022
55005,WI,WI-L075;WI-U025,-14.035,False,district_actual,False,"MEDSL SLERs 1967-2022 (contest-level), seat=WI-U025",2022
55007,WI,WI-L074;WI-U025,-5.713,False,district_actual,False,"MEDSL SLERs 1967-2022 (contest-level), seat=WI-L074",2022
55009,WI,WI-L001;WI-L002;WI-L004;WI-L005;WI-L006;WI-L088;WI-L090;WI-U001,-11.077,False,district_actual,True,"MEDSL SLERs 1967-2022 (contest-level), seat=WI-L004",2022
55011,WI,WI-L092;WI-U031,0.903,True,district_actual,False,"MEDSL SLERs 1967-2022 (contest-level), seat=WI-U031",2022
55013,WI,WI-U025,-14.035,False,district_actual,True,"MEDSL SLERs 1967-2022 (contest-level), seat=WI-U025",2022
55015,WI,WI-L003;WI-L025;WI-L059;WI-U001;WI-U009,-19.052,False,district_actual,False,"MEDSL SLERs 1967-2022 (contest-level), seat=WI-U001",2022
55017,WI,WI-L067;WI-L068;WI-U023,-21.452,False,district_actual,False,"MEDSL SLERs 1967-2022 (contest-level), seat=WI-L068",2022
55019,WI,WI-L068;WI-L069;WI-U023,-21.452,False,district_actual,False,"MEDSL SLERs 1967-2022 (contest-level), seat=WI-L068",2022
55021,WI,WI-L037;WI-L039;WI-L041;WI-L081;WI-U013;WI-U027,-11.598,False,district_actual,False,"MEDSL SLERs 1967-2022 (contest-level), seat=WI-L037",2022
55023,WI,WI-U032,0.599,True,district_actual,False,"MEDSL SLERs 1967-2022 (contest-level), seat=WI-U032 (pre-2022 map)",2020
55025,WI,WI-L037;WI-L038;WI-L043;WI-L046;WI-L047;WI-L048;WI-L076;WI-L077;WI-L078;WI-L079;WI-L080;WI-L081;WI-U013;WI-U015;WI-U027,-11.598,False,district_actual,False,"MEDSL SLERs 1967-2022 (contest-level), seat=WI-L037",2022
55027,WI,WI-L037;WI-L039;WI-L053;WI-U013,-11.598,False,district_actual,False,"MEDSL SLERs 1967-2022 (contest-level), seat=WI-L037",2022
55029,WI,WI-L001;WI-U001,-19.052,False,district_actual,False,"MEDSL SLERs 1967-2022 (contest-level), seat=WI-U001",2022
55031,WI,WI-L074;WI-U025,-5.713,False,district_actual,True,"MEDSL SLERs 1967-2022 (contest-level), seat=WI-L074",2022
55033,WI,WI-L029;WI-L067;WI-U023;WI-U031,0.903,True,district_actual,False,"MEDSL SLERs 1967-2022 (contest-level), seat=WI-U031",2022
55035,WI,WI-L067;WI-L068;WI-L091;WI-L092;WI-U023;WI-U031,0.903,True,district_actual,False,"MEDSL SLERs 1967-2022 (contest-level), seat=WI-U031",2022
55037,WI,WI-L036,-40.901,False,district_actual,False,"MEDSL SLERs 1967-2022 (contest-level), seat=WI-L036",2022
55039,WI,WI-L053;WI-L059,-100.0,False,district_actual,True,"MEDSL SLERs 1967-2022 (contest-level), seat=WI-L053",2022
55041,WI,WI-L036,-40.901,False,district_actual,False,"MEDSL SLERs 1967-2022 (contest-level), seat=WI-L036",2022
55043,WI,WI-L049;WI-U017,-20.334,False,district_actual,False,"MEDSL SLERs 1967-2022 (contest-level), seat=WI-U017",2022
55045,WI,WI-L045;WI-L051;WI-L080;WI-U015;WI-U017;WI-U027,11.579,False,district_actual,False,"MEDSL SLERs 1967-2022 (contest-level), seat=WI-L045",2022
55047,WI,WI-L041,-100.0,False,district_actual,True,"MEDSL SLERs 1967-2022 (contest-level), seat=WI-L041",2022
55049,WI,WI-L051;WI-L080;WI-L081;WI-U017;WI-U027,-12.218,False,district_actual,False,"MEDSL SLERs 1967-2022 (contest-level), seat=WI-L051",2022
55051,WI,WI-L074;WI-U025,-5.713,False,district_actual,False,"MEDSL SLERs 1967-2022 (contest-level), seat=WI-L074",2022
55053,WI,WI-L069;WI-L070;WI-L092;WI-U023;WI-U031,0.903,True,district_actual,False,"MEDSL SLERs 1967-2022 (contest-level), seat=WI-U031",2022
55055,WI,WI-L033;WI-L037;WI-L038;WI-U011;WI-U013,-0.909,True,district_actual,False,"MEDSL SLERs 1967-2022 (contest-level), seat=WI-L033",2022
55057,WI,WI-U017,-20.334,False,district_actual,False,"MEDSL SLERs 1967-2022 (contest-level), seat=WI-U017",2022
55059,WI,WI-L032;WI-L061;WI-L064;WI-L065;WI-U011;WI-U021,13.559,False,district_actual,False,"MEDSL SLERs 1967-2022 (contest-level), seat=WI-L064",2022
55061,WI,WI-L001;WI-U001,-19.052,False,district_actual,False,"MEDSL SLERs 1967-2022 (contest-level), seat=WI-U001",2022
55063,WI,WI-L070;WI-L094;WI-L095,2.616,True,district_actual,False,"MEDSL SLERs 1967-2022 (contest-level), seat=WI-L094",2022
55065,WI,WI-L049;WI-L051;WI-U017,-12.218,False,district_actual,False,"MEDSL SLERs 1967-2022 (contest-level), seat=WI-L051",2022
55067,WI,WI-L035,-69.864,False,district_actual,False,"MEDSL SLERs 1967-2022 (contest-level), seat=WI-L035",2022
55069,WI,WI-L035,-69.864,False,district_actual,False,"MEDSL SLERs 1967-2022 (contest-level), seat=WI-L035",2022
55071,WI,WI-L002;WI-L003;WI-L025;WI-L027;WI-U001;WI-U009,-18.449,False,district_actual,False,"MEDSL SLERs 1967-2022 (contest-level), seat=WI-L002",2022
55073,WI,WI-L035;WI-L069;WI-L085;WI-L086;WI-L087;WI-U023;WI-U029,-12.445,False,district_actual,False,"MEDSL SLERs 1967-2022 (contest-level), seat=WI-L085",2022
55075,WI,WI-L036,-40.901,False,district_actual,True,"MEDSL SLERs 1967-2022 (contest-level), seat=WI-L036",2022
55077,WI,WI-L041,-100.0,False,district_actual,True,"MEDSL SLERs 1967-2022 (contest-level), seat=WI-L041",2022
55078,WI,WI-L036,-40.901,False,district_actual,False,"MEDSL SLERs 1967-2022 (contest-level), seat=WI-L036",2022
55079,WI,WI-L007;WI-L008;WI-L009;WI-L010;WI-L011;WI-L012;WI-L014;WI-L016;WI-L017;WI-L018;WI-L019;WI-L020;WI-L021;WI-L023;WI-L082;WI-L084;WI-U003;WI-U005;WI-U007,-2.036,True,district_actual,False,"MEDSL SLERs 1967-2022 (contest-level), seat=WI-L084",2022
55081,WI,WI-L070,-32.074,False,district_actual,True,"MEDSL SLERs 1967-2022 (contest-level), seat=WI-L070",2022
55083,WI,WI-L035;WI-L036,-40.901,False,district_actual,True,"MEDSL SLERs 1967-2022 (contest-level), seat=WI-L036",2022
55085,WI,WI-L034;WI-L035,-23.569,False,district_actual,False,"MEDSL SLERs 1967-2022 (contest-level), seat=WI-L034",2022
55087,WI,WI-L003;WI-L005;WI-L006;WI-L055;WI-L056;WI-U001;WI-U019,-8.084,False,district_actual,False,"MEDSL SLERs 1967-2022 (contest-level), seat=WI-U019",2022
55089,WI,WI-L023;WI-L024;WI-L060,-22.348,False,district_actual,True,"MEDSL SLERs 1967-2022 (contest-level), seat=WI-L024",2022
55091,WI,WI-L092;WI-U031,0.903,True,district_actual,False,"MEDSL SLERs 1967-2022 (contest-level), seat=WI-U031",2022
55093,WI,WI-L030;WI-U031,0.903,True,district_actual,False,"MEDSL SLERs 1967-2022 (contest-level), seat=WI-U031",2022
55095,WI,WI-L028;WI-L029,-20.122,False,district_actual,False,"MEDSL SLERs 1967-2022 (contest-level), seat=WI-L029",2022
55097,WI,WI-L070;WI-L071;WI-L072,14.169,False,district_actual,False,"MEDSL SLERs 1967-2022 (contest-level), seat=WI-L071",2022
55099,WI,WI-L074;WI-U025,-5.713,False,district_actual,False,"MEDSL SLERs 1967-2022 (contest-level), seat=WI-L074",2022
55101,WI,WI-L063;WI-L064;WI-L066;WI-L083;WI-U021,13.559,False,district_actual,False,"MEDSL SLERs 1967-2022 (contest-level), seat=WI-L064",2022
55103,WI,WI-L049;WI-L051;WI-U017,-12.218,False,district_actual,False,"MEDSL SLERs 1967-2022 (contest-level), seat=WI-L051",2022
55105,WI,WI-L031;WI-L033;WI-L043;WI-L044;WI-L045;WI-U011;WI-U015,-0.909,True,district_actual,False,"MEDSL SLERs 1967-2022 (contest-level), seat=WI-L033",2022
55107,WI,WI-L087;WI-U029,-24.942,False,district_actual,False,"MEDSL SLERs 1967-2022 (contest-level), seat=WI-U029",2022
55109,WI,WI-L028;WI-L029;WI-L030,-17.05,False,district_actual,False,"MEDSL SLERs 1967-2022 (contest-level), seat=WI-L030",2022
55111,WI,WI-L041;WI-L051;WI-L081;WI-U017;WI-U027,-12.218,False,district_actual,False,"MEDSL SLERs 1967-2022 (contest-level), seat=WI-L051",2022
55113,WI,WI-L074;WI-L087;WI-U025;WI-U029,-5.713,False,district_actual,False,"MEDSL SLERs 1967-2022 (contest-level), seat=WI-L074",2022
55115,WI,WI-L006;WI-L035;WI-L036,-26.522,False,district_actual,False,"MEDSL SLERs 1967-2022 (contest-level), seat=WI-L006",2022
55117,WI,WI-L027;WI-L059;WI-U009,-64.637,False,district_actual,True,"MEDSL SLERs 1967-2022 (contest-level), seat=WI-L027",2022
55119,WI,WI-L087;WI-U029,-24.942,False,district_actual,False,"MEDSL SLERs 1967-2022 (contest-level), seat=WI-U029",2022
55121,WI,WI-L092;WI-U031,0.903,True,district_actual,False,"MEDSL SLERs 1967-2022 (contest-level), seat=WI-U031",2022
55123,WI,WI-U017,-20.334,False,district_actual,True,"MEDSL SLERs 1967-2022 (contest-level), seat=WI-U017",2022
55125,WI,WI-L034,-23.569,False,district_actual,False,"MEDSL SLERs 1967-2022 (contest-level), seat=WI-L034",2022
55127,WI,WI-L031;WI-L032;WI-L083;WI-U011,-16.723,False,district_actual,False,"MEDSL SLERs 1967-2022 (contest-level), seat=WI-U011",2022
55129,WI,WI-L075;WI-U025,-14.035,False,district_actual,True,"MEDSL SLERs 1967-2022 (contest-level), seat=WI-U025",2022
55131,WI,WI-L022;WI-L024;WI-L058;WI-L059;WI-L060,-22.348,False,district_actual,True,"MEDSL SLERs 1967-2022 (contest-level), seat=WI-L024",2022
55133,WI,WI-L015;WI-L022;WI-L024;WI-L038;WI-L083;WI-L097;WI-L098;WI-L099;WI-U005;WI-U013;WI-U033,-6.591,False,district_actual,False,"MEDSL SLERs 1967-2022 (contest-level), seat=WI-U005",2022
55135,WI,WI-L006,-26.522,False,district_actual,False,"MEDSL SLERs 1967-2022 (contest-level), seat=WI-L006",2022
55137,WI,WI-L041;WI-L072,-24.325,False,district_actual,False,"MEDSL SLERs 1967-2022 (contest-level), seat=WI-L072",2022
55139,WI,WI-L053;WI-L054;WI-L055;WI-U019,7.74,False,district_actual,False,"MEDSL SLERs 1967-2022 (contest-level), seat=WI-L054",2022
55141,WI,WI-L069;WI-L070;WI-L072;WI-L086;WI-U023;WI-U029,-24.325,False,district_actual,False,"MEDSL SLERs 1967-2022 (contest-level), seat=WI-L072",2022
56001,WY,WY-L013;WY-L014;WY-L045;WY-L046;WY-U009,9.34,False,district_actual,False,"MEDSL SLERs 1967-2022 (contest-level), seat=WY-L014",2022
56003,WY,WY-L026;WY-L027;WY-L028;WY-U019,-57.186,False,district_actual,False,"MEDSL SLERs 1967-2022 (contest-level), seat=WY-L028",2022
56005,WY,WY-L003;WY-L031;WY-L032;WY-L052;WY-L053;WY-U001;WY-U023,-72.51,False,district_actual,False,"MEDSL SLERs 1967-2022 (contest-level), seat=WY-U023",2022
56007,WY,WY-L015;WY-L047;WY-U011,-60.146,False,district_actual,False,"MEDSL SLERs 1967-2022 (contest-level), seat=WY-L047",2022
56009,WY,WY-L006;WY-L062,-57.48,False,district_actual,False,"MEDSL SLERs 1967-2022 (contest-level), seat=WY-L006",2022
56011,WY,WY-L001;WY-U001,-100.0,False,district_actual,False,"MEDSL SLERs 1967-2022 (contest-level), seat=WY-L001",2022
56013,WY,WY-L028;WY-L034;WY-L054;WY-L055;WY-U025,-57.186,False,district_actual,True,"MEDSL SLERs 1967-2022 (contest-level), seat=WY-L028",2022
56015,WY,WY-L002;WY-L005;WY-U003,-57.794,False,district_actual,False,"MEDSL SLERs 1967-2022 (contest-level), seat=WY-L005",2022
56017,WY,WY-L028,-57.186,False,district_actual,False,"MEDSL SLERs 1967-2022 (contest-level), seat=WY-L028",2022
56019,WY,WY-L040,-100.0,False,district_actual,False,"MEDSL SLERs 1967-2022 (contest-level), seat=WY-L040",2022
56021,WY,WY-L004;WY-L007;WY-L008;WY-L009;WY-L010;WY-L011;WY-L012;WY-L041;WY-L042;WY-L043;WY-L044;WY-L061;WY-U005;WY-U007;WY-U031,-6.117,False,district_actual,False,"MEDSL SLERs 1967-2022 (contest-level), seat=WY-L011",2022
56023,WY,WY-L018;WY-L020;WY-L021;WY-L022,-57.074,False,district_actual,False,"MEDSL SLERs 1967-2022 (contest-level), seat=WY-L022",2022
56025,WY,WY-L035;WY-L036;WY-L037;WY-L038;WY-L056;WY-L057;WY-L058;WY-L059;WY-L062;WY-U027;WY-U029,-40.297,False,district_actual,False,"MEDSL SLERs 1967-2022 (contest-level), seat=WY-L057",2022
56027,WY,WY-L002;WY-U003,-100.0,False,district_actual,False,"MEDSL SLERs 1967-2022 (contest-level), seat=WY-L002",2022
56029,WY,WY-L024;WY-L025;WY-L026;WY-L028;WY-L050;WY-U019,-57.186,False,district_actual,False,"MEDSL SLERs 1967-2022 (contest-level), seat=WY-L028",2022
56031,WY,WY-L004,-63.874,False,district_actual,False,"MEDSL SLERs 1967-2022 (contest-level), seat=WY-L004",2022
56033,WY,WY-L029;WY-L030;WY-L040;WY-L051;WY-U021,-29.913,False,district_actual,False,"MEDSL SLERs 1967-2022 (contest-level), seat=WY-L029",2022
56035,WY,WY-L020,-100.0,False,district_actual,False,"MEDSL SLERs 1967-2022 (contest-level), seat=WY-L020",2022
56037,WY,WY-L017;WY-L018;WY-L039;WY-L047;WY-L048;WY-L060;WY-U011;WY-U013,-21.629,False,district_actual,False,"MEDSL SLERs 1967-2022 (contest-level), seat=WY-L017",2022
56039,WY,WY-L016;WY-L022;WY-L023;WY-U017,3.385,False,district_actual,False,"MEDSL SLERs 1967-2022 (contest-level), seat=WY-L023",2022
56041,WY,WY-L018;WY-L019;WY-L049;WY-U015,-41.193,False,district_actual,False,"MEDSL SLERs 1967-2022 (contest-level), seat=WY-L049",2022
56043,WY,WY-L027,-100.0,False,district_actual,False,"MEDSL SLERs 1967-2022 (contest-level), seat=WY-L027",2022
56045,WY,WY-L001;WY-L002;WY-U001;WY-U003,-100.0,False,district_actual,False,"MEDSL SLERs 1967-2022 (contest-level), seat=WY-L001",2022
