openstates_id,name,state,party,chamber,district,cfscore,inverse_cfscore,dime_cycle,match_type,votes_cast,pro_labor_votes,key_vote_score,bills_found
ocd-person/474c3552-b3cd-4015-ac15-3c6301a0ce0e,A.J. McCampbell,AL,D,lower,71,-0.136,0.534,2022,matched,,,0.534,
ocd-person/4cb1aeb5-d822-4f2c-a7e6-ae2a132acf17,Adline Clarke,AL,D,lower,97,-0.45,0.6125,2022,matched,,,0.6125,
ocd-person/cb2488d5-f0b6-4e9f-948b-ff7e9f4e1907,Alan Baker,AL,R,lower,66,1.106,0.2235,2022,matched,,,0.2235,
ocd-person/3f96a690-e9a3-4774-8484-49a5a079b18c,Allen Treadaway,AL,R,lower,51,1.088,0.228,2022,matched,,,0.228,
ocd-person/84d43460-8578-4b85-b2ee-7f6849e270d8,Andrew Jones,AL,R,upper,10,1.051,0.2373,2022,matched,,,0.2373,
ocd-person/6e7f8f74-90fd-416b-b08e-188d6315b3ce,Andrew Sorrell,AL,R,executive,,,,,unmatched,,,,
ocd-person/c128ed12-dd1b-4b5f-8c64-9d86bf9d6580,Andy Whitt,AL,R,lower,6,1.063,0.2343,2022,matched,,,0.2343,
ocd-person/95f7541d-5429-41aa-85e5-7fc9cf33d688,Anthony Daniels,AL,D,lower,53,-0.395,0.5988,2022,matched,,,0.5988,
ocd-person/15ebe01e-1447-4bdb-8dfb-e9d5948b872d,April Weaver,AL,R,upper,14,1.125,0.2188,2022,matched,,,0.2188,
ocd-person/02655110-0839-4b2e-9f4b-b3a43788e275,Arnold Mooney,AL,R,lower,43,1.446,0.1385,2018,matched,,,0.1385,
ocd-person/b38546ec-f8fb-4e99-8e0c-46715b2e8578,Arthur Orr,AL,R,upper,3,1.108,0.223,2022,matched,,,0.223,
ocd-person/a1033b9f-f53e-46b8-ab4e-508d87e0d8e8,Barbara Boyd,AL,D,lower,32,-0.338,0.5845,2022,matched,,,0.5845,
ocd-person/375419e1-4626-4a9a-92ed-15962de5be09,Barbara Drummond,AL,D,lower,103,-0.374,0.5935,2022,matched,,,0.5935,
ocd-person/a2413268-fe7d-4a14-839c-14e9723da23a,Ben Harrison,AL,R,lower,2,1.148,0.213,2022,matched,,,0.213,
ocd-person/7da5c799-bd67-458a-b3b1-a0cdda8f474e,Ben Robbins,AL,R,lower,33,0.621,0.3448,2022,matched,,,0.3448,
ocd-person/a5d0ab78-e643-4ea1-86f2-2dad948b498a,Berry Forte,AL,D,lower,84,-0.37,0.5925,2022,matched,,,0.5925,
ocd-person/f470053d-6f95-4ed1-b641-5d0e7b236ed5,Bill Lamb,AL,R,lower,62,0.886,0.2785,2022,matched,,,0.2785,
ocd-person/38c5b433-f53c-4073-a2da-a969e4c31696,Billy Beasley,AL,D,upper,28,-0.033,0.5082,2022,matched,,,0.5082,
ocd-person/03d6bca3-9630-4173-a3c0-4ab4b5aaaedb,Bob Fincher,AL,R,lower,37,1.088,0.228,2022,matched,,,0.228,
ocd-person/6e6d5e12-363b-42dc-b0d1-191c82aa6493,Bobby Singleton,AL,D,upper,24,-0.023,0.5058,2022,matched,,,0.5058,
ocd-person/def57a9e-a907-4e62-b990-41dc19661c06,Brett Easterbrook,AL,R,lower,65,1.073,0.2318,2022,matched,,,0.2318,
ocd-person/aaffbe89-25dd-4454-85f7-81e4ed89c749,Brock Colvin,AL,R,lower,26,1.117,0.2208,2022,matched,,,0.2208,
ocd-person/ed6f9cbb-3180-4e8e-b9c1-c56dd888ce38,Bryan Brinyark,AL,R,lower,16,,,,unmatched,,,,
ocd-person/3828d8e6-1f22-4cb1-be51-b3d3a0c36b98,Bubba Underwood,AL,R,lower,3,1.09,0.2275,2022,matched,,,0.2275,
ocd-person/60ec1e11-da78-43be-90e5-5d850bf3edc7,Chad Robertson,AL,R,lower,40,1.074,0.2315,2022,matched,,,0.2315,
ocd-person/04a1794d-93f0-435f-8c68-1b435f2fc1a0,Chip Brown,AL,R,lower,105,1.06,0.235,2022,matched,,,0.235,
ocd-person/6b644492-bb54-496c-8ad3-22ec002056d4,Chris Blackshear,AL,R,lower,80,1.118,0.2205,2022,matched,,,0.2205,
ocd-person/67479855-f23e-4119-b886-91dddc09a47a,Chris Elliott,AL,R,upper,32,1.025,0.2438,2022,matched,,,0.2438,
ocd-person/b57cc6b9-3627-431f-8a01-4c3c7ba973d4,Chris England,AL,D,lower,70,-0.213,0.5533,2022,matched,,,0.5533,
ocd-person/f4133b43-f822-4d95-b1e0-a0a524de56f6,Chris Pringle,AL,R,lower,101,1.133,0.2167,2022,matched,,,0.2167,
ocd-person/39a26498-6bb6-4627-8c49-d9c453c9aab8,Chris Sells,AL,R,lower,90,1.078,0.2305,2022,matched,,,0.2305,
ocd-person/cbfd2b4e-f512-4176-b2f6-1df9d2d9c99c,Cindy Myrex,AL,R,lower,12,,,,unmatched,,,,
ocd-person/d1307771-6d50-4d56-9995-b5d799917d7b,Clyde Chambliss,AL,R,upper,30,1.131,0.2172,2022,matched,,,0.2172,
ocd-person/3b1a631d-35d4-47bd-a37c-a98fed7a5bd4,Corley Ellis,AL,R,lower,41,1.125,0.2188,2022,matched,,,0.2188,
ocd-person/63e7d9b8-136c-4ebc-bb87-19660eb7b624,Craig Lipscomb,AL,R,lower,30,1.086,0.2285,2022,matched,,,0.2285,
ocd-person/583c130d-a97a-48c9-9a18-03e94aa93930,Curtis Travis,AL,D,lower,72,0.432,0.392,2022,matched,,,0.392,
ocd-person/c58c02cd-0f5c-4454-b5d9-6eb0e604ea25,Dan Roberts,AL,R,upper,15,1.079,0.2303,2022,matched,,,0.2303,
ocd-person/749e2cb2-e087-4920-aea3-b40d28f56db5,Danny Crawford,AL,R,lower,5,1.091,0.2273,2022,matched,,,0.2273,
ocd-person/4aab5f96-d36a-4274-9591-9922a353c10b,Danny Garrett,AL,R,lower,44,,,,unmatched,,,,
ocd-person/9b9fd235-1045-4935-a097-bd5e51d2c592,David Faulkner,AL,R,lower,46,1.15,0.2125,2022,matched,,,0.2125,
ocd-person/fa2c59ea-1a07-429d-85e4-9c60652919aa,David Sessions,AL,R,upper,35,1.059,0.2353,2022,matched,,,0.2353,
ocd-person/0efb60b3-60e6-4248-a264-41a2a1d35036,David Standridge,AL,R,lower,34,1.129,0.2177,2022,matched,,,0.2177,
ocd-person/ef19bb65-dc3c-4815-ac71-b1ffd9abf28b,Donna Givens,AL,R,lower,64,1.055,0.2363,2022,matched,,,0.2363,
ocd-person/c1ce8b3f-ea56-4c8f-ab74-2a02b8d10063,Donnie Chesteen,AL,R,upper,29,1.091,0.2273,2022,matched,,,0.2273,
ocd-person/9ec989cb-f503-46c1-aa2a-2913e2bc16bd,Ed Oliver,AL,R,lower,81,1.071,0.2323,2022,matched,,,0.2323,
ocd-person/5658aa05-6ffa-4774-a8a4-f49c169769d2,Ernie Yarbrough,AL,R,lower,7,1.925,0.0187,2022,matched,,,0.0187,
ocd-person/3bc2e263-71cf-41e2-80c5-3f97cad999ff,Frances Holk-Jones,AL,R,lower,95,,,,unmatched,,,,
ocd-person/cf025dad-05a0-4a54-ba0b-bbeecb87c10e,Garlan Gudger,AL,R,upper,4,1.083,0.2293,2022,matched,,,0.2293,
ocd-person/adbf5614-9045-4cb7-86eb-2d88f25a357a,Gerald Allen,AL,R,upper,21,1.15,0.2125,2022,matched,,,0.2125,
ocd-person/08fce57e-b511-4572-bcb8-7c712d8e7d05,Ginny Shaver,AL,R,lower,39,1.061,0.2348,2022,matched,,,0.2348,
ocd-person/7b9adc85-fd70-470a-b1bf-44ed412f3ba0,Greg Albritton,AL,R,upper,22,0.823,0.2943,2022,matched,,,0.2943,
ocd-person/319cc74b-3113-4053-8bda-0e1903227207,Greg Barnes,AL,R,lower,13,1.971,0.0072,2022,matched,,,0.0072,
ocd-person/de4c986e-ec06-437e-8d3d-b7ca591606bc,Heath Allbright,AL,R,lower,11,,,,unmatched,,,,
ocd-person/bdfa9580-2ce0-4828-8f9e-52e6f066fbce,Jabo Waggoner,AL,R,upper,16,1.177,0.2057,2022,matched,,,0.2057,
ocd-person/a7e333c5-03f2-4343-9981-956bcc1ea38e,Jack Williams,AL,R,upper,34,1.099,0.2253,2022,matched,,,0.2253,
ocd-person/d54b8dfc-7921-4f35-ad22-ad2efdaad100,James Lomax,AL,R,lower,20,1.059,0.2353,2022,matched,,,0.2353,
ocd-person/390ee0ed-0b5e-4f45-a740-63511c4fa3fd,Jamie Kiel,AL,R,lower,18,1.086,0.2285,2022,matched,,,0.2285,
ocd-person/d581a562-c33c-44c0-a707-c21dddf140aa,Jay Hovey,AL,R,upper,27,1.105,0.2238,2022,matched,,,0.2238,
ocd-person/70d0256c-91eb-4338-b86d-181e1db4d8f7,Jeana Ross,AL,R,lower,27,,,,unmatched,,,,
ocd-person/18af5645-53f2-4571-b24d-3173abf2b567,Jeff Sorrells,AL,R,lower,87,1.089,0.2278,2022,matched,,,0.2278,
ocd-person/48d9f4e1-ec8b-4353-9207-a70db34449a9,Jennifer Fidler,AL,R,lower,94,1.1,0.225,2022,matched,,,0.225,
ocd-person/15372a5d-6a78-40f2-aebf-fd7692c41cb0,Jeremy Gray,AL,D,lower,83,-0.306,0.5765,2022,matched,,,0.5765,
ocd-person/8394a967-dcf1-4901-a8d5-9ca120da382e,Jerry Starnes,AL,R,lower,88,0.88,0.28,2022,matched,,,0.28,
ocd-person/0d7f5989-df17-4c90-8267-4914f5598712,Jim Carns,AL,R,lower,48,1.053,0.2368,2022,matched,,,0.2368,
ocd-person/1fda4118-bfb1-4ffa-b71a-a9d131feec6b,Jim Hill,AL,R,lower,50,1.136,0.216,2022,matched,,,0.216,
ocd-person/972dcfd0-f2a2-438b-b5de-276ceb398a91,Joe Lovvorn,AL,R,lower,79,1.114,0.2215,2022,matched,,,0.2215,
ocd-person/51b33504-a943-4091-a3bd-f0b8feb124be,Josh Carnley,AL,R,upper,31,1.074,0.2315,2022,matched,,,0.2315,
ocd-person/73cebf90-bf5a-444a-857e-b5bbddc374bf,Juandalynn Givan,AL,D,lower,60,0.122,0.4695,2022,matched,,,0.4695,
ocd-person/1fcc4f8d-90c5-4e7c-aa4c-3b58a3a87ba5,Kay Ivey,AL,R,executive,,,,,unmatched,,,,
ocd-person/e259674a-2a78-4423-b8d0-3d759ee90912,Keith Kelley,AL,R,upper,12,1.08,0.23,2022,matched,,,0.23,
ocd-person/441922a8-63c1-498b-9de5-f5ee85d9dcf3,Kelvin Datcher,AL,D,lower,52,,,,unmatched,,,,
ocd-person/0e1643ee-370a-499d-80df-96116d63c216,Kelvin Lawrence,AL,D,lower,69,-0.298,0.5745,2022,matched,,,0.5745,
ocd-person/ab6d4114-8d0a-4439-934b-10197234473c,Kenneth Paschal,AL,R,lower,73,1.087,0.2283,2022,matched,,,0.2283,
ocd-person/63c5bc01-757d-474a-9c75-286da0076e3e,Kenyatté Hassell,AL,D,lower,78,0.11,0.4725,2022,matched,,,0.4725,
ocd-person/e0a28b79-3df1-491b-af90-4c0414ba72c8,Kirk Hatcher,AL,D,upper,26,-0.288,0.572,2022,matched,,,0.572,
ocd-person/730c7d27-9f0a-4a8b-839b-8de86f6b012e,Kristin Nelson,AL,R,lower,38,-2.909,1.0,2022,matched,,,1.0,
ocd-person/889eac7b-10b6-4f00-9bd6-e93a93d93211,Lance Bell,AL,R,upper,11,1.061,0.2348,2022,matched,,,0.2348,
ocd-person/abc69c3a-3f86-4880-a1ea-a2a52677b877,Larry Stutts,AL,R,upper,6,1.069,0.2328,2022,matched,,,0.2328,
ocd-person/9314859d-000f-447c-9aa7-4993b13e8010,Laura Hall,AL,D,lower,19,-0.17,0.5425,2022,matched,,,0.5425,
ocd-person/f2489dbf-ac57-427f-8200-4cf6e6610980,Leigh Hulsey,AL,R,lower,15,1.081,0.2298,2022,matched,,,0.2298,
ocd-person/8ffbb88c-c323-436f-aab0-91a41bf6c8dd,Linda Coleman-Madison,AL,D,upper,20,,,,unmatched,,,,
ocd-person/5071243c-3e2d-4acb-ac8d-0d3a8af3eb8a,Mack Butler,AL,R,lower,28,1.122,0.2195,2022,matched,,,0.2195,
ocd-person/723a971e-91d9-4717-8f19-45f16e18690f,Marcus Paramore,AL,R,lower,89,1.08,0.23,2022,matched,,,0.23,
ocd-person/050e1a72-402d-46ae-a9c3-1c5dff003ee6,Margie Wilcox,AL,R,lower,104,1.087,0.2283,2022,matched,,,0.2283,
ocd-person/eb947430-2674-4158-8290-0d973c59e834,Marilyn Lands,AL,D,lower,10,-0.674,0.6685,2022,matched,,,0.6685,
ocd-person/97514731-a41d-4328-841f-afdcaac1c6e2,Mark Gidley,AL,R,lower,29,1.223,0.1942,2022,matched,,,0.1942,
ocd-person/41debaee-f705-453d-a46f-3e8282b8a4b0,Mark Shirey,AL,R,lower,100,1.053,0.2368,2022,matched,,,0.2368,
ocd-person/63c58557-7c03-41f5-934a-866daed33ec8,Mary Moore,AL,D,lower,59,-0.351,0.5877,2022,matched,,,0.5877,
ocd-person/52046189-0464-4140-9cdf-b6c66312d49d,Matt Simpson,AL,R,lower,96,0.573,0.3568,2022,matched,,,0.3568,
ocd-person/e6c4edb0-48af-4db8-aa0a-57570f0aef1e,Matt Woods,AL,R,upper,5,,,,unmatched,,,,
ocd-person/ff14c161-755d-44c8-a1e5-c2e3930a5317,Matthew Hammett,AL,R,lower,92,0.836,0.291,2022,matched,,,0.291,
ocd-person/764f926b-598f-458e-84c4-5cc13c2302e5,Merika Coleman,AL,D,upper,19,-0.238,0.5595,2022,matched,,,0.5595,
ocd-person/c2e0fa74-36df-4d34-8203-962c546442fa,Mike Kirkland,AL,R,lower,23,0.881,0.2797,2022,matched,,,0.2797,
ocd-person/cff09a3a-b81e-433d-80f5-45f6472f4642,Mike Shaw,AL,R,lower,47,1.105,0.2238,2022,matched,,,0.2238,
ocd-person/947c7906-7825-442f-9241-d777b9bbe999,Napoleon Bracy,AL,D,lower,98,0.113,0.4718,2022,matched,,,0.4718,
ocd-person/097b764f-5d8c-462e-a962-3330c50721a4,Nathaniel Ledbetter,AL,R,lower,24,-0.224,0.556,2022,matched,,,0.556,
ocd-person/dc6e41ae-d1b3-47c7-b225-1d5ec88a9fdc,Neil Rafferty,AL,D,lower,54,-0.568,0.642,2022,matched,,,0.642,
ocd-person/3a86c192-f9b1-4b58-9f5b-2119d1fe4e0d,Norman Crow,AL,R,lower,63,,,,unmatched,,,,
ocd-person/a86c6f40-304e-49fd-a312-3aa30660fcdf,Ontario Tillman,AL,D,lower,56,0.213,0.4467,2022,matched,,,0.4467,
ocd-person/95e63d6f-1815-4364-8817-0d26e360013f,Parker Moore,AL,R,lower,4,1.059,0.2353,2022,matched,,,0.2353,
ocd-person/19244bfa-5953-4304-8955-cc58d0c5d16d,Patrick Sellers,AL,D,lower,57,0.219,0.4452,2022,matched,,,0.4452,
ocd-person/37a5dfa8-e69f-4567-b8c0-3ea35a69f181,Paul Lee,AL,R,lower,86,1.089,0.2278,2022,matched,,,0.2278,
ocd-person/7c93c20f-6b0b-4743-8118-3cb4e9194c26,Pebblin Warren,AL,D,lower,82,-0.152,0.538,2022,matched,,,0.538,
ocd-person/c4b563a3-2b20-4c2d-8f54-2b7ed6a3af3f,Penni McClammy,AL,D,lower,76,-0.186,0.5465,2022,matched,,,0.5465,
ocd-person/397cb6b4-54fe-42e2-9135-7b440d925649,Phillip Ensler,AL,D,lower,74,-0.648,0.662,2022,matched,,,0.662,
ocd-person/a84a3fe8-5444-4db3-9f64-06ea0cba0e90,Phillip Pettus,AL,R,lower,1,1.075,0.2313,2022,matched,,,0.2313,
ocd-person/78f07b0c-9939-4e03-81f8-f851511a46cb,Phillip Rigsby,AL,R,lower,25,1.059,0.2353,2022,matched,,,0.2353,
ocd-person/b1e60061-fb98-4c20-8532-b734d08cdbc3,Prince Chestnut,AL,D,lower,67,-0.374,0.5935,2022,matched,,,0.5935,
ocd-person/040b7935-b32a-4d6d-9fa4-ec86e5ffd303,Randy Price,AL,R,upper,13,1.07,0.2325,2022,matched,,,0.2325,
ocd-person/451a4cb7-3585-46d3-86c7-61b345f7a601,Randy Wood,AL,R,lower,36,1.123,0.2193,2022,matched,,,0.2193,
ocd-person/bd08d7a5-b1f3-484f-80c1-bddf2d636413,Reed Ingram,AL,R,lower,75,1.094,0.2265,2022,matched,,,0.2265,
ocd-person/e95b6e20-1207-4cdc-9875-15d14bfd72d2,Rex Reynolds,AL,R,lower,21,1.071,0.2323,2022,matched,,,0.2323,
ocd-person/d9d5a3a8-71f6-4c2e-8805-3fa715b315f4,Rhett Marques,AL,R,lower,91,1.079,0.2303,2022,matched,,,0.2303,
ocd-person/31629cc7-81e6-4422-9aa3-89e6b9073259,Rick Rehm,AL,R,lower,85,1.205,0.1987,2022,matched,,,0.1987,
ocd-person/7e00e45e-24bf-4939-83b8-a56a90e3ea61,Ritchie Whorton,AL,R,lower,22,1.104,0.224,2022,matched,,,0.224,
ocd-person/cd2d1a70-0bb3-49b3-871c-9e227392653d,Rob Stewart,AL,D,upper,23,0.318,0.4205,2022,matched,,,0.4205,
ocd-person/3b925820-55f7-4d24-b4df-d924fd3d1bf7,Rodger Smitherman,AL,D,upper,18,-0.037,0.5092,2022,matched,,,0.5092,
ocd-person/721421f8-e118-4163-bae9-72f3662696e9,Rolanda Hollis,AL,D,lower,58,0.202,0.4495,2022,matched,,,0.4495,
ocd-person/b94526a8-1564-43f5-ad38-98b795e95f02,Ron Bolton,AL,R,lower,61,0.834,0.2915,2022,matched,,,0.2915,
ocd-person/af4e689f-d9f8-4a90-a883-1ed68e476aa9,Russell Bedsole,AL,R,lower,49,0.846,0.2885,2022,matched,,,0.2885,
ocd-person/21753744-c2a0-45d4-90f8-3d4082c794d4,Sam Givhan,AL,R,upper,7,1.081,0.2298,2022,matched,,,0.2298,
ocd-person/1c825e04-ad1e-4009-a8d8-157abc001f3e,Sam Jones,AL,D,lower,99,-0.324,0.581,2022,matched,,,0.581,
ocd-person/9877dd5b-c3ee-459f-bb8d-d9d954ae343c,Scott Stadthagen,AL,R,lower,9,0.683,0.3292,2022,matched,,,0.3292,
ocd-person/6a24df4b-b8e2-449a-8f18-d12d15f2bc5b,Shane Stringer,AL,R,lower,102,1.066,0.2335,2022,matched,,,0.2335,
ocd-person/9487b441-352c-43be-a2bb-8abc45e20671,Shay Shelnutt,AL,R,upper,17,1.073,0.2318,2022,matched,,,0.2318,
ocd-person/6b191fda-698d-4061-8396-fef9771847ee,Steve Clouse,AL,R,lower,93,1.09,0.2275,2022,matched,,,0.2275,
ocd-person/4f0a4d5d-b27a-4f33-b394-f27d306f8a42,Steve Hurst,AL,R,lower,35,-0.048,0.512,2022,matched,,,0.512,
ocd-person/dd765598-9bed-4301-9f49-7e06fffd7fce,Steve Livingston,AL,R,upper,8,1.118,0.2205,2022,matched,,,0.2205,
ocd-person/3636b6ed-56b0-44bb-97b8-dee266b6d9c8,Steve Marshall,AL,R,executive,,,,,unmatched,,,,
ocd-person/e6931735-4601-485b-b62d-c88b01a5c93a,Steve Marshall,AL,R,executive,,,,,unmatched,,,,
ocd-person/03612130-d61e-43dd-9768-ddca8f27d4ea,Susan DuBose,AL,R,lower,45,1.093,0.2268,2022,matched,,,0.2268,
ocd-person/2ba6dc9a-31db-4371-9d69-7fa000e7a08a,TaShina Morris,AL,D,lower,77,0.265,0.4337,2018,matched,,,0.4337,
ocd-person/902f0f81-a34c-4714-a3eb-bf563abbea96,Terri Collins,AL,R,lower,8,1.168,0.208,2022,matched,,,0.208,
ocd-person/3d737a2a-6fdf-4939-838d-4f035a647e23,Thomas Jackson,AL,D,lower,68,-0.259,0.5647,2022,matched,,,0.5647,
ocd-person/2f934a90-dc27-4289-b571-36e80ea4384b,Tim Melson,AL,R,upper,1,1.108,0.223,2022,matched,,,0.223,
ocd-person/04f7bd8e-094b-433c-9e91-7ebe64c75604,Tim Wadsworth,AL,R,lower,14,0.525,0.3688,2022,matched,,,0.3688,
ocd-person/32e10f9c-d38c-472f-8fb0-03450c4b538a,Tom Butler,AL,R,upper,2,0.025,0.4938,2022,matched,,,0.4938,
ocd-person/25308613-cda5-4e1c-aef7-821ada580575,Tracy Estes,AL,R,lower,17,0.744,0.314,2022,matched,,,0.314,
ocd-person/03ab8e26-365c-4dab-8e49-df2a8b7613f8,Travis Hendrix,AL,D,lower,55,-1.753,0.9383,2022,matched,,,0.9383,
ocd-person/82715f9c-12a1-4e99-8020-a47b37dfa92b,Troy Stubbs,AL,R,lower,31,0.7,0.325,2022,matched,,,0.325,
ocd-person/2e9b60b3-d931-412e-a9f6-803aa7c7b085,Van Smith,AL,R,lower,42,0.957,0.2608,2022,matched,,,0.2608,
ocd-person/63d0a35f-ec68-48e2-be94-d5e3cb60b3c3,Vivian Figures,AL,D,upper,33,-0.156,0.539,2022,matched,,,0.539,
ocd-person/f8daba65-dcf6-43b4-8c38-8b02b5b59db7,Wes Allen,AL,R,executive,,,,,unmatched,,,,
ocd-person/3f143edf-eac6-4bee-89b3-c5ac0b0b856e,Wes Kitchens,AL,R,upper,9,,,,unmatched,,,,
ocd-person/cb01dcb8-b382-48af-a781-d4019eb3dfa6,Will Ainsworth,AL,R,executive,,,,,unmatched,,,,
ocd-person/8cca1495-936e-4ac5-920a-cc4aa22e495e,Will Barfoot,AL,R,upper,25,1.09,0.2275,2022,matched,,,0.2275,
ocd-person/7a749447-b86f-4788-ab1f-235b8f7a0097,Young Boozer,AL,R,executive,,,,,unmatched,,,,
ocd-person/2a1a6b8f-1f9c-4a1b-9059-7b2f8cc93ed9,Alyse Galvin,AK,I,lower,14,-0.985,0.7462,2022,matched,,,0.7462,
ocd-person/7db414a5-dd7e-48a9-aba2-9c0204f93a5c,Andi Story,AK,D,lower,3,-0.699,0.6747,2022,matched,,,0.6747,
ocd-person/822df52b-f962-478d-8bf5-3bbe3c9dd811,Andrew Gray,AK,D,lower,20,-0.785,0.6963,2022,matched,,,0.6963,
ocd-person/e1989648-fdd3-4e88-a0f0-9e27e75c0f03,Andy Josephson,AK,D,lower,13,-0.811,0.7027,2022,matched,,,0.7027,
ocd-person/1ac31dd3-6e42-43b1-91b0-4da4a1399543,Ashley Carrick,AK,D,lower,35,-0.709,0.6773,2022,matched,,,0.6773,
ocd-person/a160c8f2-f8a9-4429-9bc2-e14831545503,Becky Schwanke,AK,R,lower,36,,,,unmatched,,,,
ocd-person/bfdc2ee2-7760-4119-9d68-4962f1e1a285,Bert Stedman,AK,R,upper,A,0.537,0.3658,2022,matched,,,0.3658,
ocd-person/354dc869-cbaf-4298-89cd-c691c0f52a1e,Bill Elam,AK,R,lower,8,,,,unmatched,,,,
ocd-person/57554431-caac-4074-a8d8-40a4e6289ec1,Bill Wielechowski,AK,D,upper,K,-0.781,0.6953,2022,matched,,,0.6953,
ocd-person/b097e069-345d-42da-b821-0c2c9747ccfc,Bryce Edgmon,AK,I,lower,37,-0.097,0.5242,2022,matched,,,0.5242,
ocd-person/8ed150a0-45be-4844-abe5-d921c9f5a435,Calvin Schrage,AK,I,lower,12,-0.884,0.721,2022,matched,,,0.721,
ocd-person/c9bf1b47-3ed8-49e8-9535-2a7094c52d1a,Carolyn Hall,AK,D,lower,16,,,,unmatched,,,,
ocd-person/4ac9a4bf-e2d9-4257-a360-9e91dc234deb,Cathy Giessel,AK,R,upper,E,0.936,0.266,2022,matched,,,0.266,
ocd-person/f1816065-31d1-4757-b8b9-714e15daeccf,Cathy Tilton,AK,R,upper,M,,,,unmatched,,,,
ocd-person/7474d172-6c90-47f9-aae1-9f66c9518be2,Chuck Kopp,AK,R,lower,10,1.006,0.2485,2020,matched,,,0.2485,
ocd-person/7dcdf7b8-530a-4b81-85b6-745af9224eb1,Dan Saddler,AK,R,lower,24,1.023,0.2443,2022,matched,,,0.2443,
ocd-person/e1a32811-98f9-484f-8d4b-12df7eab4183,David Nelson,AK,R,lower,18,1.092,0.227,2022,matched,,,0.227,
ocd-person/d7d4a21d-942e-46f7-92b6-237f1741b025,DeLena Johnson,AK,R,lower,25,1.054,0.2365,2022,matched,,,0.2365,
ocd-person/fbe52f5e-1dd2-4d44-9205-b2ebbbe39eee,Donna Mears,AK,D,lower,21,-0.892,0.723,2022,matched,,,0.723,
ocd-person/cd3ca264-553d-4e21-a993-e3f5097b1b77,Donny Olson,AK,D,upper,T,-0.586,0.6465,2020,matched,,,0.6465,
ocd-person/6e6762ad-37ca-4166-982c-75aab9701d0c,Elexie Moore,AK,R,lower,28,,,,unmatched,,,,
ocd-person/2ba2d14f-a08a-4f05-a9d4-5ca63d09561e,Elvi Gray-Jackson,AK,D,upper,G,,,,unmatched,,,,
ocd-person/4511370e-1ac8-4135-a622-d5b533faeb43,Forrest Dunbar,AK,D,upper,J,-1.108,0.777,2022,matched,,,0.777,
ocd-person/498eadb3-9999-4055-9358-84ccfe64f788,Frank Tomaszewski,AK,R,lower,34,1.093,0.2268,2022,matched,,,0.2268,
ocd-person/abb33c56-f4ba-4c95-938e-658677368ca4,Garret Nelson,AK,R,lower,29,1.092,0.227,2022,matched,,,0.227,
ocd-person/f5c83068-a809-4f57-8b77-1e77c87ee93b,Gary Stevens,AK,R,upper,C,0.456,0.386,2022,matched,,,0.386,
ocd-person/a1adb2e5-3c63-4032-81e8-9e787976ca63,Genevieve Mina,AK,D,lower,19,-0.761,0.6903,2022,matched,,,0.6903,
ocd-person/627922d3-e631-4c32-841f-148f061b0c75,George Rauscher,AK,R,upper,O,,,,unmatched,,,,
ocd-person/f6cd7b64-a3f3-44ec-89a1-68c17fa6d4c9,James Kaufman,AK,R,upper,F,1.07,0.2325,2022,matched,,,0.2325,
ocd-person/9d56634b-f2d0-43fe-b20e-ed2465b0ad9c,Jamie Allard,AK,R,lower,23,1.083,0.2293,2022,matched,,,0.2293,
ocd-person/b2eaa848-d651-4521-9abb-21b68da5d5c6,Jeremy Bynum,AK,R,lower,1,1.569,0.1078,2022,matched,,,0.1078,
ocd-person/e14b5980-9a38-4420-8903-70738802edf6,Jesse Bjorkman,AK,R,upper,D,0.477,0.3808,2022,matched,,,0.3808,
ocd-person/1ae3974e-660d-4526-b351-fff9b689b51a,Jesse Kiehl,AK,D,upper,B,-0.763,0.6907,2022,matched,,,0.6907,
ocd-person/a5fc1d39-03f4-427f-9266-8baf789b6ac6,Jubilee Underwood,AK,R,lower,27,,,,unmatched,,,,
ocd-person/a66f1539-56d3-458c-8ac0-3aff6907a69d,Julie Coulombe,AK,R,lower,11,1.384,0.154,2022,matched,,,0.154,
ocd-person/722ec3e9-7e0d-4dda-bf19-11d873df7031,Justin Ruffridge,AK,R,lower,7,0.436,0.391,2022,matched,,,0.391,
ocd-person/ddad148b-d8ed-4eff-826d-3861709eb500,Kelly Merrick,AK,R,upper,L,1.035,0.2413,2022,matched,,,0.2413,
ocd-person/0160c6d2-4090-4143-8e23-f8501501bdd0,Kevin McCabe,AK,R,lower,30,1.442,0.1395,2022,matched,,,0.1395,
ocd-person/a669e6fd-ba4c-42db-b2e8-079600a60f58,Ky Holland,AK,I,lower,9,,,,unmatched,,,,
ocd-person/2d74c456-7818-42bc-a284-63026fbbfc56,Louise Stutes,AK,R,lower,5,1.06,0.235,2022,matched,,,0.235,
ocd-person/e187d603-9202-4f64-80b0-6366702aec11,Lyman Hoffman,AK,D,upper,S,-0.439,0.6098,2022,matched,,,0.6098,
ocd-person/c66c309d-1612-4eab-863c-59e34b643e2c,Löki Tobin,AK,D,upper,I,-0.735,0.6837,2022,matched,,,0.6837,
ocd-person/0b2d5ec3-c1b2-4b09-8444-144c92125cc4,Matt Claman,AK,D,upper,H,-0.775,0.6937,2022,matched,,,0.6937,
ocd-person/5ef3ef20-0fd1-41a3-be56-7844d169bba8,Maxine Dibert,AK,D,lower,31,-0.896,0.724,2022,matched,,,0.724,
ocd-person/aea19844-4572-4086-9462-e50ad3ff4b76,Mia Costello,AK,R,lower,15,,,,unmatched,,,,
ocd-person/c50de9c3-90a3-4c6d-9003-50e12c6c5246,Mike Cronk,AK,R,upper,R,,,,unmatched,,,,
ocd-person/80f0f5f8-976d-427b-b980-ce3a23a23e84,Mike Dunleavy,AK,R,executive,,,,,unmatched,,,,
ocd-person/3f4670ef-c5b7-4a5b-bd91-9f8605a0affa,Mike Prax,AK,R,lower,33,0.833,0.2918,2020,matched,,,0.2918,
ocd-person/6b940121-937e-47ba-916a-626b67fe54f4,Nancy Dahlstrom,AK,R,executive,,,,,unmatched,,,,
ocd-person/14f39e67-1604-4eb4-8000-99c699f196a0,Neal Foster,AK,D,lower,39,-0.604,0.651,2022,matched,,,0.651,
ocd-person/1454451c-f821-4b6d-903e-07bef45ab0de,Nellie Jimmie,AK,D,lower,38,,,,unmatched,,,,
ocd-person/5637be3f-7a59-48cc-8f8a-ad7a8bac8ee9,Rebecca Himschoot,AK,I,lower,2,-0.953,0.7382,2022,matched,,,0.7382,
ocd-person/82334f7b-8119-4494-bf3e-a7ddb09536bd,Rob Yundt,AK,R,upper,N,,,,unmatched,,,,
ocd-person/697cb834-6aa1-44f1-9c6e-9cf57ad30774,Robert Myers,AK,R,upper,Q,1.095,0.2263,2022,matched,,,0.2263,
ocd-person/c3b004d2-d62a-45de-a212-382396a20b59,Robyn Frier,AK,D,lower,40,,,,unmatched,,,,
ocd-person/6cec7228-ed13-47f6-b896-59f927789f6d,Sara Hannan,AK,D,lower,4,-0.714,0.6785,2022,matched,,,0.6785,
ocd-person/e8756722-e9e9-4246-95e3-13019cb3bd50,Sarah Vance,AK,R,lower,6,1.104,0.224,2022,matched,,,0.224,
ocd-person/53f7b86b-ce31-4199-86ef-f566ae9aa02c,Scott Kawasaki,AK,D,upper,P,-0.748,0.687,2022,matched,,,0.687,
ocd-person/671acdf5-e1ec-4259-ba3d-19d1df9a146e,Stephen Cox,AK,R,executive,,,,,unmatched,,,,
ocd-person/6692f2e6-2ad5-4b9c-a3f5-a0243c087064,Steve St. Clair,AK,R,lower,26,,,,unmatched,,,,
ocd-person/132c5970-0ed3-4a8c-baa9-2917196daedb,Ted Eischeid,AK,D,lower,22,-0.831,0.7077,2022,matched,,,0.7077,
ocd-person/ede005ce-9d29-4b8e-8b24-b2136d05edf6,Will Stapp,AK,R,lower,32,1.312,0.172,2022,matched,,,0.172,
ocd-person/c1d170a4-d099-43cb-b7e5-5a9db63ae716,Zack Fields,AK,D,lower,17,-0.739,0.6847,2022,matched,,,0.6847,
ocd-person/c6a181c7-b58e-4c2a-aa2d-9ca31fc6548f,Aaron Marquez,AZ,D,lower,5,,,,unmatched,,,,
ocd-person/45ff1caf-0d6b-4915-9e34-5f4694907a07,Adrian Fontes,AZ,D,executive,,,,,unmatched,,,,
ocd-person/102ffcb1-3028-401f-b74f-6f45db25e05e,Alex Kolodin,AZ,R,lower,3,1.099,0.2253,2022,matched,,,0.2253,
ocd-person/6dba6afa-b274-4273-b8c6-270d27214eee,Alma Hernández,AZ,D,lower,20,,,,unmatched,,,,
ocd-person/87e6206a-c16e-4038-a86f-0d5c88b993e3,Analise Ortiz,AZ,D,upper,24,,,,unmatched,,,,
ocd-person/2e9c0206-d392-48a3-a599-7f6d226527b7,Anna Abeytia,AZ,D,lower,24,-1.156,0.789,2022,matched,,,0.789,
ocd-person/81d12f3a-b635-4111-be8d-a71d2f7565f2,Betty Villegas,AZ,D,lower,20,,,,unmatched,,,,
ocd-person/77be0e97-4c93-4332-a9f9-9348560fdf98,Beverly Pingerelli,AZ,R,lower,28,1.095,0.2263,2022,matched,,,0.2263,
ocd-person/5425612b-fb2c-4857-8f75-31523345eb2b,Brian Fernandez,AZ,D,upper,23,-0.817,0.7043,2022,matched,,,0.7043,
ocd-person/c13f449f-0423-4ad5-836b-69913aad6600,Brian Garcia,AZ,D,lower,8,-1.126,0.7815,2020,matched,,,0.7815,
ocd-person/051cb7cf-e965-49a7-844a-a8830447df0c,Carine Werner,AZ,R,upper,4,,,,unmatched,,,,
ocd-person/6241112b-910b-4ad8-9c0d-9caad318874f,Catherine Miranda,AZ,D,upper,11,0.786,0.3035,2022,matched,,,0.3035,
ocd-person/b1da595a-8c97-42f8-ae58-694c17efa3f3,Cesar Aguilar,AZ,D,lower,26,-1.193,0.7983,2022,matched,,,0.7983,
ocd-person/9128a4e7-1464-483c-8642-0d878da05619,Chris Lopez,AZ,R,lower,16,,,,unmatched,,,,
ocd-person/b2ed48a3-b9ae-42be-a2c8-22a47477acfd,Chris Mathis,AZ,D,lower,18,-0.769,0.6923,2022,matched,,,0.6923,
ocd-person/367990a3-3e02-455b-97b3-6b8dc34d9bbf,Cody Reim,AZ,R,lower,3,,,,unmatched,,,,
ocd-person/0a4e4b0a-a16e-475b-8aa1-75088657d8c1,Consuelo Hernandez,AZ,D,lower,21,-0.724,0.681,2022,matched,,,0.681,
ocd-person/263ebe9c-566a-4b5c-bfbc-ea1f1d0dc3f2,Dave Farnsworth,AZ,R,upper,10,1.265,0.1838,2022,matched,,,0.1838,
ocd-person/51520de4-0e87-475b-91d2-99aa18addf72,David Gowan,AZ,R,upper,19,1.011,0.2473,2022,matched,,,0.2473,
ocd-person/6e8f2c0d-c9d3-4cb5-ae59-5264cb6d61a7,David Livingston,AZ,R,lower,28,1.03,0.2425,2022,matched,,,0.2425,
ocd-person/93db82ca-c8b1-43e4-98ce-ba52f4d0f635,Elda Luna-Nájera,AZ,D,lower,22,,,,unmatched,,,,
ocd-person/e1cd66fa-a0de-45fd-ae53-a4db7d178d21,Eva Diaz,AZ,D,upper,22,-1.119,0.7797,2022,matched,,,0.7797,
ocd-person/36cc8d88-e944-4889-b8ab-cf5610f3f03e,Flavio Bravo,AZ,D,upper,26,,,,unmatched,,,,
ocd-person/faca0001-6681-450b-9577-6185f4f49a3d,Frank Carroll,AZ,R,upper,28,1.078,0.2305,2022,matched,,,0.2305,
ocd-person/1e39adcf-868d-4722-a07b-09fcd36ad9ed,Gail Griffin,AZ,R,lower,19,1.034,0.2415,2022,matched,,,0.2415,
ocd-person/a739b3e9-8161-4b10-b007-3d1e90de791f,Hildy Angius,AZ,R,upper,30,,,,unmatched,,,,
ocd-person/06adeea1-c37c-4dd1-8be5-92e9b5d3556e,J.D. Mesnard,AZ,R,upper,13,1.127,0.2182,2022,matched,,,0.2182,
ocd-person/35f7056c-9f29-4b66-9ae0-f041fe6e7e05,Jake Hoffman,AZ,R,upper,15,1.139,0.2152,2022,matched,,,0.2152,
ocd-person/70f55f83-fed8-497f-86a9-94b6d428b9b4,James Taylor,AZ,R,lower,29,,,,unmatched,,,,
ocd-person/c94f542a-52e0-4831-8479-02793a97ccd9,Janae Shamp,AZ,R,upper,29,1.074,0.2315,2022,matched,,,0.2315,
ocd-person/acfd8972-7a82-41f3-9fd7-0993cfa7365c,Janeen Connolly,AZ,D,lower,8,,,,unmatched,,,,
ocd-person/de8a5959-6572-44a9-bea5-ed73c27dd0ce,Jeff Weninger,AZ,R,lower,13,1.022,0.2445,2020,matched,,,0.2445,
ocd-person/fd68e4c2-0463-477c-81ea-e2e36273e12b,John Gillette,AZ,R,lower,30,1.455,0.1362,2022,matched,,,0.1362,
ocd-person/b6144266-5383-491f-8c87-df8fd11805ea,John Kavanagh,AZ,R,upper,3,1.09,0.2275,2022,matched,,,0.2275,
ocd-person/d19ab410-5bc3-4160-b279-765e25d959ab,Julie Willoughby,AZ,R,lower,13,1.065,0.2338,2022,matched,,,0.2338,
ocd-person/94895484-6eda-42d7-823b-a4eab17071e8,Junelle Cavero,AZ,D,lower,11,,,,unmatched,,,,
ocd-person/448cb969-a498-4826-ad1e-c443fe9b8057,Justin Olson,AZ,R,lower,10,,,,unmatched,,,,
ocd-person/2706e746-45b7-4586-8d06-8b80e99d3869,Justin Wilmeth,AZ,R,lower,2,1.095,0.2263,2022,matched,,,0.2263,
ocd-person/6e522a2a-e7b7-4713-a40f-c897e4341a87,Katie Hobbs,AZ,D,executive,,,,,unmatched,,,,
ocd-person/4b336587-cb71-4a49-9cf8-514cdd2771ff,Kevin Payne,AZ,R,upper,27,,,,unmatched,,,,
ocd-person/183af2d0-dd61-476d-873f-305ae591968f,Kevin Volk,AZ,D,lower,17,,,,unmatched,,,,
ocd-person/bd3fb0ce-720a-4137-bd45-87fb6bcf8649,Khyl Powell,AZ,R,lower,14,,,,unmatched,,,,
ocd-person/78fce9ac-3aa4-484f-b345-f55bbbf9db9b,Kiana Sears,AZ,D,upper,9,,,,unmatched,,,,
ocd-person/a94ae259-7b2d-4756-9c9b-d9fc778e6c1f,Kris Mayes,AZ,D,executive,,,,,unmatched,,,,
ocd-person/159091af-9aa8-4cb8-8c9c-9e20ba83c0ed,Lauren Kuby,AZ,D,upper,8,,,,unmatched,,,,
ocd-person/45d0b998-57ed-4c6f-ae22-bdbc4262f3e3,Laurin Hendrix,AZ,R,lower,14,1.016,0.246,2022,matched,,,0.246,
ocd-person/030638cb-5fcd-4637-8c59-c129e28db988,Lela Alston,AZ,D,upper,5,-0.072,0.518,2022,matched,,,0.518,
ocd-person/433aab5d-35be-48cc-80a9-f468d5279022,Leo Biasiucci,AZ,R,lower,30,0.992,0.252,2022,matched,,,0.252,
ocd-person/981d0aee-d239-4acc-9da8-1332481e57ee,Lisa Fink,AZ,R,lower,27,,,,unmatched,,,,
ocd-person/90a36fec-df56-4f22-bf16-790866d5b227,Lorena Austin,AZ,D,lower,9,-0.964,0.741,2022,matched,,,0.741,
ocd-person/095a6754-d7ca-4f1f-b562-974d92e7eb3c,Lupe Contreras,AZ,D,lower,22,-0.926,0.7315,2022,matched,,,0.7315,
ocd-person/bc52f516-a13b-4490-a12c-7b98fa3969e5,Lupe Diaz,AZ,R,lower,19,1.034,0.2415,2022,matched,,,0.2415,
ocd-person/7a33e2bd-8394-45d9-967b-0c39430ff39b,Lydia Hernandez,AZ,D,lower,24,-0.724,0.681,2022,matched,,,0.681,
ocd-person/bcc217f5-fe08-4213-b8a5-78d1e4d64184,Mae Peshlakai,AZ,D,lower,6,,,,unmatched,,,,
ocd-person/3b6fa6b2-0a60-4f2e-9fd8-0882b04d9e0b,Mariana Sandoval,AZ,D,lower,23,-0.893,0.7232,2022,matched,,,0.7232,
ocd-person/77415ae8-cbbc-4f67-ac01-3f749d44ff08,Mark Finchem,AZ,R,upper,1,,,,unmatched,,,,
ocd-person/bfb503ce-dcb1-444b-9484-8a90e73c6a6f,Matt Gress,AZ,R,lower,4,1.058,0.2355,2022,matched,,,0.2355,
ocd-person/8db06598-a7e1-4b25-9e76-6a2be0d9eae3,Michael Carbone,AZ,R,lower,25,1.421,0.1447,2022,matched,,,0.1447,
ocd-person/555adc5f-cc3a-46b1-a00b-8fb209bc457e,Michael Way,AZ,R,lower,15,,,,unmatched,,,,
ocd-person/68c38dfc-a12b-4c51-8b70-c4e02931cddf,Michele Peña,AZ,R,lower,23,,,,unmatched,,,,
ocd-person/f0175b18-52a0-407d-af38-c1fe118e209d,Mitzi Epstein,AZ,D,upper,12,-0.799,0.6997,2022,matched,,,0.6997,
ocd-person/a437a3ce-e3ba-44ec-af75-3308e70f5a87,Myron Tsosie,AZ,D,lower,6,-0.711,0.6777,2020,matched,,,0.6777,
ocd-person/f9216229-6490-412d-aa30-8baac5c2be3e,Nancy Gutierrez,AZ,D,lower,18,-0.851,0.7127,2022,matched,,,0.7127,
ocd-person/17f344ec-ffe3-46fe-ba7a-8efdc5fbf2fd,Neal Carter,AZ,R,lower,15,1.082,0.2295,2022,matched,,,0.2295,
ocd-person/8595d83f-1e95-4c0d-8c24-100a4a763a8f,Nick Kupper,AZ,R,lower,25,,,,unmatched,,,,
ocd-person/a4fabea6-f50e-4fe9-8696-8b4505a481e8,Oscar De Los Santos,AZ,D,lower,11,,,,unmatched,,,,
ocd-person/d78cb0f9-fd3c-472e-aeb8-716abd42f26e,Pamela Carter,AZ,R,lower,4,1.082,0.2295,2022,matched,,,0.2295,
ocd-person/61dc96d8-140a-4042-b832-ac51bf0796f3,Patty Contreras,AZ,D,lower,12,-0.926,0.7315,2022,matched,,,0.7315,
ocd-person/7ff01dde-5112-436f-a267-dd7a7f91ec9b,Priya Sundareshan,AZ,D,upper,18,-0.853,0.7132,2022,matched,,,0.7132,
ocd-person/a4f969ab-e79a-4364-9a93-ad8c75ccf668,Quang Nguyen,AZ,R,lower,1,1.048,0.238,2022,matched,,,0.238,
ocd-person/0fb2e73b-b140-4669-a9bd-b75facb342dd,Quantá Crews,AZ,D,lower,26,,,,unmatched,,,,
ocd-person/11b313a8-0f20-4d81-8060-4ec7e65f1a29,Rachel Keshel,AZ,R,lower,17,,,,unmatched,,,,
ocd-person/176a6d0b-88bb-45fa-bf37-b4610972b2ae,Ralph Heap,AZ,R,lower,10,1.441,0.1397,2022,matched,,,0.1397,
ocd-person/6de57177-1b9e-4864-bb87-97c528842030,Rosanna Gabaldón,AZ,D,upper,21,-0.686,0.6715,2022,matched,,,0.6715,
ocd-person/3c965e03-1e51-4f10-a037-4fb2f35292c5,Sally Gonzales,AZ,D,upper,20,-0.365,0.5913,2022,matched,,,0.5913,
ocd-person/99f91f84-b1db-4a48-897a-4f87593357ea,Sarah Liguori,AZ,D,lower,5,-0.59,0.6475,2022,matched,,,0.6475,
ocd-person/bdcadc0a-7e86-4e6a-8e27-4896dbb094ce,Selina Bliss,AZ,R,lower,1,0.995,0.2512,2022,matched,,,0.2512,
ocd-person/4b29d125-27ee-46c7-a6ac-ed870c1f10a7,Seth Blattman,AZ,D,lower,9,-0.946,0.7365,2022,matched,,,0.7365,
ocd-person/355be281-2f88-4108-b894-62c54b67fba3,Shawnna Bolick,AZ,R,upper,2,,,,unmatched,,,,
ocd-person/7bd58fc8-e6df-4091-86c6-c64f54b96c35,Stacey Travers,AZ,D,lower,12,-0.875,0.7188,2022,matched,,,0.7188,
ocd-person/bf406953-ad2b-43f7-95ea-3af060525c90,Stephanie Simacek,AZ,D,lower,2,,,,unmatched,,,,
ocd-person/df482d8a-1ed9-41ae-b4ba-d73d4cd9aa39,Stephanie Stahl Hamilton,AZ,D,lower,21,,,,unmatched,,,,
ocd-person/37f8815d-1672-42dd-9e9b-305449d7bb8b,Steve Montenegro,AZ,R,lower,29,1.247,0.1882,2022,matched,,,0.1882,
ocd-person/fa74a7b7-6413-4abb-813d-056b84252549,Sylvia Allen,AZ,R,lower,7,1.059,0.2353,2020,matched,,,0.2353,
ocd-person/bde26535-68ee-4eef-bbc8-bfa8a4380015,T.J. Shope,AZ,R,upper,16,1.026,0.2435,2022,matched,,,0.2435,
ocd-person/0fa874b7-acab-4f29-b800-56bd54f375fe,Teresa Martinez,AZ,R,lower,16,1.078,0.2305,2022,matched,,,0.2305,
ocd-person/384e8b4c-d85b-4414-9372-40116a10b3b6,Theresa Hatathlie,AZ,D,upper,6,-0.394,0.5985,2022,matched,,,0.5985,
ocd-person/0b8c9973-1ae5-4af3-8a73-713c8365eccd,Tim Dunn,AZ,R,upper,25,,,,unmatched,,,,
ocd-person/ec93f89c-d32f-4f34-bbe9-1aeb8305a065,Tony Rivero,AZ,R,lower,27,1.108,0.223,2020,matched,,,0.223,
ocd-person/00f9103d-191e-40ca-8f5c-e5bf806896a6,Vince Leach,AZ,R,upper,17,1.156,0.211,2022,matched,,,0.211,
ocd-person/d4068bfb-d487-4fde-b36e-7db0ac5cae38,Walt Blackman,AZ,R,lower,7,1.092,0.227,2020,matched,,,0.227,
ocd-person/66e496a4-a407-4af1-add3-ef6899b89807,Warren Petersen,AZ,R,upper,14,1.119,0.2203,2022,matched,,,0.2203,
ocd-person/417c9599-7617-4b6d-ac0a-1d1b2a005f4e,Wendy Rogers,AZ,R,upper,7,1.436,0.141,2022,matched,,,0.141,
ocd-person/7dff69f1-609b-4230-9937-b8bbc239f5b5,Aaron Pilkington,AR,R,lower,45,1.28,0.18,2022,matched,,,0.18,
ocd-person/6448d3df-2802-44a1-a142-7c3cc136d0a5,Alan Clark,AR,R,upper,7,1.088,0.228,2022,matched,,,0.228,
ocd-person/54b2621c-cc79-4a5b-95bf-d9113525624e,Alex Holladay,AR,D,lower,70,,,,unmatched,,,,
ocd-person/4dc31c5c-a5a5-417f-bbaa-d99442259b4f,Alyssa Brown,AR,R,lower,41,1.139,0.2152,2022,matched,,,0.2152,
ocd-person/5143965d-c539-411e-8a15-74ebbcbb7cd7,Andrew Collins,AR,D,lower,73,-0.534,0.6335,2022,matched,,,0.6335,
ocd-person/0e0e799b-70de-4472-b289-4a0c2aba3a26,Ashley Hudson,AR,D,lower,75,-0.759,0.6897,2022,matched,,,0.6897,
ocd-person/30ea7268-a48a-424e-aadf-007b61874985,Austin McCollum,AR,R,lower,8,1.119,0.2203,2022,matched,,,0.2203,
ocd-person/0dee8795-58dd-48a8-980e-044d8d2ac646,Bart Hester,AR,R,upper,33,1.072,0.232,2022,matched,,,0.232,
ocd-person/4f5cafe6-850c-42b3-8a75-cd13c8871baf,Bart Schulz,AR,R,lower,28,,,,unmatched,,,,
ocd-person/821d4077-0022-48a9-86b1-eb4d3bdef2e7,Ben Gilmore,AR,R,upper,1,1.129,0.2177,2022,matched,,,0.2177,
ocd-person/6bbe436a-67bc-4003-80eb-1ce79c52413f,Blake Johnson,AR,R,upper,21,1.127,0.2182,2022,matched,,,0.2182,
ocd-person/d1286114-790d-404b-ac09-ef86b7fa6556,Brad Hall,AR,R,lower,24,,,,unmatched,,,,
ocd-person/24a8e487-fca2-4d84-999c-4877ab721136,Brad Simon,AR,R,upper,26,,,,unmatched,,,,
ocd-person/9bce7e7f-cd90-4b10-a557-c37d82923be2,Brandon Achor,AR,R,lower,71,0.974,0.2565,2022,matched,,,0.2565,
ocd-person/2eebf3d3-1e64-4c5b-b5fc-62924bc324fd,Breanne Davis,AR,R,upper,25,1.059,0.2353,2022,matched,,,0.2353,
ocd-person/a1614a7c-f5f0-4fe1-a2b1-c8390e4bf106,Brian Evans,AR,R,lower,68,1.093,0.2268,2022,matched,,,0.2268,
ocd-person/0fc23ae8-f37f-4684-b8f5-083c8e36e19d,Brit McKenzie,AR,R,lower,7,1.246,0.1885,2022,matched,,,0.1885,
ocd-person/49608f14-5f53-40fc-b662-0d48a2aa1340,Bruce Cozart,AR,R,lower,91,1.161,0.2097,2022,matched,,,0.2097,
ocd-person/ac9a90a0-dfba-4bf0-a07d-ca2232b21a90,Bryan King,AR,R,upper,28,1.087,0.2283,2022,matched,,,0.2283,
ocd-person/8b544682-2d9b-4759-bdc1-e560cced87fa,Cameron Cooper,AR,R,lower,57,1.176,0.206,2022,matched,,,0.206,
ocd-person/247b430e-d46a-474a-87bc-24d03c636fd8,Carol Dalby,AR,R,lower,100,1.101,0.2248,2022,matched,,,0.2248,
ocd-person/53cecb4b-96b5-4cbe-bc72-6eab07cbdeea,Chad Puryear,AR,R,lower,25,1.122,0.2195,2022,matched,,,0.2195,
ocd-person/c0936ba9-d863-4262-8fd1-3e08fb1013c8,Cindy Crawford,AR,R,lower,51,0.949,0.2628,2022,matched,,,0.2628,
ocd-person/cdb599f1-f956-430d-9ba2-87ce18d3fd53,Clarke Tucker,AR,D,upper,14,,,,unmatched,,,,
ocd-person/6c773215-c5d7-4039-bcb2-d2abe9053e39,Clint Penzo,AR,R,upper,31,1.131,0.2172,2022,matched,,,0.2172,
ocd-person/77a57e2c-188c-42fd-adad-24066f27ec3c,Cole Jester,AR,R,executive,,,,,unmatched,,,,
ocd-person/fea1d80a-0cfb-4b26-9123-2a6c2e951d60,Dan Sullivan,AR,R,upper,20,1.109,0.2228,2022,matched,,,0.2228,
ocd-person/f009d442-b840-4308-b48e-f38591e5d0d4,Dave Wallace,AR,R,upper,19,1.138,0.2155,2022,matched,,,0.2155,
ocd-person/4b6071ae-58c1-4400-a49f-416579c6371e,David Ray,AR,R,lower,69,1.116,0.221,2022,matched,,,0.221,
ocd-person/7c229d62-dd8f-491c-8aab-15118335cfe9,David Whitaker,AR,D,lower,22,-0.882,0.7205,2022,matched,,,0.7205,
ocd-person/b165a0c6-fe5a-4505-9f6f-aaafce582b6a,DeAnn Vaught,AR,R,lower,87,1.148,0.213,2022,matched,,,0.213,
ocd-person/44cca040-d890-4cf3-9a00-bc8f6f3ac3fc,Denise Ennett,AR,D,lower,80,-0.839,0.7097,2022,matched,,,0.7097,
ocd-person/e8e66020-d749-42e0-9e4e-35962d7f31f4,Denise Garner,AR,D,lower,20,-0.678,0.6695,2022,matched,,,0.6695,
ocd-person/7cf8a839-6c34-4375-bfd5-7cfe92233b72,Dennis Milligan,AR,R,executive,,,,,unmatched,,,,
ocd-person/4afdc38b-6ea9-4aa9-a8a1-0975c1147cfc,Diana Gonzales Worthen,AR,D,lower,9,-0.71,0.6775,2022,matched,,,0.6775,
ocd-person/50cdb325-0c04-483e-87cb-d6a9037d9bc9,Dolly Henley,AR,R,lower,88,,,,unmatched,,,,
ocd-person/38a8f4c9-1138-461c-a8a1-ac853c79d3ca,Dwight Tosh,AR,R,lower,38,1.117,0.2208,2022,matched,,,0.2208,
ocd-person/f3fd86cb-bfa0-47e0-8318-d53b2958c19c,Fran Cavenaugh,AR,R,lower,30,1.141,0.2147,2022,matched,,,0.2147,
ocd-person/b325559c-79b9-4ce3-a548-4c0c4116815e,Fred Allen,AR,D,lower,77,-0.153,0.5383,2022,matched,,,0.5383,
ocd-person/b35d0a49-a7f2-4013-83f0-a2feb42adba3,Fred Love,AR,D,upper,15,-0.59,0.6475,2022,matched,,,0.6475,
ocd-person/192e3368-5acb-4ace-9909-fdc02ff2c3d3,Glenn Barnes,AR,D,lower,65,,,,unmatched,,,,
ocd-person/afd73d93-f65e-480d-ba40-3bc65f4fe95b,Greg Leding,AR,D,upper,30,-0.713,0.6783,2018,matched,,,0.6783,
ocd-person/72ce8f2a-95f2-4c1c-8e91-203653d0610a,Harlan Breaux,AR,R,lower,6,1.202,0.1995,2022,matched,,,0.1995,
ocd-person/8f4c182b-d257-45b7-8c34-c4c1f12bb4f6,Hope Duke,AR,R,lower,12,1.456,0.136,2022,matched,,,0.136,
ocd-person/95d21faa-0431-4285-8cee-36fc918959b6,Howard Beaty,AR,R,lower,95,1.268,0.183,2022,matched,,,0.183,
ocd-person/acc25f3e-2151-45ae-8c48-26e598718a47,Jack Ladyman,AR,R,lower,32,1.154,0.2115,2022,matched,,,0.2115,
ocd-person/43843e57-ce6c-45a5-877c-eca55b1c14e6,James Eaton,AR,R,lower,26,-1.386,0.8465,2022,matched,,,0.8465,
ocd-person/71affd8a-77ef-45b1-96ab-c5724f34dfa5,Jamie Scott,AR,D,upper,12,,,,unmatched,,,,
ocd-person/627a5f2e-efc6-4084-982e-b165a79c8e21,Jane English,AR,R,upper,13,1.097,0.2258,2022,matched,,,0.2258,
ocd-person/8a728485-a8bf-4bf8-9197-710ee37eb5e1,Jason Nazarenko,AR,R,lower,4,,,,unmatched,,,,
ocd-person/65961429-87cb-4c8c-b9c9-006622ea63c7,Jay Richardson,AR,D,lower,49,-0.604,0.651,2022,matched,,,0.651,
ocd-person/80a1486d-1661-4409-adf4-63aacf4df148,Jeff Wardlaw,AR,R,lower,94,-0.177,0.5443,2022,matched,,,0.5443,
ocd-person/982babbb-33e1-48ad-a199-10a86e6db5e6,Jeremiah Moore,AR,R,lower,61,0.906,0.2735,2022,matched,,,0.2735,
ocd-person/bbb656fb-9de4-4ee7-aad5-dd713cba2e1c,Jeremy Wooldridge,AR,R,lower,1,,,,unmatched,,,,
ocd-person/f81fdd7f-aa3e-4678-bc4f-870114f8b0ce,Jessie McGruder,AR,D,lower,35,,,,unmatched,,,,
ocd-person/f2259c7e-4c43-41c3-ae29-3aedd5b88eef,Jim Dotson,AR,R,upper,34,1.118,0.2205,2022,matched,,,0.2205,
ocd-person/6b90e69a-b1af-402f-a219-daacb99f3926,Jim Petty,AR,R,upper,29,1.076,0.231,2022,matched,,,0.231,
ocd-person/3016494b-fa9f-4f79-8530-7bd26120a31e,Jim Wooten,AR,R,lower,59,0.995,0.2512,2022,matched,,,0.2512,
ocd-person/5b260e70-f46b-4d1f-83d9-bd242c11a645,Jimmy Gazaway,AR,R,lower,31,0.65,0.3375,2022,matched,,,0.3375,
ocd-person/c083823a-b0f6-43dd-87b9-f1f398b84a00,Jimmy Hickey,AR,R,upper,4,1.108,0.223,2022,matched,,,0.223,
ocd-person/99d5591e-13f9-40af-90f4-97c5f958031a,Joey Carr,AR,R,lower,34,1.306,0.1735,2022,matched,,,0.1735,
ocd-person/dfa1d0ff-842e-49d2-baa7-41525816070e,John Carr,AR,R,lower,15,1.306,0.1735,2022,matched,,,0.1735,
ocd-person/240d9f6e-15f1-41eb-acbb-733861936e5b,John Maddox,AR,R,lower,86,0.855,0.2863,2022,matched,,,0.2863,
ocd-person/2f040802-82dc-4ca8-959f-f1b66cf53b16,John Payton,AR,R,upper,22,1.149,0.2127,2022,matched,,,0.2127,
ocd-person/20b42b64-6dd3-4b52-97f2-def9b8207a7d,John Thurston,AR,R,executive,,,,,unmatched,,,,
ocd-person/3ce18467-b330-4d64-98d6-79c31414e7ca,Johnny Rye,AR,R,lower,36,1.136,0.216,2022,matched,,,0.216,
ocd-person/3220c1b9-f133-47fa-8ef9-9944493fbb2c,Jon Eubanks,AR,R,lower,46,1.161,0.2097,2022,matched,,,0.2097,
ocd-person/2920db4d-9f68-411a-bd01-9ca6e9089ef7,Jon Milligan,AR,R,lower,33,1.007,0.2483,2022,matched,,,0.2483,
ocd-person/75b8a2ef-c463-4317-ba03-a368a2f203f2,Jonathan Dismang,AR,R,upper,18,1.028,0.243,2022,matched,,,0.243,
ocd-person/e0045c85-0471-4128-ba41-0454ff1470e6,Josh Bryant,AR,R,upper,32,1.407,0.1482,2022,matched,,,0.1482,
ocd-person/e5cf38cc-b933-4bbb-928a-8089d83a6d56,Joy Springer,AR,D,lower,76,-0.714,0.6785,2020,matched,,,0.6785,
ocd-person/1621cc3a-d18c-486f-96fb-57c6a2890da1,Julie Mayberry,AR,R,lower,92,1.07,0.2325,2022,matched,,,0.2325,
ocd-person/fb2fcf8c-ed42-46f0-b473-4940692f8e40,Justin Boyd,AR,R,upper,27,1.089,0.2278,2022,matched,,,0.2278,
ocd-person/96dbbbb4-8a04-42bc-a553-e178d47ce838,Justin Gonzales,AR,R,lower,89,1.218,0.1955,2022,matched,,,0.1955,
ocd-person/dfbad34c-8e78-4a93-9029-9e50cb0ccb51,Karilyn Brown,AR,R,lower,67,1.118,0.2205,2022,matched,,,0.2205,
ocd-person/d4c881c3-3d11-4cc4-a40d-64d3d0e11c60,Keith Brooks,AR,R,lower,78,1.139,0.2152,2022,matched,,,0.2152,
ocd-person/58b100fe-13ff-4b17-a210-88c13cbd3217,Ken Ferguson,AR,D,lower,64,-0.445,0.6112,2022,matched,,,0.6112,
ocd-person/42e0cedc-8165-45c0-988a-d3a414a521c6,Kendon Underwood,AR,R,lower,16,1.106,0.2235,2022,matched,,,0.2235,
ocd-person/46a1908a-c372-4f84-8ee2-361d767b982a,Kendra Moore,AR,R,lower,23,1.244,0.189,2022,matched,,,0.189,
ocd-person/29e74f04-ceb4-45e1-a803-049e57699923,Kim Hammer,AR,R,upper,16,1.135,0.2162,2022,matched,,,0.2162,
ocd-person/e04b2e49-1a8c-46e5-b9fc-c23d35e10393,Lane Jean,AR,R,lower,99,1.121,0.2198,2022,matched,,,0.2198,
ocd-person/4a794d08-4a71-424a-a17d-d35af3c979ae,Lee Johnson,AR,R,lower,47,0.916,0.271,2022,matched,,,0.271,
ocd-person/7d85c10d-346f-4c4f-a4e5-470799f7b21c,Les Eaves,AR,R,lower,58,1.151,0.2122,2022,matched,,,0.2122,
ocd-person/5e063acb-6720-4bb0-8f6e-1df169c856e7,Les Warren,AR,R,lower,84,1.078,0.2305,2022,matched,,,0.2305,
ocd-person/4c6b83dc-b4d7-4202-aee3-76fdd2d6575e,Leslie Rutledge,AR,R,executive,,,,,unmatched,,,,
ocd-person/29e6b6e2-82fc-48f8-9177-96b1ec30a2a6,Leslie Rutledge,AR,R,executive,,,,,unmatched,,,,
ocd-person/6e3a7643-abe7-4d0f-8d03-47b514558a67,Lincoln Barnett,AR,D,lower,63,-1.374,0.8435,2022,matched,,,0.8435,
ocd-person/41f3a186-d3b7-4b46-b3dc-2da6f89c902e,Marcus Richmond,AR,R,lower,52,1.273,0.1818,2022,matched,,,0.1818,
ocd-person/927a87ee-64b3-49b8-8794-9b0857581d1c,Mark Johnson,AR,R,upper,17,1.037,0.2408,2022,matched,,,0.2408,
ocd-person/fc30e79a-ee65-4e5b-9cb8-f27ef06c951d,Mark McElroy,AR,R,lower,62,-0.407,0.6018,2022,matched,,,0.6018,
ocd-person/4b44cfe9-fb9b-4c18-ba6e-34cf679ac3ef,Mark Perry,AR,D,lower,66,-0.408,0.602,2022,matched,,,0.602,
ocd-person/7e778aa7-3d02-4d6c-9373-42470990fdea,Mary Bentley,AR,R,lower,54,1.153,0.2117,2022,matched,,,0.2117,
ocd-person/d1b32d51-8ec6-4493-afd2-1bc5feb44034,Matt Brown,AR,R,lower,55,1.139,0.2152,2022,matched,,,0.2152,
ocd-person/487bf09e-e78f-467c-b671-3b4c881f4341,Matt Duffield,AR,R,lower,53,1.187,0.2032,2022,matched,,,0.2032,
ocd-person/dfe71972-1012-4330-af2a-98482d9aa3bc,Matt McKee,AR,R,upper,6,1.424,0.144,2022,matched,,,0.144,
ocd-person/2b67c2a6-d80e-48f4-9bc7-a40d7e5bc2bc,Matt Stone,AR,R,upper,2,1.137,0.2157,2022,matched,,,0.2157,
ocd-person/2774b34a-6b89-4ee9-b8af-32b7a7d8e174,Matthew Shepherd,AR,R,lower,97,1.084,0.229,2022,matched,,,0.229,
ocd-person/1bf7a3a7-5871-4777-af71-dbdfd358e41b,Mike Holcomb,AR,R,lower,93,-0.352,0.588,2020,matched,,,0.588,
ocd-person/5f09e022-f775-4da8-aaad-224793aa2230,Mindy McAlindon,AR,R,lower,10,1.291,0.1773,2022,matched,,,0.1773,
ocd-person/d7dbf486-9ad6-411a-a2ad-a599d0606f2b,Missy Irvin,AR,R,upper,24,1.1,0.225,2022,matched,,,0.225,
ocd-person/4b82405d-205f-47f7-8d9c-a7af23e9bada,Nick Burkes,AR,R,lower,14,1.272,0.182,2022,matched,,,0.182,
ocd-person/c3be3a52-2646-4ea6-9aef-e4ff36a16762,Nicole Clowney,AR,D,lower,21,-0.815,0.7037,2022,matched,,,0.7037,
ocd-person/bd307080-d45f-4c7b-8365-2c7386e0fc3a,Paul Childress,AR,R,lower,83,,,,unmatched,,,,
ocd-person/1bbfdd71-5072-4978-89bb-6aa19558c3f7,R.J. Hawk,AR,R,lower,81,1.117,0.2208,2022,matched,,,0.2208,
ocd-person/aaa584ee-c86a-4631-a37d-8d006ecb8a7b,Randy Torres,AR,R,lower,17,,,,unmatched,,,,
ocd-person/8f012092-5f3f-4047-8047-f2520efe0fad,Rebecca Burkes,AR,R,lower,11,1.272,0.182,2022,matched,,,0.182,
ocd-person/f148aa6d-abfe-4577-9c15-44f2ea79c707,Reginald Murdock,AR,D,upper,9,,,,unmatched,,,,
ocd-person/7f9f1a8b-47a7-456d-bc5d-1e6ec32e8572,Richard McGrew,AR,R,lower,85,1.14,0.215,2022,matched,,,0.215,
ocd-person/f2b10588-1d21-4f8f-b313-d668bf58d967,Richard Womack,AR,R,lower,90,1.153,0.2117,2022,matched,,,0.2117,
ocd-person/5559a783-5b5f-4dc5-b800-4b9493b7148b,Rick Beck,AR,R,lower,43,1.131,0.2172,2022,matched,,,0.2172,
ocd-person/9b76655d-a7c5-474d-8a35-5a30e8bf9d3a,Rick McClure,AR,R,lower,29,1.099,0.2253,2022,matched,,,0.2253,
ocd-person/faf89935-181a-4d19-9e4b-dce4657d4d3a,Ricky Hill,AR,R,upper,11,1.115,0.2213,2022,matched,,,0.2213,
ocd-person/c26f1f0e-232e-4bf2-99f8-be3e80bfcdcc,Robin Lundstrum,AR,R,lower,18,1.105,0.2238,2022,matched,,,0.2238,
ocd-person/de934263-fe58-4281-bd70-1291fcbd0e25,Roger Lynch,AR,R,lower,60,1.176,0.206,2022,matched,,,0.206,
ocd-person/a7626d1d-fcc7-4c01-ad87-48a28faf7245,Ron Caldwell,AR,R,upper,10,1.132,0.217,2022,matched,,,0.217,
ocd-person/c45493e9-afbd-4f5e-bb69-e6caed58936a,Ron McNair,AR,R,lower,5,1.063,0.2343,2022,matched,,,0.2343,
ocd-person/91123b36-1cbd-4696-b6d1-b9973c9d920f,Ryan Rose,AR,R,lower,48,1.357,0.1608,2022,matched,,,0.1608,
ocd-person/1c9262ce-53a4-4d0c-ab9e-45edb5377fa0,Sarah Huckabee Sanders,AR,R,executive,,,,,unmatched,,,,
ocd-person/b61d9a4f-d5d1-43b4-84b2-91cb5741b153,Scott Flippo,AR,R,upper,23,1.142,0.2145,2022,matched,,,0.2145,
ocd-person/302953f6-213a-4bca-94a6-08a36b801d6c,Scott Richardson,AR,R,lower,13,-0.604,0.651,2022,matched,,,0.651,
ocd-person/4f64d1ad-6e2b-443d-b8cb-64164febff31,Shad Pearce,AR,R,lower,40,0.833,0.2918,2022,matched,,,0.2918,
ocd-person/bd3c22f6-b1b5-4089-b03b-f8198ca843a2,Sonia Barker,AR,R,lower,96,1.133,0.2167,2022,matched,,,0.2167,
ocd-person/536c6536-294f-499b-a261-120a685297f0,Stephanie Flowers,AR,D,upper,8,-0.203,0.5507,2022,matched,,,0.5507,
ocd-person/8b64758a-b71a-4bb4-ad5d-d4ea812ebf58,Stephen Meeks,AR,R,lower,42,1.14,0.215,2022,matched,,,0.215,
ocd-person/120ce349-5d8a-4fa6-902e-4fa39945d7d7,Stetson Painter,AR,R,lower,3,1.192,0.202,2022,matched,,,0.202,
ocd-person/33b10c1d-6f19-44fe-83e7-827fdb1c4e78,Steve Crowell,AR,R,upper,3,1.043,0.2393,2022,matched,,,0.2393,
ocd-person/6eae19da-9b27-462c-af4b-28615d8d2f54,Steve Hollowell,AR,R,lower,37,1.224,0.194,2022,matched,,,0.194,
ocd-person/d7828297-0ad0-491b-88a6-93369de7acca,Steve Magie,AR,D,lower,56,-0.319,0.5797,2022,matched,,,0.5797,
ocd-person/1d522f48-2a04-40ed-860f-3c580d9c87fa,Steve Unger,AR,R,lower,19,1.236,0.191,2022,matched,,,0.191,
ocd-person/155853e2-b93f-442f-b551-5084b5c2105f,Steven Walker,AR,R,lower,27,0.566,0.3585,2022,matched,,,0.3585,
ocd-person/18f06e22-dd2c-4247-81c8-a40938de3ea1,Tara Shephard,AR,D,lower,79,-0.638,0.6595,2022,matched,,,0.6595,
ocd-person/65d8b209-ce03-403c-8437-7c4d7a2e7185,Terry Rice,AR,R,upper,5,1.11,0.2225,2022,matched,,,0.2225,
ocd-person/48067475-c8df-4956-8390-efd0b389af34,Tim Griffin,AR,R,executive,,,,,unmatched,,,,
ocd-person/99f67d4f-c181-46a8-b7a9-4b45ada32c50,Tim Griffin,AR,R,executive,,,,,unmatched,,,,
ocd-person/03241c54-792d-42c6-ba4c-7b81d02b24a9,Tippi McCullough,AR,D,lower,74,-0.692,0.673,2022,matched,,,0.673,
ocd-person/55779b79-fd86-4991-882f-05819d80a87d,Tony Furman,AR,R,lower,82,1.208,0.198,2022,matched,,,0.198,
ocd-person/be626067-db01-4481-b096-d2792ff189c8,Tracy Steele,AR,D,lower,72,,,,unmatched,,,,
ocd-person/9d4e09cb-8d9f-4c8c-a8df-481af146436d,Trey Steimel,AR,R,lower,2,,,,unmatched,,,,
ocd-person/11d34a89-689c-4b2f-b953-670ce11ae3bb,Tyler Dees,AR,R,upper,35,1.133,0.2167,2022,matched,,,0.2167,
ocd-person/9762816a-27bf-4209-864b-d15e2e39212a,Wade Andrews,AR,R,lower,98,1.132,0.217,2022,matched,,,0.217,
ocd-person/e8865ad0-46d2-49a0-8273-da14fe929f3e,Wayne Long,AR,R,lower,39,1.223,0.1942,2022,matched,,,0.1942,
ocd-person/417afb72-31e7-4152-bf79-0ba67e3cb63f,Zack Gramlich,AR,R,lower,50,1.045,0.2388,2022,matched,,,0.2388,
ocd-person/295965df-6c71-4e11-806f-2b7d5be5d45c,Aisha Wahab,CA,D,upper,10,-0.966,0.7415,2022,matched,,,0.7415,
ocd-person/6c2a35d5-c04c-44d0-8bd9-92a625e2b525,Akilah Weber Pierson,CA,D,upper,39,,,,unmatched,,,,
ocd-person/78610d0e-c790-4fc9-ab8e-0887adbbe063,Al Muratsuchi,CA,D,lower,66,-0.697,0.6743,2022,matched,,,0.6743,
ocd-person/5d0057a2-e04d-44ca-b1d5-fc55e113351a,Alex Lee,CA,D,lower,24,-0.898,0.7245,2022,matched,,,0.7245,
ocd-person/eb9c8103-ac9d-4342-9d95-5086d867a9bd,Ali Macedo,CA,R,lower,33,,,,unmatched,,,,
ocd-person/c3921173-9680-4387-a70e-ebba5c599846,Anamarie Avila Farias,CA,D,lower,15,,,,unmatched,,,,
ocd-person/564f2203-7cae-4a40-bc93-5c05a935b98f,Angelique Ashby,CA,D,upper,8,-0.56,0.64,2022,matched,,,0.64,
ocd-person/fe462917-df55-4a43-9fd8-970541544ca6,Anna Caballero,CA,D,upper,14,-0.643,0.6607,2022,matched,,,0.6607,
ocd-person/820619fd-d053-4915-b099-1d134a880228,Ash Kalra,CA,D,lower,25,-0.808,0.702,2022,matched,,,0.702,
ocd-person/87062971-b583-4983-8ac5-4af98bef354d,Avelino Valencia,CA,D,lower,68,-0.83,0.7075,2022,matched,,,0.7075,
ocd-person/e725b91e-1f7f-4510-a9cc-0b9a39d283c3,Ben Allen,CA,D,upper,24,-0.722,0.6805,2022,matched,,,0.6805,
ocd-person/f2ba8154-6bf3-4e5e-af05-9412e2a189f2,Blanca Pacheco,CA,D,lower,64,-0.719,0.6797,2022,matched,,,0.6797,
ocd-person/82cbb6e9-8486-44ec-8450-86d1e700f828,Blanca Rubio,CA,D,lower,48,-0.566,0.6415,2022,matched,,,0.6415,
ocd-person/a76028df-5730-47b0-b617-1565621def41,Bob Archuleta,CA,D,upper,30,-0.309,0.5773,2022,matched,,,0.5773,
ocd-person/ea5c3b3d-bbad-41f6-a912-69f60f1553a4,Brian Jones,CA,R,upper,40,0.948,0.263,2022,matched,,,0.263,
ocd-person/8230907e-9ae3-4ae9-b52a-c8464a157f64,Buffy Wicks,CA,D,lower,14,-0.781,0.6953,2022,matched,,,0.6953,
ocd-person/053d119b-847e-43bf-9a22-18b5f309067f,Carl DeMaio,CA,R,lower,75,,,,unmatched,,,,
ocd-person/b19c0361-ca41-4cba-bcf4-b7342a67f28b,Caroline Menjivar,CA,D,upper,20,-0.898,0.7245,2022,matched,,,0.7245,
ocd-person/39e3ce0f-c2e2-4480-9e99-76e1e62f366d,Catherine Blakespear,CA,D,upper,38,-0.859,0.7147,2022,matched,,,0.7147,
ocd-person/3864202e-3b40-430e-a218-cfe56d83cee5,Catherine Stefani,CA,D,lower,19,,,,unmatched,,,,
ocd-person/434bcfb4-1279-40cc-916b-f89af5805a9c,Cecilia Aguiar-Curry,CA,D,lower,4,,,,unmatched,,,,
ocd-person/1dbf574d-4c03-40ce-8c30-a6727c4bd5ab,Celeste Rodriguez,CA,D,lower,43,-0.7,0.675,2022,matched,,,0.675,
ocd-person/84a80bdb-37d5-4f52-8f55-e116fb97ca58,Chris Rogers,CA,D,lower,2,,,,unmatched,,,,
ocd-person/71590420-10d6-4deb-8d59-453256d625b6,Chris Ward,CA,D,lower,78,-0.661,0.6653,2022,matched,,,0.6653,
ocd-person/8833976f-b95a-45bf-bbd9-ccdb66946d20,Christopher Cabaldon,CA,D,upper,3,,,,unmatched,,,,
ocd-person/e351eaa3-8aa1-4f26-a8ff-2a260a0ad383,Corey Jackson,CA,D,lower,60,-0.809,0.7023,2022,matched,,,0.7023,
ocd-person/c766abf8-06ca-4a98-9665-82b87149ca96,Cottie Petrie-Norris,CA,D,lower,73,,,,unmatched,,,,
ocd-person/32e06e60-77ac-4c5e-af1e-2110b602dc97,Damon Connolly,CA,D,lower,12,-0.836,0.709,2022,matched,,,0.709,
ocd-person/86218623-ea63-4b2a-ab5c-7694e3f4a18a,Darsh Patel,CA,D,lower,76,-0.806,0.7015,2018,matched,,,0.7015,
ocd-person/0fa65d2c-6020-4586-a6f1-5dfd41db38ff,Dave Cortese,CA,D,upper,15,-0.456,0.614,2022,matched,,,0.614,
ocd-person/52f6ccc1-eb4a-4c09-8614-5e4022395605,David Alvarez,CA,D,lower,80,-0.661,0.6653,2022,matched,,,0.6653,
ocd-person/748ce69c-a2bc-41a7-95e2-b09fba6e5ecd,David Tangipa,CA,R,lower,8,,,,unmatched,,,,
ocd-person/eddfcfb5-2d07-4e5b-81a0-88e5703dc0bb,Dawn Addis,CA,D,lower,30,-0.957,0.7392,2022,matched,,,0.7392,
ocd-person/0c4e1b43-c3d7-4a13-87c4-92e29903cb73,Diane Dixon,CA,R,lower,72,1.032,0.242,2022,matched,,,0.242,
ocd-person/20c72bef-f518-4677-bbcb-83c502c36ede,Diane Papan,CA,D,lower,21,-0.737,0.6843,2022,matched,,,0.6843,
ocd-person/113aeeca-7bac-4407-8ec3-bceab97680e5,Eleni Kounalakis,CA,D,executive,,,,,unmatched,,,,
ocd-person/19f694d8-b409-40e5-9f87-d8e3e84afc7f,Eloise Reyes,CA,D,upper,29,,,,unmatched,,,,
ocd-person/d2a8e29a-5eac-4e2a-a686-d1bdb04927e7,Esmeralda Soria,CA,D,lower,27,-0.21,0.5525,2022,matched,,,0.5525,
ocd-person/2944d19a-c288-4f32-b6a0-72e35f48e570,Gail Pellerin,CA,D,lower,28,-0.798,0.6995,2022,matched,,,0.6995,
ocd-person/50e55c91-8b18-45ea-a074-bf500e7a299e,Greg Wallis,CA,R,lower,47,1.067,0.2333,2022,matched,,,0.2333,
ocd-person/57f76b8e-63ba-4aa7-93c9-0b0853ce2279,Gregg Hart,CA,D,lower,37,-0.758,0.6895,2022,matched,,,0.6895,
ocd-person/c830a90c-8964-4c0f-b31b-729cab1144fd,Heath Flora,CA,R,lower,9,0.571,0.3573,2022,matched,,,0.3573,
ocd-person/3b125433-5362-42e2-a2b5-b608962c9481,Heather Hadwick,CA,R,lower,1,,,,unmatched,,,,
ocd-person/66bd4b32-5536-4bae-ab55-08c0b70ca5fd,Henry Stern,CA,D,upper,27,-0.799,0.6997,2022,matched,,,0.6997,
ocd-person/e9e56c3e-1c7d-4eab-a3ac-35cfc7c6a651,Isaac Bryan,CA,D,lower,55,-0.921,0.7303,2022,matched,,,0.7303,
ocd-person/e7ad99fd-fda5-4114-af3e-320f5be9be3c,Jacqui Irwin,CA,D,lower,42,-0.696,0.674,2022,matched,,,0.674,
ocd-person/5d93a1cb-7a01-43ab-a26c-a2abecdee135,James Gallagher,CA,R,lower,3,0.595,0.3513,2022,matched,,,0.3513,
ocd-person/156660b1-4c3f-45e3-8384-53cda60d7ea5,James Ramos,CA,D,lower,45,-0.668,0.667,2022,matched,,,0.667,
ocd-person/b08199e4-63d9-4bd4-9be3-99e628fa7059,Jasmeet Bains,CA,D,lower,35,-0.645,0.6613,2022,matched,,,0.6613,
ocd-person/552b5bf7-472d-48a4-bb9a-132c1f044737,Jeff Gonzalez,CA,R,lower,36,1.34,0.165,2018,matched,,,0.165,
ocd-person/e9733632-df5d-48b4-b4a3-4768e7dcb5f7,Jerry McNerney,CA,D,upper,5,,,,unmatched,,,,
ocd-person/83a64401-d95d-42c5-8cfc-03bd29e4adc8,Jesse Arreguín,CA,D,upper,7,,,,unmatched,,,,
ocd-person/407f6fda-8638-4cca-9704-7aa8df7de26e,Jesse Gabriel,CA,D,lower,46,-0.69,0.6725,2022,matched,,,0.6725,
ocd-person/81d9225e-7584-43c9-9e9b-f12b7e7dbd4e,Jessica Caloza,CA,D,lower,52,,,,unmatched,,,,
ocd-person/e2da0f08-1bd8-4ac2-95f1-002870238527,Joaquin Arambula,CA,D,lower,31,-0.569,0.6422,2022,matched,,,0.6422,
ocd-person/c7a404d9-03f7-4e82-b730-1623da31d4cc,Joe Patterson,CA,R,lower,5,0.822,0.2945,2022,matched,,,0.2945,
ocd-person/0253bb3f-2fcb-49ed-a85d-578fee726be8,John Harabedian,CA,D,lower,41,,,,unmatched,,,,
ocd-person/7476789f-49a4-491a-b294-9d1486f24193,John Laird,CA,D,upper,17,-0.812,0.703,2022,matched,,,0.703,
ocd-person/c71137b2-3fc3-48bf-b0ad-6c29aff98268,Josh Becker,CA,D,upper,13,-0.815,0.7037,2022,matched,,,0.7037,
ocd-person/b20254b0-437a-4d3d-9aa9-baa5db2bc5ef,Josh Lowenthal,CA,D,lower,69,-0.789,0.6973,2022,matched,,,0.6973,
ocd-person/71aa54c0-3fad-499c-928e-ffbb692a970b,Joshua Hoover,CA,R,lower,7,1.064,0.234,2022,matched,,,0.234,
ocd-person/b9c75c1e-6ea8-4fae-9efa-a7bf0a0cb2cc,José Solache,CA,D,lower,62,,,,unmatched,,,,
ocd-person/dfb00d6c-1d0d-410f-8a06-d54841495a62,Juan Alanis,CA,R,lower,22,1.031,0.2423,2022,matched,,,0.2423,
ocd-person/092bda0e-23a9-4d25-92a9-5808e996702b,Juan Carrillo,CA,D,lower,39,-0.729,0.6823,2022,matched,,,0.6823,
ocd-person/76378b56-7ad9-463c-a4fd-47c665b26ee8,Kate Sanchez,CA,R,lower,71,1.267,0.1833,2022,matched,,,0.1833,
ocd-person/d9462f08-2b27-4969-8436-9a1c21534a40,Kelly Seyarto,CA,R,upper,32,0.98,0.255,2022,matched,,,0.255,
ocd-person/895f777d-ae7b-429a-aa0f-1b2895c13945,LaShae Sharp-Collins,CA,D,lower,79,,,,unmatched,,,,
ocd-person/bd78b1b9-6d92-4c67-a1f4-0548575f3aa5,Laura Richardson,CA,D,upper,35,,,,unmatched,,,,
ocd-person/1b3ac39e-7b50-4263-bd1d-add1e91d71b9,Laurie Davies,CA,R,lower,74,1.042,0.2395,2022,matched,,,0.2395,
ocd-person/cb6cc457-59f8-4dd8-aeb5-691c3795ffb7,Lena Gonzalez,CA,D,upper,33,-0.759,0.6897,2022,matched,,,0.6897,
ocd-person/06d4d543-2374-436f-978d-b924c7ec7d53,Leticia Castillo,CA,R,lower,58,1.515,0.1213,2022,matched,,,0.1213,
ocd-person/ed58ae30-ffe5-4395-9353-141e4018cbe3,Lisa Calderon,CA,D,lower,56,-0.708,0.677,2022,matched,,,0.677,
ocd-person/54e48d10-22e1-43da-b114-c1d3f741faff,Liz Ortega,CA,D,lower,20,-0.804,0.701,2022,matched,,,0.701,
ocd-person/37f2dc9f-d788-4f71-b794-093c8816333b,Lola Smallwood-Cuevas,CA,D,upper,28,,,,unmatched,,,,
ocd-person/926d1337-0318-4c12-a291-178f10199b23,Lori Wilson,CA,D,lower,11,-0.735,0.6837,2022,matched,,,0.6837,
ocd-person/e8ac7b26-03a5-4818-b05d-0f379029bbdb,Maggy Krell,CA,D,lower,6,,,,unmatched,,,,
ocd-person/24facf9e-7fb1-4475-9120-05cd0145c7c1,Marc Berman,CA,D,lower,23,-0.622,0.6555,2022,matched,,,0.6555,
ocd-person/b6907bd6-05e1-44a4-bfc6-db4b672ff8b4,Marie Alvarado-Gil,CA,R,upper,4,,,,unmatched,,,,
ocd-person/4a6f5a5d-275e-4fb2-a8bf-bb1272d4dfbb,Mark González,CA,D,lower,54,,,,unmatched,,,,
ocd-person/b3f55460-f87b-4db4-b6a5-35a735f34076,María Elena Durazo,CA,D,upper,26,-0.77,0.6925,2022,matched,,,0.6925,
ocd-person/cc6eb833-e16b-472a-83ec-31e7df1b1cd9,Matt Haney,CA,D,lower,17,-0.877,0.7192,2022,matched,,,0.7192,
ocd-person/1509d608-4d2b-4ebc-be73-b4cd6c06b7c6,Megan Dahle,CA,R,upper,1,0.661,0.3347,2020,matched,,,0.3347,
ocd-person/ee9910a2-0b27-46e0-be87-43c800596b41,Melissa Hurtado,CA,D,upper,16,-0.406,0.6015,2022,matched,,,0.6015,
ocd-person/a467d09d-289d-4e5a-a2af-a0ce20af14e1,Mia Bonta,CA,D,lower,18,-0.757,0.6893,2022,matched,,,0.6893,
ocd-person/c8e36b71-c739-4afb-b8e9-cbdd4d362693,Michelle Rodriguez,CA,D,lower,53,-0.7,0.675,2022,matched,,,0.675,
ocd-person/3a7bde9c-8709-49c7-89e4-0835ea1f9eb6,Mike Fong,CA,D,lower,49,-0.699,0.6747,2022,matched,,,0.6747,
ocd-person/404dbee4-6b74-4249-ab26-9644cab7c7d5,Mike Gipson,CA,D,lower,65,-0.65,0.6625,2022,matched,,,0.6625,
ocd-person/a1394aeb-094a-4fc0-b4d5-005104ceddc0,Mike McGuire,CA,D,upper,2,-0.769,0.6923,2022,matched,,,0.6923,
ocd-person/e924a3ec-c7c0-4094-8504-7611bcf8979f,Monique Limón,CA,D,upper,21,,,,unmatched,,,,
ocd-person/0c47a1ba-99a2-44a9-8c65-fcad12aeee97,Natasha Johnson,CA,R,lower,63,0.359,0.4103,2020,matched,,,0.4103,
ocd-person/06ae0707-255b-4af9-8e3e-c940e8f29600,Nick Schultz,CA,D,lower,44,,,,unmatched,,,,
ocd-person/a86994f3-ffe3-4dc6-9e79-bcba7346f919,Patrick Ahrens,CA,D,lower,26,,,,unmatched,,,,
ocd-person/6ba768a4-2756-42b5-a5c5-f6b8b5db0491,Phillip Chen,CA,R,lower,59,0.348,0.413,2022,matched,,,0.413,
ocd-person/d12d3275-2086-4bf5-886b-c4de3823fbf9,Pilar Schiavo,CA,D,lower,40,-0.886,0.7215,2022,matched,,,0.7215,
ocd-person/2918acca-40a2-4819-a79a-b2873c7895bc,Rebecca Bauer-Kahan,CA,D,lower,16,,,,unmatched,,,,
ocd-person/86d18985-f35b-4e16-9fcc-663394a156ff,Rhodesia Ransom,CA,D,lower,13,,,,unmatched,,,,
ocd-person/6b7e3458-361f-4fce-8a8c-069282db2af7,Rick Zbur,CA,D,lower,51,-0.913,0.7283,2022,matched,,,0.7283,
ocd-person/1529b892-b3da-4958-bb3a-5bf04d7b5e0c,Rob Bonta,CA,D,executive,,,,,unmatched,,,,
ocd-person/8b2f37bc-65b7-40ed-af14-5d93cb765a5d,Robert Garcia,CA,D,lower,50,-0.646,0.6615,2022,matched,,,0.6615,
ocd-person/68f5ee30-aa70-489b-84b7-6501e6188751,Robert Rivas,CA,D,lower,29,-0.576,0.644,2022,matched,,,0.644,
ocd-person/ee85bc79-20ee-4046-905e-ad797995fa41,Roger Niello,CA,R,upper,6,0.702,0.3245,2022,matched,,,0.3245,
ocd-person/cb5b9356-6798-44d2-8dc2-caf5651ac4e3,Rosilicie Ochoa Bogh,CA,R,upper,19,0.951,0.2622,2022,matched,,,0.2622,
ocd-person/61cc77e3-551f-40e6-bb6f-16edd89b04db,Sabrina Cervantes,CA,D,upper,31,,,,unmatched,,,,
ocd-person/6d83a613-6815-48c9-bb31-94adb1ee92ea,Sade Elhawary,CA,D,lower,57,,,,unmatched,,,,
ocd-person/aa59bbc8-0f05-4974-a88a-2e805deb26b4,Sasha Pérez,CA,D,upper,25,,,,unmatched,,,,
ocd-person/de84277e-1c23-4036-bd64-b27c310a1c0e,Scott Wiener,CA,D,upper,11,-0.791,0.6977,2022,matched,,,0.6977,
ocd-person/b4b8e8fb-831b-4cae-9081-b8f75477fcd0,Shannon Grove,CA,R,upper,12,0.944,0.264,2022,matched,,,0.264,
ocd-person/840aa009-3ae4-4484-b9f0-5c5f5060e7db,Sharon Quirk-Silva,CA,D,lower,67,,,,unmatched,,,,
ocd-person/c8e67d27-47c2-4565-8e29-79bc78ae9495,Shirley Weber,CA,D,executive,,,,,unmatched,,,,
ocd-person/01fddc24-a5ac-40b7-a9e1-80e918fee609,Stan Ellis,CA,R,lower,32,,,,unmatched,,,,
ocd-person/62102f53-b531-4290-9699-05a0d7687cae,Stephanie Nguyen,CA,D,lower,10,-0.66,0.665,2022,matched,,,0.665,
ocd-person/1e0ccfc0-2d57-4e57-8d16-589d07c1bc72,Steve Bennett,CA,D,lower,38,-0.976,0.744,2022,matched,,,0.744,
ocd-person/8b61aa87-d573-47e2-b17b-bd0edd3c8cf2,Steve Choi,CA,R,upper,37,-0.796,0.699,2018,matched,,,0.699,
ocd-person/eb745b9e-4ced-494a-a298-fdffa9207b0d,Steve Padilla,CA,D,upper,18,-0.714,0.6785,2022,matched,,,0.6785,
ocd-person/cb0f6477-568f-49db-aba3-f88e7bccbefc,Susan Rubio,CA,D,upper,22,0.138,0.4655,2022,matched,,,0.4655,
ocd-person/fb1c2c06-108c-41bf-9f08-44a9f8e0cb08,Suzette Valladares,CA,R,upper,23,,,,unmatched,,,,
ocd-person/9e69729e-4383-410b-840e-ad4ea0f1ab4a,Tasha Boerner,CA,D,lower,77,,,,unmatched,,,,
ocd-person/972cffb0-32a6-4cef-8a0f-a8cd901395b0,Tim Grayson,CA,D,upper,9,,,,unmatched,,,,
ocd-person/1aa5dff4-3d71-4642-a5e6-e3d00a5b99f9,Tina McKinnor,CA,D,lower,61,-0.847,0.7117,2022,matched,,,0.7117,
ocd-person/a8879d70-713c-4d0c-b723-77d0e96c18df,Tom Lackey,CA,R,lower,34,0.888,0.278,2022,matched,,,0.278,
ocd-person/cecabb81-51ab-46f5-9815-cc3486da0632,Tom Umberg,CA,D,upper,34,-0.684,0.671,2022,matched,,,0.671,
ocd-person/3dae8bef-7fb2-40a0-afee-78d79212521b,Tony Strickland,CA,R,upper,36,,,,unmatched,,,,
ocd-person/75229920-399d-4216-9b76-c27ea398665a,Tri Ta,CA,R,lower,70,1.042,0.2395,2022,matched,,,0.2395,
ocd-person/a033ad21-bdb7-4af2-be2e-e21c3e4cfa24,Adrienne Benavidez,CO,D,upper,21,,,,unmatched,,,,
ocd-person/45c957a4-0017-4c0c-8650-393d656fc5a0,Alex Valdez,CO,D,lower,5,-0.66,0.665,2022,matched,,,0.665,
ocd-person/34dbb5f1-239b-4924-911e-27ff91bde5cd,Amy Paschal,CO,D,lower,18,,,,unmatched,,,,
ocd-person/278f042b-4fe3-4325-ad59-bc240e4fda0c,Andy Boesenecker,CO,D,lower,53,-0.799,0.6997,2022,matched,,,0.6997,
ocd-person/af9e96aa-fb8b-49bb-96d8-e6c2c1ceb2b5,Ava Flanell,CO,R,lower,14,,,,unmatched,,,,
ocd-person/6d1fcaf0-ed3d-4772-876f-09dc5e931556,Barbara Kirkmeyer,CO,R,upper,23,1.192,0.202,2022,matched,,,0.202,
ocd-person/ade56d2d-41d7-436d-b76b-85051f036c7a,Bob Marshall,CO,D,lower,43,-0.925,0.7312,2022,matched,,,0.7312,
ocd-person/5a396024-8dcf-438c-beca-a730e972d9d8,Brandi Bradley,CO,R,lower,39,1.151,0.2122,2022,matched,,,0.2122,
ocd-person/fa9b604d-5981-4de1-97bc-9400e03909c9,Brianna Titone,CO,D,lower,27,-0.92,0.73,2022,matched,,,0.73,
ocd-person/2d0d060c-6d5f-45da-a069-fe2be14547eb,Byron Pelton,CO,R,upper,1,1.139,0.2152,2022,matched,,,0.2152,
ocd-person/5f8d1bd0-329b-4a87-8d2f-cb62b8f2e921,Carlos Barron,CO,R,lower,48,,,,unmatched,,,,
ocd-person/0ddf3b75-c450-419e-8235-553157770e49,Cathy Kipp,CO,D,upper,14,,,,unmatched,,,,
ocd-person/a34a6b10-12d9-4109-86d1-76c311463333,Cecelia Espenoza,CO,D,lower,4,,,,unmatched,,,,
ocd-person/faaae748-7c57-47df-bdf7-1811e0a61458,Chad Clifford,CO,D,lower,37,1.237,0.1907,2022,matched,,,0.1907,
ocd-person/f72691ec-a5a0-413b-a344-e452009551a2,Chris Kolker,CO,D,upper,16,-0.941,0.7352,2022,matched,,,0.7352,
ocd-person/0c428ee3-a327-4906-96c9-c46da7dfd7f1,Chris Richardson,CO,R,lower,56,,,,unmatched,,,,
ocd-person/715df6f2-cef6-4b88-b745-0207c8ffb4ff,Cleave Simpson,CO,R,upper,6,1.078,0.2305,2022,matched,,,0.2305,
ocd-person/df050043-0b4f-4b51-8df0-ffd6cd6cd5b2,Dan Woog,CO,R,lower,19,1.165,0.2087,2022,matched,,,0.2087,
ocd-person/21632200-6ff5-4b76-9c2e-190d8804ac16,Dianne Primavera,CO,D,executive,,,,,unmatched,,,,
ocd-person/f38f9f4b-9d3a-4e79-a96f-fab94d553d89,Dusty Johnson,CO,R,lower,63,,,,unmatched,,,,
ocd-person/4be512fb-5ebc-422c-a858-d250cb5568ad,Dylan Roberts,CO,D,upper,8,-0.874,0.7185,2022,matched,,,0.7185,
ocd-person/c02b7bf5-a583-43c0-b6d6-2e757c7d42b7,Eliza Hamrick,CO,D,lower,61,-0.957,0.7392,2022,matched,,,0.7392,
ocd-person/bd50bf12-cf63-4a3d-a887-93008333e694,Elizabeth Velasco,CO,D,lower,57,-0.863,0.7157,2022,matched,,,0.7157,
ocd-person/c8c1a9c5-c7c2-4894-8829-fc83251bcaf2,Emily Sirota,CO,D,lower,9,-1.005,0.7512,2022,matched,,,0.7512,
ocd-person/e0edd86c-a50d-4e78-96ac-f3e8217de4a8,Gretchen Rydin,CO,D,lower,38,,,,unmatched,,,,
ocd-person/506f18ea-3611-408b-aa0e-73adf9681efe,Iman Jodeh,CO,D,upper,29,,,,unmatched,,,,
ocd-person/48d0af72-b21b-44a5-afc2-325b80f1c551,Jacque Phillips,CO,D,lower,31,-0.674,0.6685,2018,matched,,,0.6685,
ocd-person/e4e1f1a9-7134-4d90-9fed-2aa7a0e3a307,James Coleman,CO,D,upper,33,-0.467,0.6168,2022,matched,,,0.6168,
ocd-person/09ef4f5a-7c9d-463a-8ab6-52c861f97a74,Jamie Jackson,CO,D,lower,41,-0.803,0.7007,2022,matched,,,0.7007,
ocd-person/2718c918-a38c-49c2-a120-5503164f959f,Janice Marchman,CO,D,upper,15,-0.961,0.7402,2022,matched,,,0.7402,
ocd-person/2372415a-2aea-4423-8a3a-bed2d40493a6,Janice Rich,CO,R,upper,7,1.132,0.217,2022,matched,,,0.217,
ocd-person/be56ceea-ca7e-46b1-acdd-d4266e9d2893,Jared Polis,CO,D,executive,,,,,unmatched,,,,
ocd-person/544a4247-320e-456a-b5dd-f0373bdad788,Jarvis Caldwell,CO,R,lower,20,1.629,0.0927,2022,matched,,,0.0927,
ocd-person/d2b25169-0772-4e97-aa9e-49f82f0f5d08,Javier Mabrey,CO,D,lower,1,-0.823,0.7057,2022,matched,,,0.7057,
ocd-person/c2cade07-9c95-4439-938c-77ac4ed44fab,Jeff Bridges,CO,D,upper,26,-0.768,0.692,2022,matched,,,0.692,
ocd-person/570385fc-0dd8-4754-9e94-3faeae5f2287,Jena Griswold,CO,D,executive,,,,,unmatched,,,,
ocd-person/4aba3e11-9554-405d-b926-5435eb77fa26,Jennifer Bacon,CO,D,lower,7,-0.837,0.7092,2022,matched,,,0.7092,
ocd-person/655c629d-72f6-45d1-bd8f-a241e200d089,Jenny Willford,CO,D,lower,34,-0.941,0.7352,2022,matched,,,0.7352,
ocd-person/c06af980-c553-4f79-a39d-295b7226f029,Jessie Danielson,CO,D,upper,22,-0.887,0.7218,2022,matched,,,0.7218,
ocd-person/8e95ac06-ddbb-4f6c-ba7e-854a92860be4,John Carson,CO,R,upper,30,,,,unmatched,,,,
ocd-person/829879ea-a9a3-42b6-8f5f-d209b1cc961d,Judy Amabile,CO,D,upper,18,,,,unmatched,,,,
ocd-person/8dae5ba5-6741-4aca-8c1e-24f014fda187,Julie Gonzales,CO,D,upper,34,-0.907,0.7268,2022,matched,,,0.7268,
ocd-person/53facaaf-5673-4c76-b15a-6b5061965ae1,Julie McCluskie,CO,D,lower,13,-0.921,0.7303,2022,matched,,,0.7303,
ocd-person/0c2271df-5808-42ff-9550-700f454b8b3a,Junie Joseph,CO,D,lower,10,-0.809,0.7023,2022,matched,,,0.7023,
ocd-person/7631027c-2467-4112-8f03-abad6c6ed8f2,Karen McCormick,CO,D,lower,11,-0.898,0.7245,2022,matched,,,0.7245,
ocd-person/fa06bf42-5305-4b04-95d0-a63f94ae8913,Katie Stewart,CO,D,lower,59,,,,unmatched,,,,
ocd-person/f0fa561d-39cf-48f3-ae8c-84b4d30d2662,Katie Wallace,CO,D,upper,17,,,,unmatched,,,,
ocd-person/767c8676-7cf0-45bf-9e20-e615d4d13c5e,Ken DeGraaf,CO,R,lower,22,1.636,0.091,2022,matched,,,0.091,
ocd-person/f84befdc-bf1b-4b0b-92df-27155caf403f,Kenny Nguyen,CO,D,lower,33,,,,unmatched,,,,
ocd-person/f376a75e-e0b0-4bf7-95b1-0931ade3bdb8,Kyle Brown,CO,D,lower,12,1.537,0.1158,2022,matched,,,0.1158,
ocd-person/ebf0c3de-2f58-436f-af67-12863f9cb552,Kyle Mullica,CO,D,upper,24,-0.866,0.7165,2022,matched,,,0.7165,
ocd-person/c9fd6b10-91a3-44ec-ac6a-48f73eee3ed1,Larry Liston,CO,R,upper,10,1.089,0.2278,2022,matched,,,0.2278,
ocd-person/a2745e24-bcf2-40f8-aa77-fad08d873ab1,Larry Suckla,CO,R,lower,58,,,,unmatched,,,,
ocd-person/475639af-fb56-4fde-9a78-213593db91d0,Lesley Smith,CO,D,lower,49,-0.794,0.6985,2022,matched,,,0.6985,
ocd-person/d5ec869e-db7a-480f-b270-428805b90cee,Lindsay Gilchrist,CO,D,lower,8,,,,unmatched,,,,
ocd-person/2de0a3a1-a1e3-477f-88b9-3212fa52fb9c,Lindsey Daugherty,CO,D,upper,19,,,,unmatched,,,,
ocd-person/5226ebdd-0710-49da-b446-61fac19765ce,Lisa Cutter,CO,D,upper,20,-0.929,0.7323,2022,matched,,,0.7323,
ocd-person/e1a861fa-2163-4ef5-a891-fc9d36c2504b,Lisa Feret,CO,D,lower,24,,,,unmatched,,,,
ocd-person/fce5c955-f43d-4f80-bad5-8369223bc0ea,Lisa Frizell,CO,R,upper,2,,,,unmatched,,,,
ocd-person/d7569723-ddde-4706-a857-422804198fa8,Lorena García,CO,D,lower,35,,,,unmatched,,,,
ocd-person/d450c0d3-b829-4855-ad0d-1228c5284a4f,Lori Garcia Sander,CO,R,lower,65,,,,unmatched,,,,
ocd-person/8de5b6ec-a488-4f1f-b96d-d78b90cb7fe7,Lori Goldstein,CO,D,lower,29,,,,unmatched,,,,
ocd-person/e5055578-02cb-435c-9fe0-b877318e3b1b,Lynda Zamora Wilson,CO,R,upper,9,1.137,0.2157,2022,matched,,,0.2157,
ocd-person/2582d3dd-20c0-4d15-83a0-3b6dab1e98d2,Mandy Lindsay,CO,D,lower,42,-0.743,0.6857,2022,matched,,,0.6857,
ocd-person/ce4bd827-c1bc-4736-a580-f4f0215e727d,Manny Rutinel,CO,D,lower,32,,,,unmatched,,,,
ocd-person/c0cfa7d3-2c5e-4b68-8692-2e1b6f1b3372,Marc Catlin,CO,R,upper,5,,,,unmatched,,,,
ocd-person/5dbb7ac2-a4c8-42b8-bfb1-1b012737fa74,Marc Snyder,CO,D,upper,12,,,,unmatched,,,,
ocd-person/b4002b84-79a0-481a-94a8-00136c2dabb6,Mark Baisley,CO,R,upper,4,1.385,0.1537,2022,matched,,,0.1537,
ocd-person/9e1ed481-cc42-4186-a8fe-891abba60162,Mary Bradfield,CO,R,lower,21,1.208,0.198,2022,matched,,,0.198,
ocd-person/4a72c7ee-c3e5-4c61-8e79-3301cb70a599,Matt Ball,CO,D,upper,31,,,,unmatched,,,,
ocd-person/27716b46-14de-4097-a29c-1a882ae3cd3a,Matt Martinez,CO,D,lower,62,-0.786,0.6965,2022,matched,,,0.6965,
ocd-person/9e529237-916b-407c-a60e-abd8e0708329,Matt Soper,CO,R,lower,54,1.191,0.2022,2022,matched,,,0.2022,
ocd-person/fe11081d-5ca9-4f88-a143-04aed94e45f9,Max Brooks,CO,R,lower,45,,,,unmatched,,,,
ocd-person/8e6bc6cb-fe7e-4640-a938-eb32536e95c5,Meg Froelich,CO,D,lower,3,-0.831,0.7077,2022,matched,,,0.7077,
ocd-person/c1a18202-08ad-487f-99bb-b1a606c15a22,Meghan Lukens,CO,D,lower,26,-0.94,0.735,2022,matched,,,0.735,
ocd-person/9c2accab-1bbf-495c-8036-137e48ba684d,Michael Carter,CO,D,lower,36,1.507,0.1233,2022,matched,,,0.1233,
ocd-person/b680cb39-442c-4dd2-81bd-88696cfe9df2,Mike Weissman,CO,D,upper,28,,,,unmatched,,,,
ocd-person/d8b6809c-61d9-4ea3-b21b-c846051468c2,Monica Duran,CO,D,lower,23,-0.894,0.7235,2022,matched,,,0.7235,
ocd-person/64f01ef4-238f-4e48-9657-e221e0d030c0,Naquetta Ricks,CO,D,lower,40,-0.81,0.7025,2022,matched,,,0.7025,
ocd-person/4d753f6e-b7e3-420d-a684-e9a27f7ab27b,Nick Hinrichsen,CO,D,upper,3,-0.919,0.7298,2022,matched,,,0.7298,
ocd-person/fb02dd97-db94-4350-841f-e5adb9065c0c,Phil Weiser,CO,D,executive,,,,,unmatched,,,,
ocd-person/04df7ed2-3683-4e00-ae08-9660cd6d878b,Rebecca Keltie,CO,R,lower,16,,,,unmatched,,,,
ocd-person/ef2507af-95ba-4a2f-84d5-84771785bfc2,Rebekah Stewart,CO,D,lower,30,,,,unmatched,,,,
ocd-person/d5be5146-f7a9-46eb-86f9-b0d1cebc4e9c,Regina English,CO,D,lower,17,-0.79,0.6975,2022,matched,,,0.6975,
ocd-person/5dae0c7f-430e-42a2-906d-9e177782f91b,Rick Taggart,CO,R,lower,55,1.14,0.215,2022,matched,,,0.215,
ocd-person/ab377224-ab70-4c20-a535-baa429520e7c,Robert Rodriguez,CO,D,upper,32,-0.753,0.6883,2022,matched,,,0.6883,
ocd-person/45cd06eb-9967-4468-9e4e-677549e7638d,Rod Pelton,CO,R,upper,35,1.143,0.2142,2022,matched,,,0.2142,
ocd-person/9b1256a4-11c6-4c9e-81e6-2e0a3c5871be,Ron Weinberg,CO,R,lower,51,,,,unmatched,,,,
ocd-person/e7b1210b-3400-4ad4-a461-a55023e54042,Ryan Gonzalez,CO,R,lower,50,1.141,0.2147,2022,matched,,,0.2147,
ocd-person/66254480-6178-4312-8a18-268ec84153cc,Scott Bottoms,CO,R,lower,15,1.645,0.0887,2022,matched,,,0.0887,
ocd-person/fb530f21-a08e-473c-b215-9a4de6a86ee9,Scott Bright,CO,R,upper,13,,,,unmatched,,,,
ocd-person/cba33581-a61a-41c5-9773-c949f2b06d0a,Scott Slaugh,CO,R,lower,64,,,,unmatched,,,,
ocd-person/56e058a4-2a75-4864-8d5e-18c1c98f6960,Sean Camacho,CO,D,lower,6,,,,unmatched,,,,
ocd-person/b44045eb-e2fb-4723-9e91-d68fb55c0bf7,Sheila Lieder,CO,D,lower,28,-0.832,0.708,2022,matched,,,0.708,
ocd-person/3e7145a3-8729-497c-a168-db98d22cf015,Stephanie Luck,CO,R,lower,60,1.1,0.225,2022,matched,,,0.225,
ocd-person/09af4a19-c07e-49b2-b320-104f3784705b,Steven Woodrow,CO,D,lower,2,-0.743,0.6857,2022,matched,,,0.6857,
ocd-person/489b3afa-1e08-40f4-918a-f01c186b6f73,Tammy Story,CO,D,lower,25,-0.948,0.737,2022,matched,,,0.737,
ocd-person/851b5f31-0694-4674-a3b8-468b6eb1f0a8,Tisha Mauro,CO,D,lower,46,-0.957,0.7392,2022,matched,,,0.7392,
ocd-person/dc9056b8-fb9c-4a66-99b8-210acce64bff,Tom Sullivan,CO,D,upper,27,-0.924,0.731,2022,matched,,,0.731,
ocd-person/473bd095-778d-4418-8e61-96a2b8005c8e,Tony Exum,CO,D,upper,11,-0.937,0.7343,2022,matched,,,0.7343,
ocd-person/561892b1-c618-43cb-9767-9237514f0a92,Tony Hartsook,CO,R,lower,44,1.147,0.2132,2022,matched,,,0.2132,
ocd-person/f3cd2006-7729-41b0-a009-0c5cf64e95e0,Ty Winter,CO,R,lower,47,1.179,0.2052,2022,matched,,,0.2052,
ocd-person/dbe86f29-2ecb-449e-aaf6-3fc91baf2e0e,William Lindstedt,CO,D,upper,25,,,,unmatched,,,,
ocd-person/e8a7d2a2-1907-450d-8c61-8c328839e922,Yara Zokaie,CO,D,lower,52,-0.83,0.7075,2020,matched,,,0.7075,
ocd-person/b43c741a-89b2-4e46-abfc-1d75f26189fe,Aimee Berger-Girvalo,CT,D,lower,111,,,,unmatched,,,,
ocd-person/3e0a00e8-0ec8-418d-a2e3-a7eef0a5d186,Al Paolillo,CT,D,lower,97,-0.663,0.6658,2022,matched,,,0.6658,
ocd-person/ff1c4d90-5cc3-4ff9-8f31-454d03803816,Amy Morrin Bello,CT,D,lower,28,-0.675,0.6687,2022,matched,,,0.6687,
ocd-person/9b751b3f-3f56-43dd-8eab-1cfdb81d7b34,Amy Romano,CT,R,lower,113,,,,unmatched,,,,
ocd-person/e823b0bf-1132-4ed8-b860-e0febf9a275a,Andre Baker,CT,D,lower,124,-0.797,0.6993,2022,matched,,,0.6993,
ocd-person/087a813d-b14a-4205-a08f-cec795647318,Anne Dauphinais,CT,R,lower,44,1.422,0.1445,2022,matched,,,0.1445,
ocd-person/ce2070f7-9487-4856-976b-9bbd6a2f1617,Anne Hughes,CT,D,lower,135,-0.689,0.6723,2022,matched,,,0.6723,
ocd-person/c7160abf-d376-484d-b87e-600a398ab503,Anthony Nolan,CT,D,lower,39,-0.678,0.6695,2022,matched,,,0.6695,
ocd-person/5e12bcd3-8cc0-4a0f-9c7c-4ecec6442948,Arnie Jensen,CT,R,lower,131,,,,unmatched,,,,
ocd-person/32ad6577-b1ee-411f-9dca-e40e06226703,Aundré Bumgardner,CT,D,lower,41,1.053,0.2368,2022,matched,,,0.2368,
ocd-person/240d52a3-33df-495c-b1a0-142cc43f3fce,Ben McGorty,CT,R,lower,122,1.296,0.176,2022,matched,,,0.176,
ocd-person/e4ee574a-8df3-46b3-93cb-3ec24cb49144,Bill Heffernan,CT,D,lower,115,-0.673,0.6683,2022,matched,,,0.6683,
ocd-person/f7127b57-a72f-4b84-abf6-77b021cddf3f,Bill Pizzuto,CT,R,lower,71,0.725,0.3187,2022,matched,,,0.3187,
ocd-person/1c270bf3-7cc6-4e11-93fb-e35f5d9a1774,Billy Buckbee,CT,R,lower,67,1.208,0.198,2022,matched,,,0.198,
ocd-person/7836916c-08a2-430a-99eb-580f7cf50e81,Bob Duff,CT,D,upper,25,-0.657,0.6643,2020,matched,,,0.6643,
ocd-person/97e1ed70-218e-41d6-abad-73cf8c717c5b,Bob Godfrey,CT,D,lower,110,-0.649,0.6623,2022,matched,,,0.6623,
ocd-person/6e4977fe-2ed9-4e1c-93ce-c837766d2896,Bobby Gibson,CT,D,lower,15,-0.675,0.6687,2022,matched,,,0.6687,
ocd-person/e8ce793e-671a-41fa-818a-42b534fa9c6b,Brandon Chafee,CT,D,lower,33,-0.671,0.6678,2022,matched,,,0.6678,
ocd-person/fc3ba144-870e-4603-b2a4-26d3e80b5c70,Brian Lanoue,CT,R,lower,45,1.134,0.2165,2022,matched,,,0.2165,
ocd-person/e9c9ef28-807a-4efe-983f-d194c54ed41a,Cara Pavalock-D'Amato,CT,R,lower,77,,,,unmatched,,,,
ocd-person/5e47f657-ab56-4673-bebb-5a7c1a0410db,Carol Hall,CT,R,lower,59,1.164,0.209,2022,matched,,,0.209,
ocd-person/aec1fe1b-02ac-4802-be69-8714ec0b848e,Cathy Osten,CT,D,upper,19,-0.677,0.6693,2022,matched,,,0.6693,
ocd-person/5310d199-fa92-40aa-8d0b-efad6d3027b2,Ceci Maher,CT,D,upper,26,-0.637,0.6593,2022,matched,,,0.6593,
ocd-person/3dac820b-e022-4ee6-a5d5-4b194f8988ec,Chris Aniskovich,CT,R,lower,35,0.933,0.2667,2022,matched,,,0.2667,
ocd-person/7fda8e36-f73d-43e2-bf43-8365c617d94e,Chris Poulos,CT,D,lower,81,1.547,0.1133,2022,matched,,,0.1133,
ocd-person/fdce734b-2080-4a62-bf9c-baec09572938,Chris Stewart,CT,R,lower,51,,,,unmatched,,,,
ocd-person/88d052d8-3d97-4e23-8abd-53311294acfd,Christie Carpino,CT,R,lower,32,1.057,0.2358,2022,matched,,,0.2358,
ocd-person/5e2acad1-d976-4a7d-997b-52b5b400a654,Christine Cohen,CT,D,upper,12,-0.677,0.6693,2022,matched,,,0.6693,
ocd-person/ea0027a9-6952-4b74-a771-a14ced4e647e,Christopher Rosario,CT,D,lower,128,-0.66,0.665,2022,matched,,,0.665,
ocd-person/fcc3d3fa-4b4d-4d3c-b512-003a58657a85,Corey Paris,CT,D,lower,145,-0.673,0.6683,2022,matched,,,0.6683,
ocd-person/02ce0fa3-ac25-42dd-9f5e-ee44b7e9d542,Craig Fishbein,CT,R,lower,90,1.156,0.211,2022,matched,,,0.211,
ocd-person/dfc1bead-50cd-4c34-9dc6-5d80c7a09589,Cristin McCarthy Vahey,CT,D,lower,133,-0.665,0.6663,2022,matched,,,0.6663,
ocd-person/cb28efe4-6e12-4488-bf75-491066cec97f,Dan Gaiewski,CT,D,lower,40,,,,unmatched,,,,
ocd-person/9c30cf12-f07a-4c35-be3f-97bd3a778767,Dave DeFronzo,CT,D,lower,26,,,,unmatched,,,,
ocd-person/01bfbaf3-d536-45f0-8478-96cd8fbd4518,Dave Rutigliano,CT,R,lower,123,1.055,0.2363,2022,matched,,,0.2363,
ocd-person/12835342-bb95-428a-ace3-78c51c3e8443,Dave Yaccarino,CT,R,lower,87,1.115,0.2213,2022,matched,,,0.2213,
ocd-person/a33a2113-e60b-4000-9dc7-eb58a775d986,Derek Slap,CT,D,upper,5,-0.645,0.6613,2022,matched,,,0.6613,
ocd-person/56582153-80dd-4de6-9b79-2427316eeb6c,Derell Wilson,CT,D,lower,46,-0.651,0.6627,2022,matched,,,0.6627,
ocd-person/79d4059c-5faa-443f-a842-7b494ea2d57e,Devin Carney,CT,R,lower,23,1.161,0.2097,2022,matched,,,0.2097,
ocd-person/d4c20e08-7210-40b8-8a4c-7aac8b59af7b,Dominique Johnson,CT,D,lower,143,-0.66,0.665,2022,matched,,,0.665,
ocd-person/63461ed0-da6d-4423-82bc-5b83c2a811cf,Donna Veach,CT,R,lower,30,1.333,0.1668,2022,matched,,,0.1668,
ocd-person/2342cde8-078f-4dd8-8879-f9fdaa036a94,Doug Dubitsky,CT,R,lower,47,1.386,0.1535,2022,matched,,,0.1535,
ocd-person/83a4e876-4df7-48ef-8a84-7d7940585af9,Doug McCrory,CT,D,upper,2,-0.685,0.6713,2022,matched,,,0.6713,
ocd-person/46ffabcf-724a-453e-89c4-797662a75e40,Eilish Collins Main,CT,D,lower,146,,,,unmatched,,,,
ocd-person/2a3c062a-ac41-4295-9c26-195f78369242,Eleni DeGraw,CT,D,lower,17,-0.656,0.664,2022,matched,,,0.664,
ocd-person/58a9b2fa-cd93-420c-a9bc-6326a75a218a,Eric Berthel,CT,R,upper,32,0.973,0.2568,2022,matched,,,0.2568,
ocd-person/b9f6e7c0-0413-4490-a3a4-3fb63620b4cc,Farley Santos,CT,D,lower,109,,,,unmatched,,,,
ocd-person/c09f368c-d954-48e1-b94b-18728ab9b6bd,Frank Smith,CT,D,lower,118,-0.783,0.6957,2022,matched,,,0.6957,
ocd-person/2d97c881-725d-47a8-9bea-8d3a5f14fbd0,Fred Gee,CT,D,lower,126,-0.798,0.6995,2022,matched,,,0.6995,
ocd-person/c60ec8d2-fcc3-414e-a122-cca6aeef901d,Gale Mastrofrancesco,CT,R,lower,80,1.18,0.205,2022,matched,,,0.205,
ocd-person/36b9eb8c-9fd8-4f6e-ba6b-fddb03bf3be3,Gary Turco,CT,D,lower,27,-0.71,0.6775,2022,matched,,,0.6775,
ocd-person/102845da-9b93-400d-b58a-fa3e7df1806e,Gary Winfield,CT,D,upper,10,-0.771,0.6927,2022,matched,,,0.6927,
ocd-person/37f6cb6c-888c-44c1-8c21-b273d967a62d,Geoff Luxenberg,CT,D,lower,12,-0.677,0.6693,2022,matched,,,0.6693,
ocd-person/f11b5a17-e613-4aa8-9b91-7e2583e1ced5,Geraldo Reyes,CT,D,lower,75,-0.793,0.6983,2022,matched,,,0.6983,
ocd-person/d8829ada-0b6e-4cbf-8aa6-e88c70d76e89,Greg Howard,CT,R,lower,43,1.101,0.2248,2022,matched,,,0.2248,
ocd-person/63a8e4ab-dfcd-4a69-8317-53b8e9a69729,Gregg Haddad,CT,D,lower,54,-0.681,0.6703,2022,matched,,,0.6703,
ocd-person/a648c360-3b9e-408d-ba2a-c171edada365,Heather Somers,CT,R,upper,18,0.974,0.2565,2022,matched,,,0.2565,
ocd-person/f0ce3c59-536e-4e79-9fe6-20eb59d66c06,Hector Arzeno,CT,D,lower,151,-0.665,0.6663,2022,matched,,,0.6663,
ocd-person/ca8be710-988a-4415-bc37-6d3a92d1afcd,Henri Martin,CT,R,upper,31,0.982,0.2545,2022,matched,,,0.2545,
ocd-person/c07f613b-b79d-4e11-b959-589c8cefac41,Henry Genga,CT,D,lower,10,-0.665,0.6663,2022,matched,,,0.6663,
ocd-person/3be9e2dc-7ffa-40fb-90c8-d25fe4970dee,Herron Gaston,CT,D,upper,23,,,,unmatched,,,,
ocd-person/568f232d-2133-4eee-a886-c1927f7f88bc,Hilda Santiago,CT,D,lower,84,-0.658,0.6645,2020,matched,,,0.6645,
ocd-person/b666accd-c7f7-41e9-ade0-f64f6e438669,Hubert Delany,CT,D,lower,144,-0.67,0.6675,2022,matched,,,0.6675,
ocd-person/02cd12d5-6a88-4834-b9b5-11fb491f6b4b,Irene Haines,CT,R,lower,34,1.334,0.1665,2022,matched,,,0.1665,
ocd-person/30588b22-af2c-4f70-b824-c717ae60139f,Iris Sánchez,CT,D,lower,25,,,,unmatched,,,,
ocd-person/cab156d4-4d6c-4c5f-ae17-c380f063d2b0,Jack Fazzino,CT,D,lower,83,-0.695,0.6737,2022,matched,,,0.6737,
ocd-person/784a12cd-3ecc-4fed-8b47-4e090038c2f8,Jaime Foster,CT,D,lower,57,-0.832,0.708,2022,matched,,,0.708,
ocd-person/f37ce303-e106-4972-b453-4287b7915762,James Maroney,CT,D,upper,14,-0.862,0.7155,2022,matched,,,0.7155,
ocd-person/e823b348-fd0f-410b-b3c1-62fe7a2982f6,Jan Hochadel,CT,D,upper,13,-0.663,0.6658,2022,matched,,,0.6658,
ocd-person/fee3a7d8-7e51-4c5a-af29-190694152ccc,Jane Garibay,CT,D,lower,60,-0.721,0.6803,2022,matched,,,0.6803,
ocd-person/ff87fec9-1c97-45e5-bdcc-a0ed0b3025cc,Jason Buchsbaum,CT,R,lower,69,1.094,0.2265,2022,matched,,,0.2265,
ocd-person/33a50ad7-61f8-4e5a-92fc-a24efddc15f1,Jason Doucette,CT,D,lower,13,-0.672,0.668,2022,matched,,,0.668,
ocd-person/78bb88a9-cde1-4691-aa7a-e423ee16a147,Jason Perillo,CT,R,upper,21,,,,unmatched,,,,
ocd-person/94b3daf5-cbc7-4016-9297-8c0b8bc54944,Jason Rojas,CT,D,lower,9,-0.668,0.667,2022,matched,,,0.667,
ocd-person/fc3cb4e1-f784-46ac-9d54-1dd44cb817b0,Jay Case,CT,R,lower,63,1.142,0.2145,2022,matched,,,0.2145,
ocd-person/1a60b520-6887-4830-b33e-78520b7b53aa,Jeff Gordon,CT,R,upper,35,1.234,0.1915,2022,matched,,,0.1915,
ocd-person/15c5ac01-eb03-4dd3-8ab6-d162e7420559,Jenn Leeper,CT,D,lower,132,-0.66,0.665,2020,matched,,,0.665,
ocd-person/629f89a2-138d-43b1-a39f-b420bd7bc061,Jill Barry,CT,D,lower,31,-0.67,0.6675,2022,matched,,,0.6675,
ocd-person/26149cc4-f15a-46fb-a9a5-7bc0544dc287,Jill Gilchrest,CT,D,lower,18,-0.672,0.668,2022,matched,,,0.668,
ocd-person/37cdaa0f-2531-44f6-95d0-41f9eefa6c97,Jimmy Sánchez,CT,D,lower,6,,,,unmatched,,,,
ocd-person/2c22d680-9e92-423b-a943-20571186c91a,Joan Hartley,CT,D,upper,15,-0.568,0.642,2020,matched,,,0.642,
ocd-person/5c3f590e-c576-43b7-ab1a-5607efbf7ad7,Joe Canino,CT,R,lower,65,,,,unmatched,,,,
ocd-person/06bb6ad8-3238-4ba7-8f83-47507541a300,Joe Gresko,CT,D,lower,121,-0.653,0.6633,2022,matched,,,0.6633,
ocd-person/ab33209c-a8c8-4a6e-a480-ef298eeaa74a,Joe Hoxha,CT,R,lower,78,,,,unmatched,,,,
ocd-person/df318645-047c-46a5-be61-682a7272e6b6,Joe Polletta,CT,R,lower,68,0.835,0.2913,2020,matched,,,0.2913,
ocd-person/391a83ee-0e23-4669-b3ae-b29bd9c77294,Joe Zullo,CT,R,lower,99,0.763,0.3093,2022,matched,,,0.3093,
ocd-person/749be8b3-0b40-41ec-8670-7dfbfbc90b6e,John Fonfara,CT,D,upper,1,-0.664,0.666,2022,matched,,,0.666,
ocd-person/da65a738-37c7-41c1-8cd4-abae65ef0167,John Kissel,CT,R,upper,7,0.848,0.288,2022,matched,,,0.288,
ocd-person/e7f7ad52-69a8-4306-8dfe-02368f74d75b,John Piscopo,CT,R,lower,76,1.017,0.2458,2022,matched,,,0.2458,
ocd-person/3939d7ca-20d7-4587-9c34-c6ee9bb2014e,John Santanella,CT,D,lower,58,,,,unmatched,,,,
ocd-person/7e0711c4-57d1-405e-afe7-33df0bf064d6,John-Michael Parker,CT,D,lower,101,-0.711,0.6777,2022,matched,,,0.6777,
ocd-person/c567ea19-728c-43ba-ba57-20e1499418f8,Jonathan Jacobson,CT,D,lower,148,,,,unmatched,,,,
ocd-person/22b7b95d-3488-4c14-8365-c5157b3cb099,Jonathan Steinberg,CT,D,lower,136,-0.619,0.6547,2022,matched,,,0.6547,
ocd-person/bb280880-afa9-43f3-91bf-b05af25b023d,Jorge Cabrera,CT,D,upper,17,-0.716,0.679,2022,matched,,,0.679,
ocd-person/57461c01-e706-4ce5-9dfd-8982e1f29021,Josh Elliott,CT,D,lower,88,-0.678,0.6695,2022,matched,,,0.6695,
ocd-person/acb9a83b-c921-4631-826e-ffd02e2203b9,Joshua Hall,CT,D,lower,7,-0.671,0.6678,2022,matched,,,0.6678,
ocd-person/6af561a7-e6d7-4a29-8f65-9a22a5734639,Juan Candelaria,CT,D,lower,95,-0.663,0.6658,2022,matched,,,0.6658,
ocd-person/34ca88f1-c2bc-430e-9f7c-93e8f3563e33,Julie Kushner,CT,D,upper,24,-0.661,0.6653,2020,matched,,,0.6653,
ocd-person/d44bd84a-b02c-4c1b-94ee-05c8b1008e57,Julio Concepción,CT,D,lower,4,,,,unmatched,,,,
ocd-person/86852522-4c4d-46ae-8a59-d81a16ad179a,Kadeem Roberts,CT,D,lower,137,-0.691,0.6727,2022,matched,,,0.6727,
ocd-person/75ee19d6-dea2-4ef3-9682-0bfa9f53fb38,Kai Belton,CT,D,lower,100,,,,unmatched,,,,
ocd-person/91e5bc44-6a8d-410d-bab5-5eb34b90d368,Kaitlyn Shake,CT,D,lower,120,,,,unmatched,,,,
ocd-person/3969673d-4a3e-487e-a572-42ce9f79e6dd,Kara Rochelle,CT,D,lower,104,-0.697,0.6743,2022,matched,,,0.6743,
ocd-person/56d4db3c-b047-4480-99ae-c99ed0131d69,Karen Reddington-Hughes,CT,R,lower,66,,,,unmatched,,,,
ocd-person/96fa444a-7e86-4ead-9d2e-c3ffef258be2,Kate Farrar,CT,D,lower,20,-0.688,0.672,2022,matched,,,0.672,
ocd-person/f0517411-fc60-49ad-86e6-1f025ab4579b,Kathy Kennedy,CT,R,lower,119,1.24,0.19,2022,matched,,,0.19,
ocd-person/f086a8e8-70ea-40bc-a77f-2012b74f3a00,Ken Gucker,CT,D,lower,138,-0.692,0.673,2022,matched,,,0.673,
ocd-person/d71060b1-2bb9-4239-ab9b-fad7d1a4d903,Kerry Wood,CT,D,lower,29,-0.68,0.67,2022,matched,,,0.67,
ocd-person/ac2991dd-302d-430f-8878-0fbd393a5909,Kevin Brown,CT,D,lower,56,-0.814,0.7035,2022,matched,,,0.7035,
ocd-person/ffa361d0-7471-450e-aee8-cb0c32ee2742,Kurt Vail,CT,R,lower,52,1.232,0.192,2022,matched,,,0.192,
ocd-person/47282285-14de-4306-b33f-a82754702ec5,Larry Butler,CT,D,lower,72,-0.675,0.6687,2022,matched,,,0.6687,
ocd-person/cd552354-5729-4c68-8872-3e0f6693bcc1,Larry Pemberton,CT,D,lower,139,,,,unmatched,,,,
ocd-person/4324ca37-42af-4095-b666-a4bf80af6df1,Laurie Sweet,CT,D,lower,91,,,,unmatched,,,,
ocd-person/cddc0b8f-51e5-4ed1-af05-41de718801f3,Lezlye Zupkus,CT,R,lower,89,1.069,0.2328,2022,matched,,,0.2328,
ocd-person/96e6350e-71c4-4031-8af8-a989d0ec3a01,Liz Linehan,CT,D,lower,103,-0.694,0.6735,2022,matched,,,0.6735,
ocd-person/2ed1f7b0-a1e3-4754-93a5-46b5a3fb9836,Lucy Dathan,CT,D,lower,142,-0.711,0.6777,2022,matched,,,0.6777,
ocd-person/277414ca-35b8-41dd-ae2e-e99fe9ecdb9b,M.D. Rahman,CT,D,upper,4,-0.674,0.6685,2022,matched,,,0.6685,
ocd-person/79a30b4c-53c7-4031-9267-66fbae2df6c8,M.J. Shannon,CT,D,lower,117,,,,unmatched,,,,
ocd-person/77713b68-e8ef-455e-80a6-1614488fb71a,Mae Flexer,CT,D,upper,29,-0.704,0.676,2022,matched,,,0.676,
ocd-person/140d2d97-aae9-433a-b012-ce3775aa81a8,Manny Sanchez,CT,D,lower,24,-0.59,0.6475,2022,matched,,,0.6475,
ocd-person/4e77c536-5645-4e15-99b2-00a781896717,Marcus Brown,CT,D,lower,127,-0.814,0.7035,2022,matched,,,0.7035,
ocd-person/283ad876-68be-4235-a108-e0aedbadde40,Maria Horn,CT,D,lower,64,-0.691,0.6727,2022,matched,,,0.6727,
ocd-person/135d2f43-c892-4a34-9651-a523e85dd6de,Mark Anderson,CT,R,lower,62,1.311,0.1723,2022,matched,,,0.1723,
ocd-person/6130c80a-07b7-438e-8f5b-005e0a6b7034,Mark DeCaprio,CT,R,lower,48,1.457,0.1357,2022,matched,,,0.1357,
ocd-person/e171a437-11bc-4200-ae58-f6f8c4971f39,Martha Marx,CT,D,upper,20,-0.695,0.6737,2022,matched,,,0.6737,
ocd-person/2d21e401-cb76-4001-b836-e57f667f550f,Martin Looney,CT,D,upper,11,-0.663,0.6658,2022,matched,,,0.6658,
ocd-person/f3b77c59-132b-4e51-a148-641a891a48a6,Marty Foncello,CT,R,lower,107,,,,unmatched,,,,
ocd-person/dba46a90-f765-4508-a9e1-9bfdeb4a03dd,Mary Fortier,CT,D,lower,79,-0.67,0.6675,2022,matched,,,0.6675,
ocd-person/817e17bf-a01c-4bf1-b70f-3e16aeef088e,Mary Mushinsky,CT,D,lower,85,-0.667,0.6667,2022,matched,,,0.6667,
ocd-person/53fa49be-9042-4e23-a1ff-a85f98a3d9f7,Mary Welander,CT,D,lower,114,-0.725,0.6813,2022,matched,,,0.6813,
ocd-person/298d6d03-248e-44c2-be42-269bc417745c,Maryam Khan,CT,D,lower,5,,,,unmatched,,,,
ocd-person/9c5e5d75-a622-41d2-b607-2adbc12ee11f,Matt Blumenthal,CT,D,lower,147,-0.677,0.6693,2020,matched,,,0.6693,
ocd-person/f55ef0f9-f0ed-48ba-80b9-23ac643626cc,Matt Lesser,CT,D,upper,9,-0.684,0.671,2020,matched,,,0.671,
ocd-person/2a91c3d6-433a-4e8f-b5a5-38fc80b8ea57,Matt Ritter,CT,D,lower,1,-0.66,0.665,2022,matched,,,0.665,
ocd-person/d16242a4-d3e1-45b3-9f95-8741980310cc,Melissa Osborne,CT,D,lower,16,-0.624,0.656,2022,matched,,,0.656,
ocd-person/1e5a518e-ddf5-4976-b239-9a5324339a47,Michael DiGiovancarlo,CT,D,lower,74,-0.185,0.5463,2022,matched,,,0.5463,
ocd-person/155c99fd-9d59-47e7-9134-12872a72426f,Michael Quinn,CT,D,lower,82,-0.66,0.665,2022,matched,,,0.665,
ocd-person/ca9357d4-dffa-456a-a715-d4a7671c1f84,Mike Demicco,CT,D,lower,21,-0.604,0.651,2022,matched,,,0.651,
ocd-person/57900db1-ade5-4107-8025-a0c664f41a32,Minnie Gonzalez,CT,D,lower,3,-0.662,0.6655,2022,matched,,,0.6655,
ocd-person/5af50689-4e90-49b1-8544-7a00048dad99,Mitch Bolinsky,CT,R,lower,106,1.056,0.236,2022,matched,,,0.236,
ocd-person/adb6f661-e282-42a5-8b55-cb1e5f56aa5a,Moira Rader,CT,D,lower,98,-0.706,0.6765,2022,matched,,,0.6765,
ocd-person/4cd3e60f-3830-4121-965f-f29d9b5ec6e7,Ned Lamont,CT,D,executive,,,,,unmatched,,,,
ocd-person/2f3d7307-89cd-4dac-a9ca-4b12d7bf777e,Nick Gauthier,CT,D,lower,38,-0.804,0.701,2022,matched,,,0.701,
ocd-person/467c2737-7494-44d0-a370-c38c178740e9,Nick Menapace,CT,D,lower,37,-0.791,0.6977,2022,matched,,,0.6977,
ocd-person/71c15656-a6f4-4b95-9537-69a82b2cb54c,Nicole Klarides-Ditria,CT,R,lower,105,,,,unmatched,,,,
ocd-person/109295ad-521f-463a-b0af-66c9f0598a97,Norm Needleman,CT,D,upper,33,-0.741,0.6853,2022,matched,,,0.6853,
ocd-person/50e78f89-a9e7-43f5-9566-a9f2cb23a5c9,Pat Boyd,CT,D,lower,50,-0.68,0.67,2022,matched,,,0.67,
ocd-person/72191c68-6a23-4fa2-93d4-ba8dc07c2025,Pat Callahan,CT,R,lower,108,1.148,0.213,2022,matched,,,0.213,
ocd-person/23d08488-597c-4c35-b41a-f8aef1c264c4,Pat Dillon,CT,D,lower,92,-0.741,0.6853,2022,matched,,,0.6853,
ocd-person/fcf63a22-3979-4cbf-a719-0d414d13e1ac,Pat Miller,CT,D,upper,27,-0.707,0.6767,2022,matched,,,0.6767,
ocd-person/9ddc7811-2c18-44e0-b0c9-dccded290a3e,Patrick Biggins,CT,D,lower,11,,,,unmatched,,,,
ocd-person/ca523a61-6db3-47c6-bf1f-8fd7638e999f,Paul Cicarella,CT,R,upper,34,1.032,0.242,2022,matched,,,0.242,
ocd-person/98ba1778-693a-41a5-9f4a-94f10d1c9fcd,Paul Honig,CT,D,upper,8,-0.66,0.665,2022,matched,,,0.665,
ocd-person/1a01451b-8c85-4bde-9cef-ab083d99ae84,Raghib Allie-Brennan,CT,D,lower,2,,,,unmatched,,,,
ocd-person/606b5b0a-a9f3-4625-8224-e7f66bd3eed4,Rebecca Martinez,CT,D,lower,22,-0.93,0.7325,2020,matched,,,0.7325,
ocd-person/ed6fd366-fcec-4d7c-91fc-847667f604c9,Renee Muir,CT,D,lower,36,,,,unmatched,,,,
ocd-person/bdc5f5a0-0285-45d2-a6fd-d29d8b31cd43,Rick Lopes,CT,D,upper,6,-0.59,0.6475,2022,matched,,,0.6475,
ocd-person/0cdb540d-c360-4981-b7a9-2a67e2f91121,Rob Sampson,CT,R,upper,16,1.029,0.2428,2022,matched,,,0.2428,
ocd-person/5d963d6d-74c1-4282-9ad4-592c3760bead,Robin Comey,CT,D,lower,102,-0.746,0.6865,2022,matched,,,0.6865,
ocd-person/273e9a65-2254-43f1-ae88-744e1fa3738a,Roland Lemar,CT,D,lower,96,-0.684,0.671,2022,matched,,,0.671,
ocd-person/71fb3504-679f-419d-86bf-d1ae7d573244,Ron Napoli,CT,D,lower,73,-0.479,0.6198,2022,matched,,,0.6198,
ocd-person/c5800b0c-c84a-4e63-83fa-8aaad9b6535f,Ryan Fazio,CT,R,upper,36,1.02,0.245,2022,matched,,,0.245,
ocd-person/7af92839-ae80-4370-a84a-e63799ed5a48,Sarah Keitt,CT,D,lower,134,,,,unmatched,,,,
ocd-person/686df3d6-3199-4d48-a27e-7b3e7c65de66,Saud Anwar,CT,D,upper,3,-0.708,0.677,2020,matched,,,0.677,
ocd-person/09dcfeba-575f-44d2-9566-1ba8471c0b4f,Savet Constantine,CT,D,lower,42,,,,unmatched,,,,
ocd-person/a0e90d7c-cc41-469e-a27a-7efa009ef801,Seth Bronko,CT,R,lower,70,1.147,0.2132,2022,matched,,,0.2132,
ocd-person/e54205b6-c824-4f64-9a68-301d01318457,Stephanie Thomas,CT,D,executive,,,,,unmatched,,,,
ocd-person/f0f89d15-9682-4a2e-8096-57700ac5b8dc,Stephen Harding,CT,R,upper,30,1.314,0.1715,2022,matched,,,0.1715,
ocd-person/77dbf0fd-d45c-445c-9966-0135fff8feaa,Steve Meskers,CT,D,lower,150,-0.655,0.6638,2020,matched,,,0.6638,
ocd-person/cb252e7b-fffb-4bda-b951-d2b54a3c37e3,Steve Stafstrom,CT,D,lower,129,-0.655,0.6638,2022,matched,,,0.6638,
ocd-person/755c489b-dcb4-4037-8df7-d9e62006e844,Steve Weir,CT,R,lower,55,1.24,0.19,2022,matched,,,0.19,
ocd-person/17c7aeb7-7f31-4ca3-9d8c-041451663ff0,Steven Winter,CT,D,lower,94,,,,unmatched,,,,
ocd-person/2d581ca4-1fb8-4e7c-9f33-060db9ed895e,Sujata Gadkar-Wilcox,CT,D,upper,22,,,,unmatched,,,,
ocd-person/e5e49f6f-a9d8-4f9c-b235-53f7f571c3e3,Susan Bysiewicz,CT,D,executive,,,,,unmatched,,,,
ocd-person/454e5979-c5bb-4f4e-9f3d-dc11f5e5b6ca,Susan Johnson,CT,D,lower,49,-0.66,0.665,2022,matched,,,0.665,
ocd-person/b57c3599-c0b0-4fd3-a48c-2bfd32d95071,Tami Zawistowski,CT,R,lower,61,1.232,0.192,2022,matched,,,0.192,
ocd-person/8872e78b-25b4-406b-84b2-949c700f7b56,Tammy Exum,CT,D,lower,19,-0.665,0.6663,2022,matched,,,0.6663,
ocd-person/cbdde335-cd3e-4769-b477-5893c46d96b6,Tammy Nuccio,CT,R,lower,53,1.349,0.1628,2022,matched,,,0.1628,
ocd-person/d458d504-9053-4709-bf43-d955083a18ab,Tim Ackert,CT,R,lower,8,1.05,0.2375,2022,matched,,,0.2375,
ocd-person/ca470373-9e97-47c5-ab96-96e3f93cee08,Tina Courpas,CT,R,lower,149,,,,unmatched,,,,
ocd-person/8bf7e55e-afc1-4f5c-99c3-9b7a1356fbc3,Tom Delnicki,CT,R,lower,14,1.046,0.2385,2022,matched,,,0.2385,
ocd-person/03642345-7acb-4294-91b5-84dcc3c18cc7,Tom O'Dea,CT,R,lower,125,1.065,0.2338,2018,matched,,,0.2338,
ocd-person/caaba025-7a5a-401d-8714-73f627651196,Tone Felipe,CT,D,lower,130,-0.75,0.6875,2022,matched,,,0.6875,
ocd-person/59460c80-5324-423f-a06c-158d69a30b02,Toni Walker,CT,D,lower,93,-0.639,0.6598,2022,matched,,,0.6598,
ocd-person/b1ab473b-e7ff-4c53-96af-ee796c89f4dd,Tony Hwang,CT,R,upper,28,0.924,0.269,2022,matched,,,0.269,
ocd-person/bc3200fa-f97b-433f-bb0b-ac15f71b2e92,Tony Scott,CT,R,lower,112,1.373,0.1568,2022,matched,,,0.1568,
ocd-person/fd032e0e-7926-4f81-9477-6fdee260014b,Tracy Marra,CT,R,lower,141,,,,unmatched,,,,
ocd-person/9e9d6f02-ee29-4ff3-a6fe-1b8a0cec0612,Travis Simms,CT,D,lower,140,-0.369,0.5922,2022,matched,,,0.5922,
ocd-person/5a41c633-8d04-43c6-b3c2-64cbbbbefcc4,Treneé McGee,CT,D,lower,116,-0.782,0.6955,2022,matched,,,0.6955,
ocd-person/1d02baaa-ab25-4607-b33f-40948893f928,Vin Candelora,CT,R,lower,86,1.002,0.2495,2022,matched,,,0.2495,
ocd-person/4e747abf-37ad-41ba-aba5-064e420d2cc8,William Tong,CT,D,executive,,,,,unmatched,,,,
ocd-person/e9301c44-8042-4031-8ed0-4731c64a5a66,Alonna Berry,DE,D,lower,20,,,,unmatched,,,,
ocd-person/fccfb524-6aee-40a9-8469-081e961dd072,Bill Bush,DE,D,lower,29,-0.637,0.6593,2022,matched,,,0.6593,
ocd-person/35bf376a-ffc2-4468-b6ab-0ef72cc8d05b,Bill Carson,DE,D,lower,28,-0.66,0.665,2022,matched,,,0.665,
ocd-person/8b5f6201-6c2f-4847-8d69-737ae776c44b,Brian Pettyjohn,DE,R,upper,19,1.102,0.2245,2022,matched,,,0.2245,
ocd-person/11732933-9dce-46b4-8683-67e8449b315b,Bryan Shupe,DE,R,lower,36,0.936,0.266,2022,matched,,,0.266,
ocd-person/f35b571a-d734-4086-b358-ff21382d802f,Bryan Townsend,DE,D,upper,11,-0.631,0.6578,2022,matched,,,0.6578,
ocd-person/5a29dfb1-14b5-4535-b8ee-da8f432d0727,Bryant Richardson,DE,R,upper,21,1.108,0.223,2022,matched,,,0.223,
ocd-person/4f6f337c-16e7-4d39-a503-6b4b36650d2d,Charles Postles,DE,R,lower,33,1.526,0.1185,2022,matched,,,0.1185,
ocd-person/933a1f48-bea2-43f7-9ccb-a793ac4ac71d,Claire Snyder-Hall,DE,D,lower,14,,,,unmatched,,,,
ocd-person/d187436c-b3d3-4512-9172-b7a868942fe4,Cyndie Romer,DE,D,lower,25,-0.741,0.6853,2022,matched,,,0.6853,
ocd-person/2341b6b1-2501-4aae-908a-b83346da21eb,Dan Cruce,DE,D,upper,1,,,,unmatched,,,,
ocd-person/947a912f-49e7-4697-896e-fbcd1bcf41d3,Danny Short,DE,R,lower,39,1.087,0.2283,2022,matched,,,0.2283,
ocd-person/8c5ff346-9896-489e-be96-db9d46d846da,Darius Brown,DE,D,upper,2,-0.619,0.6547,2022,matched,,,0.6547,
ocd-person/44e38555-6698-43cb-aa8b-f47de87ba4e3,Dave Lawson,DE,R,upper,15,1.115,0.2213,2022,matched,,,0.2213,
ocd-person/25071aeb-2a5c-4e8b-b166-4a313b3ac22d,Dave Sokola,DE,D,upper,8,-0.652,0.663,2022,matched,,,0.663,
ocd-person/0b53dd28-648e-4fe1-a05a-36a21ec12e63,Dave Wilson,DE,R,upper,18,1.112,0.222,2022,matched,,,0.222,
ocd-person/5c5f5bf8-d155-4911-8e06-eb6cc664859e,DeShanna Neal,DE,D,lower,13,-1.146,0.7865,2022,matched,,,0.7865,
ocd-person/7e631da1-ef0f-4c6f-ba17-e5ae2860dad6,Debra Heffernan,DE,D,lower,6,-0.622,0.6555,2022,matched,,,0.6555,
ocd-person/07cb3c97-de4e-4210-8c83-b7276c001024,Ed Osienski,DE,D,lower,24,-0.709,0.6773,2022,matched,,,0.6773,
ocd-person/fb743246-9c86-45f5-95eb-34bc1e11bef1,Eric Buckson,DE,R,upper,16,1.109,0.2228,2022,matched,,,0.2228,
ocd-person/bfab3b33-30ff-45fc-a45f-ae796d43de68,Eric Morrison,DE,D,lower,27,-0.967,0.7418,2022,matched,,,0.7418,
ocd-person/f94d59b8-6120-43d2-9788-b30fe945d8d2,Frank Burns,DE,D,lower,21,-1.075,0.7688,2022,matched,,,0.7688,
ocd-person/0cac3293-534b-4188-93e3-37ef6cd333ae,Frank Cooke,DE,D,lower,16,-0.563,0.6407,2022,matched,,,0.6407,
ocd-person/7d5fb783-232d-4cc2-b7c7-fdbf4d06eb69,Gerald Hocker,DE,R,upper,20,1.111,0.2223,2022,matched,,,0.2223,
ocd-person/7188a518-8d78-42e8-b618-ee38a10d20a4,Jack Walsh,DE,D,upper,9,-0.733,0.6833,2022,matched,,,0.6833,
ocd-person/aa0846e8-7d8d-46ed-b4c9-54c9c2243d16,Jeff Hilovsky,DE,R,lower,4,1.412,0.147,2022,matched,,,0.147,
ocd-person/ef94fe15-3a43-405c-8ec6-d446784dfb32,Jeff Spiegelman,DE,R,lower,11,0.967,0.2582,2022,matched,,,0.2582,
ocd-person/4932afab-9381-40d2-837f-f735d1c14b88,Jesse Vanderwende,DE,R,lower,35,0.773,0.3067,2022,matched,,,0.3067,
ocd-person/d020ca16-1926-4279-adc8-c0a6cddeac6e,Josue Ortega,DE,D,lower,3,,,,unmatched,,,,
ocd-person/5b43a977-2fe9-49e8-b3de-6873eab0692c,Kam Smith,DE,D,lower,15,1.106,0.2235,2022,matched,,,0.2235,
ocd-person/d1ed8b9a-53e1-4cd6-b1b2-ef6632fbde5d,Kathy Jennings,DE,D,executive,,,,,unmatched,,,,
ocd-person/b24cb06f-0cb1-4682-8038-d31b8ebc76fb,Kendra Johnson,DE,D,lower,5,-0.763,0.6907,2022,matched,,,0.6907,
ocd-person/7ae371b6-0fd5-457a-af26-032432dd381b,Kerri Harris,DE,D,lower,32,-1.109,0.7772,2022,matched,,,0.7772,
ocd-person/d1020a85-27a1-4458-9ae2-90b09367be2c,Kevin Hensley,DE,R,lower,9,1.113,0.2218,2022,matched,,,0.2218,
ocd-person/80dfa709-d199-4950-a067-2dafc40241b9,Kim Williams,DE,D,lower,19,-0.825,0.7063,2022,matched,,,0.7063,
ocd-person/0dc99b9c-115c-4da0-81b1-22aa5b6750e0,Krista Griffith,DE,D,lower,12,-0.727,0.6817,2022,matched,,,0.6817,
ocd-person/96f29b7f-bd5a-4a83-8ed0-7a5c6d3c6036,Kyle Gay,DE,D,executive,,,,,unmatched,,,,
ocd-person/b5a52e58-da64-49a2-85b2-84f55427fa83,Kyra Hoffner,DE,D,upper,14,-0.764,0.691,2022,matched,,,0.691,
ocd-person/1e6f6e97-5c95-4351-afe2-d8843f7897bc,Larry Lambert,DE,D,lower,7,-0.867,0.7167,2022,matched,,,0.7167,
ocd-person/e0bd9610-eafd-4e25-931a-6674762e4c03,Laura Sturgeon,DE,D,upper,4,-0.857,0.7143,2022,matched,,,0.7143,
ocd-person/85f716aa-751a-4258-a68b-f6ed94b2daa0,Lyndon Yearick,DE,R,lower,34,0.963,0.2592,2022,matched,,,0.2592,
ocd-person/6c816294-3378-48c1-b2fd-bb5cd57a9deb,Madinah Wilson-Anton,DE,D,lower,26,,,,unmatched,,,,
ocd-person/1f51da39-f7e2-4489-9307-f2121e9e8adf,Mara Gorman,DE,D,lower,23,,,,unmatched,,,,
ocd-person/eee736fd-ee29-403a-9bbc-713961c734b7,Marie Pinkney,DE,D,upper,13,-0.916,0.729,2022,matched,,,0.729,
ocd-person/ec594c77-7bbe-45c5-9ffd-0f6a3aad1e36,Melanie Ross Levin,DE,D,lower,10,,,,unmatched,,,,
ocd-person/2ceeb021-8aee-405f-afd6-f53f0c3d0bb7,Melissa Minor-Brown,DE,D,lower,17,,,,unmatched,,,,
ocd-person/c9f1393e-01c8-4597-a6e5-6d43330264dc,Mike Smith,DE,R,lower,22,1.106,0.2235,2022,matched,,,0.2235,
ocd-person/5e54d79a-5ba8-4966-93aa-2e05788a3ddc,Nicole Poore,DE,D,upper,12,-0.669,0.6673,2022,matched,,,0.6673,
ocd-person/fdf8cd7b-933f-469b-b1b7-119b39ba5e86,Nnamdi Chukwuocha,DE,D,lower,1,-0.66,0.665,2022,matched,,,0.665,
ocd-person/6a8995a4-deab-416f-89ce-987c8c6557aa,Rae Moore,DE,D,lower,8,-0.873,0.7183,2022,matched,,,0.7183,
ocd-person/e841e17b-6ea1-4401-b3d3-9b99237b6366,Ray Seigfried,DE,D,upper,5,,,,unmatched,,,,
ocd-person/26490cf5-c29c-485e-bdc5-1e340a4c10f6,Rich Collins,DE,R,lower,41,1.125,0.2188,2022,matched,,,0.2188,
ocd-person/5cd844e2-9346-40d9-a804-7531aa49ccd4,Ron Gray,DE,R,lower,38,1.123,0.2193,2022,matched,,,0.2193,
ocd-person/d96a4018-ca3f-40a6-a12c-cc38d757e9f0,Russ Huxtable,DE,D,upper,6,-0.75,0.6875,2022,matched,,,0.6875,
ocd-person/6fd6e720-822c-45ee-8fac-933b4eb9ccb5,Sean Lynn,DE,D,lower,31,-0.64,0.66,2022,matched,,,0.66,
ocd-person/1952d6d2-3cd8-4a2c-b663-f16052b948c3,Shannon Morris,DE,R,lower,30,1.139,0.2152,2020,matched,,,0.2152,
ocd-person/0a452e37-d7e7-403d-97ff-740c1d257eda,Sophie Phillips,DE,D,lower,18,-1.051,0.7628,2022,matched,,,0.7628,
ocd-person/a42132e6-9070-44a4-81be-70797c4ea2bb,Spiros Mantzavinos,DE,D,upper,7,-0.668,0.667,2022,matched,,,0.667,
ocd-person/3ad8467d-5ec5-4626-aab5-11e42b62ad60,Stephanie Bolden,DE,D,lower,2,-0.625,0.6562,2022,matched,,,0.6562,
ocd-person/24e001be-be7a-4110-8488-2e385315ff5b,Stephanie Hansen,DE,D,upper,10,-0.868,0.717,2022,matched,,,0.717,
ocd-person/101c752d-fbe4-471c-ae50-f2b1409a328f,Tim Dukes,DE,R,lower,40,0.438,0.3905,2022,matched,,,0.3905,
ocd-person/ca88dc3b-bbc6-4eb8-af32-9821268ebda5,Tizzy Lockman,DE,D,upper,3,-0.84,0.71,2022,matched,,,0.71,
ocd-person/89be0266-5ecf-40ac-9f5c-3dba2ce79a0d,Trey Paradee,DE,D,upper,17,-0.64,0.66,2022,matched,,,0.66,
ocd-person/312de86b-37d6-4ffe-a47c-63163e4177c0,Valerie Giltner,DE,R,lower,37,,,,unmatched,,,,
ocd-person/6a3fae94-a613-49f5-acec-355e4a2722d8,Adam Anderson,FL,R,lower,57,0.965,0.2588,2022,matched,,,0.2588,
ocd-person/c94b1151-5034-482b-8d7b-f91f9bb5f951,Adam Botana,FL,R,lower,80,0.973,0.2568,2022,matched,,,0.2568,
ocd-person/de5ddba1-d7fe-41da-9f36-16a03b0b22fc,Alex Andrade,FL,R,lower,2,0.956,0.261,2022,matched,,,0.261,
ocd-person/b2fce1a8-4ba6-483b-a534-fa48cc43ee7f,Alex Rizo,FL,R,lower,112,0.926,0.2685,2022,matched,,,0.2685,
ocd-person/7f1e874f-ae8b-42a0-90d9-fe867cf9fb45,Alexis Calatayud,FL,R,upper,38,1.002,0.2495,2022,matched,,,0.2495,
ocd-person/c26599eb-5ef8-44c3-93a6-77cf23a9567e,Allison Tant,FL,D,lower,9,-0.714,0.6785,2022,matched,,,0.6785,
ocd-person/afd55a58-b8f6-4dd7-9d93-a2207b65e425,Ana Maria Rodriguez,FL,R,upper,40,0.964,0.259,2022,matched,,,0.259,
ocd-person/66c3a112-3008-4332-a6b0-8990a7d992d5,Angie Nixon,FL,D,lower,13,-0.922,0.7305,2022,matched,,,0.7305,
ocd-person/1f8e10ad-0047-4854-b696-38e15fda7afa,Anna Eskamani,FL,D,lower,42,-0.909,0.7272,2022,matched,,,0.7272,
ocd-person/ad877adf-e8f2-4f31-bdd2-38a6aaf74884,Anne Gerwig,FL,R,lower,93,,,,unmatched,,,,
ocd-person/2c62c9ae-8d1d-4dc3-a86a-fcc5dd7ba286,Ashley Gantt,FL,D,lower,109,-0.837,0.7092,2022,matched,,,0.7092,
ocd-person/2af7bd80-7f71-4530-8d69-ee448bc32255,Barbara Sharief,FL,D,upper,35,-0.387,0.5968,2022,matched,,,0.5968,
ocd-person/5c81dfe7-1cec-45e8-8044-6d9cd324f2e8,Ben Albritton,FL,R,upper,27,0.909,0.2727,2022,matched,,,0.2727,
ocd-person/8e396afa-17d2-404c-9024-7aa8d7e00e0d,Berny Jacques,FL,R,lower,59,0.959,0.2602,2022,matched,,,0.2602,
ocd-person/43724cbb-0b19-4fad-ae9b-1e8bcd47c16d,Bill Conerly,FL,R,lower,72,,,,unmatched,,,,
ocd-person/92e88cfe-0a68-45e1-b84c-9f181a46554e,Bill Partington,FL,R,lower,28,,,,unmatched,,,,
ocd-person/8d746fc8-370b-4d12-bcf8-3dd4a4061707,Brad Yeager,FL,R,lower,56,0.988,0.253,2022,matched,,,0.253,
ocd-person/4737f2dc-8241-4329-85fc-59a9c405d7b6,Brian Hodgers,FL,R,lower,32,,,,unmatched,,,,
ocd-person/528bc47a-e8c7-4a28-9923-aba1deefd976,Brian Nathan,FL,D,upper,14,,,,unmatched,,,,
ocd-person/617888c1-3369-49cd-a264-18ab663d2e8a,Bruce Antone,FL,D,lower,41,-0.477,0.6192,2022,matched,,,0.6192,
ocd-person/a4a5f92e-62cf-401b-9fc6-9d9a63498d5c,Bryan Ávila,FL,R,upper,39,,,,unmatched,,,,
ocd-person/df1d6ab6-b2cd-4a6f-b7cc-aa5a63d8011f,Carlos Smith,FL,D,upper,17,-0.294,0.5735,2022,matched,,,0.5735,
ocd-person/2aa3b059-b565-413d-9eac-24e34b541c1d,Chad Johnson,FL,R,lower,22,-0.782,0.6955,2020,matched,,,0.6955,
ocd-person/47cd160b-1e9e-469c-a939-002be336302f,Chase Tramont,FL,R,lower,30,0.968,0.258,2022,matched,,,0.258,
ocd-person/54cd0ebc-6f93-489e-a919-3583fa32b26a,Chip LaMarca,FL,R,lower,100,0.776,0.306,2022,matched,,,0.306,
ocd-person/89d7d4d0-82e7-4535-bb79-3260a7b432b5,Christine Hunschofsky,FL,D,lower,95,-0.652,0.663,2022,matched,,,0.663,
ocd-person/caf95c6f-3143-433e-8654-c17d39b94f88,Chuck Brannan,FL,R,lower,10,0.984,0.254,2022,matched,,,0.254,
ocd-person/f1eda85d-37f2-4475-a318-8278a11c9466,Clay Yarborough,FL,R,upper,4,1.0,0.25,2022,matched,,,0.25,
ocd-person/50d5881b-ceac-49a2-98db-87ef6e09438c,Colleen Burton,FL,R,upper,12,0.933,0.2667,2022,matched,,,0.2667,
ocd-person/bf19e4db-85d0-4b4e-a980-e30d84905d8a,Cord Byrd,FL,R,executive,,,,,unmatched,,,,
ocd-person/fca5c9b2-da9e-4836-a3d5-366a25350976,Corey Simon,FL,R,upper,3,0.942,0.2645,2022,matched,,,0.2645,
ocd-person/66308162-9b64-4d34-a8bc-fac71407f7d5,Dan Daley,FL,D,lower,96,-0.605,0.6512,2022,matched,,,0.6512,
ocd-person/767d2aef-21ee-4b6d-b64b-ed9350abaa60,Dana Trabulsy,FL,R,lower,84,1.064,0.234,2022,matched,,,0.234,
ocd-person/ed30b061-bbdc-44f3-8a40-e574646d6cf8,Daniel Perez,FL,R,lower,116,0.936,0.266,2022,matched,,,0.266,
ocd-person/5a852452-a855-44a6-aa71-1e07e48c0c89,Danny Alvarez,FL,R,lower,69,1.055,0.2363,2022,matched,,,0.2363,
ocd-person/55815523-33b5-4d42-9864-28e00b805e68,Danny Burgess,FL,R,upper,23,0.941,0.2648,2022,matched,,,0.2648,
ocd-person/971fb9ac-b0f3-45df-89f0-f24b6ba9b5a3,Danny Nix,FL,R,lower,75,0.979,0.2552,2018,matched,,,0.2552,
ocd-person/3de11937-c291-4561-bee5-4f747665cb37,Darryl Rouson,FL,D,upper,16,0.233,0.4417,2022,matched,,,0.4417,
ocd-person/2c1c37bb-fd17-46d6-9694-8f2757f6da3e,Daryl Campbell,FL,D,lower,99,-0.802,0.7005,2022,matched,,,0.7005,
ocd-person/e4bf077a-8468-49a6-a75c-24ee5076352e,Dave Smith,FL,R,lower,38,0.991,0.2522,2022,matched,,,0.2522,
ocd-person/686a3de8-6df1-4144-85bc-edaad7fe1708,David Borrero,FL,R,lower,111,0.924,0.269,2022,matched,,,0.269,
ocd-person/c082de7e-0a73-43a6-94e7-48180a1af3d6,Dean Black,FL,R,lower,15,1.022,0.2445,2022,matched,,,0.2445,
ocd-person/a41e2c13-be68-4af3-8229-3c657b8d980d,Debbie Mayfield,FL,R,upper,19,0.859,0.2853,2022,matched,,,0.2853,
ocd-person/88b67b7d-e856-43b3-9ae3-90092919c4e5,Debra Tendrich,FL,D,lower,89,,,,unmatched,,,,
ocd-person/8407b440-b679-4d84-b642-de35869461a4,Demi Busatta,FL,R,lower,114,,,,unmatched,,,,
ocd-person/1be9ca60-ccf5-4beb-835a-3c292e04eaef,Dianne Hart-Lowman,FL,D,lower,63,,,,unmatched,,,,
ocd-person/c45cbed2-9b2e-4507-a6d1-3f960d330c34,Don Gaetz,FL,R,upper,1,,,,unmatched,,,,
ocd-person/bcb3b06f-882e-4012-af21-4c9ba68d093d,Dotie Joseph,FL,D,lower,108,-0.767,0.6917,2022,matched,,,0.6917,
ocd-person/c585b9bb-83d4-4d01-8a02-778578cfe2d6,Doug Bankson,FL,R,lower,39,0.974,0.2565,2022,matched,,,0.2565,
ocd-person/0e375630-02a4-4e59-ac80-869f9a199b2a,Ed Hooper,FL,R,upper,21,0.535,0.3662,2022,matched,,,0.3662,
ocd-person/e2d16b6f-6522-46c6-9817-3d4f4d1b66ce,Emily Gregory,FL,D,lower,87,0.966,0.2585,2022,matched,,,0.2585,
ocd-person/30a6de56-a2b6-44b4-ab5a-e1bc6d944c93,Erika Booth,FL,R,lower,35,,,,unmatched,,,,
ocd-person/9cf042e6-01c0-4f8e-aab5-68508a0fda66,Erin Grall,FL,R,upper,29,0.905,0.2737,2022,matched,,,0.2737,
ocd-person/38674fed-3bec-4623-a5eb-d31e4851323f,Fabián Basabe,FL,R,lower,106,1.127,0.2182,2022,matched,,,0.2182,
ocd-person/1d219f7c-140b-48fd-ac39-4683c48dbc87,Felicia Robinson,FL,D,lower,104,-0.802,0.7005,2022,matched,,,0.7005,
ocd-person/5a138490-70a4-46fa-967e-8739d1ea7456,Fentrice Driskell,FL,D,lower,67,-0.759,0.6897,2022,matched,,,0.6897,
ocd-person/741003ec-e46f-4ae8-a3af-ce2a2aba5cd4,Fiona McFarland,FL,R,lower,73,0.971,0.2572,2022,matched,,,0.2572,
ocd-person/3c9e6522-75aa-40d0-870c-1792d5178b04,Gallop Franklin,FL,D,lower,8,-0.797,0.6993,2022,matched,,,0.6993,
ocd-person/cd3ba8e7-7c51-444b-bff3-e0c29de30660,Gayle Harrell,FL,R,upper,31,0.842,0.2895,2022,matched,,,0.2895,
ocd-person/25748543-5a46-49c2-bc52-f7d39c18a2e6,Griff Griffitts,FL,R,lower,6,0.966,0.2585,2022,matched,,,0.2585,
ocd-person/fd753355-7d8a-4eda-ab3c-8a6478e1ac73,Hilary Holley,FL,R,lower,51,,,,unmatched,,,,
ocd-person/d38a5a91-afd4-46d2-9bd3-7ccaf7aa0d2b,Hillary Cassel,FL,R,lower,101,-0.766,0.6915,2022,matched,,,0.6915,
ocd-person/3b65ecb0-8a3d-469c-9db4-b70c8724610f,Ileana Garcia,FL,R,upper,36,1.038,0.2405,2022,matched,,,0.2405,
ocd-person/b65fb87d-0544-4058-8ad6-9cbd3622a330,J.J. Grow,FL,R,lower,23,,,,unmatched,,,,
ocd-person/797767ca-fadc-49d9-a7a5-5722baf6557e,James Buchanan,FL,R,lower,74,0.974,0.2565,2022,matched,,,0.2565,
ocd-person/669df589-03af-4b3a-9588-d95ab977e171,James Uthmeier,FL,R,executive,,,,,unmatched,,,,
ocd-person/b1525f57-c2db-407e-bca9-66675cc4d3ff,Jason Brodeur,FL,R,upper,10,0.843,0.2893,2022,matched,,,0.2893,
ocd-person/42278250-8dc9-4fcc-ab11-964aa8e369e7,Jason Pizzo,FL,I,upper,37,-0.646,0.6615,2022,matched,,,0.6615,
ocd-person/2bae38cc-f703-446b-93ec-576c0e388760,Jason Shoaf,FL,R,lower,7,0.951,0.2622,2022,matched,,,0.2622,
ocd-person/34dac893-eae3-495e-9237-9689a1114895,Jay Collins,FL,R,executive,,,,,unmatched,,,,
ocd-person/29c38853-2773-45d3-bc17-0979def1ab54,Jay Trumbull,FL,R,upper,2,0.93,0.2675,2022,matched,,,0.2675,
ocd-person/5bd19ebd-e225-49a5-b0f5-42f6380a9fa8,Jeff Holcomb,FL,R,lower,53,0.964,0.259,2022,matched,,,0.259,
ocd-person/bc54a6ff-f7b3-4bbf-a23a-4acc9caa8064,Jenna Persons-Mulicka,FL,R,lower,78,,,,unmatched,,,,
ocd-person/68e0a17f-338b-497b-ba07-1f74e9623f1d,Jennifer Bradley,FL,R,upper,6,0.99,0.2525,2022,matched,,,0.2525,
ocd-person/7fb5a540-2c3c-4661-8495-2e0e02ab8644,Jennifer Canady,FL,R,lower,50,0.969,0.2578,2022,matched,,,0.2578,
ocd-person/28e33eaa-f6cf-4158-83fe-aff91d0cd8f0,Jennifer Kincart Jonsson,FL,R,lower,49,,,,unmatched,,,,
ocd-person/8dd703e2-8024-47c5-a22b-87a36db841cb,Jessica Baker,FL,R,lower,17,1.079,0.2303,2022,matched,,,0.2303,
ocd-person/c70f231f-92e2-4a55-a59b-fcf113ab51af,Jim Boyd,FL,R,upper,20,0.575,0.3563,2022,matched,,,0.3563,
ocd-person/d03b8661-852b-44ab-b7c2-aa3bf14acd39,Jim Mooney,FL,R,lower,120,1.064,0.234,2022,matched,,,0.234,
ocd-person/24b4458a-bc61-42f8-805a-6bc43edf6acb,Joe Gruters,FL,R,upper,22,0.952,0.262,2022,matched,,,0.262,
ocd-person/fa6bc3c9-a107-4954-adf1-e1461e9f3520,Johanna López,FL,D,lower,43,,,,unmatched,,,,
ocd-person/5055fc3a-3cdd-4f4d-addb-23634fd1df92,John Snyder,FL,R,lower,86,1.038,0.2405,2022,matched,,,0.2405,
ocd-person/c7ee0194-6ff9-4b95-83ee-bac26e80467d,Jon Albert,FL,R,lower,48,,,,unmatched,,,,
ocd-person/e5e1f892-4d9e-464e-b58d-6acf50069b75,Jonathan Martin,FL,R,upper,33,0.947,0.2632,2022,matched,,,0.2632,
ocd-person/c3e8a214-183a-4b9c-970c-5332e83eb8e6,Jose Alvarez,FL,D,lower,46,1.055,0.2363,2022,matched,,,0.2363,
ocd-person/6c673f21-8f64-44b7-831f-d3d2e9c78eb3,Juan Porras,FL,R,lower,119,1.052,0.237,2022,matched,,,0.237,
ocd-person/09ff6379-dbcc-4aa2-bc70-0b2fa9fd69ec,Judson Sapp,FL,R,lower,20,-0.932,0.733,2022,matched,,,0.733,
ocd-person/d1296445-72e8-45e5-ad0e-4443275176ef,Karen Gonzalez Pittman,FL,R,lower,65,,,,unmatched,,,,
ocd-person/ae123d54-1076-49b2-84f9-2897b7d60ebd,Kathleen Passidomo,FL,R,upper,28,0.963,0.2592,2022,matched,,,0.2592,
ocd-person/43356d29-3396-423e-9286-f7bd1e52ebde,Kaylee Tuck,FL,R,lower,83,0.973,0.2568,2022,matched,,,0.2568,
ocd-person/9c87088c-e5a4-4902-b3cb-4477e062de66,Keith Truenow,FL,R,upper,13,,,,unmatched,,,,
ocd-person/8eff1a19-557d-4a5d-8a3b-c77015a7babe,Kelly Skidmore,FL,D,lower,92,-0.441,0.6102,2022,matched,,,0.6102,
ocd-person/313e81ee-19af-4d9d-9186-fbbca7e6d65d,Kevin Chambliss,FL,D,lower,117,-0.724,0.681,2022,matched,,,0.681,
ocd-person/7cf27467-9070-4d4a-9a45-24bfe980dfb8,Kevin Steele,FL,R,lower,55,0.964,0.259,2022,matched,,,0.259,
ocd-person/d6c0ddf5-2821-4510-83d1-da9eb422739a,Kim Berfield,FL,R,lower,58,0.588,0.353,2022,matched,,,0.353,
ocd-person/469b8c3d-5133-43c1-8598-b63ea936f135,Kim Daniels,FL,D,lower,14,-0.402,0.6005,2022,matched,,,0.6005,
ocd-person/e809e1f7-641f-47c7-8754-964f1ceae10d,Kim Kendall,FL,R,lower,18,,,,unmatched,,,,
ocd-person/efa5f0b9-e10e-4ae0-a352-db879b1e0d3b,Kiyan Michael,FL,R,lower,16,1.034,0.2415,2022,matched,,,0.2415,
ocd-person/e4a84025-e4fd-4d36-8e12-64bd9f61ed6d,Kristen Arrington,FL,D,upper,25,,,,unmatched,,,,
ocd-person/2f86f22f-b277-4441-b322-b1fbfb017b74,LaVon Bracy Davis,FL,D,upper,15,-0.667,0.6667,2022,matched,,,0.6667,
ocd-person/f835385b-0837-4cfc-a81c-54982ba185d7,Lauren Melo,FL,R,lower,82,1.008,0.248,2022,matched,,,0.248,
ocd-person/56263ea0-3c5c-45cb-998d-ac7cf8db5446,Lawrence McClure,FL,R,lower,68,1.034,0.2415,2022,matched,,,0.2415,
ocd-person/69e5941c-0def-4c79-a33e-c318ff516c9a,Leonard Spencer,FL,D,lower,45,,,,unmatched,,,,
ocd-person/7d59a4fe-d0f1-43a8-93b4-bcd3b7fe5b4e,Linda Chaney,FL,R,lower,61,1.044,0.239,2022,matched,,,0.239,
ocd-person/8bcd1df3-2697-42a9-842a-f3cced1fcb0f,Lindsay Cross,FL,D,lower,60,-0.799,0.6997,2022,matched,,,0.6997,
ocd-person/314f9b75-2167-4b73-b7b8-9c7dee31aaee,Lisa Dunkley,FL,D,lower,97,0.381,0.4047,2022,matched,,,0.4047,
ocd-person/762d321c-5bbe-4513-b9f0-7e3d8a6972f5,Lori Berman,FL,D,upper,26,-0.507,0.6268,2022,matched,,,0.6268,
ocd-person/3038008c-cb9b-4735-92b4-b8f2be9c5d8e,Mack Bernard,FL,D,upper,24,,,,unmatched,,,,
ocd-person/5eb39c7e-3582-4269-a012-7a88c54623c9,Marie Woodson,FL,D,lower,105,-0.741,0.6853,2022,matched,,,0.6853,
ocd-person/7079537f-b144-4304-b389-8e572e62e1c9,Meg Weinberger,FL,R,lower,94,,,,unmatched,,,,
ocd-person/fc683ed7-c458-46b4-a133-6ab6916237d0,Michael Owen,FL,R,lower,70,1.071,0.2323,2020,matched,,,0.2323,
ocd-person/9b6f17f5-ec19-4302-8a45-2b40175bb39b,Michele Rayner,FL,D,lower,62,-0.853,0.7132,2022,matched,,,0.7132,
ocd-person/a3c0aa9f-c261-4904-b73b-4dc127778222,Michelle Salzman,FL,R,lower,1,0.559,0.3602,2022,matched,,,0.3602,
ocd-person/9a44c892-cd4a-452b-88cb-435e8ece8d82,Mike Giallombardo,FL,R,lower,79,0.946,0.2635,2022,matched,,,0.2635,
ocd-person/1c170657-03fb-4ab7-ae9f-f8e83568471e,Mike Gottlieb,FL,D,lower,102,-0.712,0.678,2022,matched,,,0.678,
ocd-person/a4a0a7bf-62c4-412e-9501-007d712009ca,Mike Redondo,FL,R,lower,118,,,,unmatched,,,,
ocd-person/04a025da-737a-4580-9c0f-64531e9cbbec,Mitch Rosenwald,FL,D,lower,98,,,,unmatched,,,,
ocd-person/4a001cb2-e0ab-4036-a85d-b4f8ab3664cc,Monique Miller,FL,R,lower,33,1.1,0.225,2018,matched,,,0.225,
ocd-person/609d82db-51d0-4705-a6c4-4d0bd487a61f,Nan Cobb,FL,R,lower,26,,,,unmatched,,,,
ocd-person/7fa0c00f-c006-401c-88e7-06485e394c34,Nathan Boyles,FL,R,lower,3,,,,unmatched,,,,
ocd-person/618247ea-caa1-462c-a29a-636c1720fd14,Nick DiCeglie,FL,R,upper,18,0.971,0.2572,2022,matched,,,0.2572,
ocd-person/4bae75ba-b3df-4780-984b-144ae4d80a77,Omar Blanco,FL,R,lower,115,0.578,0.3555,2020,matched,,,0.3555,
ocd-person/ed56c597-3652-45a5-9c01-de0bf3eb8ab9,Patt Maney,FL,R,lower,4,0.956,0.261,2022,matched,,,0.261,
ocd-person/0a0ec0a3-4f1d-4cd8-b790-d51bff717798,Paula Stark,FL,R,lower,47,0.9,0.275,2022,matched,,,0.275,
ocd-person/ab654947-84ed-4526-9b00-487642499106,Peggy Gossett-Seidman,FL,R,lower,91,,,,unmatched,,,,
ocd-person/ff372569-d6f5-4bd0-8d36-569a7458f3e2,RaShon Young,FL,D,lower,40,,,,unmatched,,,,
ocd-person/1b25c111-e59b-429e-a6b7-fd22a38c1581,Rachel Plakon,FL,R,lower,36,0.986,0.2535,2022,matched,,,0.2535,
ocd-person/6d1623ae-0b24-4007-9c0f-af352ea22180,Ralph Massullo,FL,R,upper,11,,,,unmatched,,,,
ocd-person/2a415c08-da66-402b-ada6-93390a5df820,Randy Maggard,FL,R,lower,54,0.98,0.255,2022,matched,,,0.255,
ocd-person/c95a0c72-09d5-40dc-8df8-a865051b9ea0,Richard Gentry,FL,R,lower,27,,,,unmatched,,,,
ocd-person/ca476441-7c7a-4f21-ba55-207c21a7d51d,Rita Harris,FL,D,lower,44,-1.625,0.9062,2022,matched,,,0.9062,
ocd-person/50be2c32-37ea-4b93-9525-21d7b6f0b463,Rob Long,FL,D,lower,90,-0.852,0.713,2020,matched,,,0.713,
ocd-person/c63b8e5e-fd63-45a1-b7e9-16595039f34a,Robbie Brackett,FL,R,lower,34,0.957,0.2608,2022,matched,,,0.2608,
ocd-person/67c201cf-9aaa-4a06-8dda-28e93ea27f6b,Robin Bartleman,FL,D,lower,103,-0.623,0.6558,2022,matched,,,0.6558,
ocd-person/284392c5-5708-4014-9ea1-9552536c5a3e,Ron DeSantis,FL,R,executive,,,,,unmatched,,,,
ocd-person/3194701f-dfa8-40e9-9081-56aa20c63f6e,Rosalind Osgood,FL,D,upper,32,-0.667,0.6667,2022,matched,,,0.6667,
ocd-person/baa03ffb-0948-4975-9e3a-c3fb9c0fcf40,Ryan Chamberlin,FL,R,lower,24,,,,unmatched,,,,
ocd-person/965e180a-177f-49ac-baba-0f0c7fe9a836,Sam Garrison,FL,R,lower,11,0.963,0.2592,2022,matched,,,0.2592,
ocd-person/2da96449-663b-48ed-ab70-ef4e433afda3,Sam Greco,FL,R,lower,19,,,,unmatched,,,,
ocd-person/6e6024d7-d66b-437d-b4a7-1e96bc365d5d,Samantha Scott,FL,R,lower,52,,,,unmatched,,,,
ocd-person/c844e345-f2a8-42fa-9ef9-d278bcb8fa4c,Shane Abbott,FL,R,lower,5,0.982,0.2545,2022,matched,,,0.2545,
ocd-person/a8a2eaa4-449b-441f-96bb-d8a3e8191479,Shev Jones,FL,D,upper,34,-0.858,0.7145,2022,matched,,,0.7145,
ocd-person/5844fc0a-b2d2-4a09-baa7-6774e684326a,Stan McClain,FL,R,upper,9,,,,unmatched,,,,
ocd-person/a5af681e-9679-4fed-83a3-ed16405055cb,Susan Plasencia,FL,R,lower,37,1.081,0.2298,2022,matched,,,0.2298,
ocd-person/811dfa67-2615-4d45-9cf9-bd1a587a34fe,Susan Valdés,FL,R,lower,64,,,,unmatched,,,,
ocd-person/bb2ae855-2e7a-4744-9271-a8ae1af89428,Tae Edmonds,FL,D,lower,88,-0.605,0.6512,2022,matched,,,0.6512,
ocd-person/4ba15ff2-a717-4ea5-ad72-34e673ef63d8,Taylor Yarkosky,FL,R,lower,25,0.988,0.253,2022,matched,,,0.253,
ocd-person/36219a90-2f5f-4ac6-b6ad-04139103c70c,Tiffany Esposito,FL,R,lower,77,0.961,0.2598,2022,matched,,,0.2598,
ocd-person/8c728fd0-2a3b-48ea-88a9-c7d675eb05d0,Tina Polsky,FL,D,upper,30,-0.468,0.617,2022,matched,,,0.617,
ocd-person/a44181b6-df0b-466d-9989-d369083201aa,Toby Overdorf,FL,R,lower,85,1.053,0.2368,2022,matched,,,0.2368,
ocd-person/35f68144-b99b-4f86-b223-726897926bfa,Tom Fabricio,FL,R,lower,110,0.95,0.2625,2022,matched,,,0.2625,
ocd-person/04066eef-919c-4dc9-a655-ebc5e185f0c7,Tom Leek,FL,R,upper,7,,,,unmatched,,,,
ocd-person/4ae2bacf-d265-42a5-888d-5050015a6602,Tommy Wright,FL,R,upper,8,0.961,0.2598,2022,matched,,,0.2598,
ocd-person/217f848d-99c2-43aa-98d2-6fee2812c1e6,Traci Koster,FL,R,lower,66,0.986,0.2535,2022,matched,,,0.2535,
ocd-person/03362949-948c-415d-a5b6-f99e8fbc6495,Tracie Davis,FL,D,upper,5,-0.667,0.6667,2022,matched,,,0.6667,
ocd-person/ac26aaa6-1f59-4893-ae7f-30f5d2e5d8fc,Tyler Sirois,FL,R,lower,31,0.969,0.2578,2022,matched,,,0.2578,
ocd-person/2d1c1c14-3ff1-468e-920a-07a081df4775,Vanessa Oliver,FL,R,lower,76,-0.838,0.7095,2020,matched,,,0.7095,
ocd-person/7cba4eb9-69b5-431d-817e-41f54ccf9ceb,Wallace Aristide,FL,D,lower,107,,,,unmatched,,,,
ocd-person/f2b23850-7feb-484e-8ed2-68e2f6108fbf,Webster Barnaby,FL,R,lower,29,1.136,0.216,2022,matched,,,0.216,
ocd-person/042b27f1-ec82-497e-958c-ebe5da28b706,Will Robinson,FL,R,lower,71,0.944,0.264,2022,matched,,,0.264,
ocd-person/17ae3cd7-1aa0-44b4-baab-ed839b6776a6,Wyman Duggan,FL,R,lower,12,1.065,0.2338,2022,matched,,,0.2338,
ocd-person/88aacea0-124a-4980-b046-90cfb0cda4db,Yvette Benarroch,FL,R,lower,81,,,,unmatched,,,,
ocd-person/0f5d2710-6b7c-4444-8a45-ea3e917805ba,Yvonne Hinson,FL,D,lower,21,-0.972,0.743,2022,matched,,,0.743,
ocd-person/938f2479-c51f-446a-87f0-76d4f07c61e5,Akbar Ali,GA,D,lower,106,,,,unmatched,,,,
ocd-person/a5a0998b-3837-4c4e-a66b-a567dc2f9d77,Al Williams,GA,D,lower,168,-0.568,0.642,2022,matched,,,0.642,
ocd-person/bb48e87c-29db-4a4d-a278-fa299be2020e,Alan Powell,GA,R,lower,33,0.26,0.435,2022,matched,,,0.435,
ocd-person/b001a55f-61fa-4e62-85fd-ac6c282f2711,Angela Moore,GA,D,lower,91,-1.555,0.8887,2022,matched,,,0.8887,
ocd-person/1d0deded-daaa-425b-b6aa-3612492dca5b,Angie O'Steen,GA,R,lower,169,,,,unmatched,,,,
ocd-person/e16d6516-badc-4682-9e3a-84f30a44b060,Anne Westbrook,GA,D,lower,163,-0.908,0.727,2020,matched,,,0.727,
ocd-person/3b3da57c-2f96-4a94-a7bc-eb6a814cc627,Arlene Beckles,GA,D,lower,96,,,,unmatched,,,,
ocd-person/fd2717f1-6294-4601-a027-8fc41195372c,Ben Watson,GA,R,upper,1,1.18,0.205,2022,matched,,,0.205,
ocd-person/e4e40f68-0970-4392-b739-3c68f749bcdc,Beth Camp,GA,R,lower,135,1.168,0.208,2022,matched,,,0.208,
ocd-person/8b4b00cb-6f78-4b69-b788-796b19d94752,Bethany Ballard,GA,R,lower,147,1.271,0.1823,2022,matched,,,0.1823,
ocd-person/c2c81ffc-f4b1-40f4-96b0-6309f89902ee,Betsy Holland,GA,D,lower,54,-0.823,0.7057,2022,matched,,,0.7057,
ocd-person/4dc87191-fa52-4c2f-bc9c-8823a8b4c882,Bill Cowsert,GA,R,upper,46,1.157,0.2107,2022,matched,,,0.2107,
ocd-person/f2444048-8c14-45b2-b700-37f7899fa5bb,Bill Fincher,GA,R,lower,23,0.511,0.3722,2020,matched,,,0.3722,
ocd-person/4a9ef816-9130-4510-a19e-3124e3f2aeed,Bill Hitchens,GA,R,lower,161,1.131,0.2172,2022,matched,,,0.2172,
ocd-person/adefd0ba-43cd-4aae-9321-12f67e57ac8a,Bill Werkheiser,GA,R,lower,157,1.082,0.2295,2022,matched,,,0.2295,
ocd-person/23dfc274-73d1-45df-b381-67e597cf0b84,Bill Yearta,GA,R,lower,152,1.063,0.2343,2022,matched,,,0.2343,
ocd-person/449db918-10b7-4fa7-a047-eb9de416dce3,Billy Hickman,GA,R,upper,4,1.081,0.2298,2022,matched,,,0.2298,
ocd-person/96307d79-07d4-4f59-9dd3-b7f994d566d5,Billy Mitchell,GA,D,lower,88,1.117,0.2208,2022,matched,,,0.2208,
ocd-person/e9c5a2fc-3354-49e1-ac29-783502155fe7,Blake Tillery,GA,R,upper,19,1.189,0.2027,2022,matched,,,0.2027,
ocd-person/60bb96c4-f20c-4918-b88b-d7857341e5f4,Bo Hatchett,GA,R,upper,50,1.041,0.2398,2022,matched,,,0.2398,
ocd-person/02e75ac0-4350-4305-980e-8dc0462c5cc1,Brad Raffensperger,GA,R,executive,,,,,unmatched,,,,
ocd-person/933a841a-19d6-42c2-a046-991ff9903a23,Brad Thomas,GA,R,lower,21,0.982,0.2545,2022,matched,,,0.2545,
ocd-person/c0b205e2-1542-4802-896d-fa7b2b6fc4d9,Brent Cox,GA,R,lower,28,1.402,0.1495,2022,matched,,,0.1495,
ocd-person/600e5c48-f5c0-4535-a219-60a5fd94c38f,Brian Kemp,GA,R,executive,,,,,unmatched,,,,
ocd-person/a53e6bbd-a5b8-436b-94ae-bebf957c5b61,Brian Prince,GA,D,lower,132,-0.608,0.652,2022,matched,,,0.652,
ocd-person/3a5721a0-d848-40d0-a48a-66b797e7d7d9,Brian Strickland,GA,R,upper,42,0.507,0.3732,2022,matched,,,0.3732,
ocd-person/13b7af1b-5b56-481b-a81a-2001846188a6,Bruce Williamson,GA,R,lower,112,1.19,0.2025,2022,matched,,,0.2025,
ocd-person/b1187e7a-8cea-4e91-9c9f-7c7c61df3c85,Bryce Berry,GA,D,lower,56,,,,unmatched,,,,
ocd-person/d40576ac-fbc0-4b42-98ee-f6362063784d,Buddy DeLoach,GA,R,lower,167,1.067,0.2333,2022,matched,,,0.2333,
ocd-person/ddfab174-3a42-42c0-946e-0ce3169c4d1b,Burt Jones,GA,R,executive,,,,,unmatched,,,,
ocd-person/842218b5-88ae-4ba8-8395-756bf3340e16,Butch Parrish,GA,R,lower,158,0.256,0.436,2022,matched,,,0.436,
ocd-person/98850c9f-1c37-4177-9ad8-17d2b4d3c8d4,Carden Summers,GA,R,upper,13,1.105,0.2238,2022,matched,,,0.2238,
ocd-person/562e162f-2a60-441c-956b-11db12eef266,Carl Gilliard,GA,D,lower,162,0.76,0.31,2022,matched,,,0.31,
ocd-person/3646e872-85a6-4383-97c5-36ff96ca7113,Carmen Rice,GA,R,lower,139,,,,unmatched,,,,
ocd-person/0f5a9273-2fc6-458f-af59-b75070a1dc76,Carolyn Hugley,GA,D,lower,141,-0.221,0.5553,2022,matched,,,0.5553,
ocd-person/72370a62-92f4-46f1-ab7b-193a643085b8,Carter Barrett,GA,R,lower,24,0.997,0.2508,2022,matched,,,0.2508,
ocd-person/0d75f0d9-0242-4f72-b4f3-1cd085eb26b6,Charlice Byrd,GA,R,lower,20,1.256,0.186,2022,matched,,,0.186,
ocd-person/cba2f06c-773c-49d3-949c-b1a2db377c21,Chas Cannon,GA,R,lower,172,-0.82,0.705,2022,matched,,,0.705,
ocd-person/57002bfc-2ba0-48cd-85d4-94673c5bf75a,Chris Carr,GA,R,executive,,,,,unmatched,,,,
ocd-person/d79c3e9b-b73d-416b-9bfd-8a0338d8256c,Chris Erwin,GA,R,lower,32,1.042,0.2395,2022,matched,,,0.2395,
ocd-person/3ff894cb-f2e4-47d0-9f67-b125245a10c3,Chuck Efstration,GA,R,lower,104,1.144,0.214,2022,matched,,,0.214,
ocd-person/b11d0191-cd84-4a93-add6-ee65494caff2,Chuck Hufstetler,GA,R,upper,52,1.112,0.222,2022,matched,,,0.222,
ocd-person/42517dd7-eccb-4d22-a795-cbd010b69ee6,Chuck Martin,GA,R,lower,49,1.181,0.2047,2022,matched,,,0.2047,
ocd-person/1ac93f89-f367-4de3-82ba-79fa78d4d134,Chuck Payne,GA,R,upper,54,1.079,0.2303,2022,matched,,,0.2303,
ocd-person/e1a9102d-f845-47f5-882e-e344eef060ec,Clint Crowe,GA,R,lower,118,1.207,0.1982,2022,matched,,,0.1982,
ocd-person/17a7e011-73f2-4ac5-8470-3436b47a6744,Clint Dixon,GA,R,upper,45,1.045,0.2388,2022,matched,,,0.2388,
ocd-person/ec6cf250-ebcc-4dda-89a5-12da9ebbe51a,Dale Washburn,GA,R,lower,144,0.989,0.2528,2022,matched,,,0.2528,
ocd-person/1a9598cc-056f-4725-a3fb-64c3f0fd26ed,Danny Mathis,GA,R,lower,133,1.064,0.234,2022,matched,,,0.234,
ocd-person/1f94316e-fb58-401f-bbfc-5ada0a717b6b,Dar'shun Kendrick,GA,D,lower,95,-0.795,0.6987,2022,matched,,,0.6987,
ocd-person/d00eb950-0fb6-41ab-ae22-8e9ce84d7cf0,Darlene Taylor,GA,R,lower,173,1.201,0.1997,2022,matched,,,0.1997,
ocd-person/ad18dba4-9247-4542-95b1-2ccef815dbc7,David Clark,GA,R,lower,100,1.046,0.2385,2022,matched,,,0.2385,
ocd-person/9bcfa0eb-ee7d-4762-9555-7bc4a67d6417,David Huddleston,GA,R,lower,72,,,,unmatched,,,,
ocd-person/0f288c5b-484a-4b70-8209-0a23f922edd1,David Jenkins,GA,R,lower,136,,,,unmatched,,,,
ocd-person/4b05e770-4423-4b64-8ae1-9600e8c73244,David Lucas,GA,D,upper,26,-0.386,0.5965,2022,matched,,,0.5965,
ocd-person/9a8e7b0c-3c19-473f-b04a-d3a17037af0a,David Sampson,GA,D,lower,153,1.627,0.0932,2018,matched,,,0.0932,
ocd-person/83a7bbf2-d69c-4813-bbeb-52820e6b9af4,David Wilkerson,GA,D,lower,38,-0.664,0.666,2022,matched,,,0.666,
ocd-person/5061bc6b-83af-46d0-a78d-30ebe10a63db,Debbie Buckner,GA,D,lower,137,-0.48,0.62,2022,matched,,,0.62,
ocd-person/b824f8fd-7343-449d-8027-fcd0afaf1949,Deborah Silcox,GA,R,lower,53,1.17,0.2075,2020,matched,,,0.2075,
ocd-person/1bb8d14b-9d5d-4edd-8c93-37e95991a8e4,Debra Bazemore,GA,D,lower,69,-0.611,0.6527,2022,matched,,,0.6527,
ocd-person/016fb7f0-2b08-4587-b7f2-8d18c1d9b8f5,Demetrius Douglas,GA,D,lower,78,0.063,0.4843,2022,matched,,,0.4843,
ocd-person/73918c45-83c1-4d52-a84d-3ad7ad8de40b,Derek Mallow,GA,D,upper,2,0.536,0.366,2022,matched,,,0.366,
ocd-person/9046fcb2-f3eb-4233-bd92-32c94e60f9df,Derrick Jackson,GA,D,lower,68,-0.861,0.7152,2020,matched,,,0.7152,
ocd-person/3a323603-753e-4380-993c-9bb2a7fc55f3,Derrick McCollum,GA,R,lower,30,1.272,0.182,2020,matched,,,0.182,
ocd-person/8f76af22-98dc-4e1e-ba99-75b87c1129d6,Devan Seabaugh,GA,R,lower,34,1.016,0.246,2022,matched,,,0.246,
ocd-person/8afda706-7afa-462c-89f2-0d6d5da010ff,Dewey McClain,GA,D,lower,109,-0.619,0.6547,2022,matched,,,0.6547,
ocd-person/efb9168c-b45a-4f43-bba5-d6f05e7d9cbe,Doc Rhett,GA,D,upper,33,-0.741,0.6853,2022,matched,,,0.6853,
ocd-person/81dde544-49e9-4fb0-9313-32eacaf6194b,Don Parsons,GA,R,lower,44,1.225,0.1937,2022,matched,,,0.1937,
ocd-person/7f88fadb-2f51-48c7-8ae5-e20cd2f33e4a,Donzella James,GA,D,upper,28,-0.401,0.6002,2022,matched,,,0.6002,
ocd-person/818f1afb-2850-448e-99c1-be63a9acfe95,Doreen Carter,GA,D,lower,93,-0.781,0.6953,2022,matched,,,0.6953,
ocd-person/6be704ef-6250-4e08-86d3-f5fa2e1eebf3,Drew Echols,GA,R,upper,49,1.224,0.194,2022,matched,,,0.194,
ocd-person/4cf7c975-678b-4e21-9877-6d22d7b37916,Ed Harbison,GA,D,upper,15,-0.055,0.5138,2022,matched,,,0.5138,
ocd-person/777f58bb-9d6b-4755-ab7b-b94d11629cb5,Ed Setzler,GA,R,upper,37,1.201,0.1997,2022,matched,,,0.1997,
ocd-person/f33d979c-554c-433e-ad0f-837eef1da589,Eddie Lumsden,GA,R,lower,12,1.092,0.227,2022,matched,,,0.227,
ocd-person/18427775-e3e7-4730-bb6f-722616e6aebe,Edna Jackson,GA,D,lower,165,0.289,0.4278,2022,matched,,,0.4278,
ocd-person/4615e308-db74-408f-89df-02be56b5013b,El-Mahdi Holly,GA,D,lower,116,-0.845,0.7112,2022,matched,,,0.7112,
ocd-person/3f15ad5e-877d-44aa-b5b3-b24587c42685,Elena Parent,GA,D,upper,44,-0.471,0.6178,2022,matched,,,0.6178,
ocd-person/acc7c167-6251-4ce8-8021-511acfa291ef,Emanuel Jones,GA,D,upper,10,-0.289,0.5723,2022,matched,,,0.5723,
ocd-person/3b2b9f31-6859-4582-8d82-581597c0c178,Emory Dunahoo,GA,R,lower,31,0.453,0.3867,2022,matched,,,0.3867,
ocd-person/fe4b934e-8976-4c62-bcb0-ed8ae9782560,Eric Bell,GA,D,lower,75,-1.398,0.8495,2020,matched,,,0.8495,
ocd-person/abece831-30a8-4cf8-94ff-d41f7f48197f,Eric Gisler,GA,D,lower,121,,,,unmatched,,,,
ocd-person/bdc621be-7296-4383-8c45-b4533d1c106c,Esther Panitch,GA,D,lower,51,,,,unmatched,,,,
ocd-person/b261086c-7b16-4a8e-82a6-22df4445af84,Floyd Griffin,GA,D,lower,149,,,,unmatched,,,,
ocd-person/9e417b67-da09-4516-b858-6b2458f53633,Frank Ginn,GA,R,upper,47,1.225,0.1937,2022,matched,,,0.1937,
ocd-person/dc99efc3-076b-4d00-b4b0-66a0507a4057,Gabe Okoye,GA,D,lower,102,,,,unmatched,,,,
ocd-person/bd990496-ea34-4b79-8d6f-68cfed424c15,Gabriel Sanchez,GA,D,lower,42,,,,unmatched,,,,
ocd-person/df023a79-0194-4d1a-8755-5dee4053e1cc,Gail Davenport,GA,D,upper,17,-0.587,0.6467,2022,matched,,,0.6467,
ocd-person/47fd36f3-f5d4-4ef6-a429-1ffc7681e233,Gary Richardson,GA,R,lower,125,,,,unmatched,,,,
ocd-person/570a213a-a475-4fd3-ac36-23e1bd1190be,Gerald Greene,GA,R,lower,154,0.522,0.3695,2022,matched,,,0.3695,
ocd-person/be05ace3-ea73-4f3f-85ae-c5ed313d4cbe,Ginny Ehrhart,GA,R,lower,36,1.015,0.2463,2022,matched,,,0.2463,
ocd-person/1f7d013a-8861-4e08-b6bf-7c8d36f8107c,Greg Dolezal,GA,R,upper,27,1.029,0.2428,2022,matched,,,0.2428,
ocd-person/d7bfd125-d343-4acd-a4dc-480daf241af3,Harold Jones,GA,D,upper,22,-0.503,0.6258,2018,matched,,,0.6258,
ocd-person/b39e2164-d570-45f2-b271-5e2fbe99c8d6,Holt Persinger,GA,R,lower,119,,,,unmatched,,,,
ocd-person/e73cb2a6-bf3e-4211-a386-142c18a4f607,Houston Gaines,GA,R,lower,120,1.141,0.2147,2022,matched,,,0.2147,
ocd-person/2a68d594-e7d5-49cd-b615-6efb872430c3,Imani Barnes,GA,D,lower,86,-0.926,0.7315,2022,matched,,,0.7315,
ocd-person/f02d369f-2d48-4d8d-853d-77ce5a8810fc,Inga Willis,GA,D,lower,55,,,,unmatched,,,,
ocd-person/37602f7b-947e-4067-8f2e-b2fec620643e,Jaclyn Ford,GA,R,lower,170,,,,unmatched,,,,
ocd-person/fcd57129-480c-4fba-a0d1-7fb369706611,Jaha Howard,GA,D,upper,35,-0.845,0.7112,2018,matched,,,0.7112,
ocd-person/dbce462d-74e3-42d3-bd6c-3b9f8eeb69fe,James Burchett,GA,R,lower,176,0.632,0.342,2022,matched,,,0.342,
ocd-person/85740034-23b0-4001-9190-8948bd9f3b37,Jan Jones,GA,R,lower,47,1.217,0.1957,2022,matched,,,0.1957,
ocd-person/0461f02b-df18-4984-8b3b-ada287879d0a,Jasmine Clark,GA,D,lower,108,-0.882,0.7205,2022,matched,,,0.7205,
ocd-person/cb7d8c1d-3c26-4f35-8d37-d1cf8a7ce207,Jason Anavitarte,GA,R,upper,31,1.051,0.2373,2022,matched,,,0.2373,
ocd-person/584267b0-e40b-4d6e-a7fe-4c076eb6214c,Jason Dickerson,GA,R,upper,21,,,,unmatched,,,,
ocd-person/594aa971-500b-42a4-9d7a-1ceb4c029220,Jason Ridley,GA,R,lower,6,1.187,0.2032,2022,matched,,,0.2032,
ocd-person/38c596a4-df69-4a56-9329-be73f26bc7d5,Jesse Petrea,GA,R,lower,166,0.688,0.328,2022,matched,,,0.328,
ocd-person/c862c17f-ed00-41d7-97e5-1138f451a96c,Joe Campbell,GA,R,lower,171,1.09,0.2275,2022,matched,,,0.2275,
ocd-person/ac1cac30-3fec-4c56-b172-b483db465a6b,John Albers,GA,R,upper,56,1.176,0.206,2022,matched,,,0.206,
ocd-person/713cac52-0a57-4baa-8273-6eeca5b491df,John Carson,GA,R,lower,46,1.142,0.2145,2022,matched,,,0.2145,
ocd-person/a34c9a5a-f307-4c07-b766-3b3b1148d7b1,John Corbett,GA,R,lower,174,1.129,0.2177,2022,matched,,,0.2177,
ocd-person/9249be26-54d2-467a-88ec-2588b886148d,John LaHood,GA,R,lower,175,0.953,0.2618,2022,matched,,,0.2618,
ocd-person/8106e2d8-e1e3-42a8-b550-fbd2627fa474,Johnny Chastain,GA,R,lower,7,,,,unmatched,,,,
ocd-person/64012657-d026-411c-9525-3232524a5145,Jon Burns,GA,R,lower,159,1.234,0.1915,2022,matched,,,0.1915,
ocd-person/56f28f8a-9296-4e69-9bd4-d0101a42b359,Jordan Ridley,GA,R,lower,22,1.187,0.2032,2022,matched,,,0.2032,
ocd-person/f36d2507-b19a-4ee5-b4f9-5c06df761edf,Joseph Gullett,GA,R,lower,19,1.245,0.1887,2022,matched,,,0.1887,
ocd-person/0e45048c-c1a4-415f-9ee4-5d09ea857e2e,Josh Bonner,GA,R,lower,73,1.062,0.2345,2022,matched,,,0.2345,
ocd-person/b83b0486-773f-4979-a1ce-e2f7f3e6d7e1,Josh McLaurin,GA,D,upper,14,-1.064,0.766,2022,matched,,,0.766,
ocd-person/8b62e64b-bf80-4967-832b-8fb92cd6c4b3,Jutt Howard,GA,R,lower,71,-0.568,0.642,2020,matched,,,0.642,
ocd-person/eb28f991-35c9-4d84-a907-5be56aed1aff,Karen Lupton,GA,D,lower,83,,,,unmatched,,,,
ocd-person/f8db50e0-08ab-406c-ac8b-39c7038ef5ca,Karen Mathiak,GA,R,lower,82,0.946,0.2635,2022,matched,,,0.2635,
ocd-person/27365f19-a138-4a9e-9f6e-11352932e5d5,Karla Drenner,GA,D,lower,85,-0.394,0.5985,2022,matched,,,0.5985,
ocd-person/4b3fdb35-d3fb-40aa-843e-d3900df37ce4,Karlton Howard,GA,D,lower,129,-0.568,0.642,2020,matched,,,0.642,
ocd-person/97a40ea4-674f-4b84-8fd3-8bc2f3b4a35d,Kasey Carpenter,GA,R,lower,4,1.095,0.2263,2022,matched,,,0.2263,
ocd-person/bf68b3dc-ca81-49f9-8e33-fe27317183d3,Katie Dempsey,GA,R,lower,13,1.259,0.1853,2022,matched,,,0.1853,
ocd-person/fc31ab02-026c-4173-86db-570c0b297c64,Kay Kirkpatrick,GA,R,upper,32,1.023,0.2443,2018,matched,,,0.2443,
ocd-person/0a816fbf-e5ec-4056-8b3e-08184400e71b,Kenya Wicks,GA,D,upper,34,,,,unmatched,,,,
ocd-person/2f8621bc-0548-457c-8b0d-9148e14b77fe,Kim Jackson,GA,D,upper,41,-0.847,0.7117,2022,matched,,,0.7117,
ocd-person/eff357d0-3187-4a7b-93fe-2d54d010b093,Kim Schofield,GA,D,lower,63,-0.78,0.695,2022,matched,,,0.695,
ocd-person/275b772e-6407-4aaa-8bd6-ceddad1da7fa,Kimberly Alexander,GA,D,lower,66,-0.864,0.716,2022,matched,,,0.716,
ocd-person/fc1a5e1f-6ce4-47ab-987b-095afa166359,Kimberly New,GA,R,lower,40,,,,unmatched,,,,
ocd-person/1d9bb111-bf4f-4e4f-aa63-a2f6a94b566c,L.C. Myles,GA,D,lower,126,,,,unmatched,,,,
ocd-person/ae6e08e3-6971-4cd2-982a-48d650a343d5,Lanny Thomas,GA,R,upper,53,,,,unmatched,,,,
ocd-person/44a51125-9e82-41f6-8d4f-a646895b5994,Larry Walker,GA,R,upper,20,1.123,0.2193,2022,matched,,,0.2193,
ocd-person/7767ee85-7961-45ba-adc2-c3606b1c39b8,Lauren McDonald,GA,R,lower,26,1.015,0.2463,2022,matched,,,0.2463,
ocd-person/e11cecf4-f2e5-49d9-ba9e-47681f779438,Lee Anderson,GA,R,upper,24,1.364,0.159,2022,matched,,,0.159,
ocd-person/69493144-3e3e-49a8-9e1f-f9a948fd0ff3,Lee Hawkins,GA,R,lower,27,1.389,0.1527,2022,matched,,,0.1527,
ocd-person/df874c28-6403-42c1-9cbb-0855508cda85,Leesa Hagan,GA,R,lower,156,1.169,0.2077,2022,matched,,,0.2077,
ocd-person/6971bb34-9ea4-4bdc-971e-c1a2c5de344c,Lehman Franklin,GA,R,lower,160,1.143,0.2142,2022,matched,,,0.2142,
ocd-person/3a23acfd-5ce6-4e47-b641-1efdab05bdca,Lisa Campbell,GA,D,lower,35,-0.864,0.716,2022,matched,,,0.716,
ocd-person/7475f989-a4f9-4ac8-9188-26903a012d71,Long Tran,GA,D,lower,80,,,,unmatched,,,,
ocd-person/ee575d7a-b5a1-419c-949d-4aa9290a67a1,Lydia Glaize,GA,D,lower,67,-1.753,0.9383,2022,matched,,,0.9383,
ocd-person/945875f7-f3c5-4c75-acd6-a195a0f76b12,Lynn Smith,GA,R,lower,70,1.168,0.208,2022,matched,,,0.208,
ocd-person/8e209d95-2333-4aa2-a628-1bdcec0674f5,Mack Jackson,GA,D,lower,128,0.029,0.4928,2018,matched,,,0.4928,
ocd-person/5e12fb82-1f69-46df-9ac5-a09ce51dd95b,Mark Newton,GA,R,lower,127,1.059,0.2353,2022,matched,,,0.2353,
ocd-person/6552dd8d-1020-4bbb-abfc-88975573ebd4,Martin Momtahan,GA,R,lower,17,1.275,0.1813,2022,matched,,,0.1813,
ocd-person/078246e9-90b8-43aa-bb92-d7016f517b8e,Marty Harbin,GA,R,upper,16,0.674,0.3315,2022,matched,,,0.3315,
ocd-person/9531d502-440c-48db-83c4-70dfbe9a9ea1,Marvin Lim,GA,D,lower,98,-0.893,0.7232,2022,matched,,,0.7232,
ocd-person/7deae3f1-5548-4afe-9018-e8112945fd8d,Mary Ann Santos,GA,D,lower,117,,,,unmatched,,,,
ocd-person/4aec761f-5117-4f43-a487-9d77418f0bfa,Mary Frances Williams,GA,D,lower,37,-0.81,0.7025,2022,matched,,,0.7025,
ocd-person/e6ca1b23-0972-4df6-ab04-6186cf9da814,Mary Margaret Oliver,GA,D,lower,84,-0.212,0.553,2022,matched,,,0.553,
ocd-person/9103b29e-964b-4637-9304-0e73216d7796,Matt Barton,GA,R,lower,5,0.953,0.2618,2022,matched,,,0.2618,
ocd-person/81b84318-8c9f-467f-a7c1-776d9c415f51,Matt Brass,GA,R,upper,6,1.105,0.2238,2022,matched,,,0.2238,
ocd-person/99f0a2a7-8817-4756-a40e-575e259890e7,Matt Dubnik,GA,R,lower,29,1.097,0.2258,2022,matched,,,0.2258,
ocd-person/c81779f3-65bf-4714-b295-79cac3b0da28,Matt Hatchett,GA,R,lower,155,1.211,0.1972,2022,matched,,,0.1972,
ocd-person/0f4f3c5a-1192-4ec1-9698-4aef005b4875,Matt Reeves,GA,R,lower,99,1.12,0.22,2022,matched,,,0.22,
ocd-person/909e9026-e549-494b-be99-e8562a389e0c,Matthew Gambill,GA,R,lower,15,0.982,0.2545,2022,matched,,,0.2545,
ocd-person/918888ac-edc7-4178-9133-d058f0f21010,Max Burns,GA,R,upper,23,1.083,0.2293,2022,matched,,,0.2293,
ocd-person/f0af2586-d535-4e44-bcaa-65239f9390b1,Mekyah McQueen,GA,D,lower,61,,,,unmatched,,,,
ocd-person/68185f1d-fa54-4571-b305-fcd6c7dc024e,Michael Smith,GA,D,lower,41,-0.951,0.7378,2022,matched,,,0.7378,
ocd-person/48b46caf-d38e-46ab-96ff-c268e23a7d76,Michelle Au,GA,D,lower,50,-0.88,0.72,2022,matched,,,0.72,
ocd-person/f4f9be12-5d7c-4fae-8b7b-9e9d19d2282f,Mike Cameron,GA,R,lower,1,1.301,0.1748,2022,matched,,,0.1748,
ocd-person/1831cc73-e694-4cea-83a4-b55c3495f76a,Mike Cheokas,GA,R,lower,151,0.467,0.3832,2022,matched,,,0.3832,
ocd-person/011995be-4dd0-43b2-ae75-57ae45f53576,Mike Hodges,GA,R,upper,3,,,,unmatched,,,,
ocd-person/bad14891-c7bc-4ac4-b23a-fb5ae3878d67,Miriam Paris,GA,D,lower,142,-0.523,0.6308,2020,matched,,,0.6308,
ocd-person/c4c6c741-0cb4-4179-b46d-9983421b8fdd,Mitchell Horner,GA,R,lower,3,,,,unmatched,,,,
ocd-person/7ac30a66-1649-4a8c-a72f-a4b9a7ab1534,Mitchell Scoggins,GA,R,lower,14,1.011,0.2473,2022,matched,,,0.2473,
ocd-person/bf2c1ec5-d995-4605-85ac-139adb037d99,Nan Orrock,GA,D,upper,36,-0.54,0.635,2022,matched,,,0.635,
ocd-person/57ad1f65-9969-4be2-b262-684bf53123fb,Nikki Merritt,GA,D,upper,9,-0.935,0.7338,2022,matched,,,0.7338,
ocd-person/55074030-4d64-4da0-b68a-5e3945d00f25,Nissa Jones,GA,D,lower,143,0.895,0.2762,2022,matched,,,0.2762,
ocd-person/3252da04-a17e-4298-b19d-9dd2fbf29ded,Noel Williams,GA,R,lower,148,1.178,0.2055,2022,matched,,,0.2055,
ocd-person/fdf78e39-985f-48c3-8ed3-ccf15946871f,Noelle Kahaian,GA,R,lower,81,,,,unmatched,,,,
ocd-person/dbb81f07-2181-48dd-b383-19870e08d4fd,Omari Crawford,GA,D,lower,89,-1.416,0.854,2022,matched,,,0.854,
ocd-person/5c5ab5cb-54f6-4218-8d1d-a99d36bca436,Park Cannon,GA,D,lower,58,-0.82,0.705,2022,matched,,,0.705,
ocd-person/af51c2db-8871-45a4-803d-314fa2b9d18d,Patty Marie Stinson,GA,D,lower,150,,,,unmatched,,,,
ocd-person/80928bd9-c963-4b21-954c-c62ee9373064,Phil Olaleye,GA,D,lower,59,,,,unmatched,,,,
ocd-person/069fb4fa-766b-40e4-90b7-ce96b4fa2ace,RaShaun Kemp,GA,D,upper,38,,,,unmatched,,,,
ocd-person/8798a822-fee8-4546-bcdd-455f788bef44,Randal Mangham,GA,D,upper,55,,,,unmatched,,,,
ocd-person/6da7fe11-4436-4854-8e1b-4c45dc4cdaac,Randy Robertson,GA,R,upper,29,0.521,0.3698,2022,matched,,,0.3698,
ocd-person/21651856-bba6-49fd-b3f8-8ed1b723e804,Regina Lewis-Ward,GA,D,lower,115,,,,unmatched,,,,
ocd-person/08ee45fd-d3f4-4129-9e7c-27cf52533ed2,Rey Martinez,GA,R,lower,111,,,,unmatched,,,,
ocd-person/e04bd985-5b75-4551-84a1-f9797ac495d2,Rhonda Burnough,GA,D,lower,77,-0.218,0.5545,2022,matched,,,0.5545,
ocd-person/bc40f904-9c20-41d0-80d5-e5645d3e6935,Rhonda Taylor,GA,D,lower,92,-1.188,0.797,2022,matched,,,0.797,
ocd-person/4d1f5379-01e9-4f58-9868-42acc07ec7a8,Rick Jasperse,GA,R,lower,11,1.15,0.2125,2022,matched,,,0.2125,
ocd-person/1da20ad9-1a05-42ab-addb-7fbf295a0e5d,Rick Townsend,GA,R,lower,179,1.191,0.2022,2020,matched,,,0.2022,
ocd-person/c7860bae-9d9c-449c-9903-20230eec50ac,Rick Williams,GA,R,upper,25,1.05,0.2375,2022,matched,,,0.2375,
ocd-person/84eb7371-a332-4534-b3b3-542500c798f8,Rob Clifton,GA,R,lower,131,,,,unmatched,,,,
ocd-person/29210f3f-ec97-47c8-9492-b81154275109,Rob Leverett,GA,R,lower,123,0.535,0.3662,2022,matched,,,0.3662,
ocd-person/5d77204f-89e7-43df-bccb-a08b9956132d,Robert Dawson,GA,D,lower,65,,,,unmatched,,,,
ocd-person/f863b50d-c865-463a-830a-e5648837d9f7,Robert Dickey,GA,R,lower,134,1.16,0.21,2022,matched,,,0.21,
ocd-person/32c3fbdd-4034-47d0-b7ab-0411bd200737,Robert Flournoy,GA,D,lower,74,,,,unmatched,,,,
ocd-person/aeaeb854-ff9c-47cb-8069-395b60ba05b2,Ron Stephens,GA,R,lower,164,0.853,0.2868,2022,matched,,,0.2868,
ocd-person/b90b899d-87f0-43a5-9d15-6e310187ac41,Russ Goodman,GA,R,upper,8,1.043,0.2393,2022,matched,,,0.2393,
ocd-person/d291834f-70cd-48b5-b7db-b05d23d74a4c,Ruwa Romman,GA,D,lower,97,,,,unmatched,,,,
ocd-person/2a66b922-b812-4c45-9786-478187cd5e33,Saira Draper,GA,D,lower,90,-0.905,0.7263,2022,matched,,,0.7263,
ocd-person/218a4fc4-a568-4b78-b350-0d60c6b12d4c,Sally Harrell,GA,D,upper,40,-1.076,0.769,2022,matched,,,0.769,
ocd-person/2ba0916f-40b1-4255-9496-94b12ccabd1e,Sam Park,GA,D,lower,107,-0.858,0.7145,2022,matched,,,0.7145,
ocd-person/cbcdfca3-e47d-4b32-9164-ec0709a134bf,Sam Watson,GA,R,upper,11,1.18,0.205,2022,matched,,,0.205,
ocd-person/21c6cae1-bcd2-4403-ad39-af04b64ce55c,Sandra Scott,GA,D,lower,76,-0.771,0.6927,2022,matched,,,0.6927,
ocd-person/4ab15127-5b7a-40bc-8807-26e8e8a73397,Sandy Donatucci,GA,R,lower,105,,,,unmatched,,,,
ocd-person/91abe321-5ea4-4f17-b8d8-573d7cb913e6,Scott Hilton,GA,R,lower,48,1.044,0.239,2018,matched,,,0.239,
ocd-person/99ef9b20-6b1f-4831-8e58-a523de606cda,Scott Holcomb,GA,D,lower,101,-0.672,0.668,2022,matched,,,0.668,
ocd-person/702658f4-8382-479a-9416-79928239d5e7,Segun Adeyina,GA,D,lower,110,-1.631,0.9078,2022,matched,,,0.9078,
ocd-person/15db25fc-273b-467f-b8f9-897337f40b65,Sharon Cooper,GA,R,lower,45,1.242,0.1895,2022,matched,,,0.1895,
ocd-person/e51d36a7-9684-4540-aae7-a5e60e434681,Sharon Henderson,GA,D,lower,113,-1.488,0.872,2022,matched,,,0.872,
ocd-person/ee145624-3295-4db4-b3ce-9d1583e4ef6e,Shaw Blackmon,GA,R,lower,146,1.129,0.2177,2022,matched,,,0.2177,
ocd-person/314d7845-ba55-4bd4-809a-c7c7aea26690,Shawn Still,GA,R,upper,48,,,,unmatched,,,,
ocd-person/9007dcd9-3246-4cf3-9185-7478b3a9ad7a,Shea Roberts,GA,D,lower,52,-0.884,0.721,2022,matched,,,0.721,
ocd-person/5b6e0e37-802b-4103-b401-551532aba2e7,Sheikh Rahman,GA,D,upper,5,-0.833,0.7083,2020,matched,,,0.7083,
ocd-person/b278b399-5ca3-4cd7-bc19-4053166577a2,Sheila Jones,GA,D,lower,60,-0.55,0.6375,2022,matched,,,0.6375,
ocd-person/059c0e54-cc7b-4605-aee6-58388026a2fb,Sheila Nelson,GA,D,lower,130,-0.421,0.6052,2022,matched,,,0.6052,
ocd-person/5474fbe2-6cdb-4ad2-9831-cdffaca442af,Solomon Adesanya,GA,D,lower,43,-1.421,0.8553,2022,matched,,,0.8553,
ocd-person/2abbbe23-8cb6-4f33-afaf-38ce88a4e10c,Sonya Halpern,GA,D,upper,39,-0.608,0.652,2022,matched,,,0.652,
ocd-person/64721c9b-451c-4bc9-9040-4ca232ffd746,Soo Hong,GA,R,lower,103,1.066,0.2335,2020,matched,,,0.2335,
ocd-person/e6ae8d30-4b1b-4b06-8918-2be6fa7f8108,Spencer Frye,GA,D,lower,122,-0.844,0.711,2022,matched,,,0.711,
ocd-person/fa5d8d09-a0b9-4ba4-93da-a24902530416,Stacey Evans,GA,D,lower,57,-0.528,0.632,2022,matched,,,0.632,
ocd-person/432ef767-d4c8-4736-b2ac-96397205fb3d,Stan Gunter,GA,R,lower,8,0.867,0.2833,2022,matched,,,0.2833,
ocd-person/e2c141e9-9e04-4e2b-8e5b-57db594c7abc,Steve Gooch,GA,R,upper,51,1.224,0.194,2022,matched,,,0.194,
ocd-person/80f4bbdf-02f3-4233-8456-e550e7e745af,Steve Tarvin,GA,R,lower,2,1.388,0.153,2022,matched,,,0.153,
ocd-person/516cb969-9467-490f-9a05-02c3e7decae3,Steven McNeel,GA,R,upper,18,,,,unmatched,,,,
ocd-person/3194a8e0-aaf8-4686-b2c9-a22521f85fff,Steven Meeks,GA,R,lower,178,0.958,0.2605,2022,matched,,,0.2605,
ocd-person/99082062-acd6-4c6b-bb45-2cfa071f19fc,Steven Sainz,GA,R,lower,180,1.083,0.2293,2022,matched,,,0.2293,
ocd-person/cabc1e6f-ba7c-4063-a778-707579f91ec8,Sylvia Wayfer,GA,D,lower,64,,,,unmatched,,,,
ocd-person/c5766526-3a5a-4d33-b5ff-a0d1d358d7ae,Tangie Herring,GA,D,lower,145,,,,unmatched,,,,
ocd-person/6e5432a3-09ed-4813-b11d-e97222bb7e4d,Tanya Miller,GA,D,lower,62,-0.94,0.735,2020,matched,,,0.735,
ocd-person/9fe70ed7-31a0-4732-92b1-54d2a79a4654,Teddy Reese,GA,D,lower,140,,,,unmatched,,,,
ocd-person/aa7405f9-5c37-4ce8-a7eb-ac5949a6e776,Terry Cummings,GA,D,lower,39,-1.627,0.9067,2022,matched,,,0.9067,
ocd-person/93f45299-bfa2-4458-844a-5c6b9bdd8c1d,Tim Bearden,GA,R,upper,30,,,,unmatched,,,,
ocd-person/cf955c60-cbda-4414-9266-3d8dca3553fe,Tim Fleming,GA,R,lower,114,1.095,0.2263,2022,matched,,,0.2263,
ocd-person/45567c87-3ba6-49ec-9ea2-5ebb880aa94c,Todd Jones,GA,R,lower,25,0.895,0.2762,2022,matched,,,0.2762,
ocd-person/d9f1ea57-7b90-484a-9664-927a36c87e0c,Tonya Anderson,GA,D,upper,43,-0.754,0.6885,2022,matched,,,0.6885,
ocd-person/6ac8933e-8dde-4902-8eec-61cc5a91c844,Trey Kelley,GA,R,lower,16,1.147,0.2132,2022,matched,,,0.2132,
ocd-person/9dfc8ec3-0935-4d1d-877d-e05cf7a5dca5,Trey Rhodes,GA,R,lower,124,1.091,0.2273,2022,matched,,,0.2273,
ocd-person/4b162447-89a7-4ffc-acbf-617e1ad87e2a,Tyler Smith,GA,R,lower,18,0.665,0.3337,2022,matched,,,0.3337,
ocd-person/9deeb60b-4d1e-42b8-8052-d2808a30ea9a,Vance Smith,GA,R,lower,138,0.945,0.2638,2022,matched,,,0.2638,
ocd-person/b9050158-4a6d-4332-8ad2-769472f52e3e,Venola Mason,GA,D,lower,94,,,,unmatched,,,,
ocd-person/546d682f-b256-4060-8fd3-084d7f118d43,Victor Anderson,GA,R,lower,10,1.177,0.2057,2022,matched,,,0.2057,
ocd-person/e3b1be9c-b244-4466-9192-adc365a31cfb,Viola Davis,GA,D,lower,87,0.528,0.368,2022,matched,,,0.368,
ocd-person/97a002db-6151-4fdf-9bce-013a6344764f,Will Wade,GA,R,lower,9,0.999,0.2502,2022,matched,,,0.2502,
ocd-person/6f986b42-14f6-4147-9466-c49294331db9,Yasmin Neal,GA,D,lower,79,-0.71,0.6775,2020,matched,,,0.6775,
ocd-person/0ce91900-de38-4ab2-a6fe-089b04b20b74,Adrian Tam,HI,D,lower,24,-0.67,0.6675,2022,matched,,,0.6675,
ocd-person/cb860f85-2006-4d5b-b1a8-1c56c1def2d7,Amy Perruso,HI,D,lower,46,-0.691,0.6727,2022,matched,,,0.6727,
ocd-person/442e3aac-61ca-4efe-bbb8-716654554597,Andrew Garrett,HI,D,lower,22,-0.615,0.6538,2022,matched,,,0.6538,
ocd-person/d31a4d99-d6f1-42f8-b902-b6bff3c667e8,Angus McKelvey,HI,D,upper,6,-0.642,0.6605,2022,matched,,,0.6605,
ocd-person/8145b3ac-aaee-43d1-a534-d51d5e80f178,Anne Lopez,HI,I,executive,,,,,unmatched,,,,
ocd-person/22139704-8a26-4f4a-8a03-989990c21f37,Brandon Elefante,HI,D,upper,16,-0.595,0.6487,2022,matched,,,0.6487,
ocd-person/be1149eb-5b0c-48fb-b9f2-9bee875479cc,Brenton Awa,HI,R,upper,23,0.384,0.404,2022,matched,,,0.404,
ocd-person/ca85a087-4a1f-450b-9386-11c13eb8c280,Carol Fukunaga,HI,D,upper,11,-0.58,0.645,2022,matched,,,0.645,
ocd-person/3484e323-b1a2-4c41-ad9f-8153445f8cd4,Chris Lee,HI,D,upper,25,-0.719,0.6797,2022,matched,,,0.6797,
ocd-person/1a5995d1-114e-4e7e-a53f-d91017df2bc3,Chris Muraoka,HI,R,lower,45,,,,unmatched,,,,
ocd-person/6f62978c-5c1e-4a93-b182-caa7b97d45e0,Chris Todd,HI,D,lower,3,-0.622,0.6555,2022,matched,,,0.6555,
ocd-person/00c3bae0-1087-4a2f-bee8-af0fbd2c6cf6,Cory Chun,HI,D,lower,35,-0.832,0.708,2022,matched,,,0.708,
ocd-person/6003933a-c572-4df8-8ad8-d3a4f8e70882,Cov Ratcliffe,HI,D,lower,28,,,,unmatched,,,,
ocd-person/801d5517-e486-41e4-8c3d-53528a3a8bef,Daisy Hartsfield,HI,D,lower,36,,,,unmatched,,,,
ocd-person/76c9a0ff-a9f0-47ac-bf3d-9f8ee134c411,Darius Kila,HI,D,lower,44,-0.725,0.6813,2022,matched,,,0.6813,
ocd-person/21e33d30-ecf0-431b-ad89-429f026efc24,David Alcos,HI,R,lower,41,1.058,0.2355,2022,matched,,,0.2355,
ocd-person/fca91474-67f3-4b01-a985-6b0ddbfb2227,David Tarnas,HI,D,lower,8,-0.635,0.6587,2022,matched,,,0.6587,
ocd-person/587a16dd-bb53-4164-829b-5e1703e06201,Dee Morikawa,HI,D,lower,17,-0.682,0.6705,2022,matched,,,0.6705,
ocd-person/b3a0c91b-d6fd-4a54-9a34-2ba48cc53984,Della Belatti,HI,D,lower,26,-0.618,0.6545,2022,matched,,,0.6545,
ocd-person/810a94e5-8524-4de9-bdf2-2e0d6c64b7f2,Diamond Garcia,HI,R,lower,42,1.384,0.154,2022,matched,,,0.154,
ocd-person/f196e943-c8d6-4a35-96c2-252171c6529a,Donna Kim,HI,D,upper,14,-0.45,0.6125,2022,matched,,,0.6125,
ocd-person/0a9ef1d8-8fec-48f4-963c-50f39332cfa7,Donovan Dela Cruz,HI,D,upper,17,,,,unmatched,,,,
ocd-person/e75469cc-851a-4e63-9908-9e63b5215448,Dru Kanuha,HI,D,upper,3,-0.49,0.6225,2022,matched,,,0.6225,
ocd-person/313f96df-c94e-45d7-8cc6-19465ad40612,Elijah Pierick,HI,R,lower,39,2.043,0.0,2022,matched,,,0.0,
ocd-person/f7bd1cdd-c131-47eb-ab96-1a7c0599bfa7,Elle Cochran,HI,R,lower,14,-1.065,0.7662,2022,matched,,,0.7662,
ocd-person/9019d5ea-bfe8-4cca-9254-7960319a15bc,Garner Shimizu,HI,R,lower,32,1.195,0.2012,2022,matched,,,0.2012,
ocd-person/5ef4a0ba-e9b0-4a62-9ac7-42d88308f3df,Glenn Wakai,HI,D,upper,15,-0.626,0.6565,2022,matched,,,0.6565,
ocd-person/33584899-9773-4fa2-96aa-869a6da7cf19,Gregg Takayama,HI,D,lower,34,-0.585,0.6462,2022,matched,,,0.6462,
ocd-person/d56e9f60-c26e-4437-90d7-4414957e737d,Greggor Ilagan,HI,D,lower,4,-0.604,0.651,2022,matched,,,0.651,
ocd-person/2f96974d-decf-46e2-8aed-adf60e072e1e,Ikaika Hussey,HI,D,lower,29,,,,unmatched,,,,
ocd-person/c5582fc0-ff8a-4c69-85f9-efd464e1a482,Ikaika Olds,HI,D,lower,23,-0.72,0.68,2022,matched,,,0.68,
ocd-person/451d1a20-20d4-4c75-95b9-ca4ba6dd3d1d,Jackson Sayama,HI,D,lower,21,-0.73,0.6825,2022,matched,,,0.6825,
ocd-person/07ed1559-820e-4ea1-803e-024ce5359a87,Jarrett Keohokalole,HI,D,upper,24,-0.607,0.6518,2022,matched,,,0.6518,
ocd-person/47a7e8c6-361d-4854-9253-e311b58d9e1c,Jeanné Kapela,HI,D,lower,5,-1.067,0.7668,2022,matched,,,0.7668,
ocd-person/928645f2-46ed-4153-ab60-5b7a8250dab3,Jenna Takenouchi,HI,D,lower,27,-0.621,0.6552,2022,matched,,,0.6552,
ocd-person/06d54403-a57b-40f8-96a6-94b58f4b2a0c,Joe Gedeon,HI,R,lower,18,,,,unmatched,,,,
ocd-person/c7e5e0d4-7a5d-42dc-a3cc-d7b54b1dc51b,Josh Green,HI,D,executive,,,,,unmatched,,,,
ocd-person/cac74229-bacc-4358-8208-23cdac57d57c,Joy San Buenaventura,HI,D,upper,2,,,,unmatched,,,,
ocd-person/7d6cf0c1-16d4-4c56-bba5-a50c3c5c18ce,Julie Reyes Oda,HI,R,lower,40,,,,unmatched,,,,
ocd-person/5d9e6c9d-a94b-4ff6-9828-ed2ce8ceeab0,Justin Woodson,HI,D,lower,9,-0.599,0.6498,2022,matched,,,0.6498,
ocd-person/207b309f-9e03-4834-85cb-083725f7a7ab,Kanani Souza,HI,R,lower,43,0.646,0.3385,2022,matched,,,0.3385,
ocd-person/099756de-3b84-4531-b5da-6d1c5d4c89ee,Karl Rhoads,HI,D,upper,13,-0.645,0.6613,2022,matched,,,0.6613,
ocd-person/824eca2b-d968-4807-a48b-7b3df400a904,Kim Coco Iwamoto,HI,D,lower,25,-0.933,0.7332,2022,matched,,,0.7332,
ocd-person/b6d9dda7-d2e1-443e-a19b-ee44ed891cad,Kirstin Kahaloa,HI,D,lower,6,-0.817,0.7043,2022,matched,,,0.7043,
ocd-person/e6bafd21-a2de-41b8-8139-fcbf5ea94cf4,Kurt Fevella,HI,R,upper,20,-0.661,0.6653,2022,matched,,,0.6653,
ocd-person/51f31e1a-2fe4-4029-b49c-c3affa0b848d,Kyle Yamashita,HI,D,lower,12,-0.613,0.6532,2022,matched,,,0.6532,
ocd-person/8562d0d7-9915-4559-98bc-ac9c456efd02,Lauren Matsumoto,HI,R,lower,38,0.993,0.2518,2022,matched,,,0.2518,
ocd-person/94e42ecd-2e4d-4502-8b50-c1c6324617f1,Les Ihara,HI,D,upper,10,-0.599,0.6498,2022,matched,,,0.6498,
ocd-person/546ef7bf-9015-4a09-b8d3-f37fd87ed97f,Linda Ichiyama,HI,D,lower,31,-0.649,0.6623,2022,matched,,,0.6623,
ocd-person/1d8bd1da-7126-4248-8a1e-dce56626b746,Lisa Kitagawa,HI,D,lower,48,-0.618,0.6545,2022,matched,,,0.6545,
ocd-person/c4ea2b48-612d-42f4-b396-6f13c86bfe5b,Lisa Marten,HI,D,lower,51,-0.646,0.6615,2022,matched,,,0.6615,
ocd-person/77991a5e-d7df-4282-b1cc-2398c56c18cc,Lorraine Inouye,HI,D,upper,1,-0.586,0.6465,2022,matched,,,0.6465,
ocd-person/128214ae-53bd-4dfe-88e6-ad3a70c6a83d,Luke Evslin,HI,D,lower,16,,,,unmatched,,,,
ocd-person/d76e8f2c-2e55-4d2a-94e4-c13cc0a9e5e2,Lynn DeCoite,HI,D,upper,7,-0.603,0.6507,2022,matched,,,0.6507,
ocd-person/c6f087db-713b-43c2-b557-7306f62ee15c,Mahina Poepoe,HI,D,lower,13,-1.074,0.7685,2022,matched,,,0.7685,
ocd-person/f2d1de1a-c206-46f7-8c5f-a6193229642f,Mark Hashem,HI,D,lower,19,-0.607,0.6518,2022,matched,,,0.6518,
ocd-person/fb23dd18-ee42-45da-9fc5-8379ced56c88,Matthias Kusch,HI,D,lower,1,,,,unmatched,,,,
ocd-person/511d674b-1e98-4a1f-8af2-24f986a165d9,Michelle Kidani,HI,D,upper,18,-0.636,0.659,2022,matched,,,0.659,
ocd-person/9f87e7d6-a307-45ab-b384-96a8599dab56,Mike Gabbard,HI,D,upper,21,0.289,0.4278,2022,matched,,,0.4278,
ocd-person/12d661c2-2391-4504-973d-e905022d3134,Mike Lee,HI,D,lower,50,-0.738,0.6845,2022,matched,,,0.6845,
ocd-person/aa2e4b09-2c1e-4fa2-b135-7d2427dca5b4,Nadine Nakamura,HI,D,lower,15,-0.613,0.6532,2022,matched,,,0.6532,
ocd-person/43795702-8cb7-40a5-945d-80fca537e085,Nicole Lowen,HI,D,lower,7,-0.704,0.676,2022,matched,,,0.676,
ocd-person/19b5116e-d2b7-4f4b-8d7d-f4dfcbcbe1d6,Rachele Lamosao,HI,D,upper,19,,,,unmatched,,,,
ocd-person/3ca1b2e5-0c68-4be1-ba5b-b0d935b85e6f,Ron Kouchi,HI,D,upper,8,-0.592,0.648,2022,matched,,,0.648,
ocd-person/cbf4fe33-42cf-41c2-b689-5e4c0ff150f6,Sam Kong,HI,D,lower,33,1.016,0.246,2022,matched,,,0.246,
ocd-person/8a60db8b-b07f-45da-8169-46ddd043ce02,Samantha DeCorte,HI,R,upper,22,1.825,0.0438,2022,matched,,,0.0438,
ocd-person/78cc3d2c-31b6-421f-a666-5a96ca3fe65a,Scot Matayoshi,HI,D,lower,49,-0.616,0.654,2022,matched,,,0.654,
ocd-person/078931f6-9caa-4ba0-9f53-2b27e13ed400,Sean Quinlan,HI,D,lower,47,-0.613,0.6532,2022,matched,,,0.6532,
ocd-person/7e04af29-c684-402f-a7b0-bdde0591197c,Sharon Moriwaki,HI,D,upper,12,-0.642,0.6605,2022,matched,,,0.6605,
ocd-person/58181d36-e194-462d-a3cb-b3ab7615fbf9,Shirley Templo,HI,D,lower,30,1.127,0.2182,2022,matched,,,0.2182,
ocd-person/d6359473-e0b5-4040-8d7f-9d95a0518650,Stanley Chang,HI,D,upper,9,-0.508,0.627,2022,matched,,,0.627,
ocd-person/6311f34d-9611-42be-be12-017fcc0f7aa6,Sue Lee Loy,HI,D,lower,2,,,,unmatched,,,,
ocd-person/f3a50da6-6c22-4c5a-ba48-d10ee2188333,Sylvia Luke,HI,D,executive,,,,,unmatched,,,,
ocd-person/3c16b940-790f-43f2-946d-998b6177dc5a,Terez Amato,HI,D,lower,11,-0.643,0.6607,2022,matched,,,0.6607,
ocd-person/ff0ea974-b3aa-4261-aa1b-fa9cf74b3728,Tim Richards,HI,D,upper,4,-0.615,0.6538,2022,matched,,,0.6538,
ocd-person/bce62096-6c4d-4923-8826-7f67a6aaf35d,Tina Grandinetti,HI,D,lower,20,,,,unmatched,,,,
ocd-person/9957f6f1-9231-45b3-940f-2122c1caf3f7,Trish La Chica,HI,D,lower,37,,,,unmatched,,,,
ocd-person/3b99a717-698f-4bcf-a630-183bb63e623e,Troy Hashimoto,HI,D,upper,5,,,,unmatched,,,,
ocd-person/6fb71afb-6ce8-4f21-ad16-a7255ca2bfec,Tyson Miyake,HI,D,lower,10,,,,unmatched,,,,
ocd-person/c77bc461-d0fe-47b4-8999-72e4eda69da1,Ali Rabe,ID,D,upper,16,-0.792,0.698,2022,matched,,,0.698,
ocd-person/a0ccdf84-6300-4f9d-bca3-30b3299fece5,Annie Henderson Haws,ID,D,lower,16B,,,,unmatched,,,,
ocd-person/c8c374b3-22b8-4221-a65a-6a4616cb107d,Barbara Ehardt,ID,R,lower,33A,1.434,0.1415,2022,matched,,,0.1415,
ocd-person/02a86541-b10a-42cc-b260-0d0f5e3226c0,Ben Adams,ID,R,upper,12,1.396,0.151,2022,matched,,,0.151,
ocd-person/cd9538d6-3ed0-4c87-8e0d-d524e8861157,Ben Fuhriman,ID,R,lower,30B,,,,unmatched,,,,
ocd-person/a0bec144-a980-4ce8-9e02-ada83079a300,Ben Toews,ID,R,upper,4,1.572,0.107,2022,matched,,,0.107,
ocd-person/7b647b3d-a3e6-47b3-91b2-a26f0f7f711c,Brad Little,ID,R,executive,,,,,unmatched,,,,
ocd-person/59fc8cd0-bec0-4df6-a3e6-99ea305c7100,Brandon Mitchell,ID,R,lower,6B,1.328,0.168,2022,matched,,,0.168,
ocd-person/42e5ac22-a35c-4e0e-80fb-05bab9093b28,Brandon Shippy,ID,R,upper,9,,,,unmatched,,,,
ocd-person/81d4b890-9bf4-44e0-99b2-eda866f02d48,Brent Crane,ID,R,lower,13A,1.162,0.2095,2022,matched,,,0.2095,
ocd-person/e89ea88e-7519-48fe-8cb9-65ea18d0dd7b,Brian Lenney,ID,R,upper,13,1.721,0.0697,2022,matched,,,0.0697,
ocd-person/df313cc3-ceb2-4fb0-bb36-b2f9cb9e959d,Britt Raybould,ID,R,lower,34B,1.107,0.2233,2022,matched,,,0.2233,
ocd-person/50e557e4-e7b6-4765-a636-1638a675189c,Brooke Green,ID,D,lower,18B,-0.823,0.7057,2022,matched,,,0.7057,
ocd-person/e8eea4c8-b669-4609-b991-13ef3a6ff10b,Bruce Skaug,ID,R,lower,10B,1.029,0.2428,2022,matched,,,0.2428,
ocd-person/6a0fc69b-9842-4d47-b509-f555fee240e6,Camille Blaylock,ID,R,upper,11,,,,unmatched,,,,
ocd-person/a1af9e8e-8f2c-4b6a-a7ca-708a0d0bf6f2,Carl Bjerke,ID,R,upper,5,1.513,0.1218,2022,matched,,,0.1218,
ocd-person/34bec23f-67e3-4940-8f5e-29850f0e9170,Carrie Semmelroth,ID,D,upper,17,-0.971,0.7428,2022,matched,,,0.7428,
ocd-person/e3d1a2f1-913b-40ec-8256-36eba043156b,Charlie Shepherd,ID,R,lower,7B,1.228,0.193,2022,matched,,,0.193,
ocd-person/dbc641db-1cb7-4110-9121-96ddf5d877d7,Chris Bruce,ID,R,lower,23A,1.36,0.16,2022,matched,,,0.16,
ocd-person/7e3f625c-e56e-409a-9989-b07cd77344f6,Chris Mathias,ID,D,lower,19B,-0.775,0.6937,2022,matched,,,0.6937,
ocd-person/adb43503-bebd-4a83-8fa6-e6416576de2f,Christy Zito,ID,R,upper,8,1.137,0.2157,2022,matched,,,0.2157,
ocd-person/4f02e826-da06-4286-8aaf-b89ef3f659bc,Cindy Carlson,ID,R,upper,7,1.442,0.1395,2022,matched,,,0.1395,
ocd-person/1bef63af-a339-47dd-872d-ef1c94a72900,Clay Handy,ID,R,lower,27B,1.095,0.2263,2022,matched,,,0.2263,
ocd-person/39fe1103-009e-4594-8ae1-107ba5ffd388,Clint Hostetler,ID,R,lower,24A,,,,unmatched,,,,
ocd-person/bd3c88a6-3476-4aa8-b267-a5c30d454cac,Codi Galloway,ID,R,upper,15,1.338,0.1655,2022,matched,,,0.1655,
ocd-person/a41cd894-d64d-406e-99cd-f1935e40a812,Cornel Rasor,ID,R,lower,1B,1.482,0.1295,2020,matched,,,0.1295,
ocd-person/d9426884-2195-45ee-8130-4a8cf0d61adf,Dale Hawkins,ID,R,lower,2B,1.502,0.1245,2022,matched,,,0.1245,
ocd-person/04ccb3bd-ae8d-4a64-a6c2-1b63a6f94d15,Dan Foreman,ID,R,upper,6,1.431,0.1422,2022,matched,,,0.1422,
ocd-person/bae06244-d892-41b2-a4a5-beaaa6cba0da,Dan Garner,ID,R,lower,28B,1.428,0.143,2022,matched,,,0.143,
ocd-person/fdcf0c8e-5794-4c3c-a092-a64ee5cab9d3,Dave Lent,ID,R,upper,33,0.888,0.278,2022,matched,,,0.278,
ocd-person/20fe3cd5-d9e1-4d03-9247-9a1ccde862d3,David Cannon,ID,R,lower,30A,1.138,0.2155,2022,matched,,,0.2155,
ocd-person/140cefcc-8d67-4b5d-9051-c7892072bc38,David Leavitt,ID,R,lower,25B,,,,unmatched,,,,
ocd-person/51cc52d2-b23d-4b37-b8fd-2bc53941ee47,Don Hall,ID,R,lower,25A,,,,unmatched,,,,
ocd-person/3caa9714-29b4-4851-b530-b696c1a87b41,Dori Healey,ID,R,lower,15B,0.909,0.2727,2022,matched,,,0.2727,
ocd-person/db1a3f87-5a7e-4133-a36d-5b319d28d38c,Doug Okuniewicz,ID,R,upper,3,1.224,0.194,2022,matched,,,0.194,
ocd-person/6dbb9465-3ef5-4754-a482-08ae17c4cb9b,Doug Pickett,ID,R,lower,27A,1.392,0.152,2022,matched,,,0.152,
ocd-person/2960c6c4-abca-4406-9d9d-4734fec3f68d,Doug Ricks,ID,R,upper,34,1.212,0.197,2022,matched,,,0.197,
ocd-person/f7a93a62-fa0b-4d95-a9ad-10a938fd47a0,Dustin Manwaring,ID,R,lower,29A,1.247,0.1882,2022,matched,,,0.1882,
ocd-person/f6437e18-b7fb-4e53-8c40-a2423d82853d,Elaine Price,ID,R,lower,4B,1.531,0.1173,2022,matched,,,0.1173,
ocd-person/13b5078f-aaaf-4222-a0ae-c8afcbdf3757,Erin Bingham,ID,R,lower,32B,,,,unmatched,,,,
ocd-person/d54c2ad2-bd9d-499f-9046-b6d1eaebbef1,Faye Thompson,ID,R,lower,8B,1.139,0.2152,2022,matched,,,0.2152,
ocd-person/7ba08b82-5bfc-4b36-b036-28b04c0d8bd2,Glenneda Zuiderveld,ID,R,upper,24,1.469,0.1327,2022,matched,,,0.1327,
ocd-person/bd967aaf-a9d5-4bec-bf7c-cf0aa19d72ca,Heather Scott,ID,R,lower,2A,1.103,0.2243,2022,matched,,,0.2243,
ocd-person/8b37fbb7-bc05-4fd5-be33-a8940e489195,Ilana Rubel,ID,D,lower,18A,-0.841,0.7103,2022,matched,,,0.7103,
ocd-person/6e4d92d8-1f64-4284-95cf-d9c50e3d5730,Jack Nelsen,ID,R,lower,26B,1.215,0.1962,2022,matched,,,0.1962,
ocd-person/28827442-9341-4768-86ea-a9186d718be0,James Holtzclaw,ID,R,lower,20B,1.107,0.2233,2022,matched,,,0.2233,
ocd-person/07e5711c-2e3d-4d26-a82a-6c710ed9bf3b,James Petzke,ID,R,lower,21A,1.041,0.2398,2022,matched,,,0.2398,
ocd-person/bcb4f50c-1f70-484a-90c2-65652b6a1133,James Ruchti,ID,D,upper,29,-0.846,0.7115,2022,matched,,,0.7115,
ocd-person/c3b6822b-8900-408d-8745-7066b79e1e52,Janie Ward-Engelking,ID,D,upper,18,,,,unmatched,,,,
ocd-person/da5babc3-b974-4f3c-a750-8989ab3a122b,Jaron Crane,ID,R,lower,12B,1.373,0.1568,2022,matched,,,0.1568,
ocd-person/9808edb1-15b0-4b9b-91d9-91a97ff7bb4b,Jason Monks,ID,R,lower,22B,1.141,0.2147,2022,matched,,,0.2147,
ocd-person/42d3b7d7-1a3a-4d58-ae68-a84cbaaf7ad0,Jeff Cornilles,ID,R,lower,12A,0.899,0.2752,2022,matched,,,0.2752,
ocd-person/a0b66388-5039-4a2c-b022-ac2ece0ce865,Jeff Ehlers,ID,R,lower,21B,1.162,0.2095,2022,matched,,,0.2095,
ocd-person/0147a633-d6d2-4005-9eb9-35dcf205718b,Jerald Raymond,ID,R,lower,31A,1.213,0.1967,2022,matched,,,0.1967,
ocd-person/e2a8fbe1-e9dc-4569-865f-450fa5f13665,Jim Guthrie,ID,R,upper,28,1.157,0.2107,2022,matched,,,0.2107,
ocd-person/76cd07b1-e4de-4e1b-bd7c-a3153493ac5f,Jim Woodward,ID,R,upper,1,1.126,0.2185,2022,matched,,,0.2185,
ocd-person/561516c4-4e4f-45bc-b1d0-6ed359006597,Joe Alfieri,ID,R,lower,4A,1.597,0.1008,2022,matched,,,0.1008,
ocd-person/ed09bbbc-7b10-4ee8-be6b-a4dfcd7330ec,Joe Palmer,ID,R,lower,20A,1.165,0.2087,2022,matched,,,0.2087,
ocd-person/048117e1-cf54-4ebf-9afc-f244d023e039,John Gannon,ID,D,lower,17A,-0.777,0.6943,2022,matched,,,0.6943,
ocd-person/7fb821ae-d24a-4e5c-b7bf-70c04b00b269,John Shirts,ID,R,lower,9A,,,,unmatched,,,,
ocd-person/ed9290a6-47b1-4b24-8b61-0c0de9b45c73,John Vander Woude,ID,R,lower,22A,,,,unmatched,,,,
ocd-person/4501fe8d-11d8-43ee-a9bd-5ba3a82eb5d4,Jon Weber,ID,R,lower,34A,1.195,0.2012,2022,matched,,,0.2012,
ocd-person/9cbfadc5-8393-444c-bb39-b1c79390d01b,Jordan Redman,ID,R,lower,3B,1.381,0.1547,2022,matched,,,0.1547,
ocd-person/b01dc4f2-6477-4386-ba9b-eb0c3a2c2c8b,Josh Keyser,ID,R,upper,20,,,,unmatched,,,,
ocd-person/7ea55825-b942-4464-bb86-878113e524fe,Josh Kohl,ID,R,upper,25,,,,unmatched,,,,
ocd-person/188ce2db-4021-4af8-b562-c90bfab83ebf,Josh Tanner,ID,R,lower,14B,1.355,0.1613,2022,matched,,,0.1613,
ocd-person/647e5e14-6813-4fc7-a20d-be175157ffb0,Josh Wheeler,ID,R,lower,35B,0.817,0.2958,2022,matched,,,0.2958,
ocd-person/bcaace10-c9c4-4018-a87c-6112eeb33346,Judy Boyle,ID,R,lower,9B,1.289,0.1778,2022,matched,,,0.1778,
ocd-person/8efc94ea-7306-48f5-8d45-5bed5f5e1f85,Julie VanOrden,ID,R,upper,30,1.136,0.216,2022,matched,,,0.216,
ocd-person/9577c53b-0d84-4d3b-9c5b-7d38227c8e32,Kelly Anthon,ID,R,upper,27,1.124,0.219,2022,matched,,,0.219,
ocd-person/c92ba4ff-72aa-4985-b8c0-bb3178187c81,Kent Marmon,ID,R,lower,11A,1.421,0.1447,2022,matched,,,0.1447,
ocd-person/9134f853-f2da-47e8-a11f-9fbe77849414,Kevin Cook,ID,R,upper,32,1.242,0.1895,2022,matched,,,0.1895,
ocd-person/0c646770-75cb-4f65-b2af-fd7c933dfe24,Kyle Harris,ID,R,lower,7A,1.242,0.1895,2022,matched,,,0.1895,
ocd-person/d3ee525f-429f-4ac6-ba52-e947881a3e6c,Lori Den Hartog,ID,R,upper,22,,,,unmatched,,,,
ocd-person/5c049d3c-e605-4f3f-9eba-c91949d5f9f4,Lori McCann,ID,R,lower,6A,0.912,0.272,2022,matched,,,0.272,
ocd-person/f51cb798-c8e6-4cb7-954c-6507c0d3d054,Lucas Cayler,ID,R,lower,11B,,,,unmatched,,,,
ocd-person/a9af8eba-9dc3-4961-9305-fa325cb86948,Marco Erickson,ID,R,lower,33B,0.547,0.3632,2022,matched,,,0.3632,
ocd-person/84d9ffa4-35f6-4baf-acdd-c3bafee537e7,Mark Harris,ID,R,upper,35,1.129,0.2177,2022,matched,,,0.2177,
ocd-person/92364a5c-40fe-4350-9604-5257be00caab,Mark Sauter,ID,R,lower,1A,0.117,0.4708,2022,matched,,,0.4708,
ocd-person/7abc0666-30bd-4e16-ba86-304b1750ac8e,Megan Egbert,ID,D,lower,17B,,,,unmatched,,,,
ocd-person/c6b06b7d-05f8-45a3-8415-4cd1e76c5642,Melissa Wintrow,ID,D,upper,19,-0.839,0.7097,2022,matched,,,0.7097,
ocd-person/060e3496-76ff-4895-9637-4ff7bbe7a05e,Mike Moyle,ID,R,lower,10A,1.151,0.2122,2022,matched,,,0.2122,
ocd-person/d8c564c8-3499-4e44-b4b9-df1c0bb52ab4,Mike Pohanka,ID,R,lower,26A,1.261,0.1848,2022,matched,,,0.1848,
ocd-person/ca69eadf-b5f3-4f48-8ce1-8507af44f50e,Mike Veile,ID,R,lower,35A,,,,unmatched,,,,
ocd-person/b3878069-33ec-4ecc-8236-f9d0de68f5da,Monica Church,ID,D,lower,19A,,,,unmatched,,,,
ocd-person/202344ed-fa6e-4d6d-b746-516abb5c962d,Phil Hart,ID,R,upper,2,1.411,0.1472,2022,matched,,,0.1472,
ocd-person/e64e04bc-21eb-475a-87f3-89aeacfc9f0c,Phil McGrane,ID,R,executive,,,,,unmatched,,,,
ocd-person/a6d731ea-af56-43f8-ba93-124774ae97c4,Raúl Labrador,ID,R,executive,,,,,unmatched,,,,
ocd-person/bb03d309-94c3-4d63-bb69-ede616be8c72,Rick Cheatum,ID,R,lower,28A,0.822,0.2945,2022,matched,,,0.2945,
ocd-person/6d7d44ab-22ce-4a46-b6d0-643cc3af3d0b,Rob Beiswenger,ID,R,lower,8A,1.448,0.138,2022,matched,,,0.138,
ocd-person/70eb5f7f-381b-400d-87b2-2bdeb6a1c7e7,Rod Furniss,ID,R,lower,31B,1.144,0.214,2022,matched,,,0.214,
ocd-person/71489ac3-457d-41ec-b285-a099648b601b,Ron Mendive,ID,R,lower,5A,1.303,0.1743,2022,matched,,,0.1743,
ocd-person/1024a2b6-d36f-4c1f-86a0-826ec9120fe0,Ron Taylor,ID,D,upper,26,-0.697,0.6743,2022,matched,,,0.6743,
ocd-person/8f948dc8-8e7a-4a63-8fa8-b65efa9236f8,Scott Bedke,ID,R,executive,,,,,unmatched,,,,
ocd-person/f67b55ee-1cc0-431b-b950-4b5dfca332ad,Scott Grow,ID,R,upper,14,1.23,0.1925,2022,matched,,,0.1925,
ocd-person/0ad2781c-7d8f-4e19-9fb2-74c8f9033ef9,Shawn Dygert,ID,R,lower,23B,,,,unmatched,,,,
ocd-person/b5b4cf71-98db-47f1-84ec-087a4b46641a,Soñia Galaviz,ID,D,lower,16A,-0.654,0.6635,2022,matched,,,0.6635,
ocd-person/94248975-397a-4e5c-a544-40cb7a3f06d0,Stephanie Mickelsen,ID,R,lower,32A,1.146,0.2135,2022,matched,,,0.2135,
ocd-person/0c413128-0ec7-4228-aa8b-93572d153c6f,Steve Berch,ID,D,lower,15A,-0.807,0.7017,2022,matched,,,0.7017,
ocd-person/983607b1-0987-4efe-8547-de1c5d262e5f,Steve Miller,ID,R,lower,24B,1.135,0.2162,2018,matched,,,0.2162,
ocd-person/0e6ffb72-a52a-4cac-90a0-ae54a3dfe1a2,Steve Tanner,ID,R,lower,13B,1.355,0.1613,2022,matched,,,0.1613,
ocd-person/846c0e7d-ec02-4f49-afb9-3604dd27da98,Tammy Nichols,ID,R,upper,10,1.422,0.1445,2022,matched,,,0.1445,
ocd-person/7255260c-8991-427e-acd7-5ef985041199,Tanya Burgoyne,ID,R,lower,29B,,,,unmatched,,,,
ocd-person/ceec86a5-6519-452a-ba13-9f7ba2da84e5,Ted Hill,ID,R,lower,14A,1.36,0.16,2022,matched,,,0.16,
ocd-person/0b894582-b3d6-4600-a401-ed874e8c632d,Todd Lakey,ID,R,upper,23,1.135,0.2162,2022,matched,,,0.2162,
ocd-person/ee4e19dc-d39c-4a93-b466-346b2e822f86,Tony Wisniewski,ID,R,lower,5B,1.352,0.162,2022,matched,,,0.162,
ocd-person/562def54-c2da-4b6a-bdfa-5038a4c04e0c,Treg Bernt,ID,R,upper,21,1.049,0.2378,2022,matched,,,0.2378,
ocd-person/2a8943d8-c4fe-4286-8b26-6240d9ff26f8,Van Burtenshaw,ID,R,upper,31,1.212,0.197,2022,matched,,,0.197,
ocd-person/1abcdba2-7ed6-4871-889e-9e4c47c4d000,Vito Barbieri,ID,R,lower,3A,1.232,0.192,2022,matched,,,0.192,
ocd-person/a76e0c0e-81d3-4f3b-8cc8-b8360d3cecb4,Aarón Ortíz,IL,D,lower,1,,,,unmatched,,,,
ocd-person/4101db1f-a913-4d16-88fb-001f120bb092,Abdelnasser Rashid,IL,D,lower,21,-0.766,0.6915,2022,matched,,,0.6915,
ocd-person/9729745e-386d-4f4b-8d04-0e762dcd87b2,Adam Niemerg,IL,R,lower,102,1.757,0.0608,2022,matched,,,0.0608,
ocd-person/e4e9607b-dd1b-4c3d-b3a3-f09927800864,Adriane Johnson,IL,D,upper,30,-0.748,0.687,2022,matched,,,0.687,
ocd-person/b13c7ff5-806e-426d-afd5-181f53e9fed1,Amy Elik,IL,R,lower,111,1.138,0.2155,2022,matched,,,0.2155,
ocd-person/f8dc94db-66cf-4d5e-b1af-0b6307140524,Amy Grant,IL,R,lower,47,1.077,0.2308,2022,matched,,,0.2308,
ocd-person/9def23d3-81e9-4baf-b0c8-eeb4e5587778,Andrew Chesney,IL,R,upper,45,0.533,0.3668,2022,matched,,,0.3668,
ocd-person/8b2bc102-d62b-47b2-91d8-5f9b3a172cea,Angie Guerrero-Cuellar,IL,D,lower,22,,,,unmatched,,,,
ocd-person/02f2799d-4633-48e9-b5ab-379d48e70b40,Ann Williams,IL,D,lower,11,-0.78,0.695,2022,matched,,,0.695,
ocd-person/f38a2b8a-b0e4-4e7d-92cf-7855d42e9c2d,Anna Moeller,IL,D,lower,43,-0.749,0.6873,2022,matched,,,0.6873,
ocd-person/8dfe2e37-8a40-4be0-b44d-0bf65861f4e0,Anne Stava,IL,D,lower,81,,,,unmatched,,,,
ocd-person/aecf9fb4-3e54-4963-941f-8dc6b4658584,Anthony DeLuca,IL,D,lower,80,-0.707,0.6767,2022,matched,,,0.6767,
ocd-person/fb481641-3999-4fe4-9bac-878becdde97d,Barbara Hernandez,IL,D,lower,50,-0.754,0.6885,2022,matched,,,0.6885,
ocd-person/5fe6a4a5-da36-4fa0-8c36-739648b9ce0c,Bill Cunningham,IL,D,upper,18,-0.694,0.6735,2022,matched,,,0.6735,
ocd-person/fb6cc95a-0c98-41e3-a481-8d5dc51d6c54,Bill Hauter,IL,R,lower,87,1.401,0.1497,2022,matched,,,0.1497,
ocd-person/500ffee4-de06-4a0b-b4df-f8e6f52c4e96,Blaine Wilhour,IL,R,lower,110,1.097,0.2258,2022,matched,,,0.2258,
ocd-person/55a824f4-04c7-4834-8a5d-d204ca3bece5,Bob Morgan,IL,D,lower,58,-0.729,0.6823,2022,matched,,,0.6823,
ocd-person/3ce631a4-7a4f-4905-a959-574f1f0d3d6d,Bob Rita,IL,D,lower,28,-0.629,0.6573,2022,matched,,,0.6573,
ocd-person/be767c3e-58d9-41c0-b930-79c0f47b9960,Brad Fritts,IL,R,lower,74,1.404,0.149,2022,matched,,,0.149,
ocd-person/e05f1a87-b75d-450e-9cd1-3b7a66cb703e,Brad Halbrook,IL,R,lower,107,1.129,0.2177,2022,matched,,,0.2177,
ocd-person/49c0fac1-8cf0-48d2-8166-811afe9ac5c5,Brad Stephens,IL,R,lower,20,0.937,0.2657,2022,matched,,,0.2657,
ocd-person/8c6f0ed1-f28f-408a-9b59-156fa7a7f1e0,Brandun Schweizer,IL,R,lower,104,,,,unmatched,,,,
ocd-person/384c08f3-49fd-45a7-bb7b-5689bdeae7a7,C.D. Davidsmeyer,IL,R,lower,100,0.888,0.278,2022,matched,,,0.278,
ocd-person/a51455ff-b0ae-47f6-b3ee-2722adbe38c2,Camille Lilly,IL,D,lower,78,-0.773,0.6933,2022,matched,,,0.6933,
ocd-person/bc409660-f360-4624-914f-ba785bbf9b7b,Carol Ammons,IL,D,lower,103,-0.79,0.6975,2022,matched,,,0.6975,
ocd-person/013d012f-a50e-43c8-af40-f12aa852a0da,Celina Villanueva,IL,D,upper,12,-0.738,0.6845,2022,matched,,,0.6845,
ocd-person/b748f1e8-6cfd-47d6-9398-5817aa879f39,Chapin Rose,IL,R,upper,51,0.792,0.302,2022,matched,,,0.302,
ocd-person/c425f2ef-cad0-4dad-93c4-be11b80af613,Charlie Meier,IL,R,lower,109,0.94,0.265,2022,matched,,,0.265,
ocd-person/fe9dc27f-4e47-4cb0-a008-df80642f6be0,Chris Balkema,IL,R,upper,53,,,,unmatched,,,,
ocd-person/f5a10a95-3160-4cac-9f4e-ba31e5362e7b,Chris Miller,IL,R,lower,101,1.768,0.058,2022,matched,,,0.058,
ocd-person/00cc6415-b2a7-45ab-8f69-be5c3ca6752a,Chris Welch,IL,D,lower,7,-0.691,0.6727,2022,matched,,,0.6727,
ocd-person/ce79408a-9923-4ab4-9c3a-805a2b4162d5,Christopher Belt,IL,D,upper,57,-0.752,0.688,2022,matched,,,0.688,
ocd-person/07e2527a-ae7d-4c58-b20b-ea2266a03a9e,Craig Wilcox,IL,R,upper,32,1.126,0.2185,2022,matched,,,0.2185,
ocd-person/f5add4b7-0c7e-4909-8e31-3042698f5b49,Cristina Castro,IL,D,upper,22,-0.71,0.6775,2022,matched,,,0.6775,
ocd-person/7a4c9172-6836-453c-94a8-1254b76fa08f,Curtis Tarver,IL,D,lower,25,,,,unmatched,,,,
ocd-person/5a84a944-7d29-454e-aec6-85e6c3238d53,Dale Fowler,IL,R,upper,59,0.585,0.3538,2022,matched,,,0.3538,
ocd-person/c5786e99-12fd-41eb-b40e-372187dde261,Dan Didech,IL,D,lower,59,-0.733,0.6833,2022,matched,,,0.6833,
ocd-person/6e9ee3b5-fb44-49f3-81f6-5a470bfaf009,Dan Swanson,IL,R,lower,71,1.056,0.236,2022,matched,,,0.236,
ocd-person/ab6db17a-e7dc-43c8-9770-32c1da1d7f40,Dan Ugaste,IL,R,lower,65,1.017,0.2458,2022,matched,,,0.2458,
ocd-person/3249a901-9d57-4623-a9a0-4cbb1240f2a1,Darby Hills,IL,R,upper,26,,,,unmatched,,,,
ocd-person/997e8947-dadd-4c8d-9538-0b58c077a812,Dave Koehler,IL,D,upper,46,-0.44,0.61,2022,matched,,,0.61,
ocd-person/cbbd1430-7c0b-4be0-9d45-deabdb0c3d0f,Dave Severin,IL,R,lower,116,0.809,0.2977,2022,matched,,,0.2977,
ocd-person/d02beb7e-1f30-48f2-8418-4c9287452562,Dave Syverson,IL,R,upper,35,0.492,0.377,2022,matched,,,0.377,
ocd-person/5da7b2ff-c086-49cd-80bc-9802e426cc00,Dave Vella,IL,D,lower,68,-0.755,0.6887,2022,matched,,,0.6887,
ocd-person/abda0ae5-9ecb-4363-9a6a-487f1cf8899e,David Friess,IL,R,lower,115,1.364,0.159,2022,matched,,,0.159,
ocd-person/e1d4b5b4-34b8-4d91-ab9f-08c8a361e12a,Debbie Meyers-Martin,IL,D,lower,38,,,,unmatched,,,,
ocd-person/4c05af2c-7756-4002-a45d-cc9f2f5acbfd,Dee Avelar,IL,D,lower,85,-0.756,0.689,2022,matched,,,0.689,
ocd-person/13dc4688-95d1-4a5d-abc7-fb9a46a432c8,Dennis Tipsword,IL,R,lower,105,1.72,0.07,2022,matched,,,0.07,
ocd-person/d5c22b1c-8057-40bf-aea6-0298070ad67b,Diane Blair-Sherlock,IL,D,lower,46,,,,unmatched,,,,
ocd-person/c4a1e37c-3c81-448c-9349-199a8fa5c2d3,Don DeWitte,IL,R,upper,33,0.994,0.2515,2022,matched,,,0.2515,
ocd-person/15c56180-21e1-492d-874f-25d511f804ee,Don Harmon,IL,D,upper,39,-0.586,0.6465,2022,matched,,,0.6465,
ocd-person/5db8d260-f850-406c-8e26-d618762c10cd,Doris Turner,IL,D,upper,48,-0.736,0.684,2022,matched,,,0.684,
ocd-person/e8bba8fb-50a8-4ddd-9bed-785c5f1bb70d,Edgar González,IL,D,lower,23,,,,unmatched,,,,
ocd-person/50ad4838-140d-4cb7-80cb-46da37a8827f,Elgie Sims,IL,D,upper,17,-0.729,0.6823,2022,matched,,,0.6823,
ocd-person/05030c23-9600-4d1c-ab77-46c17aec2059,Emil Jones,IL,D,upper,14,-0.455,0.6138,2022,matched,,,0.6138,
ocd-person/4dadb374-d534-4ba0-8323-6e41a19933f5,Erica Harriss,IL,R,upper,56,1.391,0.1522,2022,matched,,,0.1522,
ocd-person/01201203-526d-4d02-b6fc-cbe5a749b6ab,Eva-Dina Delgado,IL,D,lower,3,-0.718,0.6795,2022,matched,,,0.6795,
ocd-person/3806ac4f-5290-4eb7-ba30-aa406036dd7a,Fred Crespo,IL,D,lower,44,-0.722,0.6805,2022,matched,,,0.6805,
ocd-person/95d8f5ae-4cc9-483b-913f-ccd07aa73e13,Graciela Guzmán,IL,D,upper,20,,,,unmatched,,,,
ocd-person/26a0642d-d0b6-450f-9438-018a36b04cbf,Gregg Johnson,IL,D,lower,72,-0.77,0.6925,2022,matched,,,0.6925,
ocd-person/1574a50f-6d50-4d7d-87ee-db0254e5093e,Harry Benton,IL,D,lower,97,-0.77,0.6925,2022,matched,,,0.6925,
ocd-person/c7156dc3-31a6-4582-bf3a-b325c9dc868f,Hoan Huynh,IL,D,lower,13,-0.769,0.6923,2022,matched,,,0.6923,
ocd-person/db3adc7a-d2f8-4e61-a017-bf5d3804ba33,J. B. Pritzker,IL,D,executive,,,,,unmatched,,,,
ocd-person/5da74880-f9e4-4c20-bc17-74d88526a7a4,Jackie Haas,IL,R,lower,79,0.562,0.3595,2022,matched,,,0.3595,
ocd-person/c0d481c5-9d31-4780-b2b0-bc5327291d6b,Jaime Andrade,IL,D,lower,40,-0.704,0.676,2022,matched,,,0.676,
ocd-person/dc08395b-8a74-4795-b104-d7b11c1e42ca,Janet Yang Rohr,IL,D,lower,41,-0.797,0.6993,2022,matched,,,0.6993,
ocd-person/4a588ccf-b32f-4b66-978a-3415f71d2774,Jason Bunting,IL,R,lower,106,,,,unmatched,,,,
ocd-person/d868bc8f-f51c-4f5b-a9a3-3608b8b44b29,Jason Plummer,IL,R,upper,55,1.056,0.236,2022,matched,,,0.236,
ocd-person/caf27c44-2fec-4e26-a102-e6a30ca56be0,Javier Cervantes,IL,D,upper,1,-0.58,0.645,2022,matched,,,0.645,
ocd-person/21e2f7d1-8073-4ee1-a5b5-b32ccdd321d5,Jay Hoffman,IL,D,lower,113,-0.74,0.685,2022,matched,,,0.685,
ocd-person/a9c919a3-8fba-4bad-8589-315491cd9b0e,Jed Davis,IL,R,lower,75,1.797,0.0508,2022,matched,,,0.0508,
ocd-person/1055f952-0000-4628-9584-c2a3fc9e991c,Jeff Keicher,IL,R,lower,70,0.897,0.2757,2022,matched,,,0.2757,
ocd-person/968d7e1e-e0e8-47f0-a258-586eb6cfbac9,Jehan Gordon-Booth,IL,D,lower,92,,,,unmatched,,,,
ocd-person/cf97f459-e1cd-474b-8306-3c55d7c009b0,Jen Gong-Gershowitz,IL,D,lower,17,,,,unmatched,,,,
ocd-person/0069021e-b341-44fd-9d02-d876839c5c23,Jennifer Sanalitro,IL,R,lower,48,1.644,0.089,2022,matched,,,0.089,
ocd-person/be85f354-7f46-48aa-afc7-850502fda3cb,Jil Tracy,IL,R,upper,50,0.905,0.2737,2022,matched,,,0.2737,
ocd-person/6471a51f-0707-4966-b122-9597554d3c19,Joe Sosnowski,IL,R,lower,69,1.011,0.2473,2022,matched,,,0.2473,
ocd-person/b442db35-fab4-4318-a07b-0e88c314fbaa,John Cabello,IL,R,lower,90,0.965,0.2588,2022,matched,,,0.2588,
ocd-person/cb63cb04-f84b-4fc9-91cf-05c4e1f93345,John Curran,IL,R,upper,41,0.201,0.4497,2022,matched,,,0.4497,
ocd-person/96f00b4c-0a56-4fe0-bd59-7d49eb93531c,Joyce Mason,IL,D,lower,61,-0.777,0.6943,2022,matched,,,0.6943,
ocd-person/c8b35f07-1a0b-4019-b476-9fa032494c5e,Juliana Stratton,IL,D,executive,,,,,unmatched,,,,
ocd-person/1e106d7c-5aba-40d1-932b-760b599c70ae,Julie Morrison,IL,D,upper,29,-0.745,0.6863,2022,matched,,,0.6863,
ocd-person/afff2974-37d0-428c-be7a-0240395544f6,Justin Cochran,IL,D,lower,55,,,,unmatched,,,,
ocd-person/c296134a-f9b3-4c65-9ed5-3ecccde59386,Justin Slaughter,IL,D,lower,27,-0.711,0.6777,2022,matched,,,0.6777,
ocd-person/8b7174cd-4081-4717-8ba9-184518f7b31e,Kam Buckner,IL,D,lower,26,-0.742,0.6855,2022,matched,,,0.6855,
ocd-person/ca80672a-9d02-4287-9cd2-d2a7d08f604a,Karina Villa,IL,D,upper,25,-0.705,0.6763,2022,matched,,,0.6763,
ocd-person/ceb7f558-3a2c-4041-bf3b-f5a9a511e8b3,Katie Stuart,IL,D,lower,112,-0.707,0.6767,2022,matched,,,0.6767,
ocd-person/e1652f78-fa2e-46de-8630-f3e1e69040a3,Kelly Cassidy,IL,D,lower,14,-0.76,0.69,2022,matched,,,0.69,
ocd-person/c2c8c6a1-ef1b-4a38-92fa-bde7563b7f23,Kevin Olickal,IL,D,lower,16,-0.638,0.6595,2022,matched,,,0.6595,
ocd-person/266780c2-6b08-469e-9d78-10d618e16f4e,Kevin Schmidt,IL,R,lower,114,1.697,0.0757,2022,matched,,,0.0757,
ocd-person/3b2af944-b2b7-4b13-87db-1c8cdd45de3c,Kimberly Du Buclet,IL,D,lower,5,,,,unmatched,,,,
ocd-person/595f7bf4-5bd7-4238-94a3-e14d8b6d4545,Kimberly Lightford,IL,D,upper,4,-0.665,0.6663,2022,matched,,,0.6663,
ocd-person/65ee6848-68bd-430d-890c-a121fb6e8577,Kwame Raoul,IL,D,executive,,,,,unmatched,,,,
ocd-person/6f9e28df-bdf5-4493-aac1-68f1b7be39cb,Kyle Moore,IL,R,lower,99,1.849,0.0378,2018,matched,,,0.0378,
ocd-person/91164a3d-fc17-4252-a31f-a8d0d113b74b,La Shawn Ford,IL,D,lower,8,-0.757,0.6893,2022,matched,,,0.6893,
ocd-person/37f0e4e6-fd0c-4bae-8def-f0ab80f722ff,Lakesia Collins,IL,D,upper,5,-0.706,0.6765,2022,matched,,,0.6765,
ocd-person/9eda7be9-b2c6-45e6-bea6-098bd7f47595,Larry Walsh,IL,D,lower,86,-0.638,0.6595,2022,matched,,,0.6595,
ocd-person/9bc8c9e8-ed36-42a1-ae80-4b2dfe591839,Laura Ellman,IL,D,upper,21,-0.786,0.6965,2022,matched,,,0.6965,
ocd-person/f0ab36db-6498-4d90-9b11-0191637421d2,Laura Faver Dias,IL,D,lower,62,-0.832,0.708,2022,matched,,,0.708,
ocd-person/0ce44c13-37aa-4560-8489-67c309da913a,Laura Fine,IL,D,upper,9,-0.77,0.6925,2022,matched,,,0.6925,
ocd-person/55be467f-1dd9-4cb7-96b8-050c113f5975,Laura Murphy,IL,D,upper,28,-0.718,0.6795,2022,matched,,,0.6795,
ocd-person/8f61ddbc-3976-49b0-8c80-1d24cca80dc0,Li Arellano,IL,R,upper,37,,,,unmatched,,,,
ocd-person/256a1090-5fef-4f0c-b016-263735573c77,Lilian Jiménez,IL,D,lower,4,,,,unmatched,,,,
ocd-person/8d0beff8-000c-470a-a6c8-a05e1b6816cb,Linda Holmes,IL,D,upper,42,-0.687,0.6718,2022,matched,,,0.6718,
ocd-person/ea4595af-64f9-4d91-9c12-48accdc04ff8,Lindsey LaPointe,IL,D,lower,19,-0.743,0.6857,2022,matched,,,0.6857,
ocd-person/607e0b8f-4f4a-46ae-bfac-24b179d67542,Lisa Davis,IL,D,lower,32,-0.722,0.6805,2022,matched,,,0.6805,
ocd-person/b6ebf45f-ac97-423b-b5c3-eba0a5766a8d,Lisa Hernandez,IL,D,lower,2,-0.739,0.6847,2022,matched,,,0.6847,
ocd-person/4e02286b-b560-4837-8b9c-efa2c679e437,Marcus Evans,IL,D,lower,33,-0.713,0.6783,2022,matched,,,0.6783,
ocd-person/adf823d2-7e3e-4a4d-898c-2dd404679012,Margaret Croke,IL,D,lower,12,-0.712,0.678,2022,matched,,,0.678,
ocd-person/9e3e61af-e205-47a0-8d7c-d50475941ba8,Margaret DeLaRosa,IL,D,lower,42,,,,unmatched,,,,
ocd-person/d1c2870a-8fee-47bf-a48e-4320311f06fd,Mark Walker,IL,D,upper,27,,,,unmatched,,,,
ocd-person/035b25c2-e97c-413e-8d84-d5c618f6a2fa,Marti Deuter,IL,D,lower,45,,,,unmatched,,,,
ocd-person/eb9a9c6e-1173-4c03-848e-167eb2762673,Marty McLaughlin,IL,R,lower,52,1.138,0.2155,2022,matched,,,0.2155,
ocd-person/48d73b90-0109-4fb2-8689-57e803c8294a,Mary Beth Canty,IL,D,lower,54,-0.658,0.6645,2022,matched,,,0.6645,
ocd-person/1a1cd310-b42c-4da3-b9ac-6278b1e95a02,Mary Edly-Allen,IL,D,upper,31,,,,unmatched,,,,
ocd-person/f2231f6c-1ed7-4106-8909-1d87557b2f04,Mary Gill,IL,D,lower,35,,,,unmatched,,,,
ocd-person/14b940c9-8843-4709-97a9-9faee25bb201,Matt Hanson,IL,D,lower,83,-0.968,0.742,2022,matched,,,0.742,
ocd-person/879afbe3-9394-4a84-b57f-af36ca92cb14,Mattie Hunter,IL,D,upper,3,-0.696,0.674,2022,matched,,,0.674,
ocd-person/ef519ea9-e143-44e0-95b2-49d37c4ea3c8,Maura Hirschauer,IL,D,lower,49,-0.746,0.6865,2022,matched,,,0.6865,
ocd-person/77906cdf-58a8-4329-bb24-c65e6e38342f,Maurice West,IL,D,lower,67,1.377,0.1557,2022,matched,,,0.1557,
ocd-person/d218f82f-ce03-4277-9408-119857d1e61f,Meg Loughran Cappel,IL,D,upper,49,,,,unmatched,,,,
ocd-person/c98bae02-b0dd-40ea-96a8-8a5fa994d211,Michael Kelly,IL,D,lower,15,-0.687,0.6718,2022,matched,,,0.6718,
ocd-person/394eec6a-ad20-447e-b72c-f09d76e66fa2,Michelle Mussman,IL,D,lower,56,-0.735,0.6837,2022,matched,,,0.6837,
ocd-person/868db7f8-5f9e-48a4-83ba-a5404b87276a,Mike Coffey,IL,R,lower,95,,,,unmatched,,,,
ocd-person/08699f92-8a4f-4dfa-8e8c-8bf129fb08d0,Mike Crawford,IL,D,lower,31,,,,unmatched,,,,
ocd-person/8021b51f-4acc-459e-a038-786ebaca8666,Mike Halpin,IL,D,upper,36,-0.74,0.685,2022,matched,,,0.685,
ocd-person/fb433923-65ca-475a-b106-7293c3483c57,Mike Hastings,IL,D,upper,19,-0.651,0.6627,2022,matched,,,0.6627,
ocd-person/4666ba31-e78b-48f5-9d88-f4823527df6b,Mike Porfirio,IL,D,upper,11,-0.727,0.6817,2022,matched,,,0.6817,
ocd-person/0125b0ac-65ba-443e-b418-53cdf42b9f85,Mike Simmons-Gessesse,IL,D,upper,7,,,,unmatched,,,,
ocd-person/d717abc0-a4ec-4ce9-bd24-cbda0a48c361,Murri Briel,IL,D,lower,76,,,,unmatched,,,,
ocd-person/3115335b-b84e-49e5-b0ed-8ee2ab139784,Nabeela Syed,IL,D,lower,51,-0.767,0.6917,2022,matched,,,0.6917,
ocd-person/f8e78760-4ec7-44f4-a00f-54f42fb834d5,Napoleon Harris,IL,D,upper,15,-0.654,0.6635,2022,matched,,,0.6635,
ocd-person/d7b735a6-3b70-4a3d-ae53-948fde86e4e7,Natalie Manley,IL,D,lower,98,-0.721,0.6803,2022,matched,,,0.6803,
ocd-person/b676c70e-0bc2-45d2-bd4c-9f3fa70bf60e,Neil Anderson,IL,R,upper,47,0.477,0.3808,2022,matched,,,0.3808,
ocd-person/a5e32db2-c1a9-4b4a-b42e-d2d541bd5825,Nick Smith,IL,D,lower,34,-0.656,0.664,2022,matched,,,0.664,
ocd-person/3846d812-409f-4726-8e46-3624bfe92812,Nicole La Ha,IL,R,lower,82,,,,unmatched,,,,
ocd-person/0394df12-4d09-4844-80aa-269ccc9c1d54,Nicolle Grasse,IL,D,lower,53,,,,unmatched,,,,
ocd-person/cce820c8-7ce2-4b30-8ebd-4734eab16a94,Norine Hammond,IL,R,lower,94,0.889,0.2777,2022,matched,,,0.2777,
ocd-person/c0d6eed8-422f-4e17-a4df-5e546b704e91,Norma Hernandez,IL,D,lower,77,-0.994,0.7485,2022,matched,,,0.7485,
ocd-person/436c1e53-1203-4ce3-9931-d22f9e3c406a,Omar Aquino,IL,D,upper,2,-0.72,0.68,2022,matched,,,0.68,
ocd-person/b79ed17d-30a6-4d03-af90-ad3b34610395,Omar Williams,IL,D,lower,10,-0.78,0.695,2022,matched,,,0.695,
ocd-person/1ae7c123-b1a4-4c6e-b4d3-dc22db461e44,Patrick Joyce,IL,D,upper,40,-0.688,0.672,2022,matched,,,0.672,
ocd-person/075c5ab4-12bf-4573-8091-1539a081256e,Patrick Sheehan,IL,R,lower,37,,,,unmatched,,,,
ocd-person/6cb9bc2c-97b3-4dd1-b5ba-36a644360057,Patrick Windhorst,IL,R,lower,117,1.079,0.2303,2022,matched,,,0.2303,
ocd-person/8392abef-edd4-4e47-b649-ce4ac82ebb21,Paul Faraci,IL,D,upper,52,,,,unmatched,,,,
ocd-person/2febe0de-8b57-43c9-b8cd-a5363af4eae3,Paul Jacobs,IL,R,lower,118,1.158,0.2105,2022,matched,,,0.2105,
ocd-person/ed666567-961a-43f1-8ca3-ddd29e07f8af,Rachel Ventura,IL,D,upper,43,-1.113,0.7782,2022,matched,,,0.7782,
ocd-person/d01a10b0-e391-4c65-ba1f-304ee6130f5c,Ram Villivalam,IL,D,upper,8,-0.75,0.6875,2022,matched,,,0.6875,
ocd-person/8d81a4e9-f895-4a60-8064-2ddd2bd785c8,Regan Deering,IL,R,lower,88,,,,unmatched,,,,
ocd-person/749cc87c-81a8-48ba-9cee-a6be77e1d333,Rick Ryan,IL,D,lower,36,,,,unmatched,,,,
ocd-person/cb9d1283-1029-46cf-8507-1e7ed6937606,Rita Mayfield,IL,D,lower,60,-0.707,0.6767,2022,matched,,,0.6767,
ocd-person/4a3645fe-2a56-400f-ae2a-18e50f2b0bea,Rob Martwick,IL,D,upper,10,-0.685,0.6713,2022,matched,,,0.6713,
ocd-person/86ee52dd-dc32-4895-bf16-746eb76df012,Robert Peters,IL,D,upper,13,-0.772,0.693,2022,matched,,,0.693,
ocd-person/7d68f174-3504-4479-80c5-e3fbe69fd354,Robyn Gabel,IL,D,lower,18,-0.768,0.692,2022,matched,,,0.692,
ocd-person/139cce29-08b9-4731-a7e9-bdeec8129eaa,Ryan Spain,IL,R,lower,73,0.775,0.3063,2022,matched,,,0.3063,
ocd-person/cb406eb3-673a-4715-8d87-d5963220ad6b,Sally Turner,IL,R,upper,44,1.064,0.234,2022,matched,,,0.234,
ocd-person/6c0069de-c064-412e-ae45-9e87d6ee3dae,Sara Feigenholtz,IL,D,upper,6,-0.899,0.7248,2022,matched,,,0.7248,
ocd-person/0b9e2838-eeb0-4d10-8292-64a9e9f54dc1,Seth Lewis,IL,R,upper,24,1.104,0.224,2022,matched,,,0.224,
ocd-person/95032a7e-18c4-40be-b89f-1f61b132533a,Sharon Chung,IL,D,lower,91,-0.86,0.715,2022,matched,,,0.715,
ocd-person/8a39d16f-edbf-454b-8a77-33030fa9a8c2,Sonya Harper,IL,D,lower,6,-0.736,0.684,2022,matched,,,0.684,
ocd-person/0ecdbb3f-7593-4959-8b27-4a03a925d927,Stephanie Kifowit,IL,D,lower,84,-0.742,0.6855,2022,matched,,,0.6855,
ocd-person/d3450848-4552-4b8f-97dc-fb3c26c2566c,Steve McClure,IL,R,upper,54,1.027,0.2433,2022,matched,,,0.2433,
ocd-person/56914fff-eda2-403a-869a-895764908cd9,Steve Reick,IL,R,lower,63,1.003,0.2493,2022,matched,,,0.2493,
ocd-person/ba9c4927-bf9b-4bd5-879f-c515a12a046c,Steve Stadelman,IL,D,upper,34,-0.732,0.683,2022,matched,,,0.683,
ocd-person/a1ac69ba-49db-4529-926f-999e73ef9654,Sue Rezin,IL,R,upper,38,0.595,0.3513,2022,matched,,,0.3513,
ocd-person/e9bf3918-daaa-4fa4-b58d-538c147335dd,Sue Scherer,IL,D,lower,96,-0.741,0.6853,2022,matched,,,0.6853,
ocd-person/68505842-e93c-42ce-adc8-9354f4a0db7a,Suzanne Ness,IL,D,lower,66,-0.764,0.691,2022,matched,,,0.691,
ocd-person/16483678-e06e-4551-8cec-266335b56fff,Suzy Glowiak Hilton,IL,D,upper,23,,,,unmatched,,,,
ocd-person/372be8dc-8177-47e7-b128-1e6a81621f3a,Terri Bryant,IL,R,upper,58,0.899,0.2752,2022,matched,,,0.2752,
ocd-person/a38c9ab5-48b6-417c-baf1-bae5e8f3b7c0,Thaddeus Jones,IL,D,lower,29,-0.771,0.6927,2022,matched,,,0.6927,
ocd-person/c1ebba3c-4fc2-4b66-9ecc-e20aa4f793a9,Theresa Mah,IL,D,lower,24,-0.747,0.6867,2022,matched,,,0.6867,
ocd-person/ba3dd226-a1c6-47af-917a-e12696d5aae5,Tom Weber,IL,R,lower,64,1.406,0.1485,2022,matched,,,0.1485,
ocd-person/d6d5becd-7733-4849-b2a2-b543bbfea1ec,Tony McCombie,IL,R,lower,89,0.633,0.3417,2022,matched,,,0.3417,
ocd-person/4b7dfbae-dc1a-4226-9b42-00c8bbc46b06,Tracy Katz Muhl,IL,D,lower,57,,,,unmatched,,,,
ocd-person/63883963-04b0-454c-8d18-81dcca230b55,Travis Weaver,IL,R,lower,93,1.096,0.226,2022,matched,,,0.226,
ocd-person/5a23473f-1af0-4f7d-8b08-cb287d93db6f,Wayne Rosenthal,IL,R,lower,108,0.871,0.2823,2022,matched,,,0.2823,
ocd-person/fcc072f5-5cbc-4c8e-bc3d-e70b0e102878,Will Davis,IL,D,lower,30,-0.722,0.6805,2022,matched,,,0.6805,
ocd-person/df11068d-eb77-4eb8-90c8-95056891e633,Will Guzzardi,IL,D,lower,39,-0.813,0.7032,2022,matched,,,0.7032,
ocd-person/34274113-7ea1-4e6e-aa7a-da2c9d1037b4,Willie Preston,IL,D,upper,16,0.115,0.4713,2022,matched,,,0.4713,
ocd-person/753dc145-9162-4e02-9b76-836be48498cb,Yolonda Morris,IL,D,lower,9,,,,unmatched,,,,
ocd-person/b5e2b0b8-ae2a-4852-9c40-c9bf4a32fe1a,Aaron Freeman,IN,R,upper,32,1.195,0.2012,2022,matched,,,0.2012,
ocd-person/3564d02c-d1d7-4c46-87b7-dbc1c5f1dc14,Alaina Shonkwiler,IN,R,lower,29,,,,unmatched,,,,
ocd-person/ea9905ae-ca94-4184-853c-d7d622dd46ee,Alex Burton,IN,D,lower,77,1.19,0.2025,2020,matched,,,0.2025,
ocd-person/7daef9db-7675-4d8e-8e78-b943a24fd5b7,Alex Zimmerman,IN,R,lower,67,,,,unmatched,,,,
ocd-person/f22b3c5a-950d-4e0c-83c8-bf9a7c005c73,Andrea Hunley,IN,D,upper,46,-0.77,0.6925,2022,matched,,,0.6925,
ocd-person/27343a14-0487-4a7a-8ddd-1e0991c4a694,Andrew Ireland,IN,R,lower,90,,,,unmatched,,,,
ocd-person/a8ed53f7-00fb-428b-a629-7532efaf902d,Beau Baird,IN,R,lower,44,1.194,0.2015,2022,matched,,,0.2015,
ocd-person/172ba652-d80a-45cd-a387-f072925561f7,Becky Cash,IN,R,lower,25,1.609,0.0978,2022,matched,,,0.0978,
ocd-person/ea2c35cb-7071-43de-8dc6-e91756d03f11,Ben Smaltz,IN,R,lower,52,1.237,0.1907,2022,matched,,,0.1907,
ocd-person/a1002ff1-ffd8-4d82-8db9-3a8295ca5e06,Blake Doriot,IN,R,upper,12,1.225,0.1937,2022,matched,,,0.1937,
ocd-person/5fd5f8d8-b47c-4b69-ba1a-d89f0fb106a7,Blake Johnson,IN,D,lower,100,-0.683,0.6707,2022,matched,,,0.6707,
ocd-person/3d215bfb-c08a-47f0-91d3-eb114b33c56d,Bob Behning,IN,R,lower,91,1.199,0.2002,2022,matched,,,0.2002,
ocd-person/791928fe-00bb-46bf-9b57-36b7a40e0250,Bob Heaton,IN,R,lower,46,1.199,0.2002,2022,matched,,,0.2002,
ocd-person/20851625-bc7c-41ed-841e-27af062bc03e,Bob Morris,IN,R,lower,84,1.231,0.1922,2022,matched,,,0.1922,
ocd-person/6629fcea-f482-4e63-872d-d2f8734502ca,Brad Barrett,IN,R,lower,56,0.966,0.2585,2022,matched,,,0.2585,
ocd-person/08d4ca65-7f96-4df8-80cf-33b1cb156a47,Brett Clark,IN,R,upper,24,,,,unmatched,,,,
ocd-person/0482a330-c9fb-4f41-b136-88a4aef2de6a,Brian Buchanan,IN,R,upper,7,1.183,0.2042,2022,matched,,,0.2042,
ocd-person/fe83212e-72d8-4d9c-80cb-338c7f318f09,Bruce Borders,IN,R,lower,45,1.188,0.203,2022,matched,,,0.203,
ocd-person/ec6a3cce-3eca-4020-8809-a7a1875e1663,Carey Hamilton,IN,D,lower,87,-0.603,0.6507,2022,matched,,,0.6507,
ocd-person/16ded3c5-7034-4910-b5d1-76efa7b2f02f,Carolyn Jackson,IN,D,lower,1,-0.458,0.6145,2022,matched,,,0.6145,
ocd-person/8db4d04c-3afe-44c1-940b-7761cd035800,Cherrish Pryor,IN,D,lower,94,-0.598,0.6495,2022,matched,,,0.6495,
ocd-person/a2b2e61b-e27c-4ead-8c81-6703ea817037,Chris Campbell,IN,D,lower,26,-0.778,0.6945,2022,matched,,,0.6945,
ocd-person/dc07e0d2-7372-46c2-967c-878ec522879d,Chris Garten,IN,R,upper,45,1.209,0.1977,2022,matched,,,0.1977,
ocd-person/8f56f62b-e700-4fdc-b35a-bba408d3e6cf,Chris Jeter,IN,R,lower,88,1.19,0.2025,2022,matched,,,0.2025,
ocd-person/35824e09-976c-44b7-9825-0787030f0e4e,Chris Judy,IN,R,lower,83,1.25,0.1875,2022,matched,,,0.1875,
ocd-person/f1571a79-9c64-42b2-82d2-ec9f512722eb,Chris May,IN,R,lower,65,1.151,0.2122,2022,matched,,,0.2122,
ocd-person/17fd494d-905d-4c82-a828-6d975cbf02f3,Chuck Moseley,IN,D,lower,10,-0.681,0.6703,2022,matched,,,0.6703,
ocd-person/e3cfa300-8d75-4217-9cc4-371aca7f77dd,Cindy Ledbetter,IN,R,lower,75,1.094,0.2265,2022,matched,,,0.2265,
ocd-person/e4588f99-2084-4b0f-9260-f73a8f6aeb62,Cory Criswell,IN,R,lower,54,1.574,0.1065,2022,matched,,,0.1065,
ocd-person/006e6bcf-0a2c-4eef-92e3-44714f31aa4e,Craig Haggard,IN,R,lower,57,0.84,0.29,2022,matched,,,0.29,
ocd-person/d9c1cb89-9943-4afd-9353-8c771dcac356,Craig Snow,IN,R,lower,22,1.155,0.2112,2022,matched,,,0.2112,
ocd-person/f15e7d77-05df-4875-88a3-0a1aa40822ec,Cyndi Carrasco,IN,R,upper,36,,,,unmatched,,,,
ocd-person/da8afc87-2b9a-4544-8fb9-2f03f426a451,Dale DeVon,IN,R,lower,5,1.186,0.2035,2022,matched,,,0.2035,
ocd-person/bb961150-43c0-4535-bc67-a63127c90047,Dan Dernulc,IN,R,upper,1,1.198,0.2005,2022,matched,,,0.2005,
ocd-person/7403f289-e044-47ad-b594-05d174ec486e,Danny Lopez,IN,R,lower,39,,,,unmatched,,,,
ocd-person/06fded2a-c138-46b5-9966-7662c0f28c41,Daryl Schmitt,IN,R,upper,48,,,,unmatched,,,,
ocd-person/e1599f41-bd7d-45c4-8a43-c25d8b519f53,Dave Hall,IN,R,lower,62,1.091,0.2273,2022,matched,,,0.2273,
ocd-person/ed771fd3-4bd9-4c99-bb42-4bd9f5d1ff8d,Dave Heine,IN,R,lower,85,1.238,0.1905,2022,matched,,,0.1905,
ocd-person/a080b584-c899-4694-a797-73cca22610fe,David Abbott,IN,R,lower,18,1.157,0.2107,2022,matched,,,0.2107,
ocd-person/1fad6d9f-7d2c-4b2e-a74f-26a2ea44f371,David Niezgodski,IN,D,upper,10,-0.644,0.661,2022,matched,,,0.661,
ocd-person/3ed7846b-4aaa-44fc-b502-a64d70bfd36f,Diego Morales,IN,R,executive,,,,,unmatched,,,,
ocd-person/5b58dd7d-acb3-4554-9e4e-c1281155f4ab,Doug Miller,IN,R,lower,48,1.172,0.207,2022,matched,,,0.207,
ocd-person/e0aaea95-033f-49d8-9be6-3875fc3b8efe,Earl Harris,IN,D,lower,2,-0.082,0.5205,2022,matched,,,0.5205,
ocd-person/ce2c81c3-e2d6-4394-b960-8787d896bfe5,Ed Charbonneau,IN,R,upper,5,1.18,0.205,2022,matched,,,0.205,
ocd-person/d01b6bbc-9c5e-4479-afd6-3e7410946367,Ed Clere,IN,I,lower,72,1.038,0.2405,2022,matched,,,0.2405,
ocd-person/45d8ea46-0d3f-4a80-bf4e-ca016bd458a8,Ed DeLaney,IN,D,lower,86,-0.472,0.618,2022,matched,,,0.618,
ocd-person/3fbcc2a9-c620-456c-b38f-03e0f9063c3f,Ed Soliday,IN,R,lower,4,0.416,0.396,2022,matched,,,0.396,
ocd-person/fafeb171-4592-4254-bb59-788745371b7b,Elizabeth Rowray,IN,R,lower,35,1.172,0.207,2022,matched,,,0.207,
ocd-person/2d517236-2a88-435f-bc1f-ce09de86c6f9,Eric Bassler,IN,R,upper,39,1.178,0.2055,2022,matched,,,0.2055,
ocd-person/a7974310-0d01-4bc1-9c14-29561ec68a60,Eric Koch,IN,R,upper,44,1.176,0.206,2022,matched,,,0.206,
ocd-person/bab7e849-4075-4199-b251-34d5f35cc157,Ethan Lawson,IN,R,lower,53,-0.549,0.6372,2018,matched,,,0.6372,
ocd-person/bdae77c7-d89e-426d-b6f6-52e1a48bc87a,Ethan Manning,IN,R,lower,23,1.182,0.2045,2022,matched,,,0.2045,
ocd-person/ba72879f-42bd-4735-a3e0-d5edd0358f98,Fady Qaddoura,IN,D,upper,30,-0.705,0.6763,2022,matched,,,0.6763,
ocd-person/552456a4-62fc-4f94-a9f9-1c5dd8ebe57a,Garrett Bascom,IN,R,lower,68,,,,unmatched,,,,
ocd-person/aa12c3a4-7207-4474-af92-7a1f9dcf62a3,Gary Byrne,IN,R,upper,47,1.313,0.1718,2022,matched,,,0.1718,
ocd-person/a5c26055-cf9f-4d9c-979a-f8964c48c4da,Greg Goode,IN,R,upper,38,,,,unmatched,,,,
ocd-person/3ee97114-199a-4084-903f-5eaa231ca656,Greg Steuerwald,IN,R,lower,40,1.208,0.198,2022,matched,,,0.198,
ocd-person/39798614-3cb2-40b7-adad-4f5c53ff59e5,Greg Taylor,IN,D,upper,33,-0.534,0.6335,2022,matched,,,0.6335,
ocd-person/0bee6f8c-db8b-4e92-8bd4-799c71c55c2c,Greg Walker,IN,R,upper,41,1.218,0.1955,2022,matched,,,0.1955,
ocd-person/6bc40502-e00f-4b16-8c1d-9f5a613a4e88,Gregory Porter,IN,D,lower,96,-0.498,0.6245,2022,matched,,,0.6245,
ocd-person/b71e9f3a-2c59-4e18-80e6-da0a7cc51648,Hal Slager,IN,R,lower,15,1.198,0.2005,2022,matched,,,0.2005,
ocd-person/113063ff-6e21-4bf7-b9d0-f06aafc349f2,Heath VanNatter,IN,R,lower,38,1.236,0.191,2022,matched,,,0.191,
ocd-person/0950736c-1a85-4534-91dd-3538759e75cf,Hunter Smith,IN,R,lower,24,-0.59,0.6475,2022,matched,,,0.6475,
ocd-person/85b8c0cf-3df4-45a1-8c38-d220b7122226,J.D. Ford,IN,D,upper,29,0.817,0.2958,2022,matched,,,0.2958,
ocd-person/dcba8890-86e8-4a0c-a4a5-77b2fa98a267,J.D. Prescott,IN,R,lower,33,1.36,0.16,2022,matched,,,0.16,
ocd-person/12a4df88-7cf2-453c-9cb8-dc5d4a2f6b55,Jack Jordan,IN,R,lower,17,1.443,0.1392,2022,matched,,,0.1392,
ocd-person/d0f113c5-ffad-4c18-867b-417fea0d0a52,Jake Teshka,IN,R,lower,7,1.15,0.2125,2022,matched,,,0.2125,
ocd-person/40ea5143-d0ab-4b9a-a0bc-2cc04f984888,Jean Leising,IN,R,upper,42,1.368,0.158,2022,matched,,,0.158,
ocd-person/4267823b-aec1-452a-a040-25b337f04c54,Jeff Raatz,IN,R,upper,27,1.328,0.168,2022,matched,,,0.168,
ocd-person/6835c75a-05e6-44d8-9d8b-7ee4559892b2,Jeff Thompson,IN,R,lower,28,1.208,0.198,2022,matched,,,0.198,
ocd-person/98849cb4-9559-40c1-bd56-414eaef4e22a,Jenny Meltzer,IN,R,lower,73,1.101,0.2248,2022,matched,,,0.2248,
ocd-person/8c8f7869-329e-4063-ab55-30e4eca00529,Jim Buck,IN,R,upper,21,1.143,0.2142,2022,matched,,,0.2142,
ocd-person/70f005b9-1417-4132-9956-ad93942ca87d,Jim Lucas,IN,R,lower,69,1.151,0.2122,2022,matched,,,0.2122,
ocd-person/3918dc6e-fbf5-4ea0-b62a-376729b463ec,Jim Pressel,IN,R,lower,20,0.755,0.3113,2022,matched,,,0.3113,
ocd-person/c2c98fe8-fef2-4d38-93f6-9eff4d591bed,Jim Tomes,IN,R,upper,49,0.763,0.3093,2022,matched,,,0.3093,
ocd-person/e2a84cfb-4ec9-4c0c-879b-27e51dbd6674,Joanna King,IN,R,lower,49,1.371,0.1573,2022,matched,,,0.1573,
ocd-person/5ceabc0e-ec47-41b5-b014-5eddcdc154f3,John Bartlett,IN,D,lower,95,-0.576,0.644,2022,matched,,,0.644,
ocd-person/d88b76c4-5b6b-4f93-9347-6ae335208679,Julie McGuire,IN,R,lower,93,1.33,0.1675,2022,matched,,,0.1675,
ocd-person/df8a1659-63b2-4e11-8dce-17bce11f8162,Julie Olthoff,IN,R,lower,19,1.181,0.2047,2022,matched,,,0.2047,
ocd-person/fc270bf0-2220-476a-ad9c-15db82d62192,Justin Busch,IN,R,upper,16,1.197,0.2007,2022,matched,,,0.2007,
ocd-person/0f97edaa-0f48-4c61-82dd-c70aeb05a5ff,Justin Moed,IN,D,lower,97,-0.672,0.668,2022,matched,,,0.668,
ocd-person/efa78779-f35e-49fb-8b6b-5cccd00c870a,Karen Engleman,IN,R,lower,70,1.364,0.159,2022,matched,,,0.159,
ocd-person/0b35c9d0-f21d-41a3-b7b6-15759df5bc59,Kendell Culp,IN,R,lower,16,1.295,0.1763,2022,matched,,,0.1763,
ocd-person/a67ee82c-450c-49ed-8862-f58e34a3dfbb,Kyle Miller,IN,D,lower,82,-1.176,0.794,2022,matched,,,0.794,
ocd-person/b5d0a278-d77b-49fe-88d4-2bd473055144,Kyle Pierce,IN,R,lower,36,1.382,0.1545,2022,matched,,,0.1545,
ocd-person/da010a7d-0344-48cb-b9ba-2eca71007cc6,Kyle Walker,IN,R,upper,31,0.811,0.2973,2022,matched,,,0.2973,
ocd-person/6c8d86c3-4157-4673-a7d9-524c9d49f859,La Keisha Jackson,IN,D,upper,34,,,,unmatched,,,,
ocd-person/b5f001ff-6e60-49b9-b074-bb83139410b4,Linda Rogers,IN,R,upper,11,1.205,0.1987,2022,matched,,,0.1987,
ocd-person/62c64f60-2fb9-4edc-86ee-6c0d7cccff75,Lindsay Patterson,IN,R,lower,55,1.838,0.0405,2022,matched,,,0.0405,
ocd-person/d9013459-1dea-46ee-bdd5-5b2874b76e0a,Liz Brown,IN,R,upper,15,1.227,0.1932,2022,matched,,,0.1932,
ocd-person/a48f9631-3436-4445-b8fc-87c143f373cd,Lonnie Randolph,IN,D,upper,2,-0.561,0.6402,2022,matched,,,0.6402,
ocd-person/4647c4f2-f1d1-4151-a85a-74db23a7fb5d,Lori Goss-Reaves,IN,R,lower,31,,,,unmatched,,,,
ocd-person/3568c1ff-87a5-4121-a468-ced11a824691,Lorissa Sweet,IN,R,lower,50,1.876,0.031,2022,matched,,,0.031,
ocd-person/38ca634d-bbf0-42f3-bf01-4d6cdcb84bbd,Mark Genda,IN,R,lower,41,-0.774,0.6935,2022,matched,,,0.6935,
ocd-person/c553dcc6-1c2c-49d8-be04-e89e4d123d8b,Mark Spencer,IN,D,upper,3,,,,unmatched,,,,
ocd-person/1b9ddafb-fca9-4924-b565-d651c2ca133b,Martin Carbaugh,IN,R,lower,81,1.24,0.19,2022,matched,,,0.19,
ocd-person/1f2380f8-be03-4499-a72a-8dac376d6aaa,Matt Commons,IN,R,lower,13,,,,unmatched,,,,
ocd-person/be7ad6b3-da1b-4b8d-b41b-6b6e48a9bdfa,Matt Hostettler,IN,R,lower,64,1.148,0.213,2022,matched,,,0.213,
ocd-person/423b3123-c1b6-4e2f-92f4-5610130de844,Matt Lehman,IN,R,lower,79,1.185,0.2037,2022,matched,,,0.2037,
ocd-person/c66bcc9b-d5e6-478b-b11e-25be7f4e0aaa,Matt Pierce,IN,D,lower,61,-0.621,0.6552,2022,matched,,,0.6552,
ocd-person/7e493895-2f49-4a56-a4a3-f888373769b5,Maureen Bauer,IN,D,lower,6,-0.643,0.6607,2022,matched,,,0.6607,
ocd-person/f3361ebb-630c-4160-9f66-68c7c9eb7419,Micah Beckwith,IN,R,executive,,,,,unmatched,,,,
ocd-person/6ffd10c6-9fd6-4378-8841-63ce4ca88764,Michael Crider,IN,R,upper,28,1.29,0.1775,2022,matched,,,0.1775,
ocd-person/7580d002-efd7-461a-80ee-06c82ab0db71,Michelle Davis,IN,R,lower,58,1.198,0.2005,2022,matched,,,0.2005,
ocd-person/14aac431-636f-483e-ac39-bf45be53af2f,Mike Andrade,IN,D,lower,12,-0.687,0.6718,2022,matched,,,0.6718,
ocd-person/2ca76c73-5db4-499b-b718-c83294b5f68e,Mike Aylesworth,IN,R,lower,11,0.719,0.3203,2022,matched,,,0.3203,
ocd-person/9569c3da-b86b-4b33-a9ad-8d6174323569,Mike Bohacek,IN,R,upper,8,0.674,0.3315,2022,matched,,,0.3315,
ocd-person/01cb22d6-e0f5-478e-99b2-801ffbf32d2b,Mike Gaskill,IN,R,upper,25,1.256,0.186,2022,matched,,,0.186,
ocd-person/344cb784-deed-4671-94f1-0616555296e3,Mike Karickhoff,IN,R,lower,30,1.249,0.1877,2022,matched,,,0.1877,
ocd-person/01bb6149-aa0f-457f-b759-1338b6c8ae5f,Mike Young,IN,R,upper,35,1.194,0.2015,2022,matched,,,0.2015,
ocd-person/30a1de33-efbb-41e1-bf59-bf8171089a3a,Mitch Gore,IN,D,lower,89,-0.796,0.699,2022,matched,,,0.699,
ocd-person/b5f773c4-4e25-4fac-b905-5aca0023100d,Nick McKinley,IN,R,upper,17,,,,unmatched,,,,
ocd-person/0acb3367-1e1e-404e-89c8-82e3c6754235,Peggy Mayfield,IN,R,lower,60,1.208,0.198,2022,matched,,,0.198,
ocd-person/d1e89034-ef4a-4a10-b16d-16dc617dcdf1,Phil GiaQuinta,IN,D,lower,80,-0.517,0.6292,2022,matched,,,0.6292,
ocd-person/4c9685ab-f2a4-46e0-980a-699bb01d26cf,Ragen Hatcher,IN,D,lower,3,-0.438,0.6095,2022,matched,,,0.6095,
ocd-person/acd45b79-7930-459f-8118-70b9574ba481,Randy Maxwell,IN,R,upper,43,,,,unmatched,,,,
ocd-person/74acd892-bd86-453a-8a48-87954ad68c19,Randy Novak,IN,D,lower,9,,,,unmatched,,,,
ocd-person/8b2a92f1-4b70-4dfc-8f4f-789aca1b5e8b,Reneé Pack,IN,D,lower,92,-0.9,0.725,2022,matched,,,0.725,
ocd-person/0b243d61-c607-4711-bc54-aecc21281540,Rick Niemeyer,IN,R,upper,6,1.15,0.2125,2022,matched,,,0.2125,
ocd-person/cd2f0bde-b248-4ba3-81ad-042acd7d60c8,Robb Greene,IN,R,lower,47,1.287,0.1783,2022,matched,,,0.1783,
ocd-person/d15f8f7e-148b-47fc-858d-84ad23347f64,Robin Shackleford,IN,D,lower,98,-0.634,0.6585,2022,matched,,,0.6585,
ocd-person/766cf9c2-a001-49a1-8fba-075a0510767d,Rod Bray,IN,R,upper,37,1.18,0.205,2022,matched,,,0.205,
ocd-person/4058ba4c-30a9-46a7-80a1-1f3de1e44a2f,Rodney Pol,IN,D,upper,4,-0.893,0.7232,2022,matched,,,0.7232,
ocd-person/91572a47-dcdf-4be5-8fec-99630da33a39,Ron Alting,IN,R,upper,22,1.177,0.2057,2022,matched,,,0.2057,
ocd-person/16b01fca-3a93-41a3-ad6a-f2bf9209ddf7,Ryan Dvorak,IN,D,lower,8,-0.625,0.6562,2022,matched,,,0.6562,
ocd-person/d96c807a-9e72-4861-bca4-67d787cbf49f,Ryan Lauer,IN,R,lower,59,1.401,0.1497,2022,matched,,,0.1497,
ocd-person/010e5ebe-683c-4fe2-9696-46f7f0b4bea6,Ryan Mishler,IN,R,upper,9,1.17,0.2075,2022,matched,,,0.2075,
ocd-person/75d45200-93a5-45b7-90c2-9b3014d7f827,Scott Alexander,IN,R,upper,26,1.459,0.1352,2022,matched,,,0.1352,
ocd-person/7aea558c-2623-446e-9870-9ee2b8fe5e47,Scott Baldwin,IN,R,upper,20,1.174,0.2065,2022,matched,,,0.2065,
ocd-person/2a0b391a-a59d-4b7f-907b-87980c2714d8,Shane Lindauer,IN,R,lower,63,1.156,0.211,2022,matched,,,0.211,
ocd-person/68f44f31-ba0b-4641-a656-f05e91c02cd8,Sheila Klinker,IN,D,lower,27,-0.558,0.6395,2022,matched,,,0.6395,
ocd-person/872447dd-3b06-421e-af8c-25ea68aa5ae4,Shelli Yoder,IN,D,upper,40,-0.893,0.7232,2022,matched,,,0.7232,
ocd-person/5f8f629e-daed-4a92-ab9b-98c4127d8a0e,Spencer Deery,IN,R,upper,23,1.207,0.1982,2022,matched,,,0.1982,
ocd-person/b2c735b9-54fb-4e12-9fef-36ffda822b43,Stacey Donato,IN,R,upper,18,1.158,0.2105,2022,matched,,,0.2105,
ocd-person/df749cfb-56e8-482f-bf4b-183a1fb52594,Steve Bartels,IN,R,lower,74,1.154,0.2115,2022,matched,,,0.2115,
ocd-person/98feacbe-3be5-407e-a437-66d65a836a5e,Sue Errington,IN,D,lower,34,-0.714,0.6785,2022,matched,,,0.6785,
ocd-person/a0b2ce58-2c2d-4b71-a9e2-7b8ae153d53f,Sue Glick,IN,R,upper,13,1.193,0.2017,2022,matched,,,0.2017,
ocd-person/87eb34dc-70d6-4614-a871-568a836ff552,Tim O'Brien,IN,R,lower,78,1.243,0.1892,2022,matched,,,0.1892,
ocd-person/fbcd4d2c-32c6-4c97-837b-4e4ed80c43df,Tim Wesco,IN,R,lower,21,1.221,0.1947,2022,matched,,,0.1947,
ocd-person/fb16b382-4ca4-47c2-abaf-3c6e72f5a780,Tim Yocum,IN,R,lower,42,,,,unmatched,,,,
ocd-person/d2667b82-c381-495d-b533-c70a9ae92ec0,Todd Huston,IN,R,lower,37,1.158,0.2105,2022,matched,,,0.2105,
ocd-person/b2cb0fa8-b426-4c50-94d8-dedd948175cd,Todd Rokita,IN,R,executive,,,,,unmatched,,,,
ocd-person/e75ceaff-b623-4887-90a3-2b5328d184c5,Tony Isa,IN,R,lower,51,,,,unmatched,,,,
ocd-person/0f97a586-0089-4eb8-86c1-40f42bc1f594,Tonya Pfaff,IN,D,lower,43,-0.641,0.6603,2022,matched,,,0.6603,
ocd-person/aa948d0d-f7d1-4a11-a58b-986b0d61ebf7,Travis Holdman,IN,R,upper,19,1.221,0.1947,2022,matched,,,0.1947,
ocd-person/5e19b0fa-7bdc-4732-826c-adf5fbad4e21,Tyler Johnson,IN,R,upper,14,1.284,0.179,2022,matched,,,0.179,
ocd-person/51d00dd2-d18c-4d77-9ad1-710016d30448,Vanessa Summers,IN,D,lower,99,-0.567,0.6418,2022,matched,,,0.6418,
ocd-person/b6be97c1-d574-443d-b493-224dcb6e2a7f,Vaneta Becker,IN,R,upper,50,0.665,0.3337,2022,matched,,,0.3337,
ocd-person/86b7914b-08e6-4ac7-bcd6-b4afa4dceb09,Vernon Smith,IN,D,lower,14,-0.59,0.6475,2022,matched,,,0.6475,
ocd-person/58922dd9-3295-4d8f-a1ca-60356b1b4ad8,Victoria Garcia Wilburn,IN,D,lower,32,-1.212,0.803,2022,matched,,,0.803,
ocd-person/0761bcc1-6fbf-4a37-8b52-46c2bc6912fa,Wendy Dant Chesser,IN,D,lower,71,,,,unmatched,,,,
ocd-person/ac2c89af-df39-4057-bdeb-15ca57b7ef9f,Wendy McNamara,IN,R,lower,76,1.213,0.1967,2022,matched,,,0.1967,
ocd-person/a74de022-873d-4a31-986c-66e81356a6f2,Zach Payne,IN,R,lower,66,1.3,0.175,2022,matched,,,0.175,
ocd-person/c29c02a4-8429-4846-bc19-817f545f3935,Adam Zabner,IA,D,lower,90,-0.8,0.7,2022,matched,,,0.7,
ocd-person/9788064e-fad9-4130-9084-69e829884d9c,Adrian Dickey,IA,R,upper,44,1.115,0.2213,2022,matched,,,0.2213,
ocd-person/e0883366-eaba-4dc1-9a66-4c35cb1d0290,Aime Wichtendahl,IA,D,lower,80,,,,unmatched,,,,
ocd-person/0ed1d7f1-1471-4055-b674-582bf19c28b3,Amy Nielsen,IA,D,lower,85,-0.712,0.678,2022,matched,,,0.678,
ocd-person/8e969687-4903-4f3c-a76f-2e35a2232d09,Amy Sinclair,IA,R,upper,12,1.14,0.215,2022,matched,,,0.215,
ocd-person/17e291e9-2484-4e94-a99f-0c12d6269349,Angel Ramirez,IA,D,lower,78,,,,unmatched,,,,
ocd-person/f8bf5332-b8b7-4d55-8652-e9b883cae35e,Ann Meyer,IA,R,lower,8,1.121,0.2198,2022,matched,,,0.2198,
ocd-person/79eacd35-8caf-466e-b75f-0d878dcf5221,Annette Sweeney,IA,R,upper,27,1.19,0.2025,2022,matched,,,0.2025,
ocd-person/57925a0b-3010-440d-a012-c8465535c13e,Art Staed,IA,D,upper,40,,,,unmatched,,,,
ocd-person/9aa42801-ba2e-4f2e-9448-cf5e6114fba7,Austin Baeth,IA,D,lower,36,-0.809,0.7023,2022,matched,,,0.7023,
ocd-person/3dea807e-b6b5-4531-a5d6-d51ae8811aca,Austin Harris,IA,R,lower,26,1.291,0.1773,2022,matched,,,0.1773,
ocd-person/5aa1870f-0eb7-4a82-9788-7b159d28a287,Barb Kniff McCulla,IA,R,lower,37,1.357,0.1608,2022,matched,,,0.1608,
ocd-person/5c955d7c-30ce-4930-9d96-588735b89dc2,Beth Wessel-Kroeschell,IA,D,lower,49,,,,unmatched,,,,
ocd-person/c1174a56-68c9-4103-aaee-fa3f1a2b25ca,Bill Dotzler,IA,D,upper,31,-0.608,0.652,2022,matched,,,0.652,
ocd-person/7ebd4346-a560-458d-b010-3ddd82d1cf38,Bill Gustoff,IA,R,lower,40,1.091,0.2273,2022,matched,,,0.2273,
ocd-person/16d3e647-2d71-4eb0-beb3-1c6e0294fd7d,Blaine Watkins,IA,R,lower,100,,,,unmatched,,,,
ocd-person/078e02d7-0d26-49f2-9176-8044701e540f,Bob Henderson,IA,R,lower,2,1.106,0.2235,2022,matched,,,0.2235,
ocd-person/bdd055a7-677f-4df3-ba42-72c09d75a2ad,Bob Kressig,IA,D,lower,75,-0.749,0.6873,2022,matched,,,0.6873,
ocd-person/657c7d2d-2444-4809-93fb-d1701d77f528,Bobby Kaufmann,IA,R,lower,82,1.23,0.1925,2022,matched,,,0.1925,
ocd-person/fcb94ca1-9a57-4378-9568-ecbe6c3ae0d6,Brenna Bird,IA,R,executive,,,,,unmatched,,,,
ocd-person/29efffba-9a8b-473f-a66e-8be5441cbb83,Brent Siegrist,IA,R,lower,19,1.161,0.2097,2022,matched,,,0.2097,
ocd-person/e34f4bba-5e1f-4e99-8654-d35140a5470b,Brett Barker,IA,R,lower,51,,,,unmatched,,,,
ocd-person/e0d66082-fd49-47ff-acd7-2f8106bc9837,Brian Lohse,IA,R,lower,45,1.137,0.2157,2022,matched,,,0.2157,
ocd-person/141dec61-26f0-4155-a86b-9b2179c9546c,Brian Meyer,IA,D,lower,29,-0.292,0.573,2022,matched,,,0.573,
ocd-person/942429d9-5b4a-4ad7-8da7-d43eb7828dff,Brooke Boden,IA,R,lower,21,1.136,0.216,2022,matched,,,0.216,
ocd-person/97a4ef03-4b50-4fcd-9ebc-3d76482f2150,Bubba Sorensen,IA,R,lower,23,1.12,0.22,2022,matched,,,0.22,
ocd-person/9b68d2a2-ead2-401e-a225-1edae68f6099,Carrie Koelker,IA,R,upper,33,1.112,0.222,2022,matched,,,0.222,
ocd-person/e7b268b8-c922-4e66-8327-cc4c49854d5e,Carter Nordman,IA,R,lower,47,1.115,0.2213,2022,matched,,,0.2213,
ocd-person/96941816-29ce-4c03-ab43-efa1ef2930ab,Catelin Drey,IA,D,upper,1,,,,unmatched,,,,
ocd-person/3d113997-b440-47db-97d2-3dca3a2b431a,Chad Behn,IA,R,lower,48,,,,unmatched,,,,
ocd-person/623b4ac1-3411-4109-b0eb-31bec2780313,Chad Ingels,IA,R,lower,68,1.029,0.2428,2022,matched,,,0.2428,
ocd-person/1a5372b1-e23d-4877-a614-a32f552c58b4,Charley Thomson,IA,R,lower,58,1.378,0.1555,2022,matched,,,0.1555,
ocd-person/006bcadf-1173-4661-a28e-25fbf1a5c423,Charlie McClintock,IA,R,upper,42,1.147,0.2132,2022,matched,,,0.2132,
ocd-person/f4803b48-80d4-43aa-86cd-fe78d268e77a,Cherielynn Westrich,IA,R,upper,13,1.041,0.2398,2022,matched,,,0.2398,
ocd-person/a32d2cef-0ce9-4a2d-bbf6-8c8a53eaad4f,Chris Cournoyer,IA,R,executive,,,,,unmatched,,,,
ocd-person/08e97c3c-42e2-47f7-b186-0b5099161d4e,Christian Hermanson,IA,R,lower,59,,,,unmatched,,,,
ocd-person/6729badd-57a5-484c-bb4c-23afa6e96cdf,Cindy Golding,IA,R,lower,83,1.168,0.208,2022,matched,,,0.208,
ocd-person/84279bc7-04df-475e-8d6f-9f9703c73101,Cindy Winckler,IA,D,upper,49,-0.777,0.6943,2022,matched,,,0.6943,
ocd-person/63ec798f-401b-4512-9f56-b162eb96bfe9,Craig Johnson,IA,R,lower,67,1.163,0.2092,2022,matched,,,0.2092,
ocd-person/cf98b8af-97b3-46d8-9cc8-4695aab1ae30,Craig Williams,IA,R,lower,11,-0.891,0.7228,2022,matched,,,0.7228,
ocd-person/79384252-69ca-43c7-bda1-46b6abe5873e,Dan Dawson,IA,R,upper,10,1.18,0.205,2022,matched,,,0.205,
ocd-person/d9b64ebb-2332-4ab8-b21f-e697f08759d3,Dan Gehlbach,IA,R,lower,46,1.479,0.1302,2022,matched,,,0.1302,
ocd-person/63c59e95-ff5f-40b3-871e-3569f6ad8425,Dan Gosa,IA,D,lower,81,,,,unmatched,,,,
ocd-person/3fa8bceb-666f-4480-a957-1928e2b5fec6,Dan Zumbach,IA,R,upper,34,1.218,0.1955,2022,matched,,,0.1955,
ocd-person/55c46119-e6fa-4b22-ade6-18990aeacf0c,Dave Jacoby,IA,D,lower,86,-0.384,0.596,2022,matched,,,0.596,
ocd-person/93e9ba73-a053-4661-8b8b-e8e2f25d0596,Dave Rowley,IA,R,upper,5,1.265,0.1838,2022,matched,,,0.1838,
ocd-person/b261b6a8-cb30-4808-b750-df2e7963d6c8,Dave Sires,IA,R,upper,38,,,,unmatched,,,,
ocd-person/6c2b2d09-de80-47ca-af67-e646f20ba5fa,David Blom,IA,R,lower,52,,,,unmatched,,,,
ocd-person/7e4913e9-9219-461f-9842-2a96813e009e,David Sieck,IA,R,lower,16,1.099,0.2253,2022,matched,,,0.2253,
ocd-person/e0df02a4-7910-4538-8c3b-8152fb8f657c,David Young,IA,R,lower,28,1.386,0.1535,2022,matched,,,0.1535,
ocd-person/fe90f2b2-0892-4abd-9d6d-4b2ac1dae632,Dawn Driscoll,IA,R,upper,46,1.079,0.2303,2022,matched,,,0.2303,
ocd-person/a4832927-060d-4e15-82d7-795f6f9cc78f,Dean Fisher,IA,R,lower,53,1.123,0.2193,2022,matched,,,0.2193,
ocd-person/1e11235a-f4c8-4124-9f3a-3bb7a219636d,Dennis Guth,IA,R,upper,28,1.117,0.2208,2022,matched,,,0.2208,
ocd-person/5dbb36a6-f191-4201-9cbe-20d7aada4d4c,Derek Wulf,IA,R,lower,76,1.357,0.1608,2022,matched,,,0.1608,
ocd-person/60f3c355-fa56-48db-8379-14234d427148,Devon Wood,IA,R,lower,17,1.171,0.2072,2022,matched,,,0.2072,
ocd-person/a38725e7-bec0-4a5d-bc71-d039bcb8ec04,Doug Campbell,IA,R,upper,30,,,,unmatched,,,,
ocd-person/258e0f31-d71a-42b5-98ff-3f2263f95f65,Eddie Andrews,IA,R,lower,43,1.09,0.2275,2022,matched,,,0.2275,
ocd-person/6ce3e40a-3eee-4a3f-acf3-ddee38e37e6f,Elinor Levin,IA,D,lower,89,-0.878,0.7195,2022,matched,,,0.7195,
ocd-person/75ee3e5c-bf95-4f36-8366-264872631c3c,Elizabeth Wilson,IA,D,lower,73,-0.924,0.731,2022,matched,,,0.731,
ocd-person/8e424b53-9531-4b76-bd44-a8008f34b539,Eric Gjerde,IA,D,lower,74,-0.927,0.7318,2022,matched,,,0.7318,
ocd-person/98672aab-5ba5-4994-964a-f53d8bcdd108,Gary Mohr,IA,R,lower,93,0.916,0.271,2022,matched,,,0.271,
ocd-person/831144f3-e67d-4706-a018-abec3c492269,Hans Wilz,IA,R,lower,25,1.313,0.1718,2022,matched,,,0.1718,
ocd-person/e927adb7-9b5c-41a8-8daf-c9a8620741f5,Heather Hora,IA,R,lower,92,1.328,0.168,2022,matched,,,0.168,
ocd-person/ba713234-dc5e-4646-9f74-c25d84f648cc,Heather Matson,IA,D,lower,42,-0.923,0.7308,2022,matched,,,0.7308,
ocd-person/64d7c18c-3a40-4a0c-a5b9-51ab85b37c81,Helena Hayes,IA,R,lower,88,1.353,0.1618,2022,matched,,,0.1618,
ocd-person/21405c5b-96dc-4c28-9b69-59c2cf00e9a5,Henry Stone,IA,R,lower,9,1.082,0.2295,2022,matched,,,0.2295,
ocd-person/d3b3bc8e-ab0c-4ee2-ba3d-de78040274af,Herman Quirmbach,IA,D,upper,25,-0.913,0.7283,2022,matched,,,0.7283,
ocd-person/0af01ef4-f982-4239-9ffc-56d33cee3b7b,Izaah Knox,IA,D,upper,17,-0.798,0.6995,2022,matched,,,0.6995,
ocd-person/4483a8f0-d946-45b2-9a2e-00dbb4816816,J.D. Scholten,IA,D,lower,1,-0.966,0.7415,2022,matched,,,0.7415,
ocd-person/9da58039-06dd-451e-835c-c406a493a21c,Jack Whitver,IA,R,upper,23,1.174,0.2065,2022,matched,,,0.2065,
ocd-person/9c6428d6-af30-4a4f-bb9c-666d3d6d84c5,Jacob Bossman,IA,R,lower,14,1.184,0.204,2022,matched,,,0.204,
ocd-person/37952941-d329-4c96-8458-654fa495ec76,Jane Bloomingdale,IA,R,lower,60,1.14,0.215,2022,matched,,,0.215,
ocd-person/3089e8af-0071-4298-822c-2d16ac01fe9f,Janet Petersen,IA,D,upper,18,-0.656,0.664,2022,matched,,,0.664,
ocd-person/1c841d58-bdbe-4021-9126-055184cecdd5,Janice Weiner,IA,D,upper,45,-0.891,0.7228,2022,matched,,,0.7228,
ocd-person/2f1410fb-220d-46f7-a49c-2a96ac49e338,Jason Gearhart,IA,R,lower,64,,,,unmatched,,,,
ocd-person/32126238-17ce-4338-923a-3867b6517039,Jason Schultz,IA,R,upper,6,1.127,0.2182,2022,matched,,,0.2182,
ocd-person/c8eeda58-6c95-4ac9-988f-1c9363b2e17c,Jeff Cooling,IA,D,lower,77,-0.9,0.725,2022,matched,,,0.725,
ocd-person/54f49ddd-7a13-4639-87de-7db8760ed5c5,Jeff Reichman,IA,R,upper,50,1.446,0.1385,2022,matched,,,0.1385,
ocd-person/11ceb3de-a680-4dc0-b140-edd37f04e75b,Jeff Shipley,IA,R,lower,87,1.115,0.2213,2022,matched,,,0.2213,
ocd-person/cc1cff7e-82d6-4947-a906-f467b4017285,Jeff Taylor,IA,R,upper,2,0.691,0.3273,2022,matched,,,0.3273,
ocd-person/522b14b8-b82f-4336-a7fb-a0f782d5509a,Jennifer Konfrst,IA,D,lower,32,-0.879,0.7198,2022,matched,,,0.7198,
ocd-person/4b61e993-1cb9-4bd2-a383-46d264d298f9,Jennifer Smith,IA,R,lower,72,1.457,0.1357,2022,matched,,,0.1357,
ocd-person/d7083428-89b1-4a56-a4c8-4a40e80e30e8,Jerome Amos,IA,D,lower,62,-0.404,0.601,2022,matched,,,0.601,
ocd-person/c6cbc677-2d42-4497-ae57-989a30aaddae,Jesse Green,IA,R,upper,24,1.376,0.156,2022,matched,,,0.156,
ocd-person/955a4d7c-a378-4bd2-8a74-dac94f74ba52,John Wills,IA,R,lower,10,1.147,0.2132,2022,matched,,,0.2132,
ocd-person/7a97018b-eb0e-46cf-8bd8-26520ff0d1e0,Jon Dunwell,IA,R,lower,38,1.46,0.135,2022,matched,,,0.135,
ocd-person/b28ad297-8f6d-4f36-807e-0acfa35c7d4c,Josh Meggers,IA,R,lower,54,1.302,0.1745,2022,matched,,,0.1745,
ocd-person/c9679bfc-5a21-405a-bae1-e2de9a85baf8,Josh Turek,IA,D,lower,20,-0.934,0.7335,2022,matched,,,0.7335,
ocd-person/69441bf5-e98f-4872-8bf0-5bca86e3c258,Judd Lawler,IA,R,lower,91,,,,unmatched,,,,
ocd-person/67f25420-8ea1-49d1-aa86-488136b5f9f5,Julian Garrett,IA,R,upper,11,1.363,0.1593,2022,matched,,,0.1593,
ocd-person/ef7b8c3c-3cd0-4f95-8b4f-9e4daa061479,Kara Warme,IA,R,upper,26,,,,unmatched,,,,
ocd-person/3dd459aa-4a08-4a98-bce4-37536a9414fa,Ken Croken,IA,D,lower,97,-0.801,0.7003,2022,matched,,,0.7003,
ocd-person/1cfc824d-740a-4e35-a4e2-3728e2d43056,Ken Rozenboom,IA,R,upper,19,1.152,0.212,2022,matched,,,0.212,
ocd-person/1b7d56b0-f635-423c-9c09-5617322b1518,Kenan Judge,IA,D,lower,27,-0.709,0.6773,2022,matched,,,0.6773,
ocd-person/2ff1622d-f1f4-4344-8821-57bcf8d99b83,Kerry Gruenhagen,IA,R,upper,41,1.389,0.1527,2022,matched,,,0.1527,
ocd-person/abad9c61-6eb9-484a-bf07-94cb9040a639,Kevin Alons,IA,R,upper,7,1.539,0.1153,2022,matched,,,0.1153,
ocd-person/3895278c-5226-4b70-bce0-d2ac15b3bce1,Kim Reynolds,IA,R,executive,,,,,unmatched,,,,
ocd-person/dcd5b341-0a0b-4f2b-bb34-d7aab8539258,Larry McBurney,IA,D,lower,44,,,,unmatched,,,,
ocd-person/2f43be90-4912-41fa-acf3-735e3a9ef557,Lindsay James,IA,D,lower,71,-0.817,0.7043,2022,matched,,,0.7043,
ocd-person/a5bbbe7f-202c-4427-89e1-da8d2786d1dc,Liz Bennett,IA,D,upper,39,-0.785,0.6963,2022,matched,,,0.6963,
ocd-person/0f7d8e8f-ab3e-4a0f-bde0-2ef776cdb27d,Lynn Evans,IA,R,upper,3,1.419,0.1452,2022,matched,,,0.1452,
ocd-person/277c38cf-3dc5-419b-b072-df34adc214e6,Mark Cisneros,IA,R,lower,96,1.091,0.2273,2022,matched,,,0.2273,
ocd-person/37b1879c-5435-4c28-bb62-fa71fbabbbdb,Mark Costello,IA,R,upper,8,1.109,0.2228,2022,matched,,,0.2228,
ocd-person/b1110000-b6c3-4348-8655-8a7b51c8a9db,Mark Lofgren,IA,R,upper,48,1.364,0.159,2022,matched,,,0.159,
ocd-person/967868e2-3ec5-425f-bc96-f41208809217,Mark Thompson,IA,R,lower,56,1.63,0.0925,2022,matched,,,0.0925,
ocd-person/996db9b7-c251-478f-8852-0c5477013469,Mary Madison,IA,D,lower,31,-0.897,0.7243,2022,matched,,,0.7243,
ocd-person/4bb97641-21a7-4aaa-b4d8-7f0dfcacd3a0,Matt Blake,IA,D,upper,22,,,,unmatched,,,,
ocd-person/aec12ca2-6ad3-4026-9f01-7a691566c6fc,Matt Rinker,IA,R,lower,99,1.407,0.1482,2022,matched,,,0.1482,
ocd-person/be1898a3-30da-45c6-810f-4751158daefc,Matt Windschitl,IA,R,lower,15,1.206,0.1985,2022,matched,,,0.1985,
ocd-person/65c3efb9-452e-4aae-a390-15db3f3ba707,Megan Jones,IA,R,lower,6,1.125,0.2188,2022,matched,,,0.2188,
ocd-person/84f3edbd-f0e1-4220-a670-f7d39d57bda5,Megan Srinivas,IA,D,lower,30,-0.82,0.705,2022,matched,,,0.705,
ocd-person/bf9a43c8-3e2a-489f-94f6-b26035f7f9b9,Michael Bergan,IA,R,lower,63,1.107,0.2233,2022,matched,,,0.2233,
ocd-person/37784f85-492c-422c-93a3-9910867f68f9,Mike Bousselot,IA,R,upper,21,1.169,0.2077,2022,matched,,,0.2077,
ocd-person/cad5e110-d7b3-45b3-b7c3-9e8232e2dbc7,Mike Klimesh,IA,R,upper,32,1.066,0.2335,2022,matched,,,0.2335,
ocd-person/fdb8c40c-9f1e-4799-bc5f-0249d21f3811,Mike Pike,IA,R,upper,20,,,,unmatched,,,,
ocd-person/4416e207-bc39-4dee-b6fc-7e70e351aa54,Mike Vondran,IA,R,lower,94,1.091,0.2273,2022,matched,,,0.2273,
ocd-person/93034bcb-c3fa-4427-8a1a-d48b8485a8eb,Mike Zimmer,IA,D,upper,35,,,,unmatched,,,,
ocd-person/d675a03b-f474-4e1c-b48a-b78b399488c4,Molly Donahue,IA,D,upper,37,-0.942,0.7355,2022,matched,,,0.7355,
ocd-person/c746f92f-f2d1-4dd9-aa76-f056fe026c32,Monica Kurth,IA,D,lower,98,-0.914,0.7285,2022,matched,,,0.7285,
ocd-person/e8a08a29-2cc5-4b0b-a461-61983aa0771c,Norlin Mommsen,IA,R,lower,70,1.142,0.2145,2022,matched,,,0.2145,
ocd-person/43530aa9-bb74-4e1b-845c-e9491c9a410c,Pat Grassley,IA,R,lower,57,0.958,0.2605,2022,matched,,,0.2605,
ocd-person/f0883baf-9a96-4631-8dd8-2a768fe9357b,Paul Pate,IA,R,executive,,,,,unmatched,,,,
ocd-person/6d119d13-56ee-4aef-a7b0-602efef0b995,Renee Hardman,IA,D,upper,16,,,,unmatched,,,,
ocd-person/8ef407a5-2d80-4190-a656-a23d13fb5cb4,Rick Olson,IA,D,lower,39,-0.712,0.678,2022,matched,,,0.678,
ocd-person/6c4e422c-1d04-48c1-8e75-7af2e6ad1002,Rob Johnson,IA,D,lower,34,1.163,0.2092,2022,matched,,,0.2092,
ocd-person/068a7290-ab67-4ff5-abe5-8e23a7715097,Ross Wilburn,IA,D,lower,50,-0.823,0.7057,2022,matched,,,0.7057,
ocd-person/dad6bcf1-d56a-4a10-a969-2980dd3582d8,Ruth Ann Gaines,IA,D,lower,33,-0.727,0.6817,2022,matched,,,0.6817,
ocd-person/3c21eb9b-0b5d-429e-9bb4-0d53adf4442c,Ryan Weldon,IA,R,lower,41,,,,unmatched,,,,
ocd-person/c9617375-c6c8-453d-8807-32714cd85c21,Sam Wengryn,IA,R,lower,24,,,,unmatched,,,,
ocd-person/a629e45d-fc34-4751-9ca3-d70d2b8f332d,Samantha Fett,IA,R,lower,22,-0.864,0.716,2018,matched,,,0.716,
ocd-person/b51c0843-c860-4568-a3a7-3d004a377fd4,Sandy Salmon,IA,R,upper,29,1.176,0.206,2022,matched,,,0.206,
ocd-person/ce66871e-57e7-471d-b231-d772dd41eb63,Sarah Garriott,IA,D,upper,14,-0.939,0.7348,2022,matched,,,0.7348,
ocd-person/5d6f21b7-11a6-4f5e-8661-abc9345f3623,Scott Webster,IA,R,upper,47,1.353,0.1618,2022,matched,,,0.1618,
ocd-person/8ee06272-1977-4810-8c40-5d007fb31ac8,Sean Bagniewski,IA,D,lower,35,-0.917,0.7292,2022,matched,,,0.7292,
ocd-person/90ea16da-2e10-470e-a004-a5e2688e6331,Shannon Latham,IA,R,lower,55,1.141,0.2147,2022,matched,,,0.2147,
ocd-person/82dcdad5-7974-4b38-a44c-7007e8111a5c,Shannon Lundgren,IA,R,lower,65,1.114,0.2215,2022,matched,,,0.2215,
ocd-person/9d60676d-f50e-4117-8d22-681927e43a01,Skyler Wheeler,IA,R,lower,4,1.1,0.225,2022,matched,,,0.225,
ocd-person/fca5c5d4-a5b0-40eb-ace9-24dfd50bc4a6,Steve Bradley,IA,R,lower,66,1.098,0.2255,2022,matched,,,0.2255,
ocd-person/427b416b-eca9-4863-a8c2-c54ad2769bc1,Steven Holt,IA,R,lower,12,1.121,0.2198,2022,matched,,,0.2198,
ocd-person/fb3a8905-a9a9-4016-97b3-94ce90308240,Taylor Collins,IA,R,lower,95,1.062,0.2345,2022,matched,,,0.2345,
ocd-person/293487d6-a28b-48a2-8cfc-c3daabb8abbe,Tim Kraayenbrink,IA,R,upper,4,1.134,0.2165,2022,matched,,,0.2165,
ocd-person/7467e822-4c62-4cd2-b8e1-6f72a9204fce,Timi Brown-Powers,IA,D,lower,61,,,,unmatched,,,,
ocd-person/264c5cb9-f69f-4d07-ac58-231c98915233,Tom Determann,IA,R,lower,69,1.304,0.174,2022,matched,,,0.174,
ocd-person/ed333b61-6734-49a2-b37d-a167f330bf09,Tom Gerhold,IA,R,lower,84,0.917,0.2707,2022,matched,,,0.2707,
ocd-person/49fc2a54-b290-4f92-9fda-64893f09d29c,Tom Jeneary,IA,R,lower,3,1.089,0.2278,2022,matched,,,0.2278,
ocd-person/137108a7-0316-40f8-9624-08b2094fb723,Tom Moore,IA,R,lower,18,1.091,0.2273,2022,matched,,,0.2273,
ocd-person/d1167ce2-5a24-4eb8-bce8-3800ea24a4d0,Tom Shipley,IA,R,upper,9,1.121,0.2198,2022,matched,,,0.2198,
ocd-person/ba2c7b09-df43-4428-b268-1f5a4995282e,Tom Townsend,IA,D,upper,36,,,,unmatched,,,,
ocd-person/be302cfd-09b1-4a29-974d-479aa24469eb,Tony Bisignano,IA,D,upper,15,-0.427,0.6068,2022,matched,,,0.6068,
ocd-person/0a7675f8-869f-4d49-9a14-c44201e8a8dc,Tracy Ehlert,IA,D,lower,79,-0.734,0.6835,2022,matched,,,0.6835,
ocd-person/4b23e066-26f2-4b23-ac81-060462b2a956,Travis Sitzmann,IA,R,lower,13,,,,unmatched,,,,
ocd-person/b385cd86-67bc-4cff-94cb-6e822f719ca7,Wendy Larson,IA,R,lower,7,0.854,0.2865,2018,matched,,,0.2865,
ocd-person/ef26d757-2882-4047-a82e-0682cc638d05,Zach Dieken,IA,R,lower,5,1.449,0.1377,2022,matched,,,0.1377,
ocd-person/ab4528a8-eeca-4562-8475-967ce868eb68,Zach Wahls,IA,D,upper,43,-0.91,0.7275,2022,matched,,,0.7275,
ocd-person/052c229e-ad06-4b61-abec-4e64858b3a3b,Abi Boatman,KS,D,lower,86,,,,unmatched,,,,
ocd-person/c1802270-0126-4be5-b7e7-1a9a472f5fd7,Adam Smith,KS,R,lower,120,1.107,0.2233,2022,matched,,,0.2233,
ocd-person/2c46aedb-f7a4-4f9a-bade-5ae192acc2a3,Adam Thomas,KS,R,upper,23,,,,unmatched,,,,
ocd-person/d7dd1de1-73e2-438a-bf25-c70e12ede30d,Adam Turk,KS,R,lower,117,1.47,0.1325,2022,matched,,,0.1325,
ocd-person/f3a06f5c-fe9a-42c9-ad04-82e1532b6979,Alexis Simmons,KS,D,lower,58,,,,unmatched,,,,
ocd-person/47445ee6-4c28-496c-b5a2-2f666fc62d46,Allen Reavis,KS,R,lower,63,,,,unmatched,,,,
ocd-person/372f4e97-d36e-41c3-aae3-fd69da828ee5,Angel Roeser,KS,R,lower,67,,,,unmatched,,,,
ocd-person/a587476a-1201-4d9f-b8b7-ac6f74b3f6ce,Angela Martinez,KS,D,lower,103,-0.288,0.572,2022,matched,,,0.572,
ocd-person/e0cddd71-639c-4b74-8dea-bc189418034d,Angela Stiens,KS,R,lower,39,,,,unmatched,,,,
ocd-person/4544fc4e-fff8-4bbe-bc29-4e28c6be3179,Avery Anderson,KS,R,lower,72,1.226,0.1935,2022,matched,,,0.1935,
ocd-person/7aac5ab6-1590-4cfe-8c02-d61f292497c8,Barb Wasinger,KS,R,lower,111,1.159,0.2102,2022,matched,,,0.2102,
ocd-person/3bf41768-e1b5-4017-8ab5-8d1fb1d6521c,Barbara Ballard,KS,D,lower,44,-0.413,0.6032,2022,matched,,,0.6032,
ocd-person/35630402-1f6a-4a3e-b6cf-48c1b93bd6ae,Beverly Gossage,KS,R,upper,9,1.262,0.1845,2022,matched,,,0.1845,
ocd-person/e6316819-6e7e-4560-9acf-a7c28e5cfbe7,Bill Bloom,KS,R,lower,64,1.794,0.0515,2022,matched,,,0.0515,
ocd-person/463dcd61-1bf6-4182-ae6f-a840e43ea7fe,Bill Clifford,KS,R,upper,39,,,,unmatched,,,,
ocd-person/d01abc3e-cce3-450e-8d2c-41491b5bbde6,Bill Rhiley,KS,R,lower,80,1.299,0.1753,2022,matched,,,0.1753,
ocd-person/dc23fc2c-0f64-4fab-96ec-951f0efbe7bb,Bill Sutton,KS,R,lower,43,1.144,0.214,2022,matched,,,0.214,
ocd-person/38998536-e18f-44bb-8e80-01bfee04e991,Blake Carpenter,KS,R,lower,81,1.118,0.2205,2022,matched,,,0.2205,
ocd-person/05ca3b77-c9d8-4d8e-92bf-603b2f71eda6,Bob Lewis,KS,R,lower,123,1.268,0.183,2022,matched,,,0.183,
ocd-person/cb7f246f-5619-4086-8e6a-79614bcbaca6,Brad Barrett,KS,R,lower,76,,,,unmatched,,,,
ocd-person/2b66826b-7af3-4053-8d3b-90dbcf4f0740,Brad Starnes,KS,R,upper,22,,,,unmatched,,,,
ocd-person/c56cf970-39c2-4821-8723-a85dfe09cd6b,Brandon Woodard,KS,D,lower,108,-0.894,0.7235,2022,matched,,,0.7235,
ocd-person/57c530cc-4575-431e-9118-11f64fa3a573,Brenda Dietrich,KS,R,upper,20,1.09,0.2275,2022,matched,,,0.2275,
ocd-person/ca3f1bf6-44e0-4d67-b242-3cd29905723c,Brett Fairchild,KS,R,lower,113,1.536,0.116,2022,matched,,,0.116,
ocd-person/ee28d684-dc5b-4923-a56f-7fef74c9ef67,Brian Bergkamp,KS,R,lower,93,1.293,0.1768,2022,matched,,,0.1768,
ocd-person/7191d22a-a111-4e14-b3d2-87c4084bea1b,Brooklynne Mosley,KS,D,lower,46,,,,unmatched,,,,
ocd-person/71b474cb-1732-41fc-b525-4d53911cbbbe,Carl Turner,KS,R,lower,28,1.334,0.1665,2022,matched,,,0.1665,
ocd-person/f1e5ad82-52f7-4a6a-b028-40df8a3f929b,Carolyn Caiharr,KS,R,lower,33,,,,unmatched,,,,
ocd-person/cc84252c-b7c6-484d-a036-dd38a90b1b04,Caryn Tyson,KS,R,upper,12,1.436,0.141,2020,matched,,,0.141,
ocd-person/e9245d69-ed9f-456c-9c78-01fc5a1f4244,Charlotte Esau,KS,R,lower,14,1.239,0.1902,2022,matched,,,0.1902,
ocd-person/c0c78c6c-d725-4f3b-8ae5-11446753d9a7,Chase Blasi,KS,R,upper,26,,,,unmatched,,,,
ocd-person/bb92c4f1-d89e-4147-9b09-5fc1f56fca1c,Chip VanHouden,KS,R,lower,26,,,,unmatched,,,,
ocd-person/e0cd5e74-7229-4c04-be9e-aa688868e703,Chris Croft,KS,R,lower,8,1.171,0.2072,2022,matched,,,0.2072,
ocd-person/8b617466-af12-4848-8cca-ed088fb196da,Chuck Smith,KS,R,lower,3,1.133,0.2167,2022,matched,,,0.2167,
ocd-person/9c36b31f-b9e7-43cd-8aab-6148c8f6cac8,Cindy Holscher,KS,D,upper,8,-0.916,0.729,2022,matched,,,0.729,
ocd-person/eafd24b5-d096-4fa0-92c4-3b4ced58c40f,Cindy Neighbor,KS,D,lower,18,0.064,0.484,2022,matched,,,0.484,
ocd-person/3df522a5-5542-4ad4-b1bf-54736e60c601,Clarke Sanders,KS,R,lower,69,1.347,0.1633,2022,matched,,,0.1633,
ocd-person/3618106c-5f38-4df6-bf12-d58576bd7c93,Courtney Sappington,KS,R,lower,5,,,,unmatched,,,,
ocd-person/b4963502-06af-4855-bc95-8db7972d2e04,Craig Bowser,KS,R,upper,1,1.32,0.17,2020,matched,,,0.17,
ocd-person/c333ddca-e5a2-4638-910c-a816bcddd666,Cyndi Howerton,KS,R,lower,98,1.527,0.1183,2022,matched,,,0.1183,
ocd-person/9972db5e-e19b-48ab-9d3a-10983c96fc5c,Dale Helwig,KS,R,lower,1,,,,unmatched,,,,
ocd-person/2d7cf122-fd6c-406c-a158-de6c61ff0afa,Dan Goddard,KS,R,lower,7,0.734,0.3165,2022,matched,,,0.3165,
ocd-person/26eb8f32-d499-4b8b-82c6-8fef014633a3,Dan Hawkins,KS,R,lower,100,1.127,0.2182,2022,matched,,,0.2182,
ocd-person/d9b94e4b-d2b0-4139-8135-cba9ff03e8b7,Dan Osman,KS,D,lower,48,-1.04,0.76,2022,matched,,,0.76,
ocd-person/0a2abc46-725c-4637-bf38-dc83cb7f90fd,Dave Buehler,KS,R,lower,40,1.508,0.123,2022,matched,,,0.123,
ocd-person/0a700e33-0ae7-4627-936c-982317c26b9d,David Haley,KS,D,upper,4,-0.25,0.5625,2022,matched,,,0.5625,
ocd-person/33e1e312-76c0-4d83-81d3-fa07768eab34,David Toland,KS,D,executive,,,,,unmatched,,,,
ocd-person/39cab563-99a8-4412-8112-7b88b0911714,Dawn Wolf,KS,R,lower,107,,,,unmatched,,,,
ocd-person/549c712e-1cc1-4ca7-9ef7-b09bb36d7229,Dinah Sykes,KS,D,upper,21,-0.222,0.5555,2022,matched,,,0.5555,
ocd-person/050b34c6-14a3-4998-a67a-13c02217a666,Doug Blex,KS,R,lower,12,1.089,0.2278,2022,matched,,,0.2278,
ocd-person/d0ae10e6-5c26-4be4-af00-036b23664127,Doug Shane,KS,R,upper,37,,,,unmatched,,,,
ocd-person/75db09fb-b9dd-4c6f-ae73-bfde55d7dd62,Duane Droge,KS,R,lower,13,,,,unmatched,,,,
ocd-person/416dbc91-431f-4dc6-8c8a-ca2db2cd3300,Elaine Bowers,KS,R,upper,36,1.204,0.199,2022,matched,,,0.199,
ocd-person/06e5710d-2c6a-4baa-829f-803417539415,Emil Bergquist,KS,R,lower,91,1.057,0.2358,2022,matched,,,0.2358,
ocd-person/76d729c5-1b4d-4966-8c99-5ac8b74d8719,Ethan Corson,KS,D,upper,7,-0.798,0.6995,2022,matched,,,0.6995,
ocd-person/96643a66-5a00-41ba-9aa6-fc126a92849c,Ford Carr,KS,D,lower,84,0.722,0.3195,2022,matched,,,0.3195,
ocd-person/aa7fa5a0-596b-4f52-9af5-732b76f875e9,Francis Awerkamp,KS,R,lower,61,1.443,0.1392,2022,matched,,,0.1392,
ocd-person/3ebdf5bf-c602-4181-914d-fd63b564ea2b,Fred Gardner,KS,R,lower,9,1.41,0.1475,2022,matched,,,0.1475,
ocd-person/b5ed1fef-035c-4454-90ae-6434d0540f43,Gary White,KS,R,lower,115,1.184,0.204,2022,matched,,,0.204,
ocd-person/68b27ef7-a338-4295-b31b-2c984bdbdbf1,Greg Wilson,KS,R,lower,70,,,,unmatched,,,,
ocd-person/eaf4ca2d-ba48-4c99-88cc-2845e7237143,Heather Meyer,KS,D,lower,29,-0.659,0.6647,2022,matched,,,0.6647,
ocd-person/d951217c-00c1-4957-842b-02ecf79ee70d,Henry Helgerson,KS,D,lower,83,-0.426,0.6065,2022,matched,,,0.6065,
ocd-person/65fa3818-4803-4821-8533-51a7802694ec,Jarrod Ousley,KS,D,lower,24,-0.7,0.675,2022,matched,,,0.675,
ocd-person/55f1cbff-5420-44f1-8d6e-1970317cd150,Jason Goetz,KS,R,lower,119,1.513,0.1218,2022,matched,,,0.1218,
ocd-person/49a02bbc-55ad-456e-9175-d51041b583de,Jeff Klemp,KS,R,upper,5,,,,unmatched,,,,
ocd-person/4a358caf-0fad-4d45-8fa7-3c5ef062a544,Jerry Stogsdill,KS,D,lower,21,-0.663,0.6658,2022,matched,,,0.6658,
ocd-person/0c2ba27f-4208-475d-a625-a12c5f0581b5,Jesse Borjon,KS,R,lower,52,1.11,0.2225,2022,matched,,,0.2225,
ocd-person/6d763b0e-63b6-4b79-9d38-bad4095c9d28,Jill Ward,KS,R,lower,105,-0.724,0.681,2018,matched,,,0.681,
ocd-person/ca29b8ff-9845-40ba-a196-458cef943041,Jim Minnix,KS,R,lower,118,1.121,0.2198,2022,matched,,,0.2198,
ocd-person/f66696d0-6a3c-4b91-9f41-ed016e74d4ef,Jo Ella Hoye,KS,D,lower,17,-0.944,0.736,2022,matched,,,0.736,
ocd-person/918f677f-eac8-4e2d-acc9-eb2c3e4de80f,Joe Claeys,KS,R,upper,27,1.225,0.1937,2022,matched,,,0.1937,
ocd-person/29dad718-27f5-4cbb-9a2c-56fad33e4569,Joe Seiwert,KS,R,lower,101,1.199,0.2002,2022,matched,,,0.2002,
ocd-person/f29363f0-8ac1-4c25-a8a7-74db5cefd9a4,John Alcala,KS,D,lower,57,-0.653,0.6633,2022,matched,,,0.6633,
ocd-person/0ce6641b-4793-4194-8a6b-de220fcb20d5,John Carmichael,KS,D,lower,92,-0.545,0.6362,2022,matched,,,0.6362,
ocd-person/16ed9e2b-5a1b-48b1-99c9-651a55061060,K.C. Ohaebosim,KS,D,lower,89,-0.645,0.6613,2022,matched,,,0.6613,
ocd-person/85a66c0d-6f9e-4a55-947e-4d3dc28af0d8,Kellie Warren,KS,R,upper,11,1.198,0.2005,2020,matched,,,0.2005,
ocd-person/9d1f2540-8f56-49c1-be08-2ee7b7faed8e,Ken Collins,KS,R,lower,2,1.323,0.1693,2022,matched,,,0.1693,
ocd-person/afee9b4c-c30b-4cba-b5a2-e20a186c75b1,Ken Corbet,KS,R,lower,54,1.226,0.1935,2022,matched,,,0.1935,
ocd-person/782cdea1-59a1-4930-8126-ffd1264420f9,Ken Rahjes,KS,R,lower,110,1.117,0.2208,2022,matched,,,0.2208,
ocd-person/8a353296-bd2d-4fd6-b1b9-d8b3c8b3f771,Kenny Titus,KS,R,upper,18,,,,unmatched,,,,
ocd-person/d0ddb22e-8135-4ca0-856a-4c00c29f1d47,Kevin Schwertfeger,KS,R,lower,114,,,,unmatched,,,,
ocd-person/a81f29c0-88a5-4984-a36e-214eddb912fb,Kirk Haskins,KS,D,lower,53,-1.034,0.7585,2022,matched,,,0.7585,
ocd-person/10fdb8a1-6fed-43c9-a7ee-289b859b60ab,Kris Kobach,KS,R,executive,,,,,unmatched,,,,
ocd-person/81803637-3bf0-4bbe-9ae4-7724488955b7,Kristey Williams,KS,R,lower,77,1.145,0.2137,2022,matched,,,0.2137,
ocd-person/c51517ec-db1e-433d-a1d0-683547ae34a2,Kyle Hoffman,KS,R,lower,116,1.15,0.2125,2022,matched,,,0.2125,
ocd-person/2abcd1bf-54b0-4abe-a716-065895d88d6b,Kyle McNorton,KS,R,lower,50,,,,unmatched,,,,
ocd-person/630804aa-ee95-4839-9b15-7522ef06d5dd,Kyler Sweely,KS,R,lower,102,,,,unmatched,,,,
ocd-person/a1546322-9d4b-467c-a65a-57dddcc9c4cf,Lance Neelly,KS,R,lower,42,1.324,0.169,2022,matched,,,0.169,
ocd-person/4c340817-c498-4df6-afe4-d3251ce6594b,Larry Alley,KS,R,upper,32,1.36,0.16,2022,matched,,,0.16,
ocd-person/2654d836-700f-464d-a0dd-81cb0bd77b9e,Laura Kelly,KS,D,executive,,,,,unmatched,,,,
ocd-person/0ebc0742-f24c-4ab3-9155-7a4c37e2fa87,Laura Williams,KS,R,lower,30,1.463,0.1342,2022,matched,,,0.1342,
ocd-person/20c5c197-1683-45a4-a6f6-32b9cab0ba93,Lauren Bohi,KS,R,lower,15,,,,unmatched,,,,
ocd-person/567cbef1-19d5-4e90-9b32-d7f2d45428d6,Leah Howell,KS,R,lower,82,1.557,0.1108,2022,matched,,,0.1108,
ocd-person/0f185c85-3f64-4f47-9a64-048b1e009181,Leo Delperdang,KS,R,lower,94,1.08,0.23,2022,matched,,,0.23,
ocd-person/dd5d95d7-16a3-4094-8c3f-d1319fb5b61a,Linda Featherston,KS,D,lower,16,-0.948,0.737,2022,matched,,,0.737,
ocd-person/4a16a87e-2567-4361-9874-aaee47278840,Lindsay Vaughn,KS,D,lower,22,-0.854,0.7135,2022,matched,,,0.7135,
ocd-person/019607dd-e8e2-4c2e-b4cc-e95ccddb54a2,Lisa Moser,KS,R,lower,106,1.319,0.1703,2022,matched,,,0.1703,
ocd-person/783cb220-757e-47e3-9d95-5d6be22c8ee2,Lon Pishny,KS,R,lower,122,,,,unmatched,,,,
ocd-person/6a7f0eed-6a34-4bd2-842c-2978ca9c6008,Louis Ruiz,KS,D,lower,31,-0.516,0.629,2022,matched,,,0.629,
ocd-person/c1529b6d-c377-4491-9397-d61c1301243a,Lynn Melton,KS,D,lower,36,-0.546,0.6365,2022,matched,,,0.6365,
ocd-person/4fca7c3e-1f7c-455e-b555-a293ff578e60,Marci Francisco,KS,D,upper,2,-0.613,0.6532,2022,matched,,,0.6532,
ocd-person/46d9caea-ab2c-4a6e-a08c-ebc927403dc8,Mari-Lynn Poskin,KS,D,lower,20,-0.946,0.7365,2022,matched,,,0.7365,
ocd-person/1748d756-be07-4eaf-be90-82992092e990,Mark Schreiber,KS,R,lower,60,1.102,0.2245,2022,matched,,,0.2245,
ocd-person/ef29753b-3048-4126-bc08-353befde18ab,Marty Long,KS,R,lower,124,0.762,0.3095,2022,matched,,,0.3095,
ocd-person/2b9bf649-25fe-4910-8ee9-fe1de5e978da,Megan Steele,KS,R,lower,51,,,,unmatched,,,,
ocd-person/faf6de90-d016-4f46-8b12-0be42d361030,Melissa Oropeza,KS,D,lower,37,-0.814,0.7035,2022,matched,,,0.7035,
ocd-person/05204bb3-1917-4f12-848e-b83f68f5fddf,Mike Amyx,KS,D,lower,45,-0.668,0.667,2022,matched,,,0.667,
ocd-person/8810cb09-9e5a-49a9-a37c-00ab2924a16b,Mike Argabright,KS,R,upper,17,,,,unmatched,,,,
ocd-person/a0787678-986f-459f-bba3-38d46ef55d8b,Mike Fagg,KS,R,upper,14,1.224,0.194,2022,matched,,,0.194,
ocd-person/59368846-3703-44a5-a898-d7ab00c32c8b,Mike King,KS,R,lower,74,,,,unmatched,,,,
ocd-person/8b446a75-944d-4292-8af0-f5114be39021,Mike Murphy,KS,R,upper,34,,,,unmatched,,,,
ocd-person/4d244ceb-6d50-4670-93db-22ad153b3961,Mike Petersen,KS,R,upper,28,0.902,0.2745,2022,matched,,,0.2745,
ocd-person/daab06b2-f8a1-4ef4-96b4-3826ab4a3905,Mike Storm,KS,R,lower,121,,,,unmatched,,,,
ocd-person/97943c08-7d1f-400e-b71d-7a20e939b1d9,Mike Thompson,KS,R,upper,10,1.24,0.19,2022,matched,,,0.19,
ocd-person/529d7e5b-3acd-467b-b6b2-bf4314fcf633,Nate Butler,KS,R,lower,68,1.308,0.173,2022,matched,,,0.173,
ocd-person/df19b642-2877-4b6d-ab29-bbdd26deaa26,Nick Hoheisel,KS,R,lower,97,0.891,0.2772,2022,matched,,,0.2772,
ocd-person/7bb01d00-be23-4fb4-ab33-074c2826b69e,Nikki McDonald,KS,D,lower,49,,,,unmatched,,,,
ocd-person/9f48288b-b1a9-43a1-884b-5cc2abfa4e4f,Oletha Faust-Goudeau,KS,D,upper,29,,,,unmatched,,,,
ocd-person/57e6524f-40c5-4708-89ad-c80570bf31b1,Pam Curtis,KS,D,lower,32,-0.689,0.6723,2022,matched,,,0.6723,
ocd-person/148ed29a-4c96-4e69-9791-29b2bd3f09b6,Pat Pettey,KS,D,upper,6,-0.466,0.6165,2022,matched,,,0.6165,
ocd-person/fcd23935-0e7e-4896-9381-45ca745e8903,Pat Proctor,KS,R,lower,41,1.207,0.1982,2022,matched,,,0.1982,
ocd-person/8a08b0a9-eeff-495c-8fc8-7bbfe3e4dc26,Patrick Schmidt,KS,D,upper,19,,,,unmatched,,,,
ocd-person/8dc23ca9-1ad8-466d-83d4-453f1bf324b0,Paul Waggoner,KS,R,lower,104,1.497,0.1257,2022,matched,,,0.1257,
ocd-person/23c34f8e-b06b-4de9-91c3-44892dbb2b7d,Rebecca Schmoe,KS,R,lower,59,1.602,0.0995,2022,matched,,,0.0995,
ocd-person/3093633a-62dc-4e93-a305-258a20bfd0f2,Renee Erickson,KS,R,upper,30,1.225,0.1937,2022,matched,,,0.1937,
ocd-person/e5d951f2-88c7-47d4-ac28-08c175ba440d,Rick Billinger,KS,R,upper,40,1.175,0.2062,2022,matched,,,0.2062,
ocd-person/241d0891-9169-443e-be77-d3d00a57f401,Rick James,KS,R,lower,4,,,,unmatched,,,,
ocd-person/5281ab3e-91a8-43be-bcc7-5d9d4c2a2545,Rick Kloos,KS,R,upper,3,1.413,0.1467,2022,matched,,,0.1467,
ocd-person/d9e298ca-0584-41ff-bb18-082072dfe73f,Rick Wilborn,KS,R,lower,73,,,,unmatched,,,,
ocd-person/d034154f-ba03-4c97-ac96-c4023968f9b3,Robyn Essex,KS,R,lower,78,1.315,0.1713,2022,matched,,,0.1713,
ocd-person/61d402db-ed53-4310-9c6b-c392755834a6,Ron Bryce,KS,R,lower,11,1.205,0.1987,2022,matched,,,0.1987,
ocd-person/43caafd7-9177-40f4-b515-0681ef5930f3,Ron Ryckman,KS,R,upper,38,1.154,0.2115,2022,matched,,,0.2115,
ocd-person/6daed22d-40c3-492c-948a-d3de94499e53,Ronald Ellis,KS,R,lower,47,1.229,0.1927,2022,matched,,,0.1927,
ocd-person/c4495c7d-3d3a-4651-9c8b-e3c975c0b84c,Rui Xu,KS,D,lower,25,-0.938,0.7345,2022,matched,,,0.7345,
ocd-person/31351496-5fc5-44fc-911f-0e7547a50a72,Samantha Poetter Parshall,KS,R,lower,6,,,,unmatched,,,,
ocd-person/8e21a303-1c30-4c02-a8f8-8eacccb6873c,Sandy Pickert,KS,R,lower,88,1.435,0.1412,2022,matched,,,0.1412,
ocd-person/64c3ae14-1ec8-46ed-b317-bcd9722319f5,Scott Hill,KS,R,upper,24,,,,unmatched,,,,
ocd-person/5ef16835-fd08-407d-abaf-0407a665ada1,Scott Schwab,KS,R,executive,,,,,unmatched,,,,
ocd-person/a65df523-1cb7-4ee3-ac85-1eec82b3fe2c,Sean Tarwater,KS,R,lower,27,1.099,0.2253,2022,matched,,,0.2253,
ocd-person/c4b83a00-d449-498a-915f-7a7943110545,Sean Willcott,KS,R,lower,62,,,,unmatched,,,,
ocd-person/cc0df3af-9c8b-4834-a629-c16e4c8debcb,Shannon Francis,KS,R,lower,125,1.112,0.222,2022,matched,,,0.222,
ocd-person/97a9a84c-4616-44eb-845c-1e7064c41066,Shawn Chauncey,KS,R,lower,65,,,,unmatched,,,,
ocd-person/cf31199e-7382-4bbe-9359-92c92b428861,Sherri Brantley,KS,R,lower,112,,,,unmatched,,,,
ocd-person/38e5e1b5-72d2-4968-be98-032e8320d475,Silas Miller,KS,D,upper,25,-1.095,0.7737,2020,matched,,,0.7737,
ocd-person/6c410bc7-76fd-4488-aca4-5158a5a55d70,Stephanie Sawyer-Clayton,KS,D,lower,19,,,,unmatched,,,,
ocd-person/413cc3ff-a3b9-465b-827d-4aeb4b0b42c1,Stephen Owens,KS,R,upper,31,,,,unmatched,,,,
ocd-person/434a4028-6a95-4e5c-8f5e-98c8762f6570,Steve Brunk,KS,R,lower,85,,,,unmatched,,,,
ocd-person/e5b4d1e8-40a3-4f75-af3a-36fc7e84a228,Steve Howe,KS,R,lower,71,1.26,0.185,2022,matched,,,0.185,
ocd-person/528160f1-93ab-49f0-89d5-c00cf6e87b81,Steve Huebert,KS,R,lower,90,1.235,0.1912,2022,matched,,,0.1912,
ocd-person/075f264c-efcf-408f-baf8-b3f9306bae36,Susan Estes,KS,R,lower,87,1.158,0.2105,2022,matched,,,0.2105,
ocd-person/4ab616b7-79d2-4d89-ae25-cd4ea4e8c4c8,Susan Humphries,KS,R,lower,99,1.149,0.2127,2022,matched,,,0.2127,
ocd-person/c06bc779-d072-495b-95f8-e5f4e67bdd4c,Susan Ruiz,KS,D,lower,23,-0.887,0.7218,2022,matched,,,0.7218,
ocd-person/e8b970b6-7dee-4073-bc8a-2e6d00193742,Suzanne Wikle,KS,D,lower,10,,,,unmatched,,,,
ocd-person/61dc8b8f-5016-4114-b08a-b2dd0cb16993,Sydney Carlin,KS,D,lower,66,-0.563,0.6407,2022,matched,,,0.6407,
ocd-person/5327f35f-aecc-4ecb-a23a-9136c8e503e1,T.J. Rose,KS,R,upper,35,,,,unmatched,,,,
ocd-person/ecff64bf-dfd7-4df4-a1c2-681348e68fa8,Tim Johnson,KS,R,lower,38,1.259,0.1853,2022,matched,,,0.1853,
ocd-person/c091ed05-ad26-42f2-b7e8-a830404cb152,Tim Shallenburger,KS,R,upper,13,,,,unmatched,,,,
ocd-person/9e2cc4ba-4ac7-4554-ac51-b41f2c3667d1,Tobias Schlingensiepen,KS,D,lower,55,-1.185,0.7963,2022,matched,,,0.7963,
ocd-person/9cef565d-6e73-4090-80bc-a752310efc4c,Tom Kessler,KS,R,lower,96,1.056,0.236,2022,matched,,,0.236,
ocd-person/e6ca4faa-17ec-4256-9265-fbba8afcbb0e,Tom Sawyer,KS,D,lower,95,-0.508,0.627,2022,matched,,,0.627,
ocd-person/80f9f23c-fa36-43ef-b97e-a9563bd4237b,Tory Marie Blew,KS,R,upper,33,,,,unmatched,,,,
ocd-person/655437d6-f80f-4e14-b061-c28a8977cf0f,Troy Waymaster,KS,R,lower,109,1.045,0.2388,2022,matched,,,0.2388,
ocd-person/b4774ff4-de16-4716-8956-65ecc740eb8c,Ty Masterson,KS,R,upper,16,1.234,0.1915,2022,matched,,,0.1915,
ocd-person/8d608ede-12f3-4ec4-8206-2c3dde0db6b7,Val Winn,KS,D,lower,34,-0.458,0.6145,2022,matched,,,0.6145,
ocd-person/90f4cf61-cce8-4f87-8495-c0dc298c8d27,Virgil Peck,KS,R,upper,15,1.265,0.1838,2022,matched,,,0.1838,
ocd-person/acb8f24a-aecd-43a5-887c-be8bbf963e3d,Virgil Weigel,KS,D,lower,56,-0.722,0.6805,2022,matched,,,0.6805,
ocd-person/eb221993-26e9-4046-a626-ca753e4e7f6d,Wanda Paige,KS,D,lower,35,,,,unmatched,,,,
ocd-person/41909a90-1eff-473a-8cb7-3c8770f667f4,Web Roth,KS,R,lower,79,1.004,0.249,2022,matched,,,0.249,
ocd-person/695c8e66-9ee6-4431-8bd4-b7435b04e2c7,Will Carpenter,KS,R,lower,75,1.153,0.2117,2022,matched,,,0.2117,
ocd-person/e46eb488-2e34-4f33-840f-917496473c64,Aaron Reed,KY,R,upper,7,,,,unmatched,,,,
ocd-person/1439bad2-f18b-49e2-94ca-21f2b563dfdd,Aaron Thompson,KY,R,lower,98,,,,unmatched,,,,
ocd-person/e7f7a316-4eb0-4be9-adf9-e7067b20dcfc,Adam Bowling,KY,R,lower,87,0.249,0.4377,2022,matched,,,0.4377,
ocd-person/1ce736fd-c1ca-4366-a235-9509fdb2dcaf,Adam Moore,KY,D,lower,45,1.071,0.2323,2020,matched,,,0.2323,
ocd-person/943724d5-5e02-4d0f-bd79-a74e30f18d1a,Adrielle Camuel,KY,D,lower,93,,,,unmatched,,,,
ocd-person/dfaa3769-decc-4c1c-9c0b-7195153ab6c8,Al Gentry,KY,D,lower,46,-0.707,0.6767,2022,matched,,,0.6767,
ocd-person/7c03bd44-8541-49b0-9794-a9e606c292ce,Amanda Bledsoe,KY,R,upper,12,0.814,0.2965,2022,matched,,,0.2965,
ocd-person/f7bb262c-026f-4af2-9e17-939692c96e89,Amy Neighbors,KY,R,lower,21,0.479,0.3802,2022,matched,,,0.3802,
ocd-person/c7dbc1b4-67fb-4bb2-b1c5-cc5ef9356a5a,Andy Beshear,KY,D,executive,,,,,unmatched,,,,
ocd-person/2b9ac6b5-8979-40b1-b2d1-8241b93061a7,Anne Donworth,KY,D,lower,76,,,,unmatched,,,,
ocd-person/6bc2a8c3-3370-4586-b0b7-a5028f336d12,Ashley Laferty,KY,D,lower,95,,,,unmatched,,,,
ocd-person/c8a9f2cf-9a79-45f6-94df-346b546e1d9b,Beverly Chester-Burton,KY,D,lower,44,,,,unmatched,,,,
ocd-person/91eec267-436a-49a5-9d41-b6b2632d0a51,Bill Wesley,KY,R,lower,91,1.072,0.232,2022,matched,,,0.232,
ocd-person/22e056d2-728a-425a-a0a1-19e0e5cc59cb,Bobby McCool,KY,R,lower,97,0.397,0.4007,2022,matched,,,0.4007,
ocd-person/209d5334-d4a2-45f3-b910-0cd52f96dd4e,Brandon Smith,KY,R,upper,30,0.653,0.3367,2022,matched,,,0.3367,
ocd-person/257271f3-68b1-4481-94e5-f98300493413,Brandon Storm,KY,R,upper,21,0.761,0.3097,2022,matched,,,0.3097,
ocd-person/70d58905-dd36-4e9a-b281-639600e6b945,Candy Massaroni,KY,R,lower,50,1.363,0.1593,2022,matched,,,0.1593,
ocd-person/8dbecabb-ef15-4925-8e50-26331e738a05,Cassie Armstrong,KY,D,upper,19,,,,unmatched,,,,
ocd-person/51dc7033-7377-44d4-a5d8-7bd36b371896,Chad Aull,KY,D,lower,79,-0.713,0.6783,2022,matched,,,0.6783,
ocd-person/db36edd8-6c2f-4441-aa30-5b4dc48b3357,Chris Freeland,KY,R,lower,6,1.064,0.234,2022,matched,,,0.234,
ocd-person/6843e90b-a30a-4dbf-885c-7321ccc8f73f,Chris Fugate,KY,R,lower,84,1.081,0.2298,2022,matched,,,0.2298,
ocd-person/7da80b33-fc71-4d7f-8c96-e6068bd4c19b,Chris Lewis,KY,R,lower,29,0.766,0.3085,2022,matched,,,0.3085,
ocd-person/b32a95c9-42ba-449b-8581-97b9cef73c6a,Chris McDaniel,KY,R,upper,23,0.953,0.2618,2020,matched,,,0.2618,
ocd-person/3109e3ae-10c1-417e-bf7f-bf4f539bd3c8,Craig Richardson,KY,R,upper,3,,,,unmatched,,,,
ocd-person/ed9307f1-cd95-4004-9e72-46970ea64adf,D.J. Johnson,KY,R,lower,13,1.051,0.2373,2022,matched,,,0.2373,
ocd-person/c88c6162-de24-4d8b-98a9-f1788390d043,Dan Fister,KY,R,lower,56,1.148,0.213,2022,matched,,,0.213,
ocd-person/d93e2493-49a8-4395-b7e0-5842893344e1,Daniel Elliott,KY,R,lower,54,1.08,0.23,2022,matched,,,0.23,
ocd-person/d4dd968d-1508-476b-bde1-7504a47288f0,Daniel Grossberg,KY,D,lower,30,-0.606,0.6515,2022,matched,,,0.6515,
ocd-person/0ec7d376-4235-44e7-a6d7-d63962dff167,Danny Carroll,KY,R,upper,2,1.041,0.2398,2022,matched,,,0.2398,
ocd-person/5594a97f-7358-427e-af84-43150a21c97e,David Givens,KY,R,upper,9,1.083,0.2293,2020,matched,,,0.2293,
ocd-person/ebd5f90d-e3cc-45ef-97ff-d51ff1685bcc,David Hale,KY,R,lower,74,1.064,0.234,2022,matched,,,0.234,
ocd-person/3643503c-1da8-4a57-90f1-54f063b1d25e,David Meade,KY,R,lower,80,1.048,0.238,2022,matched,,,0.238,
ocd-person/bf8bfdc3-66f2-417c-8178-9ed16bf8843f,David Osborne,KY,R,lower,59,0.822,0.2945,2022,matched,,,0.2945,
ocd-person/96ab59e2-44c2-4c3d-ac8a-1ee24acc5b55,Deanna Gordon,KY,R,lower,81,,,,unmatched,,,,
ocd-person/60ef609e-8aed-4698-a626-664f536a6122,Derek Lewis,KY,R,lower,90,0.766,0.3085,2022,matched,,,0.3085,
ocd-person/a7cd8577-c315-4bf0-b95f-3259ab7dfce7,Don Douglas,KY,R,upper,22,1.065,0.2338,2022,matched,,,0.2338,
ocd-person/67b233b8-474d-49ce-81a8-7f48eec3c79a,Emily Callaway,KY,R,lower,37,1.268,0.183,2022,matched,,,0.183,
ocd-person/4ce23404-165d-4c96-9130-56acaf2e73a7,Erika Hancock,KY,D,lower,57,,,,unmatched,,,,
ocd-person/4342be62-2791-4d48-b601-43949239cd94,Felicia Rabourn,KY,R,lower,47,1.163,0.2092,2022,matched,,,0.2092,
ocd-person/2d6a7358-f685-4476-aa31-b92cf72b11ec,Gary Boswell,KY,R,upper,8,1.355,0.1613,2022,matched,,,0.1613,
ocd-person/b0cb8f76-4b91-472c-97e2-106ef21f3342,Gary Clemons,KY,D,upper,37,,,,unmatched,,,,
ocd-person/bb3e5fee-3bda-4a5d-95ee-dc31ff9defed,George Brown,KY,D,lower,77,-0.049,0.5122,2022,matched,,,0.5122,
ocd-person/0d92a09c-ce23-46cd-9582-b7d1b08d76dd,Gerald Neal,KY,D,upper,33,-0.564,0.641,2022,matched,,,0.641,
ocd-person/6aa07729-a16f-4465-a605-7afbbe982882,Gex Williams,KY,R,upper,20,1.127,0.2182,2022,matched,,,0.2182,
ocd-person/139d004c-7a19-4153-a58b-919a1b70180e,Greg Elkins,KY,R,upper,28,,,,unmatched,,,,
ocd-person/fded60a9-de72-47ba-bf20-90dddd9f9138,J.T. Payne,KY,R,lower,11,-1.304,0.826,2018,matched,,,0.826,
ocd-person/9b07a848-b96c-4424-826a-5194b65e43d9,Jacqueline Coleman,KY,D,executive,,,,,unmatched,,,,
ocd-person/d6c9aa9b-3c6b-411a-bff1-fc1c38d4bce0,James Tipton,KY,R,lower,53,1.089,0.2278,2022,matched,,,0.2278,
ocd-person/b86f4912-39b1-44a0-90a8-0b233921a094,Jared Bauman,KY,R,lower,28,0.991,0.2522,2022,matched,,,0.2522,
ocd-person/b2299f51-c122-46ac-9937-3a6a7b682bb8,Jared Carpenter,KY,R,upper,34,1.016,0.246,2022,matched,,,0.246,
ocd-person/a796965c-0c0f-43b2-975b-d9726b34acd8,Jason Howell,KY,R,upper,1,1.527,0.1183,2020,matched,,,0.1183,
ocd-person/c56fc398-975e-47b9-919a-fbdd0c9f721d,Jason Nemes,KY,R,lower,33,0.576,0.356,2022,matched,,,0.356,
ocd-person/3fac3a9c-78ad-4b24-8483-f1786fac9c9e,Jason Petrie,KY,R,lower,16,1.097,0.2258,2022,matched,,,0.2258,
ocd-person/2c5c20cc-807b-44c8-a1a9-582fe69ca87c,Jennifer Decker,KY,R,lower,58,0.718,0.3205,2022,matched,,,0.3205,
ocd-person/f40ed494-ce37-43f4-b323-1bc2b6197831,Jim Gooch,KY,R,lower,12,-0.19,0.5475,2022,matched,,,0.5475,
ocd-person/4042b29b-c6bb-407e-856d-9197a03d55ff,Jimmy Higdon,KY,R,upper,14,1.034,0.2415,2022,matched,,,0.2415,
ocd-person/7cda4251-f26b-4bab-bf88-ed61b947018e,John Blanton,KY,R,lower,92,0.44,0.39,2022,matched,,,0.39,
ocd-person/2f3255d6-7801-4089-a275-f01e00444ee0,John Hodgson,KY,R,lower,36,1.475,0.1312,2022,matched,,,0.1312,
ocd-person/ff91cf3b-77a1-47b0-81b3-1c18f006349a,Josh Branscum,KY,R,lower,83,0.961,0.2598,2022,matched,,,0.2598,
ocd-person/a110d6ba-f17f-4847-b0e9-327c82cd7122,Josh Bray,KY,R,lower,71,0.956,0.261,2022,matched,,,0.261,
ocd-person/f218fb5a-2336-4f82-b192-acc3893dabdf,Josh Calloway,KY,R,lower,10,1.253,0.1868,2022,matched,,,0.1868,
ocd-person/118003d1-9f48-4ef8-bbd0-748d17ebb699,Joshua Watkins,KY,D,lower,42,-0.691,0.6727,2018,matched,,,0.6727,
ocd-person/38ae421f-f4fa-40f6-b025-a75bc6b42f35,Julie Adams,KY,R,upper,36,0.921,0.2697,2022,matched,,,0.2697,
ocd-person/b45a3156-f662-4884-9c13-b33a4c2d9105,Karen Berg,KY,D,upper,26,-0.835,0.7087,2022,matched,,,0.7087,
ocd-person/d7b86c25-2f90-4d8b-a92e-4b4ef5dd0512,Ken Fleming,KY,R,lower,48,1.043,0.2393,2022,matched,,,0.2393,
ocd-person/7aa13bf4-126a-4901-bfeb-2244bd2d3cc3,Ken Upchurch,KY,R,lower,52,1.038,0.2405,2020,matched,,,0.2405,
ocd-person/15b970f1-bd55-4876-80d5-13570b8f1a1a,Keturah Herron,KY,D,upper,35,,,,unmatched,,,,
ocd-person/0e905c68-fbcc-4392-865e-a4dbc5d2ea42,Kevin Jackson,KY,R,lower,20,0.993,0.2518,2022,matched,,,0.2518,
ocd-person/27b951aa-c951-4160-9373-721ca3b6a9db,Kim Banta,KY,R,lower,63,1.052,0.237,2022,matched,,,0.237,
ocd-person/5cb48d67-2db5-4b6e-89b1-1509110bd708,Kim Holloway,KY,R,lower,2,1.327,0.1683,2022,matched,,,0.1683,
ocd-person/cd95ada0-14f0-4b63-aeea-f4a92525eeaf,Kim King,KY,R,lower,55,1.095,0.2263,2022,matched,,,0.2263,
ocd-person/92511255-ca06-4241-bd91-0cafd92e3d5c,Kim Moser,KY,R,lower,64,1.1,0.225,2022,matched,,,0.225,
ocd-person/8048f367-9d46-4be5-9cb8-7a249d06cb13,Lindsey Burke,KY,D,lower,75,-1.15,0.7875,2022,matched,,,0.7875,
ocd-person/db2324a8-1ae2-4e3a-81e5-ac83cb7bbb05,Lindsey Tichenor,KY,R,upper,6,1.088,0.228,2022,matched,,,0.228,
ocd-person/6dd815a4-fc3c-4e79-8cd5-a574d8cf0af8,Lisa Willner,KY,D,lower,35,-0.808,0.702,2022,matched,,,0.702,
ocd-person/1ad4657b-84d4-4ce1-864e-2f1f75686cc7,Marianne Proctor,KY,R,lower,60,1.154,0.2115,2022,matched,,,0.2115,
ocd-person/b1a31b02-5d89-42be-97d4-7d08d99161d8,Mark Hart,KY,R,lower,78,-0.567,0.6418,2022,matched,,,0.6418,
ocd-person/ad063b4f-a860-48c3-abfb-18e977a21caf,Mary Beth Imes,KY,R,lower,5,1.056,0.236,2022,matched,,,0.236,
ocd-person/86342422-7a28-4631-b3d7-3912eb444ffd,Mary Lou Marzian,KY,D,lower,41,-0.578,0.6445,2020,matched,,,0.6445,
ocd-person/b76a3218-b1bd-475c-a775-7a6cbefbc1f3,Matt Deneen,KY,R,upper,10,0.716,0.321,2022,matched,,,0.321,
ocd-person/1b8bc567-b895-4fae-8b3f-7a7160ca5138,Matt Koch,KY,R,lower,72,1.066,0.2335,2022,matched,,,0.2335,
ocd-person/7afd2d36-9415-44ff-b96d-0010cf4f864e,Matt Lehman,KY,D,lower,67,,,,unmatched,,,,
ocd-person/9a6d1b5a-6cb4-421e-b7c2-2cb27cfa4cc9,Matt Lockett,KY,R,lower,39,1.099,0.2253,2022,matched,,,0.2253,
ocd-person/86bd13c4-c404-4a34-aaf4-561621f2b2d8,Matt Nunn,KY,R,upper,17,,,,unmatched,,,,
ocd-person/32b5035e-6d1a-44b8-9f7a-4173a1cdb940,Max Wise,KY,R,upper,16,1.088,0.228,2022,matched,,,0.228,
ocd-person/f013115a-6bbc-48ac-aab4-7949dd902701,Michael Meredith,KY,R,lower,19,1.049,0.2378,2022,matched,,,0.2378,
ocd-person/34a39b2d-1ff6-4ced-adf2-32f92fa781b1,Mike Clines,KY,R,lower,68,0.676,0.331,2022,matched,,,0.331,
ocd-person/230c230d-7313-4a94-8eb3-60f57a86543c,Mike Nemes,KY,R,upper,38,1.018,0.2455,2022,matched,,,0.2455,
ocd-person/64af8584-1675-47fd-acfb-1cec59dfdda5,Mike Wilson,KY,R,upper,32,1.064,0.234,2022,matched,,,0.234,
ocd-person/3f4b9459-8c62-4d89-b2d6-9d0e951ed24f,Mitch Whitaker,KY,R,lower,94,,,,unmatched,,,,
ocd-person/c6904810-37a8-428d-8342-7831d7dc100c,Myron Dossett,KY,R,lower,9,1.088,0.228,2022,matched,,,0.228,
ocd-person/911af3e2-7435-4f82-a477-99cb078ea99b,Nancy Tate,KY,R,lower,27,1.156,0.211,2022,matched,,,0.211,
ocd-person/716d7b2c-0576-4bf8-b5a9-b6fa2c1f8024,Nick Wilson,KY,R,lower,82,1.095,0.2263,2022,matched,,,0.2263,
ocd-person/bee3f0dd-450a-41a2-b9b9-e056d0a0f14d,Nima Kulkarni,KY,D,lower,40,-0.731,0.6827,2022,matched,,,0.6827,
ocd-person/897f811e-273d-4fc1-9268-0087e57444cf,Pamela Stevenson,KY,D,lower,43,-0.73,0.6825,2022,matched,,,0.6825,
ocd-person/8ae56ea2-3f37-490b-a3dc-0dec9fe85c7c,Patrick Flannery,KY,R,lower,96,1.069,0.2328,2022,matched,,,0.2328,
ocd-person/eddce954-34a0-4b9a-aaca-6114e6bf418f,Peyton Griffee,KY,R,lower,26,,,,unmatched,,,,
ocd-person/18063ded-67cb-46a9-b558-14d5da92b860,Phillip Wheeler,KY,R,upper,31,1.03,0.2425,2022,matched,,,0.2425,
ocd-person/1217ac1a-4ca4-4fe4-953b-572beb008bed,Rachel Roarx,KY,D,lower,38,-0.732,0.683,2022,matched,,,0.683,
ocd-person/c033dd77-f8d7-4558-8582-9e0088ae5406,Randy Bridges,KY,R,lower,3,1.037,0.2408,2022,matched,,,0.2408,
ocd-person/be2fd4e3-6dfe-4d54-8c45-631eac63bc27,Rebecca Raymer,KY,R,lower,15,0.5,0.375,2022,matched,,,0.375,
ocd-person/42b259db-9ddb-4588-a463-b1a38c944c66,Reggie Thomas,KY,D,upper,13,-0.77,0.6925,2020,matched,,,0.6925,
ocd-person/29b248e1-4033-41f6-ba30-136f2aa55045,Richard White,KY,R,lower,99,1.09,0.2275,2022,matched,,,0.2275,
ocd-person/34ed9881-46b8-41ba-b625-3d350140d2b9,Rick Girdler,KY,R,upper,15,1.016,0.246,2020,matched,,,0.246,
ocd-person/366daab1-a877-49b9-86b8-e3c497143bf0,Robby Mills,KY,R,upper,4,1.281,0.1798,2022,matched,,,0.1798,
ocd-person/ad2d1d2a-b838-4727-ac0f-a6fb64298b14,Robert Duvall,KY,R,lower,17,1.199,0.2002,2022,matched,,,0.2002,
ocd-person/8659c7e3-ec01-4c40-b7ee-d21f37facff5,Robert Stivers,KY,R,upper,25,0.844,0.289,2020,matched,,,0.289,
ocd-person/42990da5-7020-4327-bbd8-496955b00040,Robin Webb,KY,R,upper,18,-0.474,0.6185,2018,matched,,,0.6185,
ocd-person/542cf596-f393-4fcf-b2d6-7439e7726328,Russell Coleman,KY,R,executive,,,,,unmatched,,,,
ocd-person/af59339a-aedf-4d1c-94b6-de071030773b,Ryan Bivens,KY,R,lower,24,,,,unmatched,,,,
ocd-person/718ec3d2-325d-4ddf-b72b-728cea857222,Ryan Dotson,KY,R,lower,73,1.294,0.1765,2022,matched,,,0.1765,
ocd-person/d3176059-683c-48be-9c43-a57da08a2f49,Samara Heavrin,KY,R,lower,18,1.11,0.2225,2022,matched,,,0.2225,
ocd-person/bb3f614a-7fa0-4e55-a76b-dedfea0fdaa9,Sarah Stalker,KY,D,lower,34,-1.51,0.8775,2022,matched,,,0.8775,
ocd-person/3e417407-423f-45d3-b18a-c2845cd1ec57,Sarge Pollock,KY,R,lower,51,1.001,0.2498,2022,matched,,,0.2498,
ocd-person/a8988de2-d65f-461c-96d1-4f1cddc6a969,Savannah Maddox,KY,R,lower,61,1.198,0.2005,2022,matched,,,0.2005,
ocd-person/07773b3f-387f-4e4e-ba79-571940c186f0,Scott Lewis,KY,R,lower,14,-0.144,0.536,2022,matched,,,0.536,
ocd-person/d7adea26-9f4f-477f-a0bd-4b29ae9072b4,Scott Madon,KY,R,upper,29,,,,unmatched,,,,
ocd-person/65469c71-edc2-4c9f-87da-bcf4d3277591,Scott Sharp,KY,R,lower,100,1.168,0.208,2022,matched,,,0.208,
ocd-person/2eab3a78-154d-43cd-8278-73ad2e166b08,Shane Baker,KY,R,lower,85,1.092,0.227,2022,matched,,,0.227,
ocd-person/5a327e3b-ae91-4279-ae17-9214aad32fa9,Shawn McPherson,KY,R,lower,22,1.242,0.1895,2022,matched,,,0.1895,
ocd-person/b7112818-3357-413d-acae-a46bf3442b1d,Shelley Frommeyer,KY,R,upper,24,1.062,0.2345,2022,matched,,,0.2345,
ocd-person/737ae037-a61c-4649-9c08-bf5fe052ff36,Stephanie Dietz,KY,R,lower,65,0.405,0.3987,2022,matched,,,0.3987,
ocd-person/e0860aa8-43ba-4bf2-94d7-3632c7375ab6,Steve Bratcher,KY,R,lower,25,0.961,0.2598,2022,matched,,,0.2598,
ocd-person/8915acb8-6089-451f-be08-c79b0be59c40,Steve Meredith,KY,R,upper,5,1.099,0.2253,2020,matched,,,0.2253,
ocd-person/b702771e-135c-4444-b148-a321ee8088b2,Steve Rawlings,KY,R,upper,11,,,,unmatched,,,,
ocd-person/817df40b-8e76-460d-81cf-63277866268a,Steve Riley,KY,R,lower,23,1.086,0.2285,2022,matched,,,0.2285,
ocd-person/1f3bbab4-2be0-496c-9c3b-b8f340f6b404,Steve West,KY,R,upper,27,1.057,0.2358,2022,matched,,,0.2358,
ocd-person/a41c47ce-cbfa-49e3-8a21-5666f24ef96a,Steven Doan,KY,R,lower,69,1.174,0.2065,2022,matched,,,0.2065,
ocd-person/f73e54d0-9547-4688-b97d-4818b104d160,Steven Rudy,KY,R,lower,1,1.017,0.2458,2022,matched,,,0.2458,
ocd-person/c85ace8f-67e3-438d-afeb-e6442aec43cd,Susan Witten,KY,R,lower,31,0.842,0.2895,2022,matched,,,0.2895,
ocd-person/92576283-508e-4613-b1a0-3d227edf4068,Suzanne Miles,KY,R,lower,7,1.084,0.229,2020,matched,,,0.229,
ocd-person/1c369689-ed04-484c-ab53-c50bd6011192,T.J. Roberts,KY,R,lower,66,-0.788,0.697,2022,matched,,,0.697,
ocd-person/7d2b01df-9356-4eaa-923f-144e3f229860,Thomas Huff,KY,R,lower,49,1.177,0.2057,2022,matched,,,0.2057,
ocd-person/b2834b48-3186-4fbd-aa3e-daa1d38fa308,Timmy Truett,KY,R,lower,89,0.715,0.3213,2022,matched,,,0.3213,
ocd-person/77db7bcf-dfa8-4365-bb3a-4ca0351a8368,Tina Bojanowski,KY,D,lower,32,-0.74,0.685,2022,matched,,,0.685,
ocd-person/5764151d-bf80-422b-bc46-93ac2be910cc,Tom Smith,KY,R,lower,86,0.7,0.325,2022,matched,,,0.325,
ocd-person/79a62906-5436-4ac8-adea-0c566273bbde,Tony Hampton,KY,R,lower,62,,,,unmatched,,,,
ocd-person/bc34f3ad-05ad-494c-bb80-bd2eb99e4fe9,Vanessa Grossl,KY,R,lower,88,,,,unmatched,,,,
ocd-person/66619aa2-a521-4318-b5d7-b4c36954b43d,Wade Williams,KY,R,lower,4,1.012,0.247,2022,matched,,,0.247,
ocd-person/ec846db3-c75b-4460-ba72-3e2b3fd9e04d,Walker Thomas,KY,R,lower,8,1.111,0.2223,2022,matched,,,0.2223,
ocd-person/3d3b33bc-8852-48fe-90cf-42ce9551424c,William Lawrence,KY,R,lower,70,1.049,0.2378,2022,matched,,,0.2378,
ocd-person/0d1a7b74-9ed8-4d8c-a1fc-f2caafc3d364,Adam Bass,LA,R,upper,36,,,,unmatched,,,,
ocd-person/5d1fade2-4678-406c-b4ed-657baed1db2b,Adrian Fisher,LA,D,lower,16,-1.236,0.809,2022,matched,,,0.809,
ocd-person/3937cef1-8c62-428c-8837-aa6a6a8b60e7,Aimee Freeman,LA,D,lower,98,-0.374,0.5935,2022,matched,,,0.5935,
ocd-person/5032448a-7275-4a02-8dc1-d251cdde8ad9,Alan Seabaugh,LA,R,upper,31,,,,unmatched,,,,
ocd-person/967fa557-fcdc-4a75-a13e-dabf05b85905,Alonzo Knox,LA,D,lower,93,,,,unmatched,,,,
ocd-person/a6a9544c-d12b-44cc-a52d-f2ec0e01f556,Annie Spell,LA,R,lower,45,,,,unmatched,,,,
ocd-person/ad514eed-2832-4ae3-a0c5-62d8f2721297,Barbara Carpenter,LA,D,lower,63,-0.516,0.629,2022,matched,,,0.629,
ocd-person/bd179bf7-f90d-4e3a-baea-a590c3002586,Barbara Freiberg,LA,R,lower,70,1.089,0.2278,2022,matched,,,0.2278,
ocd-person/c5ea395a-7594-4585-b193-000e05f08005,Beau Beaullieu,LA,R,lower,48,,,,unmatched,,,,
ocd-person/cbe53992-3b3c-4ec0-a94a-58ddf96e6edd,Beryl Amedée,LA,R,lower,51,,,,unmatched,,,,
ocd-person/5d15439d-4139-448a-8f61-25ab54e68b19,Beth Billings,LA,R,lower,56,,,,unmatched,,,,
ocd-person/b6e8a5cf-ec5c-494b-b9ff-efa0fb92e1c1,Beth Mizell,LA,R,upper,12,1.062,0.2345,2022,matched,,,0.2345,
ocd-person/20547e38-711f-4012-9217-b739f4450b91,Bill Wheat,LA,R,upper,37,,,,unmatched,,,,
ocd-person/003d1e83-14f4-4bda-8484-c552e036f421,Billy Nungesser,LA,R,executive,,,,,unmatched,,,,
ocd-person/8574f94d-93ed-49b0-a5f6-aa1832b5542a,Blake Miguez,LA,R,upper,22,,,,unmatched,,,,
ocd-person/7dac3861-2ffb-45ba-b690-a8e199eb2acd,Bob Hensgens,LA,R,upper,26,1.006,0.2485,2022,matched,,,0.2485,
ocd-person/cfe19d33-7048-4fb7-9d56-0fa0f5f985f5,Bob Owen,LA,R,upper,1,,,,unmatched,,,,
ocd-person/92439b80-4646-445b-939f-5414e309f183,Brach Myers,LA,R,upper,23,,,,unmatched,,,,
ocd-person/9ffd05e6-a127-4896-b60e-fc2722fa8779,Brett Geymann,LA,R,lower,35,1.105,0.2238,2022,matched,,,0.2238,
ocd-person/96385d4e-bfae-4929-9845-502fd2ed2cc7,Brian Glorioso,LA,R,lower,90,2.282,0.0,2018,matched,,,0.0,
ocd-person/90b6f6c3-9620-4fbb-8c23-f8ab7b163de7,Bryan Fontenot,LA,R,lower,55,1.072,0.232,2022,matched,,,0.232,
ocd-person/75f165af-66d1-464e-99b0-4176b8636501,Caleb Kleinpeter,LA,R,upper,17,1.177,0.2057,2022,matched,,,0.2057,
ocd-person/684d1cc7-cce3-4545-a6ab-d689c7c56105,Cameron Henry,LA,R,upper,9,0.997,0.2508,2022,matched,,,0.2508,
ocd-person/85a96a1b-a8a0-4ddd-acd7-9452b48f5ace,Candace Newell,LA,D,lower,99,-0.506,0.6265,2022,matched,,,0.6265,
ocd-person/a31429da-4cde-4dbe-9510-af2dfa8ab2ed,Chad Boyer,LA,R,lower,46,,,,unmatched,,,,
ocd-person/75101b55-81b9-465a-8ec6-297fa75cdd07,Chance Henry,LA,R,lower,42,1.01,0.2475,2020,matched,,,0.2475,
ocd-person/c58cdaf8-5e0d-4a0c-ac40-7e95c38ac83e,Chasity Martinez,LA,D,lower,60,,,,unmatched,,,,
ocd-person/a07b757e-a57b-4dda-aa6a-7bf5e6b3561d,Chris Turner,LA,R,lower,12,1.054,0.2365,2022,matched,,,0.2365,
ocd-person/2a4d4c31-ee06-4f32-a67b-c55db60502e4,Chuck Owen,LA,R,lower,30,1.083,0.2293,2022,matched,,,0.2293,
ocd-person/1175d9fd-94fc-4988-98ee-de8d0029de06,Dana Henry,LA,D,lower,100,1.01,0.2475,2020,matched,,,0.2475,
ocd-person/dc59ede6-164c-4fd4-adc1-7e080309776b,Danny McCormick,LA,R,lower,1,1.072,0.232,2022,matched,,,0.232,
ocd-person/2ace9f60-8f90-43ab-a45d-d1c64bdb7462,Daryl Deshotel,LA,R,lower,28,1.066,0.2335,2022,matched,,,0.2335,
ocd-person/aefc2237-5913-4b96-9354-18fb7e58884c,Debbie Villio,LA,R,lower,79,0.865,0.2838,2022,matched,,,0.2838,
ocd-person/d107ae2b-6cb6-4545-a185-d63408f46033,Delisha Boyd,LA,D,lower,102,-0.966,0.7415,2022,matched,,,0.7415,
ocd-person/20def39d-ba5c-45d7-ba6c-5cf43590d4b0,Denise Marcelle,LA,D,lower,61,-0.503,0.6258,2022,matched,,,0.6258,
ocd-person/a900feca-75c7-434e-8d00-dd67170f2b01,Dennis Bamburg,LA,R,lower,5,,,,unmatched,,,,
ocd-person/2bf8549d-d379-4c42-af8c-b5b9d270f17d,Dewith Carrier,LA,R,lower,32,1.215,0.1962,2022,matched,,,0.1962,
ocd-person/d3cae3e7-f6eb-4a9c-8c63-8719902f771d,Dixon McMakin,LA,R,lower,68,,,,unmatched,,,,
ocd-person/4661fe94-874c-4884-99a2-c60516c811ff,Dodie Horton,LA,R,lower,9,0.754,0.3115,2022,matched,,,0.3115,
ocd-person/c725a955-93ff-415e-91df-a7398f823474,Doyle Boudreaux,LA,R,lower,39,-1.24,0.81,2020,matched,,,0.81,
ocd-person/dcf2c7e1-e124-424c-ac0c-8d1e6600e970,Dustin Miller,LA,D,lower,40,-0.391,0.5978,2022,matched,,,0.5978,
ocd-person/9a91a848-9d01-46b6-84f1-cc868681e912,Ed Larvadain,LA,D,lower,26,-0.156,0.539,2022,matched,,,0.539,
ocd-person/807a71ac-5657-4933-add4-024d35529e38,Ed Murray,LA,D,lower,97,,,,unmatched,,,,
ocd-person/1899dc2e-bac6-4951-b3fc-87ea5e2d4969,Ed Price,LA,D,upper,2,-0.302,0.5755,2022,matched,,,0.5755,
ocd-person/c89a156e-8426-4001-8364-94a179482d76,Eddie Lambert,LA,R,upper,18,-0.2,0.55,2022,matched,,,0.55,
ocd-person/efdf7ee4-4d37-4e57-8f0c-e0db52ee7f70,Edmond Jordan,LA,D,lower,29,-0.34,0.585,2022,matched,,,0.585,
ocd-person/9661594c-df1e-402a-b2c5-fe2c88366506,Emily Chenevert,LA,R,lower,66,,,,unmatched,,,,
ocd-person/040e17ea-a4d0-47ce-8f45-527a6bdc83a7,Foy Gadberry,LA,R,lower,15,1.085,0.2288,2022,matched,,,0.2288,
ocd-person/7796b73e-f06a-4d0b-8a85-cfde955a4cd1,Francis Thompson,LA,R,lower,19,0.544,0.364,2022,matched,,,0.364,
ocd-person/a8344aaa-aff7-42b3-b1a2-59539191fbb2,Franklin Foil,LA,R,upper,16,0.877,0.2807,2022,matched,,,0.2807,
ocd-person/50b42a20-9d29-4388-b06f-b4511eda2131,Gabe Firment,LA,R,lower,22,0.804,0.299,2022,matched,,,0.299,
ocd-person/60ffe8d0-0469-4eca-a69a-deec93c203b3,Gary Carter,LA,D,upper,7,-0.353,0.5882,2022,matched,,,0.5882,
ocd-person/379e9992-463c-4188-9702-668457a75c3d,Gerald Boudreaux,LA,D,upper,24,-0.273,0.5683,2022,matched,,,0.5683,
ocd-person/25923053-3679-443e-bbb1-e2f63a50585c,Glen Womack,LA,R,upper,32,0.828,0.293,2022,matched,,,0.293,
ocd-person/77166b5f-e299-431c-869d-ab2fff79cd33,Greg Miller,LA,R,upper,19,,,,unmatched,,,,
ocd-person/aa2da413-7e13-4c2b-93e8-784edc0a495e,Heather Cloud,LA,R,upper,28,1.075,0.2313,2022,matched,,,0.2313,
ocd-person/2ed9a2e2-0f61-4de1-af10-e9e0dbf02492,Jack McFarland,LA,R,lower,13,1.02,0.245,2022,matched,,,0.245,
ocd-person/bfe2d39a-39a1-4992-86cd-6ab25767de92,Jacob Braud,LA,R,lower,105,,,,unmatched,,,,
ocd-person/80ea23c0-16f8-4a57-aa48-2c5cf478a3e1,Jacob Landry,LA,R,lower,49,0.95,0.2625,2020,matched,,,0.2625,
ocd-person/daa3d2db-d395-4c08-9020-b90d6bc2c498,Jason DeWitt,LA,R,lower,25,,,,unmatched,,,,
ocd-person/ef1c54d6-d162-48d3-b3b5-b02da086c1ee,Jay Gallé,LA,R,lower,104,,,,unmatched,,,,
ocd-person/b4a4657a-e588-4036-9a0f-48847e22a140,Jay Luneau,LA,D,upper,29,-0.23,0.5575,2022,matched,,,0.5575,
ocd-person/9d6aa1d9-76b2-41ad-a3e0-4fa86da08645,Jay Morris,LA,R,upper,35,1.024,0.244,2022,matched,,,0.244,
ocd-person/90d9e851-bec3-4bde-b883-bfa43d63194f,Jeff Landry,LA,R,executive,,,,,unmatched,,,,
ocd-person/b96a872c-91bd-47ea-a50f-f82294b3d91b,Jeff Wiley,LA,R,lower,81,,,,unmatched,,,,
ocd-person/9ae6b490-4fe0-435c-93fd-ad316e474204,Jeremy LaCombe,LA,R,lower,18,-0.599,0.6498,2020,matched,,,0.6498,
ocd-person/e8c847e2-5ee6-4f9c-a4e4-d7d8daa8464c,Jeremy Stine,LA,R,upper,27,1.058,0.2355,2022,matched,,,0.2355,
ocd-person/2dafe5b8-cb5a-411a-b270-322dcaf18293,Jerome Zeringue,LA,R,lower,52,1.037,0.2408,2022,matched,,,0.2408,
ocd-person/95e28ef0-84f6-45ec-97fe-a58f360a2ad9,Jessica Domangue,LA,R,lower,53,,,,unmatched,,,,
ocd-person/ce11601e-9a67-48a1-9408-b80943312303,Jimmy Harris,LA,D,upper,4,-0.322,0.5805,2022,matched,,,0.5805,
ocd-person/9002c3a7-c0d9-4112-ad34-e0c6fa909ce1,Joe Orgeron,LA,R,lower,54,1.084,0.229,2022,matched,,,0.229,
ocd-person/958015ce-4a91-4830-a11f-e73997823d4b,Joe Stagni,LA,R,lower,92,0.553,0.3618,2022,matched,,,0.3618,
ocd-person/3c0eeaa2-cf62-4b17-9b62-2531c078dd42,John Illg,LA,R,lower,78,1.119,0.2203,2022,matched,,,0.2203,
ocd-person/8bc5e1d1-fe97-4466-a11d-415f56c5151a,John Wyble,LA,R,lower,75,,,,unmatched,,,,
ocd-person/85df7a11-9edb-4e27-b7ce-60ffe7b35d39,Josh Carlson,LA,R,lower,43,,,,unmatched,,,,
ocd-person/378995b0-0c3e-49a4-aa93-4633f06d5509,Joy Walters,LA,D,lower,4,-0.619,0.6547,2020,matched,,,0.6547,
ocd-person/92f7834e-8ce3-437f-bdbf-8dad3528ae3b,Kathy Edmonston,LA,R,lower,88,1.247,0.1882,2022,matched,,,0.1882,
ocd-person/acdaa5e6-3b22-44b9-8b47-480b801483dd,Katrina Jackson-Andrews,LA,D,upper,34,,,,unmatched,,,,
ocd-person/c64e6628-efa4-4ffe-8b2f-d9df80f4f313,Kellee Hennessy,LA,R,lower,64,,,,unmatched,,,,
ocd-person/43a80737-e614-475d-aace-2d1324cb516a,Ken Brass,LA,D,lower,58,-0.421,0.6052,2022,matched,,,0.6052,
ocd-person/bd6d41fc-8ad8-468f-8259-223d38d42bd8,Kim Carver,LA,R,lower,89,,,,unmatched,,,,
ocd-person/d6dba94d-0167-4391-992d-af96c6525253,Kim Coates,LA,R,lower,73,,,,unmatched,,,,
ocd-person/f6f401f7-7fb4-40df-84a0-b5a3f0fe9ec2,Kirk Talbot,LA,R,upper,10,1.02,0.245,2022,matched,,,0.245,
ocd-person/8ffaa2bd-ff67-464a-b639-19a6069e28a2,Kyle Green,LA,D,lower,83,-0.605,0.6512,2022,matched,,,0.6512,
ocd-person/d6e47850-c123-4060-8309-74192011981b,Larry Bagley,LA,R,lower,7,1.064,0.234,2022,matched,,,0.234,
ocd-person/52035a94-6995-4ea4-b463-1109d683048b,Larry Selders,LA,D,upper,14,,,,unmatched,,,,
ocd-person/d2ecd14d-09ce-4e45-8969-149531759584,Lauren Ventrella,LA,R,lower,65,,,,unmatched,,,,
ocd-person/1dbd875c-89b6-4ea1-a73b-7c8efdb203a3,Laurie Schlegel,LA,R,lower,82,1.06,0.235,2022,matched,,,0.235,
ocd-person/81379952-373b-4e6e-a29f-b9bb60e7593b,Les Farnum,LA,R,lower,33,0.764,0.309,2022,matched,,,0.309,
ocd-person/6beaac02-1e0d-4aee-96d3-9033f9f918e8,Liz Murrill,LA,R,executive,,,,,unmatched,,,,
ocd-person/6e106343-c9e7-4993-aca8-201210f61d64,Mandie Landry,LA,D,lower,91,-0.593,0.6482,2020,matched,,,0.6482,
ocd-person/4d1c2a6e-0339-4b7a-ac52-dfd9064bfbbf,Marcus Bryant,LA,D,lower,96,0.007,0.4983,2022,matched,,,0.4983,
ocd-person/addae848-cfaf-4637-a23e-595e45c6e14f,Mark Abraham,LA,R,upper,25,0.975,0.2562,2022,matched,,,0.2562,
ocd-person/d3ecec03-0408-46f0-8c82-b775f787e6e1,Mark Wright,LA,R,lower,77,1.064,0.234,2022,matched,,,0.234,
ocd-person/22590bd7-29fe-454d-b61d-2c54c4562274,Michael Echols,LA,R,lower,14,1.028,0.243,2022,matched,,,0.243,
ocd-person/b38eb9d5-c27d-443e-995d-f9681e3a992e,Michael Melerine,LA,R,lower,6,,,,unmatched,,,,
ocd-person/e06c4ec7-9051-4489-b572-5b55e5fd4a68,Mike Bayham,LA,R,lower,103,,,,unmatched,,,,
ocd-person/750a2868-c9b0-4124-95c7-3516f93ff087,Mike Fési,LA,R,upper,20,,,,unmatched,,,,
ocd-person/0e901294-3718-49df-9922-0ac4503acee2,Mike Johnson,LA,R,lower,27,1.055,0.2363,2022,matched,,,0.2363,
ocd-person/723f3444-f927-44b0-8659-7ac00370aa92,Mike Reese,LA,R,upper,30,1.002,0.2495,2022,matched,,,0.2495,
ocd-person/8ce9b8d1-a92d-4351-a098-617599dde680,Neil Riser,LA,R,lower,20,0.623,0.3443,2022,matched,,,0.3443,
ocd-person/bc967860-a12b-4285-bd97-36379803f119,Nicholas Muscarello,LA,R,lower,86,0.637,0.3407,2022,matched,,,0.3407,
ocd-person/88548c7a-b637-4821-b336-c99cfa475e22,Pat Moore,LA,D,lower,17,0.548,0.363,2022,matched,,,0.363,
ocd-person/a5240587-95aa-4135-befc-de2ea2aa1d51,Patrick Connick,LA,R,upper,8,0.941,0.2648,2022,matched,,,0.2648,
ocd-person/d4a6db65-2f6f-464f-ae26-58176f2b68e6,Patrick McMath,LA,R,upper,11,1.07,0.2325,2022,matched,,,0.2325,
ocd-person/a05f602f-6eb8-4668-9f25-f438adb5faea,Paul Sawyer,LA,R,lower,69,,,,unmatched,,,,
ocd-person/52df3631-4ef7-4b52-ab11-8a8eeb7bf499,Peter Egan,LA,R,lower,74,,,,unmatched,,,,
ocd-person/04a524b7-1f7a-4d01-8491-c52df47e20cc,Phil Tarver,LA,R,lower,36,1.068,0.233,2022,matched,,,0.233,
ocd-person/ee23b4bf-f5f7-498c-9fcc-f3b2d6f8fb1d,Phillip DeVillier,LA,R,lower,41,1.037,0.2408,2022,matched,,,0.2408,
ocd-person/d95410b8-a66c-4662-bcc6-1884252e061b,Polly Thomas,LA,R,lower,80,1.011,0.2473,2022,matched,,,0.2473,
ocd-person/17cf7c94-788b-49f9-bca2-2f413974a927,Rashid Young,LA,D,lower,11,,,,unmatched,,,,
ocd-person/126879ce-50c0-4741-a7e7-fb23fecb9d29,Raymond Crews,LA,R,lower,8,1.119,0.2203,2022,matched,,,0.2203,
ocd-person/8710f3da-9aea-41a9-acd2-181377cc6ae7,Regina Barrow,LA,D,upper,15,-0.236,0.559,2022,matched,,,0.559,
ocd-person/6c232d36-fe39-4006-8397-de9cb1e5454c,Rhonda Butler,LA,R,lower,38,1.093,0.2268,2022,matched,,,0.2268,
ocd-person/e49647e3-b5c3-4329-9472-27048115441c,Rick Edmonds,LA,R,upper,6,,,,unmatched,,,,
ocd-person/a24e242f-3fd9-479c-8423-cf0c6e2c6273,Robby Carter,LA,D,lower,72,-0.187,0.5467,2022,matched,,,0.5467,
ocd-person/655ddc35-ecd0-4db2-a3fe-cd86f1cb7d61,Robert Allain,LA,R,upper,21,,,,unmatched,,,,
ocd-person/71696836-b261-4646-8127-407c40e2c35b,Rodney Lyons,LA,D,lower,87,-0.516,0.629,2022,matched,,,0.629,
ocd-person/01cb17b2-a215-4cd5-916a-43c3e91723c7,Rodney Schamerhorn,LA,R,lower,24,1.037,0.2408,2022,matched,,,0.2408,
ocd-person/c6f00cae-9826-4be6-934e-1a9516b20c4d,Roger Wilder,LA,R,lower,71,,,,unmatched,,,,
ocd-person/0353532c-93a0-41cb-9621-278c8ef19178,Roy Adams,LA,D,lower,62,-0.074,0.5185,2022,matched,,,0.5185,
ocd-person/7d852e7a-ae99-4f89-b4c0-4d7cb7e816db,Royce Duplessis,LA,D,upper,5,-0.486,0.6215,2022,matched,,,0.6215,
ocd-person/85ef927c-d038-4534-a8ff-b99ad6656bda,Ryan Bourriaque,LA,R,lower,47,1.03,0.2425,2022,matched,,,0.2425,
ocd-person/fc43b9e1-5e0d-4767-a12e-b2e801444d22,Sam Jenkins,LA,D,upper,39,,,,unmatched,,,,
ocd-person/46b660af-1c4c-46a1-905e-ffd89a9cc32f,Shane Mack,LA,R,lower,95,0.827,0.2933,2022,matched,,,0.2933,
ocd-person/6fdcb100-c1e5-450e-a3dd-cf42c06cff1e,Shaun Mena,LA,D,lower,23,,,,unmatched,,,,
ocd-person/7b4128f7-b147-4cdd-b6ee-0d7d3f2edb6f,Sidney Barthelemy,LA,D,upper,3,,,,unmatched,,,,
ocd-person/b114df8c-8388-44b1-8274-c346addd67c4,Skip Broussard,LA,R,lower,37,,,,unmatched,,,,
ocd-person/f05b1c80-c85c-42f5-8336-84bcd7b0c847,Stephanie Berault,LA,R,lower,76,,,,unmatched,,,,
ocd-person/de7591e7-6ae0-47c3-b1ea-12073106498c,Stephanie Hilferty,LA,R,lower,94,1.005,0.2488,2022,matched,,,0.2488,
ocd-person/9c50a5a9-a217-4644-b29d-68d498d9e16d,Steven Jackson,LA,D,lower,2,0.075,0.4813,2020,matched,,,0.4813,
ocd-person/dd47283c-c202-461f-b56a-8cc2c0b14f15,Stewart Cathey,LA,R,upper,33,1.045,0.2388,2022,matched,,,0.2388,
ocd-person/586f002d-71da-4836-a306-6e8a3d485263,Sylvia Taylor,LA,D,lower,57,,,,unmatched,,,,
ocd-person/a838e3b6-52ea-4ad0-a308-2337762a492b,Tammy Phelps,LA,D,lower,3,0.03,0.4925,2022,matched,,,0.4925,
ocd-person/8d0bbdce-eaab-4b3a-8385-bf8c6a2e0b87,Tehmi Chassion,LA,D,lower,44,,,,unmatched,,,,
ocd-person/709dfea8-f9a9-4734-8b6d-e495f4d51aa3,Terry Landry,LA,D,lower,67,-0.304,0.576,2020,matched,,,0.576,
ocd-person/577fe2a3-275b-4b82-b508-c0ce29deb2fa,Thomas Pressly,LA,R,upper,38,,,,unmatched,,,,
ocd-person/1ebb9d9b-329d-4a43-a33c-e3608ef09cc8,Tim Kerner,LA,R,lower,84,1.067,0.2333,2022,matched,,,0.2333,
ocd-person/9fde5725-d1b2-4afc-9897-2706dda502c8,Tony Bacala,LA,R,lower,59,1.067,0.2333,2022,matched,,,0.2333,
ocd-person/871d5c01-9710-46f4-aeba-b321bdf11e30,Travis Johnson,LA,D,lower,21,-0.866,0.7165,2018,matched,,,0.7165,
ocd-person/ba2902d5-5a0e-4e71-b396-6e85358511de,Troy Hebert,LA,R,lower,31,,,,unmatched,,,,
ocd-person/33e76c3a-a834-444c-9872-fc2af5c83837,Valarie Hodges,LA,R,upper,13,,,,unmatched,,,,
ocd-person/9510158f-4e63-4b68-ad44-daef2987b780,Vanessa LaFleur,LA,D,lower,101,,,,unmatched,,,,
ocd-person/fe1e7481-9bbb-4e58-8d19-9be18558f12b,Vincent Cox,LA,R,lower,85,-0.318,0.5795,2022,matched,,,0.5795,
ocd-person/c75a9e00-6017-4e74-95fd-70fbfa803c58,Vinney St. Blanc,LA,R,lower,50,,,,unmatched,,,,
ocd-person/c3e1299d-034f-4e70-9c86-c003c6e35964,Wayne McMahen,LA,R,lower,10,0.97,0.2575,2022,matched,,,0.2575,
ocd-person/3ced6b49-7f72-41d0-a84c-0e7cff17e88b,Wilford Carter,LA,D,lower,34,-0.783,0.6957,2022,matched,,,0.6957,
ocd-person/906cd606-c6ff-41e5-87a6-e038b711fa61,Aaron Dana,ME,I,lower,Passamaquoddy Tribe,,,,unmatched,,,,
ocd-person/530fa17b-8a45-4d39-adb1-e9492081a761,Aaron M. Frey,ME,D,executive,,,,,unmatched,,,,
ocd-person/b6cdaab7-6aec-4c65-a239-e18c6e839fbc,Abden Simmons,ME,R,lower,45,1.547,0.1133,2018,matched,,,0.1133,
ocd-person/513edd6e-0d85-4ad6-8852-577cd5c0ee02,Abigail Griffin,ME,R,lower,34,1.532,0.117,2022,matched,,,0.117,
ocd-person/dff0e200-fd8c-4ada-ac3d-e014a529dd59,Adam Lee,ME,D,lower,89,-0.956,0.739,2022,matched,,,0.739,
ocd-person/4bc2b129-52c1-4dfd-99af-dd38f620183a,Alicia Collins,ME,R,lower,61,,,,unmatched,,,,
ocd-person/82b51bea-5f96-46d6-bbcf-4d973f701b27,Allison Hepler,ME,D,lower,49,-0.775,0.6937,2022,matched,,,0.6937,
ocd-person/1e7a6a8f-7160-4bee-80d1-b1dc47b3db4f,Amanda Collamore,ME,R,lower,68,1.581,0.1048,2022,matched,,,0.1048,
ocd-person/8f61f208-cf99-489a-aa36-847438b0ed60,Ambureen Rana,ME,D,lower,21,-1.096,0.774,2022,matched,,,0.774,
ocd-person/20082672-8aa7-4d49-bad7-fe5a92d1720d,Amy Arata,ME,R,lower,104,1.461,0.1347,2022,matched,,,0.1347,
ocd-person/d9825f86-280b-4b70-9a6e-2bb7f02e239a,Amy Kuhn,ME,D,lower,111,-0.955,0.7388,2022,matched,,,0.7388,
ocd-person/42c79801-802e-4f3d-8917-f3f956766e50,Amy Roeder,ME,D,lower,23,-1.146,0.7865,2022,matched,,,0.7865,
ocd-person/8646c09c-1d84-4065-bcf2-8be6a8baf494,Ann Fredericks,ME,R,lower,143,1.622,0.0945,2022,matched,,,0.0945,
ocd-person/187c138c-d84d-4813-884e-553b8a9354f1,Ann Matlack,ME,D,lower,43,-0.715,0.6787,2020,matched,,,0.6787,
ocd-person/50f75f0e-328c-413c-8733-de2872c5b7b0,Anne Carney,ME,D,upper,29,-0.733,0.6833,2022,matched,,,0.6833,
ocd-person/56960ccd-b154-42ae-9fb3-c323e07c23b1,Anne-Marie Mastraccio,ME,D,lower,142,-0.769,0.6923,2022,matched,,,0.6923,
ocd-person/2f7e7649-5c68-4f8f-8c9a-7993b66d383a,Annie Graham,ME,D,lower,105,-0.502,0.6255,2022,matched,,,0.6255,
ocd-person/7777fc5c-d508-4332-aac4-ec4799cf1721,Art Bell,ME,D,lower,103,-0.896,0.724,2022,matched,,,0.724,
ocd-person/28891c40-a850-4e37-a339-4f60976ab515,Artie Mingo,ME,R,lower,9,,,,unmatched,,,,
ocd-person/72cc3b25-8e1e-4095-93be-216ee191572c,Barbara Bagshaw,ME,R,lower,106,1.76,0.06,2022,matched,,,0.06,
ocd-person/f52b3788-349b-4b6c-84a3-72d02a953616,Ben Hymes,ME,R,lower,38,1.685,0.0787,2022,matched,,,0.0787,
ocd-person/44cd2c44-aa58-4129-bc5f-eefc64bf836f,Bill Bridgeo,ME,D,lower,60,-0.558,0.6395,2022,matched,,,0.6395,
ocd-person/30ae681d-e01b-4305-9c6e-60df2e62b49b,Bill Pluecker,ME,I,lower,44,-1.005,0.7512,2022,matched,,,0.7512,
ocd-person/43c2650b-6248-46f9-a553-8c2bd0bab294,Billy Bob Faulkingham,ME,R,lower,12,1.526,0.1185,2022,matched,,,0.1185,
ocd-person/8292a538-3cda-492f-8686-da248f432df3,Bob Foley,ME,R,lower,145,-1.098,0.7745,2018,matched,,,0.7745,
ocd-person/32f4600c-1bc1-4758-8d94-69878c863e00,Bob Nutting,ME,R,lower,66,1.121,0.2198,2022,matched,,,0.2198,
ocd-person/72193c8f-2b94-4e56-bff4-482bde6037eb,Brad Farrin,ME,R,upper,3,1.106,0.2235,2022,matched,,,0.2235,
ocd-person/81ab0331-83cd-4551-bf74-b732623c86b8,Brian Reynolds,ME,I,lower,Houlton Band of Maliseet Indians,-1.54,0.885,2018,matched,,,0.885,
ocd-person/0b3965de-8fe2-42b4-bc21-115d6b2b470f,Bruce Bickford,ME,R,upper,20,,,,unmatched,,,,
ocd-person/cf1f0a32-7107-44ea-96f2-1f3c604d87cc,Caldwell Jackson,ME,R,lower,80,1.35,0.1625,2022,matched,,,0.1625,
ocd-person/38a3d5d7-cc62-4479-bfba-03d40099e7cd,Cameron Reny,ME,D,upper,13,-1.074,0.7685,2022,matched,,,0.7685,
ocd-person/e1e7623e-aee4-4631-942c-e65c56d514c3,Cassie Julia,ME,D,lower,65,,,,unmatched,,,,
ocd-person/1793f579-da58-422f-bc22-36da20ce246c,Chad Perkins,ME,R,lower,31,1.328,0.168,2022,matched,,,0.168,
ocd-person/d87034c7-fd93-4ba1-a61b-f4ea810506c9,Charles Skold,ME,D,lower,119,-1.02,0.755,2022,matched,,,0.755,
ocd-person/cef7caa9-828c-4272-a694-2aa16a5397ea,Cheryl Golek,ME,D,lower,99,-1.147,0.7868,2022,matched,,,0.7868,
ocd-person/6d397c09-c2d3-41ff-b33a-c42efae4f187,Chip Curry,ME,D,upper,11,-0.935,0.7338,2022,matched,,,0.7338,
ocd-person/bdb29bb6-c6a2-461a-8527-06ac1ba20049,Christina Mitchell,ME,D,lower,110,,,,unmatched,,,,
ocd-person/14000c75-b0e9-451c-a081-9121970897de,Christopher Kessler,ME,D,lower,121,-1.169,0.7923,2018,matched,,,0.7923,
ocd-person/5a475e6f-5277-425e-bb09-1c55facbc736,Craig Hickman,ME,D,upper,14,-0.941,0.7352,2022,matched,,,0.7352,
ocd-person/eb5efd36-8020-46f1-a6ef-6dac6873f692,Dan Ankeles,ME,D,lower,100,,,,unmatched,,,,
ocd-person/f9010476-1b1e-4407-b672-b81cd0ee8ae6,Dan Sayre,ME,D,lower,135,-0.502,0.6255,2022,matched,,,0.6255,
ocd-person/43e6cd5d-1e16-4099-b46b-1b6883e679b6,Dan Shagoury,ME,D,lower,55,-0.974,0.7435,2022,matched,,,0.7435,
ocd-person/49a5c100-0379-4ce8-af49-de4c4f817abc,Dani O'Halloran,ME,D,lower,20,,,,unmatched,,,,
ocd-person/1e9dcfd4-a93c-49e3-9099-fa4a85f732d0,Dave Rollins,ME,D,lower,59,,,,unmatched,,,,
ocd-person/f338ea4f-b539-450c-bca4-161c427bb81a,David Boyer,ME,R,lower,87,1.554,0.1115,2022,matched,,,0.1115,
ocd-person/b3f3ab98-9169-42f8-b7d7-c04b3bdfb545,David Haggan,ME,R,upper,10,,,,unmatched,,,,
ocd-person/8dd63807-ac15-408c-97de-c8e9195a6a42,David Sinclair,ME,D,lower,50,,,,unmatched,,,,
ocd-person/8bc14822-ff62-4ffe-bf42-4114bd5bd99b,Dean Cray,ME,R,lower,69,0.972,0.257,2022,matched,,,0.257,
ocd-person/0321d169-de06-4377-8cd5-6cdb51471393,Denise Tepler,ME,D,upper,24,,,,unmatched,,,,
ocd-person/3080d13f-59de-437a-b405-a2313be6ee89,Deqa Dhalac,ME,D,lower,120,-1.007,0.7517,2022,matched,,,0.7517,
ocd-person/ec504278-9872-4842-a99c-80b31e563707,Dick Bradstreet,ME,R,upper,15,,,,unmatched,,,,
ocd-person/0f9ba178-89fb-439e-afa2-c327414d966d,Dick Campbell,ME,R,lower,19,0.917,0.2707,2022,matched,,,0.2707,
ocd-person/1b986e08-1270-49ba-b6d0-941a950d3008,Donald Ardell,ME,R,lower,6,,,,unmatched,,,,
ocd-person/d071215f-4839-4c4c-ab4d-f3c7179004a6,Donna Bailey,ME,D,upper,31,-0.775,0.6937,2022,matched,,,0.6937,
ocd-person/81123167-ba38-419a-92e5-fe0102d6a553,Drew Gattine,ME,D,lower,126,-0.716,0.679,2022,matched,,,0.679,
ocd-person/03370150-e682-4bce-9989-4a8b73f10042,Dylan Pugh,ME,D,lower,114,,,,unmatched,,,,
ocd-person/3fbfa65e-661c-4b82-a754-9ae0c6956797,Ed Crockett,ME,I,lower,112,-1.172,0.793,2022,matched,,,0.793,
ocd-person/65c05666-3d38-4098-b2fc-6a519f21f71f,Ellie Sato,ME,D,lower,109,,,,unmatched,,,,
ocd-person/1e34b996-ad95-4a32-866c-dd65ee82e3f4,Flavia DeBrito,ME,D,lower,64,,,,unmatched,,,,
ocd-person/7893adc7-d4fb-42e4-bae0-1258ce673096,Gary Drinkwater,ME,R,lower,27,1.58,0.105,2020,matched,,,0.105,
ocd-person/55262df3-ff33-4e9e-a504-912ac2558ede,Gary Friedmann,ME,D,lower,14,,,,unmatched,,,,
ocd-person/7dea9101-48ec-4f1a-871e-a4f1c98b8914,Gerry Runte,ME,D,lower,146,-0.956,0.739,2022,matched,,,0.739,
ocd-person/f6eea224-7845-41b1-8e05-030ef3d8d886,Grayson Lookner,ME,D,lower,113,-1.025,0.7562,2022,matched,,,0.7562,
ocd-person/90989c27-4cd8-409e-8325-9bd50dac9cf4,Gregg Swallow,ME,R,lower,7,1.555,0.1113,2022,matched,,,0.1113,
ocd-person/050d357e-3b22-4647-942f-56c9d8755194,Henry Ingwersen,ME,D,upper,32,-1.045,0.7612,2022,matched,,,0.7612,
ocd-person/cd08563e-987c-4c06-9487-4a22015e18a9,Holly Eaton,ME,D,lower,15,-0.824,0.706,2022,matched,,,0.706,
ocd-person/82f5c446-4f81-4c54-98ae-7b302003d39d,Holly Sargent,ME,D,lower,147,-0.982,0.7455,2022,matched,,,0.7455,
ocd-person/468ba602-86c5-4293-85b2-45e87313c1c3,Holly Stover,ME,D,lower,48,-0.986,0.7465,2022,matched,,,0.7465,
ocd-person/e603c478-27c7-4f68-ba31-4ef3732ab916,Irene Gifford,ME,R,lower,28,1.392,0.152,2020,matched,,,0.152,
ocd-person/d72eadfd-23ee-4ecb-9853-e139ea82aec3,Jack Ducharme,ME,R,lower,71,1.568,0.108,2022,matched,,,0.108,
ocd-person/b7b97724-7abc-44fb-bace-d3606d3fadb2,Jan Dodge,ME,D,lower,39,-1.116,0.779,2022,matched,,,0.779,
ocd-person/3a068db0-d252-4bf9-929d-feb15cb84087,Janet Mills,ME,D,executive,,,,,unmatched,,,,
ocd-person/2288cf22-64f4-4f1f-b5e3-b1ada5c72914,Jeff Adams,ME,R,lower,144,1.6,0.1,2022,matched,,,0.1,
ocd-person/3ef077c6-482d-4dc2-92ef-69ac2a09bf06,Jeff Timberlake,ME,R,upper,17,1.071,0.2323,2022,matched,,,0.2323,
ocd-person/b873e7d2-9103-47e9-8c25-df94056f728d,Jennifer Poirier,ME,R,lower,70,1.656,0.086,2022,matched,,,0.086,
ocd-person/c2268745-e66c-42d5-93bf-3b52819006e9,Jill Duson,ME,D,upper,27,-0.801,0.7003,2022,matched,,,0.7003,
ocd-person/a3281b8a-e758-4804-a964-e8db96d043a8,Jim Dill,ME,D,lower,26,-0.351,0.5877,2022,matched,,,0.5877,
ocd-person/32c9dbd7-beb7-481e-b0f4-22f3eaa00e50,Jim Libby,ME,R,upper,22,1.111,0.2223,2022,matched,,,0.2223,
ocd-person/e4f0e3da-2e65-4986-96ad-1ef21f9da73d,Jim Thorne,ME,R,lower,35,1.21,0.1975,2022,matched,,,0.1975,
ocd-person/54f9af68-0a59-4cd7-a448-40725e8781ab,Jim White,ME,R,lower,30,1.57,0.1075,2022,matched,,,0.1075,
ocd-person/34231d57-22e2-4f2f-be41-d2734fa6211f,Joe Baldacci,ME,D,upper,9,-0.863,0.7157,2022,matched,,,0.7157,
ocd-person/8f4aa04f-f106-456f-a09f-e901c78939b6,Joe Martin,ME,R,upper,19,,,,unmatched,,,,
ocd-person/8c2c2996-5a72-4c9a-a0d9-958099f3a304,Joe Rafferty,ME,D,upper,34,-0.837,0.7092,2022,matched,,,0.7092,
ocd-person/9a9e7eab-5a12-452d-8d3b-57aa2dfa34b4,John Eder,ME,R,lower,136,-0.823,0.7057,2018,matched,,,0.7057,
ocd-person/b6102f7e-216a-4632-901c-25b2b446f080,Joseph Underwood,ME,R,lower,5,1.398,0.1505,2022,matched,,,0.1505,
ocd-person/64a07a85-a469-4c9d-9b7c-bf4de46ade74,Josh Morris,ME,R,lower,91,1.482,0.1295,2022,matched,,,0.1295,
ocd-person/ec1a81b6-7c7f-4bac-99d4-ab0677e865d1,Julie McCabe,ME,D,lower,93,,,,unmatched,,,,
ocd-person/80900bc0-7e26-4195-a0af-ec56b9f34fe0,Karen Montell,ME,D,lower,54,-0.782,0.6955,2022,matched,,,0.6955,
ocd-person/b07e421b-8c1f-473d-aa7a-10d71e8a443b,Katrina Smith,ME,R,lower,62,1.666,0.0835,2022,matched,,,0.0835,
ocd-person/8abb4c0b-ed96-442e-8483-93a05845dcc5,Kelly Murphy,ME,D,lower,125,-1.077,0.7692,2022,matched,,,0.7692,
ocd-person/1c52b583-18c3-4e12-ae7a-2b07d589f753,Ken Fredette,ME,R,lower,33,,,,unmatched,,,,
ocd-person/f905d6bf-dd0b-4637-94ba-381e14083f6e,Kilton Webb,ME,D,lower,98,,,,unmatched,,,,
ocd-person/59048d8e-de6a-4f84-aa27-0ae867742214,Kim Haggan,ME,R,lower,36,1.301,0.1748,2022,matched,,,0.1748,
ocd-person/410a9d92-cdb2-4927-b589-72e32d525883,Kim Pomerleau,ME,R,lower,85,1.465,0.1337,2022,matched,,,0.1337,
ocd-person/375e5fda-9367-4ce3-a209-1c772c32219f,Kristi Mathieson,ME,D,lower,151,-1.098,0.7745,2020,matched,,,0.7745,
ocd-person/a65cc42d-ae91-4f47-8269-4673f106682f,Laura Supica,ME,D,lower,22,-1.064,0.766,2022,matched,,,0.766,
ocd-person/5df4dc20-8fb9-432c-8844-c72a66a325d6,Laurel Libby,ME,R,lower,90,1.442,0.1395,2022,matched,,,0.1395,
ocd-person/051d0089-f1cc-4523-a48d-ae98700165f8,Laurie Osher,ME,D,lower,25,-1.06,0.765,2022,matched,,,0.765,
ocd-person/12fc57e0-db0e-4112-a7c0-226b952a11b8,Liz Caruso,ME,R,lower,72,,,,unmatched,,,,
ocd-person/3cdb36ad-77a1-401d-8479-630ae970300b,Lori Gramlich,ME,D,lower,131,-0.921,0.7303,2022,matched,,,0.7303,
ocd-person/85c0e0b8-2654-4da5-96e6-8745ec68d0af,Lucas Lanigan,ME,R,lower,141,1.627,0.0932,2022,matched,,,0.0932,
ocd-person/1f33e4be-1228-4c31-9b0f-c79012be9d07,Lucien Daigle,ME,R,lower,1,,,,unmatched,,,,
ocd-person/b795e4ca-6b0d-4101-902d-8db5c1b54485,Lydia Crafts,ME,D,lower,46,-1.191,0.7977,2022,matched,,,0.7977,
ocd-person/61ef08d1-e345-42af-a56e-4fcd5076f0f5,Lynn Copeland,ME,D,lower,130,-0.99,0.7475,2022,matched,,,0.7475,
ocd-person/0bb988f9-6dca-4fd8-ac06-3603af31094f,Mana Abdi,ME,D,lower,95,-0.97,0.7425,2022,matched,,,0.7425,
ocd-person/48305a9e-8f2a-4cea-8689-b93491c82ad5,Marc Malon,ME,D,lower,133,,,,unmatched,,,,
ocd-person/24bd9e6e-f10d-4e0d-a4b1-72bbe45f4e0d,Marianne Moore,ME,R,upper,6,1.427,0.1432,2022,matched,,,0.1432,
ocd-person/a3a29593-781a-462d-93cc-685be03b3b56,Mark Babin,ME,R,lower,3,1.781,0.0548,2022,matched,,,0.0548,
ocd-person/134a1697-216a-4761-827f-840f72c640a0,Mark Blier,ME,R,lower,138,1.688,0.078,2022,matched,,,0.078,
ocd-person/0e9ec0ba-18f6-4dd5-90c2-5893f0216138,Mark Cooper,ME,R,lower,107,-1.013,0.7532,2018,matched,,,0.7532,
ocd-person/ce4a4a85-e41d-410f-bfba-07f7f5b9dee0,Mark Lawrence,ME,D,upper,35,-0.948,0.737,2022,matched,,,0.737,
ocd-person/d16d8ff0-3e6f-4970-9baf-767c9eb09fab,Mark Walker,ME,R,lower,84,1.564,0.109,2022,matched,,,0.109,
ocd-person/9b3c17b4-3c7a-4f8d-96bb-8215a385fdd2,Marshall Archer,ME,D,lower,129,,,,unmatched,,,,
ocd-person/ef0c0f85-eacc-4f97-9dba-d0781c40f274,Marygrace Cimino,ME,R,lower,83,,,,unmatched,,,,
ocd-person/95538c83-57ab-4334-92a9-1991de0c3c9f,Mathew McIntyre,ME,R,lower,18,,,,unmatched,,,,
ocd-person/dec943c1-07d5-479a-972f-a3c1cc6a2714,Matt Beck,ME,D,lower,122,,,,unmatched,,,,
ocd-person/f4b39a4f-3a31-4e15-9b0a-459cb260f535,Matt Harrington,ME,R,upper,33,1.155,0.2112,2022,matched,,,0.2112,
ocd-person/7f03a30f-5a77-49b2-8c92-57f7a4238052,Matt Moonen,ME,D,lower,117,-0.827,0.7067,2022,matched,,,0.7067,
ocd-person/863a9ef0-5916-40d6-9929-7a7b498af0ec,Mattie Daughtry,ME,D,upper,23,-1.008,0.752,2022,matched,,,0.752,
ocd-person/efda26eb-c8f7-443c-a963-95419878a856,Melanie Sachs,ME,D,lower,102,-0.647,0.6618,2022,matched,,,0.6618,
ocd-person/b0c25078-ee4b-4638-9523-17997681a6e7,Michael Brennan,ME,D,lower,115,-1.156,0.789,2018,matched,,,0.789,
ocd-person/feb330d7-8122-4547-b38a-38279732a9ce,Michael Lemelin,ME,R,lower,53,1.571,0.1073,2022,matched,,,0.1073,
ocd-person/e26fdc8a-3099-4ea4-ad2d-1ccdc45ce1e6,Michele Meyer,ME,D,lower,150,-1.03,0.7575,2022,matched,,,0.7575,
ocd-person/0b6557f4-ce52-460b-99af-ec88b847d81a,Michelle Boyer,ME,D,lower,123,1.554,0.1115,2022,matched,,,0.1115,
ocd-person/c3185181-4ae9-42ce-8bf5-9a2f04c2422b,Mike Lajoie,ME,D,lower,96,-0.952,0.738,2022,matched,,,0.738,
ocd-person/a2494f1d-e78d-4a29-b631-5c40b3fe43d8,Mike Lance,ME,R,lower,79,,,,unmatched,,,,
ocd-person/648b245c-8c13-4caf-944c-f775ff48aab2,Mike Ray,ME,D,lower,40,,,,unmatched,,,,
ocd-person/fc107a79-150e-414f-b796-960c96d75eb6,Mike Soboleski,ME,R,lower,73,1.632,0.092,2022,matched,,,0.092,
ocd-person/a18c5356-5572-4a99-8a7c-e86105afb821,Mike Tipping,ME,D,upper,8,-1.03,0.7575,2022,matched,,,0.7575,
ocd-person/35363ed2-34d2-4f93-bbce-2b0fe26d962e,Morgan Rielly,ME,D,lower,127,-1.035,0.7588,2022,matched,,,0.7588,
ocd-person/bed16528-b0ae-40e0-89a0-7303b946fb71,Nate Wadsworth,ME,R,lower,82,1.293,0.1768,2022,matched,,,0.1768,
ocd-person/69e87146-73a0-434e-9cbb-8d7c80e7ce30,Nathan Carlow,ME,R,lower,137,1.475,0.1312,2022,matched,,,0.1312,
ocd-person/e53a09e6-a38e-4622-97e4-c40bf2d93faa,Nicole Grohoski,ME,D,upper,7,-1.055,0.7637,2022,matched,,,0.7637,
ocd-person/a1ab39cd-e95b-4f16-9fdc-9f7d2685fc45,Nina Milliken,ME,D,lower,16,-1.016,0.754,2022,matched,,,0.754,
ocd-person/a3686503-340d-4f8b-91d3-6f8de4d8a55d,Parnell Terry,ME,D,lower,108,-0.878,0.7195,2022,matched,,,0.7195,
ocd-person/ff5fbabd-df54-46a9-a36c-e78dad524105,Paul Flynn,ME,R,lower,63,,,,unmatched,,,,
ocd-person/062977a2-a482-4c4f-b053-75cae4bdce31,Peggy Rotundo,ME,D,upper,21,-0.846,0.7115,2022,matched,,,0.7115,
ocd-person/dac0a6d5-74a6-4948-8e27-cd036a44668d,Peter Wood,ME,R,lower,81,1.481,0.1297,2022,matched,,,0.1297,
ocd-person/db11e611-94a4-4451-8486-f941a532789d,Pinny Beebe-Center,ME,D,upper,12,,,,unmatched,,,,
ocd-person/522f7557-1c06-451b-9c81-78080fc5c21c,Poppy Arford,ME,D,lower,101,-1.004,0.751,2020,matched,,,0.751,
ocd-person/d2a31aea-936e-459b-85e8-a031ba2756e9,Quentin Chapman,ME,R,lower,88,,,,unmatched,,,,
ocd-person/b61923e6-c463-4df4-95b2-117d74c030bd,Rachel Henderson,ME,R,lower,78,1.678,0.0805,2022,matched,,,0.0805,
ocd-person/a3fd29b8-0e0e-4559-a71f-6f7cf20be60f,Rachel Talbot Ross,ME,D,upper,28,,,,unmatched,,,,
ocd-person/ef82117f-6819-4f84-92dc-a49bebded523,Rafael Macias,ME,D,lower,51,,,,unmatched,,,,
ocd-person/abfa3321-4f0f-42a1-81ef-25b5d7bbfd3e,Randall Greenwood,ME,R,lower,56,1.354,0.1615,2022,matched,,,0.1615,
ocd-person/8a7d14ca-669e-4984-8a28-0086e2b9b2ae,Randy Hall,ME,R,lower,74,1.39,0.1525,2022,matched,,,0.1525,
ocd-person/76ab2f9a-14e8-4eb5-ae0e-1a26e4a3a04c,Reagan Paul,ME,R,lower,37,1.65,0.0875,2022,matched,,,0.0875,
ocd-person/4276be86-7dfa-4817-9792-52622b93ff40,Rick Bennett,ME,I,upper,18,0.405,0.3987,2022,matched,,,0.3987,
ocd-person/6c313875-2dc9-4ef5-b869-c3cc0b7d5c97,Rick Mason,ME,R,lower,97,1.535,0.1163,2022,matched,,,0.1163,
ocd-person/c76a67f9-4d87-4a73-8d89-eea7cd8a3a98,Roger Albert,ME,R,lower,2,,,,unmatched,,,,
ocd-person/df555146-b927-4268-b8cf-d3d7b0848b14,Rolf Olsen,ME,R,lower,86,,,,unmatched,,,,
ocd-person/6e471a24-9252-4c4d-aff6-a00c0c84604d,Russ White,ME,R,lower,13,-0.025,0.5062,2022,matched,,,0.5062,
ocd-person/fa3e8ae3-757e-44fb-9451-6bf381d748ce,Russell Black,ME,R,upper,5,1.042,0.2395,2022,matched,,,0.2395,
ocd-person/b890f601-0023-4d87-acf7-a4db5cbf2b62,Ryan Fecteau,ME,D,lower,132,-0.896,0.724,2022,matched,,,0.724,
ocd-person/d91a8965-c40d-481f-af61-5acb9b953fd3,Sally Cluchey,ME,D,lower,52,-0.973,0.7432,2022,matched,,,0.7432,
ocd-person/59c5505d-902d-4b6a-b3d5-8e036e640348,Sam Zager,ME,D,lower,116,-0.961,0.7402,2022,matched,,,0.7402,
ocd-person/73dfc0b1-9ce4-4d8e-8119-1dc7396fbb2c,Scott Cyrway,ME,R,upper,16,1.364,0.159,2020,matched,,,0.159,
ocd-person/07984348-1057-4adf-9816-8407548bdb35,Scott Harriman,ME,D,lower,94,,,,unmatched,,,,
ocd-person/9db9a9ba-552e-446f-b5a3-58f74596a115,Sean Faircloth,ME,D,lower,24,,,,unmatched,,,,
ocd-person/05a89099-12b0-46b5-9f6e-002e1e621583,Sharon Frost,ME,I,lower,58,,,,unmatched,,,,
ocd-person/7498179f-e3de-47b7-9aee-9abee716522a,Sheila Lyman,ME,R,lower,76,1.48,0.13,2022,matched,,,0.13,
ocd-person/2c48b67e-10dd-4162-af2b-add94f3bc728,Shelley Rudnicki,ME,R,lower,67,1.598,0.1005,2022,matched,,,0.1005,
ocd-person/140459ab-ba63-410a-819c-aec28c2f2f66,Sophie Warren,ME,D,lower,124,-0.184,0.546,2020,matched,,,0.546,
ocd-person/3439fe0c-fb43-4977-ac8c-1dd1f8f10e96,Stacey Guerin,ME,R,upper,4,1.108,0.223,2022,matched,,,0.223,
ocd-person/b060c143-2734-491d-b28f-f6e4e2c77cb8,Stacy Brenner,ME,D,upper,30,-1.06,0.765,2022,matched,,,0.765,
ocd-person/4cd1a303-929b-43fe-b92c-1cca8a89d302,Steve Bishop,ME,R,lower,17,-0.993,0.7482,2022,matched,,,0.7482,
ocd-person/fb8f35c6-65a4-42d0-9009-3def6dcc62cb,Steve Bunker,ME,D,lower,75,1.405,0.1487,2020,matched,,,0.1487,
ocd-person/94645c8f-f06c-485e-b5fa-797e3590ea30,Steve Wood,ME,R,lower,92,1.481,0.1297,2022,matched,,,0.1297,
ocd-person/7d5a163c-a37a-48be-9a3f-2e4b54e3fdd6,Steven Foster,ME,R,lower,32,1.741,0.0647,2022,matched,,,0.0647,
ocd-person/2c0651f3-bbea-49c8-9da3-a713953ff4d8,Sue Bernard,ME,R,upper,1,1.377,0.1557,2022,matched,,,0.1557,
ocd-person/d43df0c7-0dfd-4640-9881-f37611c15830,Sue Salisbury,ME,D,lower,128,-1.013,0.7532,2022,matched,,,0.7532,
ocd-person/444d3040-a7ee-4559-8d5f-bfc515617605,Tammy Schmersal-Burgess,ME,R,lower,77,,,,unmatched,,,,
ocd-person/194ff967-ad0b-4f2d-8cb7-ef1e062b235c,Tavis Hasenfus,ME,D,lower,57,-1.034,0.7585,2022,matched,,,0.7585,
ocd-person/0d692e7b-535a-498b-8072-a258806fecb4,Teresa Pierce,ME,D,upper,25,-0.9,0.725,2022,matched,,,0.725,
ocd-person/be3df38c-150a-4e3c-8c16-6e97bdbeadc4,Thomas Lavigne,ME,R,lower,148,1.65,0.0875,2022,matched,,,0.0875,
ocd-person/524f6cce-8333-442a-aff3-2e92bd9df894,Tiffany Roberts,ME,D,lower,149,-0.708,0.677,2022,matched,,,0.677,
ocd-person/2ffd13d7-b22a-4bea-8bc0-eaa6c0a53c17,Tiffany Strout,ME,R,lower,11,1.354,0.1615,2022,matched,,,0.1615,
ocd-person/2715d740-16c6-49ec-9224-d3d9a24e47ee,Tim Nangle,ME,D,upper,26,-0.851,0.7127,2022,matched,,,0.7127,
ocd-person/2e5b6467-1014-4771-9aae-2c401029ed01,Timmy Guerrette,ME,R,lower,4,1.605,0.0988,2022,matched,,,0.0988,
ocd-person/10c768fb-c5ef-448e-9759-d76f6c313909,Traci Gere,ME,D,lower,134,-1.027,0.7568,2022,matched,,,0.7568,
ocd-person/3853d2fe-2580-4041-abb1-b4136172e9c0,Tracy Quint,ME,R,lower,8,1.77,0.0575,2022,matched,,,0.0575,
ocd-person/bd417e77-81d9-4e60-8b2a-b940da10bc37,Trey Stewart,ME,R,upper,2,1.225,0.1937,2022,matched,,,0.1937,
ocd-person/0842c8ba-66a3-4896-aede-def84a65605b,Valli Geiger,ME,D,lower,42,-1.102,0.7755,2022,matched,,,0.7755,
ocd-person/6ec04f29-e02d-4c39-96e8-e9ed823437e7,Vicki Doudera,ME,D,lower,41,-0.852,0.713,2022,matched,,,0.713,
ocd-person/674df0e4-1997-4d43-b377-274485c0cd42,Wayne Farrin,ME,D,lower,47,-1.162,0.7905,2020,matched,,,0.7905,
ocd-person/8a75e2da-2389-4052-9592-1e607ba2dfc1,Wayne Parry,ME,R,lower,140,1.094,0.2265,2022,matched,,,0.2265,
ocd-person/76a9907f-f257-4621-b176-8e911bb8cf35,Will Tuell,ME,R,lower,10,1.477,0.1307,2020,matched,,,0.1307,
ocd-person/30414bf4-13ad-4bd5-a1d9-3cf11be6464d,Woody Woodsome,ME,R,lower,139,1.194,0.2015,2022,matched,,,0.2015,
ocd-person/17a906a0-129a-46f8-b12e-22910db55dbf,Yusuf Yusuf,ME,D,lower,118,,,,unmatched,,,,
ocd-person/5037901c-64bd-472c-a440-a440841cbb13,Aaron Kaufman,MD,D,lower,18,-0.851,0.7127,2022,matched,,,0.7127,
ocd-person/a1a2b050-266e-4d44-9463-be3a02e16e41,Adrian Boafo,MD,D,lower,23,-0.768,0.692,2022,matched,,,0.692,
ocd-person/4bf0680f-fd5c-48a1-b6d3-73672f71048a,Adrienne Jones,MD,D,lower,10,-0.506,0.6265,2022,matched,,,0.6265,
ocd-person/311ecab9-74b4-4c0f-849b-c077dfbb291f,Aletheia McCaskill,MD,D,lower,44B,-0.999,0.7498,2022,matched,,,0.7498,
ocd-person/0ddc9257-e4a4-4414-b21d-3467c8285806,Alonzo Washington,MD,D,upper,22,-0.757,0.6893,2022,matched,,,0.6893,
ocd-person/ecb19095-2750-4bef-bb87-1f646818a9b1,Andre Johnson,MD,D,lower,34A,-0.79,0.6975,2022,matched,,,0.6975,
ocd-person/7636786f-1db3-4094-8527-e339576314d6,Andrea Harrison,MD,D,lower,24,-0.748,0.687,2022,matched,,,0.687,
ocd-person/7c57193f-f7af-4f7b-9b5f-cf17a7f51f25,Andrew Pruski,MD,D,lower,33A,-0.341,0.5853,2022,matched,,,0.5853,
ocd-person/7bcb723d-68c2-4826-acab-0437aa27471f,Anne Healey,MD,D,lower,22,-0.632,0.658,2022,matched,,,0.658,
ocd-person/88aa2d42-9bca-4df7-b961-1516d5c1f73a,Anne Kaiser,MD,D,lower,14,-0.689,0.6723,2022,matched,,,0.6723,
ocd-person/1ad81709-e1d6-42bd-86bc-afdec934288c,Anthony G. Brown,MD,D,executive,,,,,unmatched,,,,
ocd-person/bbf4a659-f7a7-4db7-8cb1-4dc654db53e3,Anthony Muse,MD,D,upper,26,-0.664,0.666,2022,matched,,,0.666,
ocd-person/2b26dc52-cb0c-4750-af6b-9c00e12eef29,Antonio Hayes,MD,D,upper,40,-0.705,0.6763,2022,matched,,,0.6763,
ocd-person/ce14f02f-4b1e-407e-b8e5-57eb78c8d557,April Miller,MD,R,lower,4,1.234,0.1915,2022,matched,,,0.1915,
ocd-person/76812cdb-3d6d-458a-b864-feb72f363a8e,April Rose,MD,R,lower,5,1.033,0.2418,2022,matched,,,0.2418,
ocd-person/ad59d051-2efb-495f-b032-524d21a95e50,Arthur Ellis,MD,D,upper,28,-0.731,0.6827,2022,matched,,,0.6827,
ocd-person/27dd7c4f-0e25-4cd0-b849-6830e5ec7fa1,Aruna Miller,MD,D,executive,,,,,unmatched,,,,
ocd-person/61ddb821-9c47-454b-8185-b68c47dcb144,Ashanti Martínez,MD,D,lower,22,,,,unmatched,,,,
ocd-person/515dbb17-6f5d-482a-8799-a2490be688fb,Barrie Ciliberti,MD,R,lower,4,1.327,0.1683,2022,matched,,,0.1683,
ocd-person/c1495953-153b-4316-ad04-58a12b2b7fd9,Barry Beauchamp,MD,R,lower,38B,,,,unmatched,,,,
ocd-person/0e4cb257-11b9-4772-b323-624ef28fb8b6,Ben Barnes,MD,D,lower,21,-0.699,0.6747,2022,matched,,,0.6747,
ocd-person/4e1fee1d-1f1c-416b-9615-4171d4074db8,Ben Brooks,MD,D,upper,10,-0.726,0.6815,2022,matched,,,0.6815,
ocd-person/f43bc1a5-01e8-416f-86ca-bd857bf6ed80,Ben Kramer,MD,D,upper,19,-0.684,0.671,2022,matched,,,0.671,
ocd-person/c5a06a0d-f611-4526-8674-23e035caab74,Bernice Mireku-North,MD,D,lower,14,,,,unmatched,,,,
ocd-person/86f0d40f-05f4-46a2-9c24-21ff52fdc6fe,Bill Ferguson,MD,D,upper,46,-0.446,0.6115,2022,matched,,,0.6115,
ocd-person/f84bc5c0-1a2f-4eac-8a7a-63c879ad56e5,Bob Long,MD,R,lower,6,-0.992,0.748,2022,matched,,,0.748,
ocd-person/de3cab57-1771-4805-b984-618ad887e38e,Bonnie Cullison,MD,D,lower,19,-0.691,0.6727,2022,matched,,,0.6727,
ocd-person/395603e6-0fdf-4cf6-bacb-18d98c848990,Brian Chisholm,MD,R,lower,31,1.055,0.2363,2022,matched,,,0.2363,
ocd-person/d9828ed6-bdb0-414e-ba12-486b78362842,Brian Crosby,MD,D,lower,29B,-0.732,0.683,2022,matched,,,0.683,
ocd-person/c3ce882c-89d3-453c-a70f-b0ef9046fcf3,Brian Feldman,MD,D,upper,15,-0.566,0.6415,2022,matched,,,0.6415,
ocd-person/b0d22b6f-68c0-4dd0-892c-7844e6830693,Bryan Simonaire,MD,R,upper,31,0.643,0.3392,2022,matched,,,0.3392,
ocd-person/ab6c2e37-3818-467c-ad60-997274e897d0,C.T. Wilson,MD,D,lower,28,-0.63,0.6575,2022,matched,,,0.6575,
ocd-person/4eb57c5a-70c0-4b16-a247-53cf291bc38a,Carl Jackson,MD,D,upper,8,-0.541,0.6352,2022,matched,,,0.6352,
ocd-person/3c9356a4-fd55-43ff-809f-65568d0a8e53,Cathi Forbes,MD,D,lower,43B,-0.776,0.694,2022,matched,,,0.694,
ocd-person/d0ca1dc9-5ac3-42ea-8ec5-c86a229ccba5,Caylin Young,MD,D,lower,45,-0.774,0.6935,2022,matched,,,0.6935,
ocd-person/6bfe5c90-c168-41e5-a36d-6dcab4c0f5be,Chao Wu,MD,D,lower,9A,-0.772,0.693,2022,matched,,,0.693,
ocd-person/a111b899-ab75-4934-a6e9-a9c8be9bc70d,Charles Sydnor,MD,D,upper,44,-0.767,0.6917,2022,matched,,,0.6917,
ocd-person/0f51a760-22e6-4a05-8be0-983dffe30e42,Charlotte Crutchfield,MD,D,lower,19,-1.039,0.7597,2022,matched,,,0.7597,
ocd-person/3b21ad36-c0bc-4341-9f55-c4529affc7f5,Cheryl Kagan,MD,D,upper,17,-0.684,0.671,2022,matched,,,0.671,
ocd-person/f6826933-02c6-40ff-9df9-b9e82c54febc,Cheryl Pasteur,MD,D,lower,11A,-1.05,0.7625,2022,matched,,,0.7625,
ocd-person/b7e16db2-0bde-4bed-8eb1-09f30ae66d4e,Chris Adams,MD,R,lower,37B,0.634,0.3415,2022,matched,,,0.3415,
ocd-person/b722dd05-587d-4b70-90b2-37f1e75be01f,Chris Tomlinson,MD,R,lower,5,1.231,0.1922,2022,matched,,,0.1922,
ocd-person/99ff7e2c-87d6-49d5-b112-3807852511bc,Chris West,MD,R,upper,42,0.192,0.452,2022,matched,,,0.452,
ocd-person/0ec36459-c974-4c63-8c06-5f268766dbc6,Christopher Bouchat,MD,R,lower,5,1.007,0.2483,2022,matched,,,0.2483,
ocd-person/b002bdd1-0622-4462-8623-e8bb52fde504,Clarence Lam,MD,D,upper,12,-0.613,0.6532,2022,matched,,,0.6532,
ocd-person/be00c352-4825-4b80-97cd-954097e3a482,Cory McCray,MD,D,upper,45,-0.67,0.6675,2022,matched,,,0.6675,
ocd-person/ef1a4d48-39d0-4b6c-9ffc-a6d30b28476d,Courtney Watson,MD,D,lower,9B,-0.723,0.6807,2022,matched,,,0.6807,
ocd-person/00b4a416-e9ca-44ad-b808-58c19d6fb54a,Craig Zucker,MD,D,upper,14,-0.636,0.659,2022,matched,,,0.659,
ocd-person/d848993b-65e9-4ea3-ab2a-dfaf796142cc,Dalya Attar,MD,D,upper,41,,,,unmatched,,,,
ocd-person/73faf103-715f-425d-8642-0ecd0cf1d4c9,Dana Jones,MD,D,lower,30A,-0.773,0.6933,2022,matched,,,0.6933,
ocd-person/0418164e-2e86-4186-9f2d-327cb86b7eda,Dana Stein,MD,D,lower,11B,-0.578,0.6445,2022,matched,,,0.6445,
ocd-person/1bfa80b8-7204-4f06-8b78-e3cb95b9a475,Darrell Odom,MD,D,lower,27A,,,,unmatched,,,,
ocd-person/ccc2ad8a-fa2a-432c-8e95-d301636547fc,David Fraser-Hidalgo,MD,D,lower,15,,,,unmatched,,,,
ocd-person/0692b705-a577-4edb-9da0-8c828e2473ab,David Moon,MD,D,lower,20,-0.872,0.718,2022,matched,,,0.718,
ocd-person/4f379062-a8ba-49af-850a-a1a358797d48,Dawn Gile,MD,D,upper,33,-0.785,0.6963,2022,matched,,,0.6963,
ocd-person/64b23008-9889-4fd1-9353-42888d9bc4bb,Debra Davis,MD,D,lower,28,-0.202,0.5505,2022,matched,,,0.5505,
ocd-person/1ef3da63-78d6-4d56-a5a0-b4c4106eda34,Deni Taveras,MD,D,lower,47B,-0.915,0.7288,2022,matched,,,0.7288,
ocd-person/59787563-473b-4975-a473-4a1e4d505905,Denise Roberts,MD,D,lower,25,,,,unmatched,,,,
ocd-person/768071e2-ba4a-4910-b4b4-f9b2e88eff7c,Derrick Coley,MD,D,lower,24,,,,unmatched,,,,
ocd-person/3235313d-d279-4aaf-97fd-476d4c79c11a,Diana Fennell,MD,D,lower,47A,-0.787,0.6967,2022,matched,,,0.6967,
ocd-person/5a00e3a7-f7ac-4f41-b180-1cf821a4c241,Dylan Behler,MD,D,lower,30A,,,,unmatched,,,,
ocd-person/c8851cc0-d707-49c5-939a-485fc7e14075,Edith Patterson,MD,D,lower,28,-0.555,0.6388,2022,matched,,,0.6388,
ocd-person/cded392e-47da-4c74-998d-7276520db9ad,Elizabeth Embry,MD,D,lower,43A,-0.738,0.6845,2022,matched,,,0.6845,
ocd-person/ea24b6b8-ecff-4a51-badf-001c8889c5df,Emily Shetty,MD,D,lower,18,-0.808,0.702,2022,matched,,,0.702,
ocd-person/cbf6aefa-a6aa-4de5-9237-d1c34e5c4930,Eric Ebersole,MD,D,lower,44A,-0.725,0.6813,2022,matched,,,0.6813,
ocd-person/a07dd6a0-012b-41a7-901d-754d1cd194bb,Frank Conaway,MD,D,lower,40,-0.645,0.6613,2022,matched,,,0.6613,
ocd-person/2f6dc3da-2750-4c4a-b4cf-034c40f3cb31,Gabriel Acevero,MD,D,lower,39,-0.964,0.741,2022,matched,,,0.741,
ocd-person/75e68cdb-a1b8-48ca-a7f9-73dc27f6a6bd,Gabriel Moreno,MD,D,lower,13,,,,unmatched,,,,
ocd-person/e420ea16-5cb8-49b4-ba37-e5b5876a02fc,Gary Simmons,MD,D,lower,12B,-0.793,0.6983,2022,matched,,,0.6983,
ocd-person/330c3ef8-92a2-41fc-9ef8-877d389aecdf,Greg Wims,MD,D,lower,39,,,,unmatched,,,,
ocd-person/04eec23c-719e-46b1-ae56-f34de9207e8c,Guy Guzzone,MD,D,upper,13,-0.54,0.635,2022,matched,,,0.635,
ocd-person/14830b25-7188-44be-836f-2d3d0324dec1,Harry Bhandari,MD,D,lower,8,-0.955,0.7388,2022,matched,,,0.7388,
ocd-person/396e14a6-1903-4a12-ad7b-aefae5263b0c,Heather Bagnall Tudball,MD,D,lower,33C,,,,unmatched,,,,
ocd-person/72201809-94c8-4c48-a0be-18555a2d55fa,J.B. Jennings,MD,R,upper,7,0.513,0.3718,2022,matched,,,0.3718,
ocd-person/d6ad9dff-6f4f-48c9-8806-d651a0d86f58,Jack Bailey,MD,R,upper,29,1.023,0.2443,2022,matched,,,0.2443,
ocd-person/76c59be2-cf5e-49d2-8dd6-7d2506a7bcef,Jackie Addison,MD,D,lower,45,-0.786,0.6965,2022,matched,,,0.6965,
ocd-person/108e1cf8-7e40-49bd-a7c8-1a7978e55b32,Jamila Woods,MD,D,lower,26,-1.092,0.773,2022,matched,,,0.773,
ocd-person/4edadbc3-1635-4ce9-9b8c-1220f07e7b23,Jared Solomon,MD,D,lower,18,-0.778,0.6945,2022,matched,,,0.6945,
ocd-person/0218a7f4-9904-426e-b676-be22eb714185,Jason Buckel,MD,R,lower,1B,0.607,0.3483,2022,matched,,,0.3483,
ocd-person/7c2a7a4b-f847-4efa-baea-2e5633acdcd5,Jason Gallion,MD,R,upper,35,1.028,0.243,2022,matched,,,0.243,
ocd-person/4f0a99bb-9045-471a-88d2-1fea0ad8ccab,Jay Jacobs,MD,R,lower,36,0.972,0.257,2022,matched,,,0.257,
ocd-person/297d462e-6cee-4faf-ab3e-4ded2ea6f916,Jeff Ghrist,MD,R,lower,36,1.0,0.25,2022,matched,,,0.25,
ocd-person/20f85b73-be94-4030-bac8-4a6e515f9285,Jeff Long,MD,D,lower,27B,-0.992,0.748,2022,matched,,,0.748,
ocd-person/43ee08fa-dce5-4526-8242-17e3e70baad7,Jeff Waldstreicher,MD,D,upper,18,-0.679,0.6698,2022,matched,,,0.6698,
ocd-person/51573cf9-a7d7-40d5-bd9a-90e3042c4cab,Jen Terrasa,MD,D,lower,13,-0.75,0.6875,2022,matched,,,0.6875,
ocd-person/e9d8fb0f-3272-47c8-8926-28c7bdfc19ca,Jennifer White Holland,MD,D,lower,10,-0.66,0.665,2022,matched,,,0.665,
ocd-person/208e3148-8653-4162-8c92-6ba02e15e59b,Jesse Pippy,MD,R,lower,4,1.146,0.2135,2022,matched,,,0.2135,
ocd-person/5e096a5d-1598-49c1-ba34-758759953f2f,Jessica Feldmark,MD,D,lower,12A,-0.746,0.6865,2022,matched,,,0.6865,
ocd-person/03da7272-eadc-4ad3-ba4b-f06f60acbed0,Jheanelle Wilkins,MD,D,lower,20,-0.84,0.71,2022,matched,,,0.71,
ocd-person/bb4f12c9-db2f-449d-a3a3-a7f77ad5d1f9,Jim Hinebaugh,MD,R,lower,1A,1.086,0.2285,2022,matched,,,0.2285,
ocd-person/0867a6dd-db6b-4c2f-8748-f9b4782d9a19,Jim Rosapepe,MD,D,upper,21,,,,unmatched,,,,
ocd-person/a5a952f8-f001-4619-9056-103a1f4e4d8e,Joanne Benson,MD,D,upper,24,-0.644,0.661,2022,matched,,,0.661,
ocd-person/08182b0f-8c65-4ff2-994e-a0e04063cd4d,Joe Vogel,MD,D,lower,17,-0.886,0.7215,2022,matched,,,0.7215,
ocd-person/84e203b4-277c-4e10-aeb3-a80158bdf525,Johnny Mautz,MD,R,upper,37,0.508,0.373,2022,matched,,,0.373,
ocd-person/6a5dec66-3631-424f-aceb-6aa9f107cea1,Johnny Salling,MD,R,upper,6,0.529,0.3678,2022,matched,,,0.3678,
ocd-person/13771198-ddf4-4dfd-80f1-b4069ec55914,Jon Cardin,MD,D,lower,11B,-0.558,0.6395,2022,matched,,,0.6395,
ocd-person/366c0122-84a8-460e-bc98-93d4ca5f0176,Joseline Peña-Melnyk,MD,D,lower,21,,,,unmatched,,,,
ocd-person/9026e10a-e925-4bcb-ba28-85852dc4b2a4,Josh Stonko,MD,R,lower,42C,0.953,0.2618,2022,matched,,,0.2618,
ocd-person/e57fb9b8-7870-4bd2-8f46-df05edf038ac,Julian Ivey,MD,D,lower,47A,-0.827,0.7067,2022,matched,,,0.7067,
ocd-person/0d479110-74e8-45dd-bc01-330a169918b1,Julie Palakovich Carr,MD,D,lower,17,-0.786,0.6965,2022,matched,,,0.6965,
ocd-person/eea44ceb-5bec-458e-b22e-16351c5f98f9,Justin Ready,MD,R,upper,5,0.627,0.3432,2022,matched,,,0.3432,
ocd-person/fd61aa90-0a23-4cc2-8c6f-9fae2aa49a81,Karen Simpson,MD,D,lower,3,-0.779,0.6947,2022,matched,,,0.6947,
ocd-person/ba6cafdb-f65b-4397-bc36-3d4c0a248cca,Karen Toles,MD,D,lower,25,-0.849,0.7123,2022,matched,,,0.7123,
ocd-person/eebac21f-2ba7-4368-a8e9-fcc20672ad1e,Karen Young,MD,D,upper,3,-0.733,0.6833,2022,matched,,,0.6833,
ocd-person/943d1601-904b-40dc-8b98-84bbb02851ab,Kathy Szeliga,MD,R,lower,7A,1.01,0.2475,2022,matched,,,0.2475,
ocd-person/232b5c5d-87e8-4ce9-921c-8c05af96afd4,Katie Hester,MD,D,upper,9,-0.714,0.6785,2022,matched,,,0.6785,
ocd-person/38379d8c-a63d-4e2b-88ee-ee6dcd646c95,Ken Kerr,MD,D,lower,3,-0.786,0.6965,2022,matched,,,0.6965,
ocd-person/a6771d68-fa3d-4ced-a613-3543f54fe153,Kent Roberson,MD,D,lower,25,-0.945,0.7362,2018,matched,,,0.7362,
ocd-person/0eeebd2a-0708-458e-85f4-74c8d2ebd0f8,Kevin Anderson,MD,R,lower,38A,-0.53,0.6325,2018,matched,,,0.6325,
ocd-person/0b93e4f5-9d81-4c35-a9d3-04ad1375bae9,Kevin Harris,MD,D,upper,27,,,,unmatched,,,,
ocd-person/fe412f7a-cff0-4153-bfea-a0578f2e1aaa,Kevin Hornberger,MD,R,lower,35B,0.543,0.3642,2022,matched,,,0.3642,
ocd-person/fa2b66d8-b93a-434b-9588-9b5cf3fd2e4b,Kim Ross,MD,D,lower,8,-1.408,0.852,2018,matched,,,0.852,
ocd-person/cda5b902-c106-4458-a951-c74230e76e6a,Kris Fair,MD,D,lower,3,-0.797,0.6993,2022,matched,,,0.6993,
ocd-person/dcd83c80-dab5-4c22-be2f-0b4081af2f77,Kris Valderrama,MD,D,lower,26,-0.656,0.664,2022,matched,,,0.664,
ocd-person/f14ad8e7-adc9-44f2-95eb-8b29c34aa4dc,Kym Taylor,MD,D,lower,23,-0.752,0.688,2022,matched,,,0.688,
ocd-person/fd113fb7-c248-4277-9e39-d975898d4a1a,LaToya Nkongolo,MD,R,lower,31,0.982,0.2545,2022,matched,,,0.2545,
ocd-person/6d88ea30-7b4e-4dcb-8cc7-ed4bb6edc317,Lauren Arikan,MD,R,lower,7B,1.054,0.2365,2022,matched,,,0.2365,
ocd-person/3972ae32-865b-4f83-961f-d8a7ca703ad5,Lesley Lopez,MD,D,lower,39,-0.869,0.7172,2022,matched,,,0.7172,
ocd-person/832c64da-9793-49a2-8231-c62d0cd7078a,Lily Qi,MD,D,lower,15,-0.829,0.7072,2022,matched,,,0.7072,
ocd-person/9858db06-ec0e-40fe-b000-0630238a6ad1,Linda Foley,MD,D,lower,15,-0.831,0.7077,2022,matched,,,0.7077,
ocd-person/d4354cae-a994-4b2d-863f-238322fc6135,Lorig Charkoudian,MD,D,lower,20,-0.768,0.692,2022,matched,,,0.692,
ocd-person/1403e204-8965-4cb4-adcb-6754808e119a,Luke Clippinger,MD,D,lower,46,-0.633,0.6583,2022,matched,,,0.6583,
ocd-person/6c4c1b4d-7c32-4d2b-83ab-d207f92e1818,Malcolm Augustine,MD,D,upper,47,-0.687,0.6718,2022,matched,,,0.6718,
ocd-person/8ae09510-12a7-41f7-ae83-82b48e3b9af4,Malcolm Ruff,MD,D,lower,41,,,,unmatched,,,,
ocd-person/b86e252c-2904-4d28-9d2f-b13d854efa66,Marc Korman,MD,D,lower,16,-0.724,0.681,2022,matched,,,0.681,
ocd-person/5393ab25-fbd9-455b-8da2-76c53e955823,Mark Chang,MD,D,lower,32,0.986,0.2535,2022,matched,,,0.2535,
ocd-person/d09ea440-65a0-4e4f-81dd-201202f1ff3c,Mark Edelson,MD,D,lower,46,-0.744,0.686,2022,matched,,,0.686,
ocd-person/77d4130a-be8c-46a7-adc4-08ecd11ea6ee,Mark Fisher,MD,R,lower,27C,0.968,0.258,2022,matched,,,0.258,
ocd-person/b6c25db2-72d7-47d0-a70d-f598d135180a,Marlon Amprey,MD,D,lower,40,-0.763,0.6907,2022,matched,,,0.6907,
ocd-person/5fff41d7-cea5-4e01-a4da-e4474d267691,Marvin Holmes,MD,D,lower,23,-0.739,0.6847,2022,matched,,,0.6847,
ocd-person/6e819331-2ab7-4a58-be19-1585dc2872ff,Mary Beth Carozza,MD,R,upper,38,0.786,0.3035,2022,matched,,,0.3035,
ocd-person/07185e4b-2314-476e-9c3b-48959096f2a5,Mary Lehman,MD,D,lower,21,-0.789,0.6973,2022,matched,,,0.6973,
ocd-person/0bdef1bb-ea31-4a27-937c-eb680ae67343,Mary Washington,MD,D,upper,43,-0.757,0.6893,2022,matched,,,0.6893,
ocd-person/72a5c405-0523-4ea4-9029-024c49d76cb3,Mary-Dulany James,MD,D,upper,34,-0.666,0.6665,2022,matched,,,0.6665,
ocd-person/d7346fb4-948a-4e86-8b06-5e43345e4b4a,Matt Morgan,MD,R,lower,29A,0.361,0.4098,2022,matched,,,0.4098,
ocd-person/44ae1380-2bae-4b52-9fe9-03b29bf4e8b1,Matthew Schindler,MD,D,lower,2B,,,,unmatched,,,,
ocd-person/55cb04cb-cd28-44ed-a4a4-dcb2b064ede9,Melissa Wells,MD,D,lower,40,-0.769,0.6923,2022,matched,,,0.6923,
ocd-person/b120ed9c-3669-44e7-a5ef-710b716071e7,Michele Guyton,MD,D,lower,42B,-0.787,0.6967,2022,matched,,,0.6967,
ocd-person/79a4ffd2-8ca9-4fb2-beb2-bcbfd1d49897,Mike Griffith,MD,R,lower,35A,0.861,0.2848,2022,matched,,,0.2848,
ocd-person/5bdf592a-c502-4b60-8799-8ed681950475,Mike McKay,MD,R,upper,1,0.826,0.2935,2022,matched,,,0.2935,
ocd-person/eb13f926-c0f1-426b-b0a7-63c324f9a558,Mike Rogers,MD,D,lower,32,-0.76,0.69,2022,matched,,,0.69,
ocd-person/92f41e40-4782-4c52-81a1-de8f78e05ab1,Nancy King,MD,D,upper,39,-0.522,0.6305,2022,matched,,,0.6305,
ocd-person/9496938b-7a65-4f74-9ecf-5b3e1ef94287,Natalie Ziegler,MD,D,lower,9A,-0.793,0.6983,2022,matched,,,0.6983,
ocd-person/36e6313f-b85b-4c14-9ff4-e23fc015d904,Nic Kipke,MD,R,lower,31,0.547,0.3632,2022,matched,,,0.3632,
ocd-person/e8548408-5e6b-4fda-bd93-99fa1c84c1bf,Nick Allen,MD,D,lower,8,-0.68,0.67,2022,matched,,,0.67,
ocd-person/23c9c495-1fe1-4258-bb15-7f1183ffc4fe,Nick Charles,MD,D,upper,25,,,,unmatched,,,,
ocd-person/0e07b201-0a1a-4a45-af43-f4d9d779b409,Nicole Williams,MD,D,lower,22,-0.786,0.6965,2022,matched,,,0.6965,
ocd-person/7817a7bd-51a6-456a-a2df-4b9e3523d181,Nino Mangione,MD,R,lower,42A,0.578,0.3555,2022,matched,,,0.3555,
ocd-person/15921e4d-a07c-4ad7-863c-1d8dfd2d6725,Pam Beidle,MD,D,upper,32,-0.634,0.6585,2022,matched,,,0.6585,
ocd-person/ba217836-74e4-49ec-8eac-58d21e792e63,Pam Guzzone,MD,D,lower,13,-0.8,0.7,2022,matched,,,0.7,
ocd-person/aa70aec7-1d13-4ac0-912d-408ae8ee0763,Pam Queen,MD,D,lower,14,-0.733,0.6833,2022,matched,,,0.6833,
ocd-person/6605f7aa-80cb-4ee0-8d0d-18cff943f158,Paul Corderman,MD,R,upper,2,1.033,0.2418,2022,matched,,,0.2418,
ocd-person/f25013b8-d93b-46bf-a1ef-8b368731040d,Regina Boyce,MD,D,lower,43A,-0.758,0.6895,2022,matched,,,0.6895,
ocd-person/253942ff-e83a-46ca-a05a-2e8e8644b4c2,Ric Metzgar,MD,R,lower,6,0.972,0.257,2022,matched,,,0.257,
ocd-person/d0e4f14b-c4a3-485e-88f7-ea7a86f67ca1,Robbyn Lewis,MD,D,lower,46,-0.729,0.6823,2022,matched,,,0.6823,
ocd-person/84c7f5dc-7dfc-4a3b-9a85-7c7732515f0a,Robin Grammer,MD,R,lower,6,1.039,0.2403,2022,matched,,,0.2403,
ocd-person/177ee919-8310-4485-9b07-041cd83b2947,Ron Watson,MD,D,upper,23,-0.942,0.7355,2022,matched,,,0.7355,
ocd-person/bf30221f-f777-4158-bf3b-2ca40dad8144,Ryan Nawrocki,MD,R,lower,7A,0.9,0.275,2022,matched,,,0.275,
ocd-person/8d581a25-a2ea-46ee-be26-3c6698559b78,Ryan Spiegel,MD,D,lower,17,,,,unmatched,,,,
ocd-person/9fbc0383-4845-42ae-a2db-06b16c6f6728,Sandy Bartlett,MD,D,lower,32,-0.786,0.6965,2022,matched,,,0.6965,
ocd-person/9ec0fe7d-36ae-437b-9bcf-754da8e4e247,Sandy Rosenberg,MD,D,lower,41,-0.515,0.6288,2022,matched,,,0.6288,
ocd-person/b9f21b96-4bb5-43e8-a5d8-19cec0332315,Sara Love,MD,D,upper,16,,,,unmatched,,,,
ocd-person/80095967-58e7-4c8b-a675-eb1c461104fc,Sarah Wolek,MD,D,lower,16,,,,unmatched,,,,
ocd-person/bae5d58b-dc40-476e-8845-063ed7fd81bd,Scott Phillips,MD,D,lower,10,-0.754,0.6885,2022,matched,,,0.6885,
ocd-person/1dcca9f3-9880-4ed6-95fc-c8a8435f63fd,Sean Stinnett,MD,D,lower,41,,,,unmatched,,,,
ocd-person/32a0f09e-394f-446c-93c7-9cff2ea28b83,Seth Howard,MD,R,lower,30B,0.614,0.3465,2022,matched,,,0.3465,
ocd-person/be45d2a1-057a-49ea-a810-5317478c26b1,Shaneka Henson,MD,D,upper,30,,,,unmatched,,,,
ocd-person/4357a17f-f87b-4ae0-afe6-5d8ef9b3d7ed,Sheila Ruth,MD,D,lower,44B,-0.85,0.7125,2022,matched,,,0.7125,
ocd-person/77cad368-7e81-4ff2-91d8-62ecacd38fe7,Shelly Hettleman,MD,D,upper,11,-0.809,0.7023,2022,matched,,,0.7023,
ocd-person/1bad5583-acbc-451b-9425-0a8936f1e7b5,Sheree Sample-Hughes,MD,D,lower,37A,,,,unmatched,,,,
ocd-person/0f8f065b-2d2e-4da3-91d4-988f16c72ef1,Stephanie Smith,MD,D,lower,45,-0.789,0.6973,2022,matched,,,0.6973,
ocd-person/15b13c83-9ee7-43b6-a32a-f26d76573d54,Steve Arentz,MD,R,lower,36,0.984,0.254,2022,matched,,,0.254,
ocd-person/2271e390-772d-440c-9601-f72ed997092b,Steve Hershey,MD,R,upper,36,0.787,0.3033,2022,matched,,,0.3033,
ocd-person/8733ef57-5d09-47f2-9a16-d96cdc43485b,Steve Johnson,MD,D,lower,34A,-0.245,0.5613,2022,matched,,,0.5613,
ocd-person/f2511fcc-12a0-46e4-b831-803485efb5ea,Stuart Schmidt,MD,R,lower,33B,1.053,0.2368,2022,matched,,,0.2368,
ocd-person/1cfdc0e8-7eed-411a-b931-cffa6479b51f,Susan McComas,MD,R,lower,34B,0.989,0.2528,2022,matched,,,0.2528,
ocd-person/ad9925ab-ab4a-46e9-a316-4d3a964736a3,Teresa Reilly,MD,R,lower,35A,1.08,0.23,2022,matched,,,0.23,
ocd-person/3347216b-1b03-4426-b469-1f69a709de40,Teresa Woorman,MD,D,lower,16,,,,unmatched,,,,
ocd-person/9b63f31e-5bc0-47bf-a901-0a8dcc2a67b7,Terri Hill,MD,D,lower,12A,-0.86,0.715,2022,matched,,,0.715,
ocd-person/e5f4fb79-fd8e-437d-9488-68fd47d430c6,Terry Baker,MD,R,lower,1C,1.284,0.179,2022,matched,,,0.179,
ocd-person/bede8bef-3c7b-469d-809d-98ee3be92630,Tiffany Alston,MD,D,lower,24,-0.779,0.6947,2022,matched,,,0.6947,
ocd-person/c08afca2-f312-4cb0-a9c5-58be80d81df1,Todd Morgan,MD,R,lower,29C,0.361,0.4098,2022,matched,,,0.4098,
ocd-person/d8ab28c1-cdd0-4bef-80a6-9712887594b0,Tom Hutchinson,MD,R,lower,37B,1.057,0.2358,2022,matched,,,0.2358,
ocd-person/5d11064b-6757-42f7-86fa-3023fefb6c10,Vaughn Stewart,MD,D,lower,19,-0.898,0.7245,2022,matched,,,0.7245,
ocd-person/b982cab0-0d2e-46ae-8e22-51f68e7aac82,Veronica Turner,MD,D,lower,26,-0.732,0.683,2022,matched,,,0.683,
ocd-person/ed6c6e8e-a50c-4fce-86a8-0d9d7a75aa1f,Wayne Hartman,MD,R,lower,38C,1.059,0.2353,2022,matched,,,0.2353,
ocd-person/a6a4f3ad-59c0-471c-8fd3-ea06a8e21a87,Wes Moore,MD,D,executive,,,,,unmatched,,,,
ocd-person/6e1c09ac-57e7-4a54-bd83-74905670ad7f,Will Smith,MD,D,upper,20,-0.757,0.6893,2022,matched,,,0.6893,
ocd-person/d8938e62-87cd-420e-a009-f78a418ed138,William Folden,MD,R,upper,4,1.275,0.1813,2022,matched,,,0.1813,
ocd-person/943e92d3-98ad-490f-a93a-16182c624a1f,William Valentine,MD,R,lower,2A,1.924,0.019,2022,matched,,,0.019,
ocd-person/7616b0d4-487f-4667-b92c-b09f628235d1,William Wivell,MD,R,lower,2A,1.063,0.2343,2022,matched,,,0.2343,
ocd-person/4183f327-e2a6-4b1a-9d23-161da1b5e261,Aaron Michlewitz,MA,D,lower,3rd Suffolk,-0.505,0.6262,2022,matched,,,0.6262,
ocd-person/c3d23eba-caa6-4d2a-bbd2-5b8b2ca184ae,Aaron Saunders,MA,D,lower,7th Hampden,-0.651,0.6627,2022,matched,,,0.6627,
ocd-person/d2a82a0d-fbd1-4448-be2d-b786a7e11168,Adam Gómez,MA,D,upper,Hampden,,,,unmatched,,,,
ocd-person/804c5518-7fdf-43c9-ba24-f2c24eb3b0ab,Adam Scanlon,MA,D,lower,14th Bristol,-0.693,0.6733,2022,matched,,,0.6733,
ocd-person/f8772f1e-29f7-42e2-8a8c-ab4005153b05,Adrian Madaro,MA,D,lower,1st Suffolk,-0.612,0.653,2022,matched,,,0.653,
ocd-person/300d40b3-9479-43c0-99d3-18f94e1110cc,Adrianne Ramos,MA,D,lower,14th Essex,-0.669,0.6673,2022,matched,,,0.6673,
ocd-person/6e81dcb7-4a04-4a88-b5f2-728a3336cf9d,Alan Silvia,MA,D,lower,7th Bristol,-0.371,0.5927,2022,matched,,,0.5927,
ocd-person/2a9569a0-feaf-431d-8a8d-012d8ebccbf8,Alice Peisch,MA,D,lower,14th Norfolk,-0.783,0.6957,2022,matched,,,0.6957,
ocd-person/bed31f9a-e759-41a5-80b6-8b6bb9a64762,Alyson Sullivan-Almeida,MA,R,lower,7th Plymouth,,,,unmatched,,,,
ocd-person/adb7ebb2-480f-4215-859e-3a1194e9a598,Amy Sangiolo,MA,D,lower,11th Middlesex,,,,unmatched,,,,
ocd-person/4e8f36fb-9017-4a35-a692-7f09958dcf61,Andrea Joy Campbell,MA,D,executive,,,,,unmatched,,,,
ocd-person/cda44699-dbdd-4486-882f-552e573325c6,Andrea Joy Campbell,MA,D,executive,,,,,unmatched,,,,
ocd-person/c1f81bec-d032-4f41-940c-ca32f2b5af12,Andy Vargas,MA,D,lower,3rd Essex,-0.778,0.6945,2022,matched,,,0.6945,
ocd-person/8302648f-4ed2-454e-ad1e-d7389e25b8dc,Angelo Puppolo,MA,D,lower,12th Hampden,-0.545,0.6362,2022,matched,,,0.6362,
ocd-person/49397268-3fc9-4c83-a385-f55be18597f4,Barry Finegold,MA,D,upper,Second Essex and Middlesex,-0.516,0.629,2022,matched,,,0.629,
ocd-person/fb97b139-c0dd-41b5-ae52-159528f47b11,Becca Rausch,MA,D,upper,"Norfolk, Worcester and Middlesex",-0.839,0.7097,2022,matched,,,0.7097,
ocd-person/1b7d1710-da71-46cd-9ee3-fc891556f3a9,Bill Driscoll,MA,D,upper,"Norfolk, Plymouth and Bristol",,,,unmatched,,,,
ocd-person/04997a33-67a9-4535-95d2-c9a4c260519d,Bill Galvin,MA,D,lower,6th Norfolk,-0.628,0.657,2022,matched,,,0.657,
ocd-person/9f0c5984-accf-45a3-8922-07aa7ade0030,Billy MacGregor,MA,D,lower,10th Suffolk,,,,unmatched,,,,
ocd-person/368c3f95-1124-4f0a-9ab5-7361cb2805d3,Brad Jones,MA,R,lower,20th Middlesex,0.511,0.3722,2022,matched,,,0.3722,
ocd-person/99c9c9e7-f0e3-480b-ad38-de297e6c635a,Brandy Fluker-Reid,MA,D,lower,12th Suffolk,,,,unmatched,,,,
ocd-person/77994b2c-f88c-4a5f-bf9d-7abd1875d8dc,Brendan Crighton,MA,D,upper,Third Essex,-0.56,0.64,2022,matched,,,0.64,
ocd-person/503a0888-f086-4b52-b03c-c5293378bc51,Brian Ashe,MA,D,lower,2nd Hampden,-0.481,0.6202,2022,matched,,,0.6202,
ocd-person/66e7c819-cd52-4034-bace-bfec476c106d,Brian Murray,MA,D,lower,10th Worcester,-0.67,0.6675,2022,matched,,,0.6675,
ocd-person/2b6d0884-6638-410e-87b7-243c7ca18a16,Bridget Plouffe,MA,D,lower,9th Plymouth,,,,unmatched,,,,
ocd-person/f81b07bd-cc43-47be-95ea-dca26f19a647,Bruce Ayers,MA,D,lower,1st Norfolk,-0.604,0.651,2022,matched,,,0.651,
ocd-person/429f87cf-f7a1-4201-ade4-9efeb9149d03,Bruce Tarr,MA,R,upper,First Essex and Middlesex,0.402,0.3995,2022,matched,,,0.3995,
ocd-person/b23dd64e-a05c-4fe1-8562-c29436ca79bb,Bud Williams,MA,D,lower,11th Hampden,-0.407,0.6018,2022,matched,,,0.6018,
ocd-person/c4d03c0e-713d-4195-ba23-1394f225494b,Carlos González,MA,D,lower,10th Hampden,,,,unmatched,,,,
ocd-person/b9a91cec-bad7-43a7-8fd2-60cd704bd7ab,Carmine Gentile,MA,D,lower,13th Middlesex,-0.513,0.6282,2022,matched,,,0.6282,
ocd-person/af41924a-7c46-4b6b-b71b-bba683c62c5f,Carole Fiola,MA,D,lower,6th Bristol,-0.516,0.629,2022,matched,,,0.629,
ocd-person/c30f76b4-73d6-4795-be75-c46973d17f59,Chris Flanagan,MA,D,lower,1st Barnstable,-0.681,0.6703,2022,matched,,,0.6703,
ocd-person/9750bdb4-4dce-4003-85ec-672185a3a5a4,Chris Hendricks,MA,D,lower,11th Bristol,-0.673,0.6683,2022,matched,,,0.6683,
ocd-person/59539448-5c3b-4d4d-8e96-48fabb01b10f,Chris Worrell,MA,D,lower,5th Suffolk,-0.785,0.6963,2022,matched,,,0.6963,
ocd-person/35396516-6096-4336-ab74-80d6d8e53bcd,Christine Barber,MA,D,lower,34th Middlesex,-0.783,0.6957,2022,matched,,,0.6957,
ocd-person/560c5ca3-d9b4-4c47-998c-a9baa16a8309,Christopher Markey,MA,D,lower,9th Bristol,-0.554,0.6385,2022,matched,,,0.6385,
ocd-person/3b92fb1f-d268-40d8-8a4e-851f11fe81ff,Chynah Tyler,MA,D,lower,7th Suffolk,-0.626,0.6565,2022,matched,,,0.6565,
ocd-person/456b0061-febd-4ff7-8547-42be0685526f,Cindy Friedman,MA,D,upper,Fourth Middlesex,-0.806,0.7015,2022,matched,,,0.7015,
ocd-person/0e38852a-52b0-4aac-8a65-fa3fc964c88e,Colleen Garry,MA,D,lower,36th Middlesex,-0.309,0.5773,2022,matched,,,0.5773,
ocd-person/ece82669-b6f6-4f0f-ae5d-7b238b1cd1dd,Cynthia Creem,MA,D,upper,Norfolk and Middlesex,-0.73,0.6825,2022,matched,,,0.6825,
ocd-person/5f227f77-f58b-4ac6-b193-9f406bde4055,Dan Cahill,MA,D,lower,10th Essex,-0.61,0.6525,2022,matched,,,0.6525,
ocd-person/d70e97f1-b8ec-489d-ab5a-2b7f3775ae8a,Dan Donahue,MA,D,lower,16th Worcester,-0.687,0.6718,2022,matched,,,0.6718,
ocd-person/2990f236-cb76-4d93-af19-7792fa77290b,Dan Hunt,MA,D,lower,13th Suffolk,-0.531,0.6328,2022,matched,,,0.6328,
ocd-person/8f480d9c-0741-43bb-83a4-179745e1f3b2,Dan Sena,MA,D,lower,37th Middlesex,-0.87,0.7175,2022,matched,,,0.7175,
ocd-person/5696763c-5fd6-44dd-9dce-7be56632cedd,Danielle Gregoire,MA,D,lower,4th Middlesex,-0.654,0.6635,2022,matched,,,0.6635,
ocd-person/c0519476-08fc-44af-9114-c77d197f883d,Danny Ryan,MA,D,lower,2nd Suffolk,-0.554,0.6385,2022,matched,,,0.6385,
ocd-person/b601dee7-1ad1-4f36-b585-b0fb5077fd89,Dave Muradian,MA,R,lower,9th Worcester,0.794,0.3015,2022,matched,,,0.3015,
ocd-person/f3dd7fd8-5d7f-4fa3-b2fe-910e375f2edd,Dave Robertson,MA,D,lower,19th Middlesex,-0.663,0.6658,2022,matched,,,0.6658,
ocd-person/51adc4d9-23d8-442f-b692-c4e4204f552e,Dave Rogers,MA,D,lower,24th Middlesex,-0.646,0.6615,2022,matched,,,0.6615,
ocd-person/5c798735-2f95-40a6-9ef7-4cd25eb638f6,Dave Vieira,MA,R,lower,3rd Barnstable,0.858,0.2855,2022,matched,,,0.2855,
ocd-person/5fde161f-7456-4006-bffd-eaf6fedc5aa3,David Biele,MA,D,lower,4th Suffolk,-0.565,0.6412,2022,matched,,,0.6412,
ocd-person/cf295962-4f8d-427a-84e9-c7615ff94c8c,David DeCoste,MA,R,lower,5th Plymouth,1.011,0.2473,2022,matched,,,0.2473,
ocd-person/ca659c30-e49e-420b-8213-797cfeb3c378,David LeBoeuf,MA,D,lower,17th Worcester,,,,unmatched,,,,
ocd-person/06867e5f-9de5-4cb2-a3ae-a039e890718c,David Linsky,MA,D,lower,5th Middlesex,-0.72,0.68,2022,matched,,,0.68,
ocd-person/6c49bb2c-7c53-4f22-bfb9-04af813b95b0,Dawne Shand,MA,D,lower,1st Essex,,,,unmatched,,,,
ocd-person/34e31265-0ac9-4817-b54a-3dc5a02b313c,Deborah B. Goldberg,MA,D,executive,,,,,unmatched,,,,
ocd-person/3601344e-8a37-488b-a3b1-f355f4e52ea7,Dennis Gallagher,MA,D,lower,8th Plymouth,,,,unmatched,,,,
ocd-person/ec37a070-639f-4c27-9228-33c9d38f9639,Diana DiZoglio,MA,D,executive,,,,,unmatched,,,,
ocd-person/e8071049-2a8d-4633-b6cb-c1f6ae83bb7a,Donald Wong,MA,R,lower,9th Essex,0.885,0.2787,2022,matched,,,0.2787,
ocd-person/5a276629-f50a-4d9a-a54e-2c0e07f84968,Donnie Berthiaume,MA,R,lower,5th Worcester,1.065,0.2338,2022,matched,,,0.2338,
ocd-person/b4f97e46-d8cd-45f7-88c4-94926b0bf60b,Dru Tarr,MA,D,lower,5th Essex,,,,unmatched,,,,
ocd-person/cd05a88c-19f0-4fc5-bc3b-d339572842b7,Dylan Fernandes,MA,D,upper,Plymouth and Barnstable,,,,unmatched,,,,
ocd-person/a3f4c05a-b51a-4b8f-bc5d-d4cb82d74164,Erika Uyterhoeven,MA,D,lower,27th Middlesex,-0.971,0.7428,2022,matched,,,0.7428,
ocd-person/824532f7-8dc9-4a1a-a7b3-16b2d0e78941,Estela Reyes,MA,D,lower,4th Essex,-0.754,0.6885,2022,matched,,,0.6885,
ocd-person/99109961-27e8-4e58-8269-3a1deb29f228,Francisco Paulino,MA,D,lower,16th Essex,-0.84,0.71,2022,matched,,,0.71,
ocd-person/8c42603e-4483-44f1-995f-5956fa09c73c,Frank Moran,MA,D,lower,17th Essex,-0.577,0.6442,2022,matched,,,0.6442,
ocd-person/2770216d-1802-435d-b147-4ca1d684dc45,Greg Schwartz,MA,D,lower,12th Middlesex,,,,unmatched,,,,
ocd-person/8d481937-69c5-477d-ba72-e3b682ed0a4d,Hadley Luddy,MA,D,lower,4th Barnstable,,,,unmatched,,,,
ocd-person/f9a6f401-206b-43df-a1b9-0fc1cd8a3417,Hannah Bowen,MA,D,lower,6th Essex,,,,unmatched,,,,
ocd-person/3dd1e2a8-3fdd-4d3a-9504-88a04f3fc973,Hannah Kane,MA,R,lower,11th Worcester,0.818,0.2955,2022,matched,,,0.2955,
ocd-person/6b27dd86-5c03-4223-957c-9efd12c70e04,Homar Gomez,MA,D,lower,2nd Hampshire,,,,unmatched,,,,
ocd-person/e3dc06b1-8523-4a33-959f-21ed0d5da851,Jack Lewis,MA,D,lower,7th Middlesex,-0.823,0.7057,2022,matched,,,0.7057,
ocd-person/b857e2f7-b65a-4d34-a680-50dfff745a16,Jake Oliveira,MA,D,upper,"Hampden, Hampshire and Worcester",-0.662,0.6655,2022,matched,,,0.6655,
ocd-person/47ffc61b-0cae-4386-ae68-12b20eadd83f,James Arena-DeRosa,MA,D,lower,8th Middlesex,,,,unmatched,,,,
ocd-person/23704722-a50c-4148-8f14-98c7d78324b9,Jamie Eldridge,MA,D,upper,Middlesex and Worcester,-1.081,0.7702,2022,matched,,,0.7702,
ocd-person/ef175304-020e-4f79-b71f-dc961b738254,Jamie Murphy,MA,D,lower,4th Norfolk,-0.412,0.603,2022,matched,,,0.603,
ocd-person/92a770ae-a348-4f86-92ad-c4a8ebc568f6,Jason Lewis,MA,D,upper,Fifth Middlesex,-0.721,0.6803,2022,matched,,,0.6803,
ocd-person/033bf9eb-2706-4c5f-9f93-8e8d222bf2c0,Jay Livingstone,MA,D,lower,8th Suffolk,-0.73,0.6825,2022,matched,,,0.6825,
ocd-person/b23d4ed5-1994-4355-a102-cdf15ae57230,Jeff Roy,MA,D,lower,10th Norfolk,-0.674,0.6685,2022,matched,,,0.6685,
ocd-person/cd89185f-f928-4b26-bb47-60f1bccad0dd,Jeff Turco,MA,D,lower,19th Suffolk,-0.664,0.666,2022,matched,,,0.666,
ocd-person/eab9b69f-0434-4307-972c-6acce9deb370,Jenny Armini,MA,D,lower,8th Essex,-0.69,0.6725,2022,matched,,,0.6725,
ocd-person/0ed98993-456c-4630-bd52-894bdde0c0b0,Jessica Giannino,MA,D,lower,16th Suffolk,-0.628,0.657,2022,matched,,,0.657,
ocd-person/70e42c78-89e1-43cb-bc65-7d0da132daa2,Jim Arciero,MA,D,lower,2nd Middlesex,-0.576,0.644,2022,matched,,,0.644,
ocd-person/c8936e7c-f0f5-4dc4-b9e9-774e38638787,Jim Hawkins,MA,D,lower,2nd Bristol,-0.813,0.7032,2022,matched,,,0.7032,
ocd-person/67f64532-7f9a-4cd3-8c89-dc9b5df06517,Jim O'Day,MA,D,lower,14th Worcester,-0.636,0.659,2022,matched,,,0.659,
ocd-person/2998b05b-b83e-4a9b-9659-a609ddc63a34,Jo Comerford,MA,D,upper,"Hampshire, Franklin and Worcester",-0.79,0.6975,2022,matched,,,0.6975,
ocd-person/d0956cb2-93df-4096-82ce-d39fbf0b9e36,Joan Lovely,MA,D,upper,Second Essex,-0.591,0.6478,2022,matched,,,0.6478,
ocd-person/03d1f31d-1431-41d2-88b7-67b57d50f323,Joan Meschino,MA,D,lower,3rd Plymouth,-0.791,0.6977,2022,matched,,,0.6977,
ocd-person/6c3b63a2-ef13-43e5-b6de-d5e0901aa65a,Joe McGonagle,MA,D,lower,28th Middlesex,-0.576,0.644,2022,matched,,,0.644,
ocd-person/0e6c20bd-bfcb-445c-a1ce-3be99e26398e,Joe McKenna,MA,R,lower,18th Worcester,1.027,0.2433,2022,matched,,,0.2433,
ocd-person/da8051b7-de05-4c30-9d37-5d7223906356,John Barrett,MA,D,lower,1st Berkshire,-0.67,0.6675,2022,matched,,,0.6675,
ocd-person/5a333327-70bb-4b95-9cfd-fadd701e9348,John Cronin,MA,D,upper,Worcester and Middlesex,-0.831,0.7077,2022,matched,,,0.7077,
ocd-person/013e94ee-496e-42f3-8b1b-f96c737f1f8e,John Gaskey,MA,R,lower,2nd Plymouth,,,,unmatched,,,,
ocd-person/7be04e69-85c6-44e4-a933-88c59c0675a5,John Keenan,MA,D,upper,Norfolk and Plymouth,-0.633,0.6583,2022,matched,,,0.6583,
ocd-person/1ea6937d-a39e-41e2-92fb-47c2966cd52e,John Lawn,MA,D,lower,10th Middlesex,-0.676,0.669,2022,matched,,,0.669,
ocd-person/2abbc0cb-6339-42d9-9947-69412a24301b,John Mahoney,MA,D,lower,13th Worcester,-0.599,0.6498,2022,matched,,,0.6498,
ocd-person/0e8c6c71-bca0-46fd-86d1-223d41ed5517,John Marsi,MA,R,lower,6th Worcester,,,,unmatched,,,,
ocd-person/15ff9d00-e05e-470a-b89c-36038b1dd5bb,John Moran,MA,D,lower,9th Suffolk,-0.577,0.6442,2022,matched,,,0.6442,
ocd-person/50942563-77bb-49ec-a54c-6e26048a31a3,John Rogers,MA,D,lower,12th Norfolk,-0.309,0.5773,2022,matched,,,0.5773,
ocd-person/a37a3f66-83a2-4a7e-90e3-8de41be7262d,John Velis,MA,D,upper,Hampden and Hampshire,-0.648,0.662,2022,matched,,,0.662,
ocd-person/49c4bb4e-fadd-4136-953f-6bd64a970acb,Jon Zlotnik,MA,D,lower,2nd Worcester,-0.694,0.6735,2022,matched,,,0.6735,
ocd-person/9c847f4f-a48b-4d42-95cb-2b6a219f89ac,Josh Tarsky,MA,D,lower,13th Norfolk,,,,unmatched,,,,
ocd-person/6f15f647-07f5-4739-a340-497798a474e7,Judith García,MA,D,lower,11th Suffolk,,,,unmatched,,,,
ocd-person/5a0688ef-c0cd-469d-bd3c-fe9848724387,Julian Cyr,MA,D,upper,Cape and Islands,-0.743,0.6857,2022,matched,,,0.6857,
ocd-person/4002361d-3211-4f02-b627-95d6e6a3f76c,Justin Thurber,MA,R,lower,5th Bristol,,,,unmatched,,,,
ocd-person/e48879ef-ed74-4f93-8e5b-c0f3752d4fd7,Karen Spilka,MA,D,upper,Middlesex and Norfolk,-0.561,0.6402,2022,matched,,,0.6402,
ocd-person/e2aa2c0f-d6e6-49d7-8483-d595a3a1eb3a,Kate Donaghue,MA,D,lower,19th Worcester,-0.837,0.7092,2022,matched,,,0.7092,
ocd-person/3d709a64-6cd2-49c6-ad0d-b007e834bfec,Kate Hogan,MA,D,lower,3rd Middlesex,-0.644,0.661,2022,matched,,,0.661,
ocd-person/7d66e1ca-1fb3-4194-bb18-f9924c528df2,Kate Lipper-Garabedian,MA,D,lower,32nd Middlesex,,,,unmatched,,,,
ocd-person/fbbda637-7a45-43f2-a13a-388dc50b02ee,Kathy LaNatra,MA,D,lower,12th Plymouth,-0.706,0.6765,2022,matched,,,0.6765,
ocd-person/062618e6-3ba4-4170-8b4f-9d0fa325a9ab,Kelly Dooner,MA,R,upper,Third Bristol and Plymouth,,,,unmatched,,,,
ocd-person/72eea330-24b4-4207-a016-0b1e568e0b6e,Kelly Pease,MA,R,lower,4th Hampden,1.049,0.2378,2022,matched,,,0.2378,
ocd-person/47c42957-b618-41b7-a557-5d24c33568cf,Ken Gordon,MA,D,lower,21st Middlesex,-0.766,0.6915,2022,matched,,,0.6915,
ocd-person/1eece00d-5b31-4be0-9263-b594863b295c,Ken Sweezey,MA,R,lower,6th Plymouth,1.046,0.2385,2022,matched,,,0.2385,
ocd-person/9e4b8b32-233e-443f-a147-46fbaa778a58,Kevin Honan,MA,D,lower,17th Suffolk,-0.514,0.6285,2022,matched,,,0.6285,
ocd-person/e4405312-71fd-4192-a658-6adbeeebe48c,Kim Driscoll,MA,D,executive,,,,,unmatched,,,,
ocd-person/888457ba-c348-4826-b2c6-450dba5e38bd,Kim Ferguson,MA,R,lower,1st Worcester,1.029,0.2428,2022,matched,,,0.2428,
ocd-person/0587c400-b81a-4ced-b560-a4009519076a,Kimberly Driscoll,MA,D,executive,,,,,unmatched,,,,
ocd-person/df1a3cfc-1555-4a05-8a5c-03a7e53932aa,Kip Diggs,MA,D,lower,2nd Barnstable,-0.697,0.6743,2022,matched,,,0.6743,
ocd-person/1129a0d9-c280-4bf0-af34-20879293a2b5,Kristin Kassner,MA,D,lower,2nd Essex,-0.661,0.6653,2022,matched,,,0.6653,
ocd-person/386c6121-a2a4-4c92-b093-4abea066d840,Leigh Davis,MA,D,lower,3rd Berkshire,,,,unmatched,,,,
ocd-person/05f9b238-283f-4529-8989-ff7d1bda60a8,Lindsay Sabadosa,MA,D,lower,1st Hampshire,-0.794,0.6985,2022,matched,,,0.6985,
ocd-person/0a14e19e-3761-4aa2-887f-8b335d6e3eed,Lisa Field,MA,D,lower,3rd Bristol,,,,unmatched,,,,
ocd-person/703d6d4e-3a1d-4a2e-82e3-3c9693b75953,Liz Miranda,MA,D,upper,Second Suffolk,-0.864,0.716,2022,matched,,,0.716,
ocd-person/5278711f-55ec-4a67-acc9-edd1db1c4e8c,Lydia Edwards,MA,D,upper,Third Suffolk,-0.829,0.7072,2022,matched,,,0.7072,
ocd-person/5ae88c49-8938-4472-8de2-1c0f0bc0e2f0,Manny Cruz,MA,D,lower,7th Essex,-0.708,0.677,2022,matched,,,0.677,
ocd-person/398f9a47-bc65-4c2a-b12e-347f375d8fac,Marc Lombardo,MA,R,lower,22nd Middlesex,1.086,0.2285,2022,matched,,,0.2285,
ocd-person/2dd65a68-0ea5-4c15-b5fe-bcde086eb357,Marcus Vaughn,MA,R,lower,9th Norfolk,0.915,0.2712,2022,matched,,,0.2712,
ocd-person/a25fd374-e502-43bb-91fe-99c4b6c493a5,Margaret Scarsdale,MA,D,lower,1st Middlesex,-0.729,0.6823,2022,matched,,,0.6823,
ocd-person/b9019024-899b-41b3-a283-69c50866fabd,Marjorie Decker,MA,D,lower,25th Middlesex,-0.787,0.6967,2022,matched,,,0.6967,
ocd-person/b51c5c27-7da0-42f5-b67b-22085173af7a,Mark Cusack,MA,D,lower,5th Norfolk,-0.517,0.6292,2022,matched,,,0.6292,
ocd-person/31600b44-797b-4baf-80aa-0762b4f0aff5,Mark Montigny,MA,D,upper,Second Bristol and Plymouth,-0.586,0.6465,2022,matched,,,0.6465,
ocd-person/7446bdd1-f6b4-40cb-a039-41f4be68833e,Mark Sylvia,MA,D,lower,10th Bristol,,,,unmatched,,,,
ocd-person/4d0b5dda-d9d1-4c25-9c94-ce8fbd8ff398,Mary Keefe,MA,D,lower,15th Worcester,-0.826,0.7065,2022,matched,,,0.7065,
ocd-person/d90a06b9-0edf-4fda-a823-4247987244dc,Maura Healey,MA,D,executive,,,,,unmatched,,,,
ocd-person/b61c923f-3598-465b-8051-6507b6f6c6c2,Meg Kilcoyne,MA,D,lower,12th Worcester,-0.659,0.6647,2022,matched,,,0.6647,
ocd-person/af0d6647-3a7b-48d0-971c-bde55a75e78c,Michael Rodrigues,MA,D,upper,First Bristol and Plymouth,-0.486,0.6215,2022,matched,,,0.6215,
ocd-person/a0c80d02-beb0-42c3-b7ff-31fc0d5351f5,Michelle Badger,MA,D,lower,1st Plymouth,,,,unmatched,,,,
ocd-person/ea385faa-049c-4743-ad41-3bbe58ee40e2,Michelle Ciccolo,MA,D,lower,15th Middlesex,-0.734,0.6835,2022,matched,,,0.6835,
ocd-person/f41834f0-0d73-4e8e-8758-66184772c081,Michelle DuBois,MA,D,lower,10th Plymouth,-0.799,0.6997,2022,matched,,,0.6997,
ocd-person/2cf31d35-c3e8-4627-a534-08dce38078db,Mike Barrett,MA,D,upper,Third Middlesex,-1.091,0.7728,2022,matched,,,0.7728,
ocd-person/c3cdd26f-1314-4366-89f6-17c4c540bce9,Mike Brady,MA,D,upper,Second Plymouth and Norfolk,-0.66,0.665,2022,matched,,,0.665,
ocd-person/0a74c581-eb5c-4935-b5c3-f4a77e6dcd31,Mike Chaisson,MA,R,lower,1st Bristol,,,,unmatched,,,,
ocd-person/a8225754-d88c-4343-8829-aa168b564cbd,Mike Connolly,MA,D,lower,26th Middlesex,-0.569,0.6422,2022,matched,,,0.6422,
ocd-person/2e198563-4aeb-499b-8333-b4a46b605491,Mike Day,MA,D,lower,31st Middlesex,-0.642,0.6605,2022,matched,,,0.6605,
ocd-person/b61922e8-c775-4c74-8ecb-557d79162195,Mike Finn,MA,D,lower,6th Hampden,-0.421,0.6052,2022,matched,,,0.6052,
ocd-person/591dc6dd-40b8-4713-83b8-f236ff6250bf,Mike Kushmerek,MA,D,lower,3rd Worcester,-0.681,0.6703,2022,matched,,,0.6703,
ocd-person/7b48bd48-8d27-4dd8-958d-703571efe150,Mike Moore,MA,D,upper,Second Worcester,-0.519,0.6298,2022,matched,,,0.6298,
ocd-person/2fd8669d-a5e2-40fd-bb2f-595210f1bf49,Mike Moran,MA,D,lower,18th Suffolk,-0.501,0.6252,2022,matched,,,0.6252,
ocd-person/6a82d675-3496-48af-88cf-23c26355b01f,Mike Rush,MA,D,upper,Norfolk and Suffolk,-0.552,0.638,2022,matched,,,0.638,
ocd-person/4cec2aa4-c17b-4749-b0e9-58a25695bf2f,Mike Soter,MA,R,lower,8th Worcester,0.985,0.2538,2022,matched,,,0.2538,
ocd-person/65617e1a-1834-4ec8-9f19-4ac801ce9764,Mindy Domb,MA,D,lower,3rd Hampshire,-0.686,0.6715,2022,matched,,,0.6715,
ocd-person/17c3ac90-1218-4d61-ae47-bc5ef6ee4a74,Natalie Higgins,MA,D,lower,4th Worcester,-0.822,0.7055,2022,matched,,,0.7055,
ocd-person/0e72fc19-89be-49b9-8baf-5f35f938ec87,Nick Boldyga,MA,R,lower,3rd Hampden,1.049,0.2378,2022,matched,,,0.2378,
ocd-person/8ca6ea6c-1121-40b3-a5cf-9b55dfe6a2b0,Nick Collins,MA,D,upper,First Suffolk,-0.164,0.541,2022,matched,,,0.541,
ocd-person/6d186dd3-a4a0-4d65-aaf1-2f0a63cd42ec,Norm Orrall,MA,R,lower,12th Bristol,0.984,0.254,2022,matched,,,0.254,
ocd-person/a1a94ad4-7b75-46be-896e-548c86b23d0c,Orlando Ramos,MA,D,lower,9th Hampden,-0.579,0.6447,2022,matched,,,0.6447,
ocd-person/e50e8121-bc6f-4aaa-8cf2-f1cbd53c9172,Pat Duffy,MA,D,lower,5th Hampden,-0.705,0.6763,2022,matched,,,0.6763,
ocd-person/6de50ed2-4fe8-4b98-894d-0bc391c876b5,Pat Jehlen,MA,D,upper,Second Middlesex,-0.867,0.7167,2022,matched,,,0.7167,
ocd-person/0a288f3d-397f-4e7b-8bfd-b5032ae1421f,Patrick Kearney,MA,D,lower,4th Plymouth,-0.695,0.6737,2022,matched,,,0.6737,
ocd-person/493988da-4de8-49a0-8d6c-090097e89920,Patrick O'Connor,MA,R,upper,First Plymouth and Norfolk,0.567,0.3583,2022,matched,,,0.3583,
ocd-person/18bf433d-24e5-46cb-9d83-c2f9373204bd,Paul Donato,MA,D,lower,35th Middlesex,-0.187,0.5467,2022,matched,,,0.5467,
ocd-person/b390af07-1fa2-4516-b8f0-b6bd1b62121a,Paul Feeney,MA,D,upper,Bristol and Norfolk,-0.681,0.6703,2022,matched,,,0.6703,
ocd-person/fdc5586f-0db3-4614-af1f-72a42cf5e6f0,Paul Frost,MA,R,lower,7th Worcester,0.939,0.2652,2022,matched,,,0.2652,
ocd-person/fd5aaac8-48f5-42c2-82a8-abaf6c5de650,Paul Mark,MA,D,upper,"Berkshire, Hampden, Franklin and Hampshire",-0.754,0.6885,2022,matched,,,0.6885,
ocd-person/d0e66289-022e-4a99-ac8c-f20fb7557e7f,Paul McMurtry,MA,D,lower,11th Norfolk,-0.583,0.6458,2022,matched,,,0.6458,
ocd-person/1d33d1e7-dae9-4e98-aa9e-626b0d711d9a,Pavel Payano,MA,D,upper,First Essex,-0.759,0.6897,2022,matched,,,0.6897,
ocd-person/c674060b-4568-43fa-b72d-0921f4876713,Peter Durant,MA,R,upper,Worcester and Hampshire,,,,unmatched,,,,
ocd-person/a148ff77-2e73-4e42-a525-20e8d1ed569a,Priscila Sousa,MA,D,lower,6th Middlesex,-0.532,0.633,2022,matched,,,0.633,
ocd-person/521620ea-1e5b-4a0c-94f8-abe888370e05,Rich Haggerty,MA,D,lower,30th Middlesex,-0.66,0.665,2022,matched,,,0.665,
ocd-person/e988f332-eba5-40a4-b55f-554728360e6c,Richard Wells,MA,D,lower,7th Norfolk,,,,unmatched,,,,
ocd-person/87e3afd8-390c-45a3-97c6-2bb164ec1e90,Rita Mendes,MA,D,lower,11th Plymouth,-0.571,0.6427,2022,matched,,,0.6427,
ocd-person/edcd5892-2488-4945-a3da-86f40012d396,Rob Consalvo,MA,D,lower,14th Suffolk,-0.629,0.6573,2022,matched,,,0.6573,
ocd-person/2fb1c0e0-edaa-4b55-9bbb-b6fe6b3e5dcc,Robyn Kennedy,MA,D,upper,First Worcester,-0.757,0.6893,2022,matched,,,0.6893,
ocd-person/49816a0c-b8e5-4586-859b-8a8f1ae9b6ab,Rodney Elliott,MA,D,lower,16th Middlesex,-0.629,0.6573,2022,matched,,,0.6573,
ocd-person/e142d28d-e57a-4ff9-afa4-c3cd149f2114,Ron Mariano,MA,D,lower,3rd Norfolk,-0.448,0.612,2022,matched,,,0.612,
ocd-person/078692f2-2afe-4aa1-a320-d4747edacbbb,Russell Holmes,MA,D,lower,6th Suffolk,-0.633,0.6583,2022,matched,,,0.6583,
ocd-person/edebef62-78d9-4f8b-a94d-65a29dbc09f6,Ryan Fattman,MA,R,upper,Worcester and Hampden,0.843,0.2893,2022,matched,,,0.2893,
ocd-person/799d49f3-28e5-46a1-bcc8-6370e9fbf44a,Ryan Hamilton,MA,D,lower,15th Essex,-0.561,0.6402,2022,matched,,,0.6402,
ocd-person/d691b834-a68d-44da-8140-9582ee37d8a6,Sal DiDomenico,MA,D,upper,Middlesex and Suffolk,-0.567,0.6418,2022,matched,,,0.6418,
ocd-person/308b15a0-dc30-41be-be53-9e5827522cac,Sally Kerans,MA,D,lower,13th Essex,-0.683,0.6707,2022,matched,,,0.6707,
ocd-person/668db267-f9e1-4839-918d-c092741f96f9,Sam Montaño,MA,D,lower,15th Suffolk,,,,unmatched,,,,
ocd-person/1e9d742c-c20b-45cf-9e22-e7752189fa7a,Sean Garballey,MA,D,lower,23rd Middlesex,-0.683,0.6707,2022,matched,,,0.6707,
ocd-person/d3ad855a-567f-443a-bb9f-480a0c95fb06,Sean Reid,MA,D,lower,11th Essex,,,,unmatched,,,,
ocd-person/ff433cf6-2895-4e01-b143-26747500f8a4,Shirley Arriaga,MA,D,lower,8th Hampden,-0.645,0.6613,2022,matched,,,0.6613,
ocd-person/f43366ee-ff27-43ac-aa55-629be715b4a9,Simon Cataldo,MA,D,lower,14th Middlesex,-0.761,0.6903,2022,matched,,,0.6903,
ocd-person/f20dd448-92ef-458c-bf92-90e7e766072a,Steve Owens,MA,D,lower,29th Middlesex,-0.81,0.7025,2022,matched,,,0.7025,
ocd-person/209427dd-91f0-45d6-ae8c-05a51872c10c,Steve Ultrino,MA,D,lower,33rd Middlesex,-0.706,0.6765,2022,matched,,,0.6765,
ocd-person/485e001e-95e9-4b79-9226-cf028a307138,Steve Xiarhos,MA,R,lower,5th Barnstable,0.987,0.2532,2022,matched,,,0.2532,
ocd-person/54487f49-5377-4c41-bd97-60b748cc240a,Steven Howitt,MA,R,lower,4th Bristol,0.612,0.347,2022,matched,,,0.347,
ocd-person/0fbe25ff-563e-4563-8523-f151bd839e3c,Steven Ouellette,MA,D,lower,8th Bristol,,,,unmatched,,,,
ocd-person/76b07f35-1876-4259-9c0a-bdf595541c39,Susannah Whipps,MA,I,lower,2nd Franklin,0.506,0.3735,2022,matched,,,0.3735,
ocd-person/6b420d2a-f12d-40ca-a13f-04cf9061a66b,Tackey Chan,MA,D,lower,2nd Norfolk,-0.532,0.633,2022,matched,,,0.633,
ocd-person/e5b9b2d0-1626-4151-93cf-73c16035a584,Tara Hong,MA,D,lower,18th Middlesex,-0.741,0.6853,2022,matched,,,0.6853,
ocd-person/73394d70-485b-4fbf-a512-bf2da4e4cb3b,Ted Philips,MA,D,lower,8th Norfolk,-0.683,0.6707,2022,matched,,,0.6707,
ocd-person/ebfdda03-c083-4a13-b3a4-f87f6e24adac,Thomas Moakley,MA,D,lower,"Barnstable, Dukes and Nantucket",,,,unmatched,,,,
ocd-person/d8895862-a95b-4982-bb2e-31c8ffa4bf57,Todd Smola,MA,R,lower,1st Hampden,0.954,0.2615,2022,matched,,,0.2615,
ocd-person/2becbe4e-5b5e-4b42-be87-b4abf57550c7,Tom Stanley,MA,D,lower,9th Middlesex,-0.718,0.6795,2022,matched,,,0.6795,
ocd-person/5f796cb3-08ae-40c4-8c11-a2758f317cc2,Tom Walsh,MA,D,lower,12th Essex,-0.604,0.651,2022,matched,,,0.651,
ocd-person/7a234dbf-2f9f-466f-8db1-44ac0f3975a8,Tommy Vitolo,MA,D,lower,15th Norfolk,-0.684,0.671,2022,matched,,,0.671,
ocd-person/59aed143-c5c1-4760-ac55-eab18600c451,Tony Cabral,MA,D,lower,13th Bristol,-0.588,0.647,2022,matched,,,0.647,
ocd-person/1e7b8d51-56fa-4faf-93e6-9b485812ddf9,Tram Nguyen,MA,D,lower,18th Essex,-0.871,0.7177,2022,matched,,,0.7177,
ocd-person/1f444dfe-d3b3-4852-ab10-0682206d773d,Tricia Farley-Bouvier,MA,D,lower,2nd Berkshire,,,,unmatched,,,,
ocd-person/053aae1e-ae76-41b0-912c-39f27f3f6d6f,Vanna Howard,MA,D,upper,First Middlesex,,,,unmatched,,,,
ocd-person/94929da6-2219-4a44-99c3-d6561eead9f5,Will Brownsberger,MA,D,upper,Suffolk and Middlesex,-1.02,0.755,2022,matched,,,0.755,
ocd-person/ead7f955-7ff0-4ac0-bc29-35688074b79f,William Galvin,MA,D,executive,,,,,unmatched,,,,
ocd-person/788d408d-cb80-43fd-802a-4778a930894d,Alabas Farhat,MI,D,lower,3,-0.948,0.737,2022,matched,,,0.737,
ocd-person/81da0894-0569-4c8d-9c4e-befd39650fee,Alicia St. Germaine,MI,R,lower,62,,,,unmatched,,,,
ocd-person/5f160dff-1ce1-4606-a469-fdd08125beb4,Amos O'Neal,MI,D,lower,94,-0.429,0.6072,2022,matched,,,0.6072,
ocd-person/527d59db-a346-4a91-8f98-e1b57947b58c,Angela Rigas,MI,R,lower,79,0.921,0.2697,2022,matched,,,0.2697,
ocd-person/0db39d07-a543-4e52-82b0-457f406855e8,Angela Witwer,MI,D,lower,76,-0.943,0.7358,2022,matched,,,0.7358,
ocd-person/3a9d71dc-da5b-4bd3-8062-c8387292dc52,Ann Bollin,MI,R,lower,49,0.85,0.2875,2022,matched,,,0.2875,
ocd-person/6d11944d-f19f-4697-811c-0c9dca750c57,Aric Nesbitt,MI,R,upper,20,0.796,0.301,2022,matched,,,0.301,
ocd-person/80ccf9a5-7303-4218-be3e-0ab6f8e90eee,Betsy Coffia,MI,D,lower,103,-0.922,0.7305,2022,matched,,,0.7305,
ocd-person/5355f558-55bb-4f29-81eb-89179f55d69a,Bill Schuette,MI,R,lower,95,1.128,0.218,2022,matched,,,0.218,
ocd-person/04a88313-6387-44ab-972c-b000b3c316f4,Brad Paquette,MI,R,lower,37,0.991,0.2522,2022,matched,,,0.2522,
ocd-person/38c62407-9471-40de-8a1c-44142573c79a,Brad Slagh,MI,R,lower,85,0.976,0.256,2022,matched,,,0.256,
ocd-person/0019e62f-6671-4085-b2d3-55d3c4a23717,Brenda Carter,MI,D,lower,53,-0.848,0.712,2022,matched,,,0.712,
ocd-person/172b6e7c-3765-4978-bc03-3d19a92d5164,Brian BeGole,MI,R,lower,71,1.033,0.2418,2022,matched,,,0.2418,
ocd-person/c925c469-552f-448d-a89f-ef456e15da21,Bryan Posthumus,MI,R,lower,90,0.961,0.2598,2022,matched,,,0.2598,
ocd-person/60ae519b-a739-4dc5-80bb-c0161269607a,Cam Cavitt,MI,R,lower,106,1.059,0.2353,2022,matched,,,0.2353,
ocd-person/86812673-e63a-4f36-aa3e-26de84380657,Carol Glanville,MI,D,lower,84,-0.956,0.739,2022,matched,,,0.739,
ocd-person/2f75473d-b2e6-49fd-914e-1e552ebc38a6,Carrie Rheingans,MI,D,lower,47,-0.95,0.7375,2022,matched,,,0.7375,
ocd-person/b5b41ca8-2f16-4df4-9808-66b2a13bfecc,Chedrick Greene,MI,D,upper,35,,,,unmatched,,,,
ocd-person/b0804883-3f8c-4341-bbc1-26a0346b37c4,Curt VanderWall,MI,R,lower,102,0.878,0.2805,2022,matched,,,0.2805,
ocd-person/7e3c6932-35bd-43f6-b1ca-d8fd6d5c0040,Cynthia Neeley,MI,D,lower,70,-0.64,0.66,2022,matched,,,0.66,
ocd-person/30afc35e-fa35-448c-b303-e0f6cc456c77,Dan Lauwers,MI,R,upper,25,0.878,0.2805,2022,matched,,,0.2805,
ocd-person/d45a5608-2735-4ef3-883b-0ebdabed89e0,Dana Nessel,MI,D,executive,,,,,unmatched,,,,
ocd-person/5d2fbcb4-0e27-4cb5-99bf-f94693b3aa12,Darrin Camilleri,MI,D,upper,4,-0.924,0.731,2022,matched,,,0.731,
ocd-person/addfe9a4-4b73-4dec-95a9-4bb7cd0d6bd2,Dave Prestin,MI,R,lower,108,0.956,0.261,2022,matched,,,0.261,
ocd-person/95434509-a8fd-4e25-9f04-a952416d6da3,David Martin,MI,R,lower,68,1.078,0.2305,2022,matched,,,0.2305,
ocd-person/f266a938-3705-4c7c-994f-859b2b6024dc,Dayna Polehanki,MI,D,upper,5,-0.924,0.731,2022,matched,,,0.731,
ocd-person/7e4be084-8c26-421f-ab31-81893f7ac525,Denise Mentzer,MI,D,lower,61,-0.952,0.738,2022,matched,,,0.738,
ocd-person/36e87b55-c5db-4331-8088-8fe1dbc544f9,Donavan McKinney,MI,D,lower,11,-0.925,0.7312,2022,matched,,,0.7312,
ocd-person/4a5a14f9-56b4-4f7a-ad0c-bfe3750912a3,Donni Steele,MI,R,lower,54,1.032,0.242,2022,matched,,,0.242,
ocd-person/2e512bae-42f3-4ce8-b565-df48469da08a,Doug Wozniak,MI,R,lower,59,1.021,0.2448,2022,matched,,,0.2448,
ocd-person/07ff51f1-6cd0-4004-b618-bc70e5a2e551,Dylan Wegela,MI,D,lower,26,-1.006,0.7515,2022,matched,,,0.7515,
ocd-person/4fc7e235-2446-405d-9a56-5e010017f617,Ed McBroom,MI,R,upper,38,0.785,0.3037,2022,matched,,,0.3037,
ocd-person/10e1b0b6-8c1d-4f2b-b29a-08770991b1d4,Emily Dievendorf,MI,D,lower,77,-0.982,0.7455,2022,matched,,,0.7455,
ocd-person/ebc9981a-cbe1-4d37-99b0-89d3c350fd3f,Erika Geiss,MI,D,upper,1,-0.648,0.662,2022,matched,,,0.662,
ocd-person/3d6727ea-1a91-414d-aac4-ba312cbfaabc,Erin Byrnes,MI,D,lower,15,-0.992,0.748,2022,matched,,,0.748,
ocd-person/e077b72e-8c9e-4506-a4b5-1fd83d6f6226,Garlin Gilchrist II,MI,D,executive,,,,,unmatched,,,,
ocd-person/37cbe31c-4d9d-4f77-847f-ce463e1bec58,Gina Johnsen,MI,R,lower,78,1.518,0.1205,2022,matched,,,0.1205,
ocd-person/fc7627d7-6c08-49e7-9edc-6f419443ffaa,Greg Alexander,MI,R,lower,98,1.152,0.212,2022,matched,,,0.212,
ocd-person/a3b57cdd-ae52-49af-9456-bc1f212fe970,Greg Markkanen,MI,R,lower,110,0.939,0.2652,2022,matched,,,0.2652,
ocd-person/960d6487-b202-46fa-8905-e001b6954d5a,Greg VanWoerkom,MI,R,lower,88,1.082,0.2295,2022,matched,,,0.2295,
ocd-person/9b425a88-36ae-439c-b2f9-8da167b9ff27,Gretchen Whitmer,MI,D,executive,,,,,unmatched,,,,
ocd-person/6751fa70-04e4-45e1-b3c5-6e0a5a397f8f,Helena Scott,MI,D,lower,8,-0.753,0.6883,2022,matched,,,0.6883,
ocd-person/e1147656-e038-47fa-ad70-4d206233db72,J.R. Roth,MI,R,lower,104,1.007,0.2483,2022,matched,,,0.2483,
ocd-person/fe33333e-a9ff-4279-ae47-1cc27703ee5c,Jaime Greene,MI,R,lower,65,1.038,0.2405,2022,matched,,,0.2405,
ocd-person/ea1e2bf8-dd08-4785-a7f7-48e7c9e8a53c,Jamie Thompson,MI,R,lower,28,1.215,0.1962,2022,matched,,,0.1962,
ocd-person/d6da4c9b-26ef-4fa9-a1c6-a79d843abe09,Jason Hoskins,MI,D,lower,18,-0.913,0.7283,2022,matched,,,0.7283,
ocd-person/9b0967d9-1238-4f90-8e03-233a17fc03e0,Jason Morgan,MI,D,lower,23,-0.963,0.7408,2022,matched,,,0.7408,
ocd-person/4831928f-e1e5-4905-928b-633128aefa77,Jason Woolford,MI,R,lower,50,1.326,0.1685,2022,matched,,,0.1685,
ocd-person/569bf706-64ce-4dd7-8639-886beb018d8c,Jay DeBoyer,MI,R,lower,63,1.009,0.2478,2022,matched,,,0.2478,
ocd-person/124196c5-fa79-4958-97c1-364026ae5f36,Jaz Martus,MI,D,lower,69,-0.936,0.734,2022,matched,,,0.734,
ocd-person/a1c1163d-af8d-4b88-9365-07717d4a45c3,Jeff Irwin,MI,D,upper,15,-0.722,0.6805,2022,matched,,,0.6805,
ocd-person/99ac6698-e0f9-4ddf-9df6-2d82aa70468f,Jennifer Conlin,MI,D,lower,48,-0.945,0.7362,2022,matched,,,0.7362,
ocd-person/be12c20b-e96b-4326-a1c2-8cabe83f4f2b,Jennifer Wortz,MI,R,lower,35,,,,unmatched,,,,
ocd-person/d1c4631b-145d-4418-8a29-24683b83ae44,Jeremy Moss,MI,D,upper,7,-0.804,0.701,2022,matched,,,0.701,
ocd-person/549e485e-c1ea-4582-8db3-91d1e15fe27a,Jerry Neyer,MI,R,lower,92,1.011,0.2473,2022,matched,,,0.2473,
ocd-person/af4a0996-bcf0-4e8f-9165-4290343e905f,Jim DeSana,MI,R,lower,29,1.141,0.2147,2022,matched,,,0.2147,
ocd-person/e0a8928d-8ccc-4e1e-9ca5-d7f50642ff91,Jim Runestad,MI,R,upper,23,1.055,0.2363,2022,matched,,,0.2363,
ocd-person/8560a009-9142-4824-bec4-67559d8d0add,Jimmie Wilson,MI,D,lower,32,-0.968,0.742,2022,matched,,,0.742,
ocd-person/bcdc22e9-cca9-47d9-96a4-757fef25f866,Jocelyn Benson,MI,D,executive,,,,,unmatched,,,,
ocd-person/f66dcbe7-c834-4c23-83ca-38eb5d1a1ba9,Joe Aragona,MI,R,lower,60,0.824,0.294,2022,matched,,,0.294,
ocd-person/e394293d-abd7-46a9-a60f-6c75e369468e,Joe Bellino,MI,R,upper,16,0.494,0.3765,2022,matched,,,0.3765,
ocd-person/65bb5257-9a90-4b14-a7bd-aee9efd0ab55,Joe Pavlov,MI,R,lower,64,,,,unmatched,,,,
ocd-person/19b8cf37-0b98-4194-9d2c-db6da3fae35c,Joe Tate,MI,D,lower,9,-0.541,0.6352,2022,matched,,,0.6352,
ocd-person/fd51ab83-f1b7-4044-b794-871ba167b504,Joey Andrews,MI,D,lower,38,-0.942,0.7355,2022,matched,,,0.7355,
ocd-person/de1a4de4-aa34-4487-98f8-27b140fed784,John Cherry,MI,D,upper,27,-0.384,0.596,2022,matched,,,0.596,
ocd-person/071e391f-da3d-4e66-ae78-61a63bc23729,John Damoose,MI,R,upper,37,0.981,0.2548,2022,matched,,,0.2548,
ocd-person/9f4f8b82-e4ee-4e50-a2ea-d46bbf264d34,John Fitzgerald,MI,D,lower,83,-0.941,0.7352,2022,matched,,,0.7352,
ocd-person/5a58fa81-639b-4304-87ca-7471ba9ade96,Jon Bumstead,MI,R,upper,32,1.023,0.2443,2022,matched,,,0.2443,
ocd-person/a16e3693-0703-40fb-b508-3b2812079548,Jonathan Lindsey,MI,R,upper,17,1.068,0.233,2022,matched,,,0.233,
ocd-person/ba49b4ef-08fb-48a0-b8a9-495a3605ef0a,Joseph Fox,MI,R,lower,101,1.374,0.1565,2022,matched,,,0.1565,
ocd-person/f6df9fad-c6ec-4abf-b175-ac1e9d672759,Josh Schriver,MI,R,lower,66,1.201,0.1997,2022,matched,,,0.1997,
ocd-person/192ea166-adcc-4d74-b497-2fd4db882a00,Julie Brixie,MI,D,lower,73,-0.804,0.701,2022,matched,,,0.701,
ocd-person/5154033e-e367-449c-a719-9437a309e269,Julie Rogers,MI,D,lower,41,-0.837,0.7092,2022,matched,,,0.7092,
ocd-person/f5c9b37d-39a5-4c63-a526-6f35f45cf5cf,Kara Hope,MI,D,lower,74,-0.874,0.7185,2022,matched,,,0.7185,
ocd-person/1b71cbce-bf12-4009-b1cd-79da2f22b9aa,Karen Whitsett,MI,D,lower,4,-0.218,0.5545,2022,matched,,,0.5545,
ocd-person/e3bae1dd-d4b9-48c3-8e40-112987214638,Karl Bohnak,MI,R,lower,109,,,,unmatched,,,,
ocd-person/e21ee6f1-0fdc-4ee6-8432-6149de16046d,Kathy Schmaltz,MI,R,lower,46,1.063,0.2343,2022,matched,,,0.2343,
ocd-person/6f366c7a-8dab-4d39-90b0-3a25760d2234,Kelly Breen,MI,D,lower,21,-0.944,0.736,2022,matched,,,0.736,
ocd-person/f38453af-388f-48fc-a18e-f709dba5153c,Ken Borton,MI,R,lower,105,1.044,0.239,2022,matched,,,0.239,
ocd-person/cf7ed8de-2df4-41ff-9dcb-489980b031a0,Kevin Daley,MI,R,upper,26,0.991,0.2522,2022,matched,,,0.2522,
ocd-person/cbfd5eae-d312-4498-a988-bcb52883f637,Kevin Hertel,MI,D,upper,12,-0.923,0.7308,2022,matched,,,0.7308,
ocd-person/e1d87954-4ee4-4668-9075-c6240dbe8c9b,Kimberly Edwards,MI,D,lower,12,,,,unmatched,,,,
ocd-person/642baa61-66d3-44c1-997f-58b2c5740b4f,Kristian Grant,MI,D,lower,82,-0.712,0.678,2022,matched,,,0.678,
ocd-person/4fa99fea-71fd-4f21-9f75-157e6a946c80,Lana Theis,MI,R,upper,22,1.113,0.2218,2022,matched,,,0.2218,
ocd-person/64f12acb-0356-4726-ab8e-0c9c1945d5b0,Laurie Pohutsky,MI,D,lower,17,-0.935,0.7338,2022,matched,,,0.7338,
ocd-person/187a5c10-ccc0-4c94-a4c9-4c208ace4776,Luke Meerman,MI,R,lower,89,1.055,0.2363,2022,matched,,,0.2363,
ocd-person/cd44a574-079b-4fd8-82cd-0daea8d7ff96,Mai Xiong,MI,D,lower,13,,,,unmatched,,,,
ocd-person/dc6ff9c0-f2b1-433d-a96b-292cf05bcb50,Mallory McMorrow,MI,D,upper,8,-0.921,0.7303,2022,matched,,,0.7303,
ocd-person/8564d477-bb39-47a4-87e1-3ceacd7d3abe,Mark Huizenga,MI,R,upper,30,1.085,0.2288,2022,matched,,,0.2288,
ocd-person/a5bb89cb-ac42-47c0-bcc8-96bf18e4d865,Mark Tisdel,MI,R,lower,55,1.069,0.2328,2022,matched,,,0.2328,
ocd-person/a9e6b2e4-016d-481e-9f34-1f1b33d857ca,Mary Cavanagh,MI,D,upper,6,-0.785,0.6963,2022,matched,,,0.6963,
ocd-person/33fdbffe-7e3d-4146-bd91-bddc098a7bf3,Matt Bierlein,MI,R,lower,97,0.877,0.2807,2022,matched,,,0.2807,
ocd-person/dc7344e8-b8bf-4f0d-924d-4f4b5ea40554,Matt Hall,MI,R,lower,42,1.025,0.2438,2022,matched,,,0.2438,
ocd-person/42a456fa-8979-468f-b2a6-30f81ff20299,Matt Koleszar,MI,D,lower,22,-0.967,0.7418,2022,matched,,,0.7418,
ocd-person/cf865d78-f3ea-43f7-b843-a06dbb4bf4be,Matt Longjohn,MI,D,lower,40,,,,unmatched,,,,
ocd-person/241c969f-c72f-4acb-9a37-529e6ec0d955,Matt Maddock,MI,R,lower,51,1.032,0.242,2022,matched,,,0.242,
ocd-person/be2c96ad-1304-4c25-8cab-2c8ec5d6475f,Michael Webber,MI,R,upper,9,1.033,0.2418,2022,matched,,,0.2418,
ocd-person/0c9a2c44-5a9a-44cd-8470-5dad5c7b2c53,Michele Hoitenga,MI,R,upper,36,1.018,0.2455,2022,matched,,,0.2455,
ocd-person/a93eaebe-bdac-4292-a28f-6a3b04efd191,Mike Harris,MI,R,lower,52,1.113,0.2218,2022,matched,,,0.2218,
ocd-person/0991c39a-0216-491e-a2c1-e7b61b11275d,Mike Hoadley,MI,R,lower,99,1.036,0.241,2022,matched,,,0.241,
ocd-person/b34263be-1f2e-49db-a261-b30e76ba790a,Mike McFall,MI,D,lower,14,-0.939,0.7348,2022,matched,,,0.7348,
ocd-person/bdbada04-5616-4e9c-91db-f709e24d43f3,Mike Mueller,MI,R,lower,72,1.064,0.234,2022,matched,,,0.234,
ocd-person/0cec5462-4aa6-423a-a946-c13d03370565,Morgan Foreman,MI,D,lower,33,,,,unmatched,,,,
ocd-person/ffae0dee-fb80-4434-bc8c-8e510d3bc495,Nancy DeBoer,MI,R,lower,86,0.957,0.2608,2022,matched,,,0.2608,
ocd-person/b8703f11-7463-4df6-aedb-9b3d51560bcb,Nancy Jenkins-Arno,MI,R,lower,34,,,,unmatched,,,,
ocd-person/2c6f93a7-f08a-4ad4-9424-cdd857401e6e,Natalie Price,MI,D,lower,6,-0.973,0.7432,2022,matched,,,0.7432,
ocd-person/3b59f672-58f4-4d87-8b6e-6f9cc63a4d4c,Noah Arbit,MI,D,lower,20,-0.846,0.7115,2022,matched,,,0.7115,
ocd-person/9cf66125-7bd7-4991-bee6-ddc21fd23b5d,Parker Fairbairn,MI,R,lower,107,1.076,0.231,2022,matched,,,0.231,
ocd-person/1a809c60-e0a4-4b43-bdba-43f097021b1f,Pat Outman,MI,R,lower,91,0.994,0.2515,2022,matched,,,0.2515,
ocd-person/1d71200f-5f95-46e8-ac9b-a35c6c0178d8,Paul Wojno,MI,D,upper,10,-0.312,0.578,2022,matched,,,0.578,
ocd-person/f749bf7e-46bc-482d-ac6e-60288f3b722e,Pauline Wendzel,MI,R,lower,39,0.994,0.2515,2022,matched,,,0.2515,
ocd-person/026c8d4d-bdd5-4b1f-838e-12c191323540,Penelope Tsernoglou,MI,D,lower,75,-0.947,0.7368,2022,matched,,,0.7368,
ocd-person/8e6c8809-d207-477d-8bdc-6646878249c5,Peter Herzberg,MI,D,lower,25,,,,unmatched,,,,
ocd-person/67081474-baf6-465a-bcd2-b2b84ab5c36b,Phil Green,MI,R,lower,67,0.785,0.3037,2022,matched,,,0.3037,
ocd-person/a61c6338-85df-446c-854a-17991386d252,Phil Skaggs,MI,D,lower,80,-0.975,0.7438,2022,matched,,,0.7438,
ocd-person/6c955ba2-9448-43ae-8d7f-c3d76329ad60,Rachelle Smit,MI,R,lower,43,1.334,0.1665,2022,matched,,,0.1665,
ocd-person/1a16bef8-b655-46da-a5c5-07a8c5569eed,Ranjeev Puri,MI,D,lower,24,-0.827,0.7067,2022,matched,,,0.7067,
ocd-person/50d75ced-0a70-4f88-aada-57015d799fd0,Reggie Miller,MI,D,lower,31,-0.938,0.7345,2022,matched,,,0.7345,
ocd-person/ae5a3a48-9948-4c6c-95c2-c2d0915fd866,Regina Weiss,MI,D,lower,5,-0.844,0.711,2022,matched,,,0.711,
ocd-person/9c525554-fb85-45f3-87fa-cf6a3208ce32,Rick Outman,MI,R,upper,33,0.916,0.271,2022,matched,,,0.271,
ocd-person/b6d8b86d-2975-4d07-83fe-a1841f39806b,Roger Hauck,MI,R,upper,34,1.052,0.237,2022,matched,,,0.237,
ocd-person/cd36ab04-a62b-41fa-8b91-d6c792f6719e,Roger Victory,MI,R,upper,31,0.93,0.2675,2022,matched,,,0.2675,
ocd-person/cda45c1f-0a65-4c08-b912-a90cd945f4ec,Ron Robinson,MI,R,lower,58,-1.253,0.8133,2018,matched,,,0.8133,
ocd-person/3e24c95f-2ed8-442a-a41f-1a3a9a0b95ed,Rosemary Bayer,MI,D,upper,13,-1.092,0.773,2022,matched,,,0.773,
ocd-person/8d0d58dd-a718-4f8f-bb7f-c530e039c0c5,Ruth Johnson,MI,R,upper,24,1.073,0.2318,2022,matched,,,0.2318,
ocd-person/c1ac9f88-970a-4930-8249-7c15e77210ed,Rylee Linting,MI,R,lower,27,,,,unmatched,,,,
ocd-person/9271c2c7-01d8-44f1-95a4-1496b8716268,Sam Singh,MI,D,upper,28,-0.852,0.713,2022,matched,,,0.713,
ocd-person/5a99ab1c-62e3-4424-9bb1-310ffcecc3e3,Samantha Steckloff,MI,D,lower,19,-0.836,0.709,2022,matched,,,0.709,
ocd-person/08eac592-a25a-444f-aea7-db0cdfa79e7b,Sarah Anthony,MI,D,upper,21,-0.785,0.6963,2022,matched,,,0.6963,
ocd-person/ef5b60a6-d301-4433-8e85-6c14ba254011,Sarah Lightner,MI,R,lower,45,0.955,0.2612,2022,matched,,,0.2612,
ocd-person/c15f272e-73f2-410c-8afe-1cc91ad3603a,Sean McCann,MI,D,upper,19,-0.803,0.7007,2022,matched,,,0.7007,
ocd-person/55a6fa48-006b-48ee-bffd-655ed7e56fce,Sharon MacDonell,MI,D,lower,56,-0.966,0.7415,2022,matched,,,0.7415,
ocd-person/1d297b7e-2e51-4e1a-a208-2f5505e9f1f7,Stephanie Chang,MI,D,upper,3,-0.762,0.6905,2022,matched,,,0.6905,
ocd-person/ea254169-e403-4e29-ab06-8f40fb869ac2,Stephanie Young,MI,D,lower,16,-0.808,0.702,2022,matched,,,0.702,
ocd-person/a071cb31-2347-40a8-a88b-ec72bacdeffd,Stephen Wooden,MI,D,lower,81,,,,unmatched,,,,
ocd-person/4dee484b-79f4-4ca2-92dc-2ed7e0623d6b,Steve Carra,MI,R,lower,36,1.478,0.1305,2022,matched,,,0.1305,
ocd-person/c62d1d8e-1e35-48c2-a869-6801ad396875,Steve Frisbie,MI,R,lower,44,,,,unmatched,,,,
ocd-person/38c58e5f-715a-4943-a8d9-2b557db3db02,Sue Shink,MI,D,upper,14,-0.844,0.711,2022,matched,,,0.711,
ocd-person/8e302b97-4868-4575-a56f-3881e91ae0f8,Sylvia Santana,MI,D,upper,2,-0.579,0.6447,2022,matched,,,0.6447,
ocd-person/c96aa62f-6a2c-4d37-9074-2c25875c639b,Thomas Albert,MI,R,upper,18,0.982,0.2545,2022,matched,,,0.2545,
ocd-person/679924dd-c6da-467c-9a9c-1f5a22aa1787,Tim Kelly,MI,R,lower,93,1.241,0.1897,2018,matched,,,0.1897,
ocd-person/6b7aadaf-f690-487f-bec8-95f095f6b565,Timmy Beson,MI,R,lower,96,1.048,0.238,2022,matched,,,0.238,
ocd-person/58e6e432-e6a2-44f4-8dda-cc3d8e01ca7e,Tom Kuhn,MI,R,lower,57,1.043,0.2393,2022,matched,,,0.2393,
ocd-person/462dc80a-8642-40d7-9c22-f6234da5451e,Tom Kunse,MI,R,lower,100,1.131,0.2172,2022,matched,,,0.2172,
ocd-person/787d9bda-d4dd-47fe-aaf0-348c505211e4,Tonya Phillips,MI,D,lower,7,-1.183,0.7957,2020,matched,,,0.7957,
ocd-person/4d548157-c00e-4131-bf2b-5838ffc5281a,Tullio Liberati,MI,D,lower,2,-0.287,0.5717,2022,matched,,,0.5717,
ocd-person/38d2f8c4-f40c-44b7-a2dd-57a4d5375572,Tyrone Carter,MI,D,lower,1,-0.761,0.6903,2022,matched,,,0.6903,
ocd-person/3cef42f4-ef0b-43c2-b0b8-01f7f399af2f,Veronica Klinefelt,MI,D,upper,11,-0.95,0.7375,2022,matched,,,0.7375,
ocd-person/8c335851-e7f6-40d6-b83c-fe413f21934e,Veronica Paiz,MI,D,lower,10,-1.06,0.765,2022,matched,,,0.765,
ocd-person/a9f36e83-23ad-4912-a183-8b1e93ef3e81,Will Bruck,MI,R,lower,30,1.038,0.2405,2022,matched,,,0.2405,
ocd-person/6f36a657-51ea-4c74-b1fd-7bc69ad222bd,Will Snyder,MI,D,lower,87,-0.66,0.665,2022,matched,,,0.665,
ocd-person/de38477b-6f3e-44cd-96d0-bd81ff831948,Winnie Brinks,MI,D,upper,29,-0.869,0.7172,2022,matched,,,0.7172,
ocd-person/09493dc0-a224-4cf6-a859-1384ffeda8a0,Aisha Gomez,MN,D,lower,62A,-0.73,0.6825,2022,matched,,,0.6825,
ocd-person/1a50d8e6-64c4-4c8f-87ee-dedde17c1c2c,Alex Falconer,MN,D,lower,49A,,,,unmatched,,,,
ocd-person/c5f2a744-0a3e-481f-9224-e4d5a58b9c9d,Alice Mann,MN,D,upper,50,-0.839,0.7097,2022,matched,,,0.7097,
ocd-person/8300aa36-f818-4ae8-ad31-f9373e396e08,Amanda Hemmingsen-Jaeger,MN,D,upper,47,,,,unmatched,,,,
ocd-person/3e1cd4f3-2c37-4531-b2cb-ca875c82d773,Andrew Lang,MN,R,upper,16,1.22,0.195,2022,matched,,,0.195,
ocd-person/aabdca28-85ec-41e4-be90-726acaaa0cff,Andrew Mathews,MN,R,upper,27,0.809,0.2977,2022,matched,,,0.2977,
ocd-person/bba68b5b-90ac-4465-bdd2-fdf23c33b87a,Andrew Myers,MN,R,lower,45A,1.197,0.2007,2022,matched,,,0.2007,
ocd-person/41cf59c9-a2c3-442d-85f1-7d6ec8de1a97,Andy Smith,MN,D,lower,25B,-1.026,0.7565,2022,matched,,,0.7565,
ocd-person/4749e0fb-4f41-46e3-a8b4-19fdbbbde113,Ann Johnson Stewart,MN,D,upper,45,-0.911,0.7278,2022,matched,,,0.7278,
ocd-person/ec588921-873b-4335-8fa1-2e3485008d3e,Ann Rest,MN,D,upper,43,-0.63,0.6575,2022,matched,,,0.6575,
ocd-person/8c85da58-235b-4769-be5f-dcf5b7c66c75,Anquam Mahamoud,MN,D,lower,62B,,,,unmatched,,,,
ocd-person/20c89480-8cde-4106-8b3d-54183371960a,Aric Putnam,MN,D,upper,14,-0.854,0.7135,2022,matched,,,0.7135,
ocd-person/9f56bc31-f522-4e29-af62-cdc616babc88,Athena Hollins,MN,D,lower,66B,-0.924,0.731,2022,matched,,,0.731,
ocd-person/f8d52f8b-1b8c-454d-87be-42edd3100511,Ben Bakeberg,MN,R,lower,54B,1.388,0.153,2022,matched,,,0.153,
ocd-person/f5597924-50c0-4bfc-bd63-3d3b814274f8,Ben Davis,MN,R,lower,6A,1.605,0.0988,2022,matched,,,0.0988,
ocd-person/354e366b-b9b5-46b4-b9ce-f3d96f508ceb,Bernie Perryman,MN,R,lower,14A,1.467,0.1332,2022,matched,,,0.1332,
ocd-person/971431ad-1fdb-49e5-9cf0-57cfff1645a8,Bianca Virnig,MN,D,lower,52B,,,,unmatched,,,,
ocd-person/8a84172a-6b96-4b28-a9ab-bf11625528a3,Bidal Duran,MN,R,lower,2A,,,,unmatched,,,,
ocd-person/05fb3c26-0704-49c8-8eb6-8c624b752434,Bill Lieske,MN,R,upper,58,1.564,0.109,2022,matched,,,0.109,
ocd-person/f839da78-1e9c-4e4b-b1d7-d203970ec6b2,Bill Weber,MN,R,upper,21,1.154,0.2115,2022,matched,,,0.2115,
ocd-person/ad3245d1-b310-4d50-8290-e642d078f661,Bjorn Olson,MN,R,lower,22A,0.898,0.2755,2022,matched,,,0.2755,
ocd-person/fe6a11bc-199d-467e-9447-3999c8250490,Bobbie Harder,MN,R,lower,17B,1.177,0.2057,2022,matched,,,0.2057,
ocd-person/c7436be4-472a-4d5e-82f5-f46359395d3a,Bobby Joe Champion,MN,D,upper,59,-0.685,0.6713,2022,matched,,,0.6713,
ocd-person/7536b66f-54fe-436e-ba03-83291c3c8d12,Bonnie Westlin,MN,D,upper,42,-0.877,0.7192,2022,matched,,,0.7192,
ocd-person/05f634e6-f8d3-4983-9604-dfc8dddc574e,Brad Tabke,MN,D,lower,54A,-0.699,0.6747,2022,matched,,,0.6747,
ocd-person/372ff500-488c-4bf6-9557-6b5824c6e193,Brion Curran,MN,D,lower,36B,-0.815,0.7037,2022,matched,,,0.7037,
ocd-person/b135d3fd-c3cd-4bb5-a0b8-eefef669aada,Bryan Lawrence,MN,R,lower,27B,0.76,0.31,2022,matched,,,0.31,
ocd-person/57b9021d-f5b7-4f80-a82d-a93ca9a123d0,Cal Bahr,MN,R,upper,31,1.527,0.1183,2022,matched,,,0.1183,
ocd-person/0fcdf023-48a4-4f62-92d0-0be6715bf229,Cal Warwas,MN,R,lower,7B,,,,unmatched,,,,
ocd-person/69ac712d-4de2-448a-8b84-ef07b4c4e423,Carla Nelson,MN,R,upper,24,1.015,0.2463,2022,matched,,,0.2463,
ocd-person/bfa93ce5-99ed-4840-9d49-c3531a6e7742,Carlie Kotyza-Witthuhn,MN,D,lower,49B,,,,unmatched,,,,
ocd-person/31bf14e3-fcde-4b2f-b2c4-1dd47b9a260b,Cedrick Frazier,MN,D,lower,43A,-0.754,0.6885,2022,matched,,,0.6885,
ocd-person/ec1171fd-3b90-4137-b01d-041f905c642d,Cheryl Youakim,MN,D,lower,46B,-0.787,0.6967,2022,matched,,,0.6967,
ocd-person/d9abe93e-6eba-4658-a0cd-68610585606b,Chris Swedzinski,MN,R,lower,15A,1.097,0.2258,2022,matched,,,0.2258,
ocd-person/9afffc3e-2fd8-404c-beeb-5bf3e17397ce,Clare Oumou Verbeten,MN,D,upper,66,-0.789,0.6973,2022,matched,,,0.6973,
ocd-person/57755948-5912-49c5-b8b7-65c110ae44d9,Dan Wolgamott,MN,D,lower,14B,-0.735,0.6837,2022,matched,,,0.6837,
ocd-person/04242ba4-8fb4-4306-98d2-cae358d8e532,Danny Nadeau,MN,R,lower,34A,1.317,0.1708,2022,matched,,,0.1708,
ocd-person/c0275aeb-e2ff-44c7-b4ab-cae4bf495d84,Dave Baker,MN,R,lower,16B,1.129,0.2177,2022,matched,,,0.2177,
ocd-person/a8c6c773-371b-4df9-a57a-5d2565c7b876,Dave Pinto,MN,D,lower,64B,-0.747,0.6867,2022,matched,,,0.6867,
ocd-person/0d187b4d-c15c-487e-9602-541bd7dd948a,David Gottfried,MN,D,lower,40B,,,,unmatched,,,,
ocd-person/f4047f6d-971d-41be-bbce-e15dac5829ae,Dawn Gillman,MN,R,lower,17A,1.166,0.2085,2022,matched,,,0.2085,
ocd-person/2c27d592-c50b-45ae-b62a-ff657c828a5c,Doron Clark,MN,D,upper,60,,,,unmatched,,,,
ocd-person/7eb10c5c-1b6e-4ee2-9dac-589e3db32f49,Drew Roach,MN,R,lower,58B,,,,unmatched,,,,
ocd-person/6652aa40-32c5-4430-bbf6-707a0b8a1f56,Duane Quam,MN,R,lower,24A,1.195,0.2012,2022,matched,,,0.2012,
ocd-person/f27e2742-5c0f-4dba-a37f-76592f91f6f0,Elliott Engen,MN,R,lower,36A,1.148,0.213,2022,matched,,,0.213,
ocd-person/f38e8115-610c-4e22-b9cb-80bd96311410,Emma Greenman,MN,D,lower,63B,-0.726,0.6815,2022,matched,,,0.6815,
ocd-person/a9040c8f-56d4-4ad9-83f5-e6f1216e7a5e,Eric Lucero,MN,R,upper,30,1.259,0.1853,2022,matched,,,0.1853,
ocd-person/f520232e-1086-4353-b904-9ff7a89ba5e8,Eric Pratt,MN,R,upper,54,1.119,0.2203,2022,matched,,,0.2203,
ocd-person/e62d342c-ae38-4607-88d7-3a7f3f7e248b,Erica Schwartz,MN,R,lower,18A,,,,unmatched,,,,
ocd-person/0d6f7edf-eae0-441d-8089-84472ce1f36f,Erin Koegel,MN,D,lower,39A,-0.811,0.7027,2022,matched,,,0.7027,
ocd-person/5233b98b-0b6d-47c9-9fc0-9218a592f8d8,Erin Maye Quade,MN,D,upper,56,-0.849,0.7123,2022,matched,,,0.7123,
ocd-person/81828030-d1b8-4641-8692-8148fca58b28,Erin Murphy,MN,D,upper,64,-0.833,0.7083,2022,matched,,,0.7083,
ocd-person/b140f0d2-f803-4118-9c6c-72aa322ec3bb,Esther Agbaje,MN,D,lower,59B,-0.8,0.7,2022,matched,,,0.7,
ocd-person/d0e94ca0-b600-4567-88ee-34a861ca38aa,Ethan Cha,MN,D,lower,47B,-0.951,0.7378,2022,matched,,,0.7378,
ocd-person/5644f3f8-6394-4ab6-9619-7ab6702b37ea,Foung Hawj,MN,D,upper,67,-0.686,0.6715,2022,matched,,,0.6715,
ocd-person/d8da71a7-c99b-4510-8abc-2d8e78db3fff,Fue Lee,MN,D,lower,59A,-0.658,0.6645,2022,matched,,,0.6645,
ocd-person/d1b377a1-8caa-4e37-999b-83ef8a1bf92c,Gary Dahms,MN,R,upper,15,1.163,0.2092,2022,matched,,,0.2092,
ocd-person/d3857eb4-0ec5-4406-840a-e338aad6a238,Gene Dornink,MN,R,upper,23,1.091,0.2273,2022,matched,,,0.2273,
ocd-person/2cb0f6d7-006d-4f7a-a1a3-218eff6016aa,Ginny Klevorn,MN,D,lower,42B,-0.819,0.7047,2022,matched,,,0.7047,
ocd-person/7a52595e-fa21-4e21-88d6-b03e4d9f1f77,Glenn Gruenhagen,MN,R,upper,17,1.199,0.2002,2022,matched,,,0.2002,
ocd-person/6a13cdd4-3646-4fe9-a2a3-5f1399c2c146,Grant Hauschild,MN,D,upper,3,-0.72,0.68,2022,matched,,,0.68,
ocd-person/5bf21441-27fe-4f78-8fc1-83ca3ee5700d,Greg Davids,MN,R,lower,26B,0.022,0.4945,2022,matched,,,0.4945,
ocd-person/371f41ef-a432-4880-950b-f3ac4b17d02f,Harry Niska,MN,R,lower,31A,1.264,0.184,2022,matched,,,0.184,
ocd-person/9411a121-c47d-431a-b407-88ff5c891c5f,Heather Gustafson,MN,D,upper,36,-0.862,0.7155,2022,matched,,,0.7155,
ocd-person/3ace0851-830e-42a1-8390-27c1142f2367,Heather Keeler,MN,D,lower,4A,-0.848,0.712,2022,matched,,,0.712,
ocd-person/05831ea3-3480-4a57-a5ea-a1844a554301,Huldah Hiltsley,MN,D,lower,38A,,,,unmatched,,,,
ocd-person/a916d408-21ae-4eee-a2d7-c8019478f521,Isaac Schultz,MN,R,lower,10B,0.892,0.277,2022,matched,,,0.277,
ocd-person/b6ea5e13-3aad-438c-bed0-749a9bff80c3,Jamie Long,MN,D,lower,61B,-0.755,0.6887,2022,matched,,,0.6887,
ocd-person/f15c0d42-4380-4f9b-b66d-14ffe61e1a40,Jason Rarick,MN,R,upper,11,1.176,0.206,2022,matched,,,0.206,
ocd-person/8892bfba-9b17-4378-8c85-f2d73d2b88ac,Jay Xiong,MN,D,lower,67B,-0.847,0.7117,2022,matched,,,0.7117,
ocd-person/edcf7ea6-b735-46b3-9d50-fa189cda6e8d,Jeff Backer,MN,R,lower,9A,1.126,0.2185,2022,matched,,,0.2185,
ocd-person/f6aa30f5-2e66-44ae-8de0-352c64ddafe8,Jeff Dotseth,MN,R,lower,11A,1.553,0.1118,2022,matched,,,0.1118,
ocd-person/971dbd16-363f-4151-a75c-306746aec18e,Jeff Howe,MN,R,upper,13,1.002,0.2495,2022,matched,,,0.2495,
ocd-person/72c6929c-a329-4613-99a0-5e339f5a045f,Jeff Witte,MN,R,lower,57B,1.38,0.155,2022,matched,,,0.155,
ocd-person/8d0a69ec-1301-4df5-9676-86720555ea7c,Jen McEwen,MN,D,upper,8,-0.741,0.6853,2022,matched,,,0.6853,
ocd-person/f0824aef-4692-46c8-bafa-f19a01a9d716,Jeremy Miller,MN,R,upper,26,1.135,0.2162,2022,matched,,,0.2162,
ocd-person/5099a61c-2d2a-41d0-a03d-ccbbb0edbf15,Jess Hanson,MN,D,lower,55A,-0.847,0.7117,2022,matched,,,0.7117,
ocd-person/fc189dd9-b597-4744-86d3-ac315b93a3f3,Jim Abeler,MN,R,upper,35,0.252,0.437,2022,matched,,,0.437,
ocd-person/ac087885-bab6-4fbf-b88a-daf71262c8b6,Jim Carlson,MN,D,upper,52,-0.741,0.6853,2022,matched,,,0.6853,
ocd-person/0897d40e-d8b4-4b1e-b0cf-e0ae4e9685f2,Jim Joy,MN,R,lower,4B,1.144,0.214,2022,matched,,,0.214,
ocd-person/d7012c12-e223-4409-823b-ba3e55be6677,Jim Nash,MN,R,lower,48A,1.091,0.2273,2022,matched,,,0.2273,
ocd-person/a2fed609-2172-4740-b9f3-f00a6da4716d,Jimmy Gordon,MN,R,lower,28A,,,,unmatched,,,,
ocd-person/6292245e-1db4-4a8e-ba2a-a036e7b68044,Joe McDonald,MN,R,lower,29A,1.094,0.2265,2022,matched,,,0.2265,
ocd-person/f08531c2-0974-4606-ab08-f5453ff76edd,Joe Schomacker,MN,R,lower,21A,1.072,0.232,2022,matched,,,0.232,
ocd-person/c86f501e-0b47-4e57-8f5a-d7d0be2392af,John Burkel,MN,R,lower,1A,1.39,0.1525,2022,matched,,,0.1525,
ocd-person/b31cb55a-94ea-4f44-a4b9-8003b32c749a,John Hoffman,MN,D,upper,34,-0.785,0.6963,2022,matched,,,0.6963,
ocd-person/5d8ac115-4a2b-4f0f-b70a-c1df26184891,John Huot,MN,D,lower,56B,-0.792,0.698,2022,matched,,,0.698,
ocd-person/f6b649e0-5359-4d22-8ff0-6ca017bc5e23,John Jasinski,MN,R,upper,19,1.106,0.2235,2022,matched,,,0.2235,
ocd-person/4acf27d9-edd4-4f04-97c7-164390a5664b,John Marty,MN,D,upper,40,-0.79,0.6975,2022,matched,,,0.6975,
ocd-person/8c4ed90f-f243-43f1-b205-0edd374777d8,Jon Koznick,MN,R,lower,57A,1.084,0.229,2022,matched,,,0.229,
ocd-person/4c3116e2-98db-4367-b543-a12220c9b12f,Jordan Rasmusson,MN,R,upper,9,1.037,0.2408,2022,matched,,,0.2408,
ocd-person/18549c8f-0d80-4c2f-bdcc-f3762c3acb19,Josh Heintzeman,MN,R,lower,6B,1.128,0.218,2022,matched,,,0.218,
ocd-person/4558fb30-435a-4fde-acdd-bdcc82c7da45,Josiah Hill,MN,D,lower,33B,-0.777,0.6943,2022,matched,,,0.6943,
ocd-person/4ca681ca-58ab-4d75-b7ef-8d255f858d62,Judy Seeberger,MN,D,upper,41,-0.859,0.7147,2022,matched,,,0.7147,
ocd-person/62a79a93-6117-4f36-87ef-f4058c34142a,Julia Coleman,MN,R,upper,48,1.076,0.231,2022,matched,,,0.231,
ocd-person/15f0a29b-674a-4146-8a93-019c9a3f305e,Julie Greene,MN,D,lower,50A,1.694,0.0765,2018,matched,,,0.0765,
ocd-person/1912cdc1-267c-4d36-acec-08896502658e,Kaela Berg,MN,D,lower,55B,-0.849,0.7123,2022,matched,,,0.7123,
ocd-person/ecea4720-d4e0-4c21-a4dd-76cdb54023d2,Kari Rehrauer,MN,D,lower,35B,,,,unmatched,,,,
ocd-person/dde8cf7d-52c2-48e5-bf65-f0fe2477713c,Karin Housley,MN,R,upper,33,1.324,0.169,2022,matched,,,0.169,
ocd-person/12252e69-5ffb-459b-a84e-333af1219f94,Katie Jones,MN,D,lower,61A,,,,unmatched,,,,
ocd-person/939c0bab-e76d-443f-b46b-7f98d05036e2,Keith Allen,MN,R,lower,19A,-0.692,0.673,2018,matched,,,0.673,
ocd-person/46deef0f-6af0-4cb8-b4ac-385aa505df50,Keith Ellison,MN,D,executive,,,,,unmatched,,,,
ocd-person/3eb5eb9d-cd17-4a48-ac4c-4f7a7b8e133e,Kelly Moller,MN,D,lower,40A,-0.82,0.705,2022,matched,,,0.705,
ocd-person/4d922135-f178-4e50-8439-ebbf47cf025c,Keri Heintzeman,MN,R,upper,6,,,,unmatched,,,,
ocd-person/6902f219-7571-4bf1-a0af-ffa9eae2c23f,Kim Hicks,MN,D,lower,25A,-0.813,0.7032,2022,matched,,,0.7032,
ocd-person/d9b75b0d-6065-4efc-81e2-03084dee070a,Krista Knudsen,MN,R,lower,5A,1.654,0.0865,2022,matched,,,0.0865,
ocd-person/ed73b309-bb2f-4805-a33b-a3fb760e6664,Kristi Pursell,MN,D,lower,58A,-0.756,0.689,2022,matched,,,0.689,
ocd-person/ad111cf3-f5f9-4e94-a087-dc39ce1fb136,Kristin Bahner,MN,D,lower,37B,-0.859,0.7147,2022,matched,,,0.7147,
ocd-person/d32d0b31-20af-4068-a5bd-42fd0a072ded,Kristin Robbins,MN,R,lower,37A,1.111,0.2223,2022,matched,,,0.2223,
ocd-person/a4451923-cc1b-4d5d-9c14-5c50062335a2,Larry Kraft,MN,D,lower,46A,-0.615,0.6538,2022,matched,,,0.6538,
ocd-person/afff2a0a-1b2d-480e-a90d-8609842f0927,Leigh Finke,MN,D,lower,66A,-0.97,0.7425,2022,matched,,,0.7425,
ocd-person/00240593-7a31-4725-8c31-c723115732bb,Leon Lillie,MN,D,lower,44B,-0.747,0.6867,2022,matched,,,0.6867,
ocd-person/5604b347-d9b5-40b6-844d-8bc5246283d3,Liish Kozlowski,MN,D,lower,8B,-0.966,0.7415,2022,matched,,,0.7415,
ocd-person/39814623-d268-47a1-8dcd-78e3ae1a33cf,Lindsey Port,MN,D,upper,55,-0.916,0.729,2022,matched,,,0.729,
ocd-person/7b7b8d46-05d4-4285-b728-abcad1a430d5,Lisa Demuth,MN,R,lower,13A,0.96,0.26,2022,matched,,,0.26,
ocd-person/26ed75ae-3230-4e92-82a3-486bd76e1893,Liz Boldon,MN,D,upper,25,-0.865,0.7163,2022,matched,,,0.7163,
ocd-person/f9dbe591-5c2d-4a25-836a-ae05863b40ff,Liz Lee,MN,D,lower,67A,-0.789,0.6973,2022,matched,,,0.6973,
ocd-person/e57307af-8e06-4c44-997d-a2cad2cdb231,Liz Reyer,MN,D,lower,52A,-0.67,0.6675,2022,matched,,,0.6675,
ocd-person/75e19dbb-1f4b-4ace-b87e-201e445d25b4,Lucy Rehm,MN,D,lower,48B,-0.771,0.6927,2022,matched,,,0.6927,
ocd-person/b0d93fc5-2efc-4908-aceb-7b2fc208b34d,Luke Frederick,MN,D,lower,18B,-0.844,0.711,2022,matched,,,0.711,
ocd-person/0682bc6b-e4f2-427a-917b-96fbc49bb741,Marion Rarick,MN,R,lower,29B,1.176,0.206,2018,matched,,,0.206,
ocd-person/9837607c-b08b-4742-ad5f-3e8f72f8b7b4,Marj Fogelman,MN,R,lower,21B,1.33,0.1675,2022,matched,,,0.1675,
ocd-person/de9b28f6-a2a8-4edd-98cb-2b3ff2e6382c,Mark Johnson,MN,R,upper,1,1.14,0.215,2022,matched,,,0.215,
ocd-person/f20a4255-6c65-4091-a0f5-aea70f133cdb,Mark Koran,MN,R,upper,28,1.072,0.232,2022,matched,,,0.232,
ocd-person/1acddc90-d32a-4495-a769-27f8b57193b7,Mary Clardy,MN,D,lower,53A,-0.794,0.6985,2022,matched,,,0.6985,
ocd-person/1b284763-8577-49ab-b641-f4f079196646,Mary Franson,MN,R,lower,12B,1.194,0.2015,2022,matched,,,0.2015,
ocd-person/2795e0ed-3a02-4afc-8836-f5c3c067139c,Mary Kunesh-Podein,MN,D,upper,39,,,,unmatched,,,,
ocd-person/d1c094c0-6184-49e4-a18a-d5b900caca1b,María Isa Pérez-Vega,MN,D,lower,65B,,,,unmatched,,,,
ocd-person/cbab855f-4a47-4afd-b74a-468a4545b82b,Matt Bliss,MN,R,lower,2B,1.254,0.1865,2022,matched,,,0.1865,
ocd-person/a4b21c2d-d3fe-41dc-9614-0ff80878850c,Matt Klein,MN,D,upper,53,-0.674,0.6685,2022,matched,,,0.6685,
ocd-person/662f07d4-7dd5-4549-bded-c8b5a200e054,Matt Norris,MN,D,lower,32B,-0.731,0.6827,2022,matched,,,0.6827,
ocd-person/afca05de-e5ff-4b1c-b38c-444f37b92687,Max Rymer,MN,R,lower,28B,,,,unmatched,,,,
ocd-person/8164812a-be9a-44e0-bf42-741cb4a01e2c,Meg Luger-Nikolai,MN,D,lower,64A,,,,unmatched,,,,
ocd-person/d2fb6801-379e-481c-9313-2ac099d3a775,Melissa Wiklund,MN,D,upper,51,-0.791,0.6977,2022,matched,,,0.6977,
ocd-person/3a76623e-d295-4c58-be60-fd37a285a39b,Michael Kreun,MN,R,upper,32,1.523,0.1193,2022,matched,,,0.1193,
ocd-person/4815983e-d0b9-4ebc-855f-bb9eac8aa5ae,Mike Freiberg,MN,D,lower,43B,-0.702,0.6755,2022,matched,,,0.6755,
ocd-person/564bbace-b157-416d-ae59-81cd8a1fbaf8,Mike Holmstrom,MN,R,upper,29,,,,unmatched,,,,
ocd-person/8910b3db-698e-4019-b976-0ee19ecb8ca0,Mike Howard,MN,D,lower,51A,-0.707,0.6767,2022,matched,,,0.6767,
ocd-person/4c34f3d9-8890-4145-8a96-92ab23f046c0,Mike Wiener,MN,R,lower,5B,1.374,0.1565,2022,matched,,,0.1565,
ocd-person/591ea10b-1362-434e-90be-2db0877a0e9c,Mohamud Noor,MN,D,lower,60B,-0.675,0.6687,2022,matched,,,0.6687,
ocd-person/1b1055a8-959c-452c-a2a8-106a4ccef20d,Natalie Zeleznikar,MN,R,lower,3B,1.474,0.1315,2022,matched,,,0.1315,
ocd-person/63b26a4d-ae7c-4267-89ab-dfa4a1f341ad,Nathan Coulter,MN,D,lower,51B,-0.903,0.7258,2022,matched,,,0.7258,
ocd-person/172cb289-beec-4bc1-8627-f027f2cd3769,Nathan Nelson,MN,R,lower,11B,0.978,0.2555,2022,matched,,,0.2555,
ocd-person/7eaf40ec-f926-4992-8962-65b90846ef80,Nathan Wesenberg,MN,R,upper,10,1.096,0.226,2022,matched,,,0.226,
ocd-person/764db471-e56d-4ef0-9df8-4e7a164c3b7e,Ned Carroll,MN,D,lower,42A,-0.865,0.7163,2022,matched,,,0.7163,
ocd-person/55a02119-b43d-4b39-a19b-07411c5ec7c9,Nick Frentz,MN,D,upper,18,-0.73,0.6825,2022,matched,,,0.6825,
ocd-person/171224fc-8a8d-4516-aa87-a2f5bcf1ea46,Nolan West,MN,R,lower,32A,1.095,0.2263,2022,matched,,,0.2263,
ocd-person/04eeaa61-ee3c-4e36-88f2-b415660175eb,Omar Fateh,MN,D,upper,62,-1.089,0.7722,2022,matched,,,0.7722,
ocd-person/26c19220-1368-4453-81c9-3b0c395e3949,Pam Altendorf,MN,R,lower,20A,1.53,0.1175,2022,matched,,,0.1175,
ocd-person/4bab18ef-55dc-44bf-adfe-8dbdf9488a09,Patti Anderson,MN,R,lower,33A,0.867,0.2833,2022,matched,,,0.2833,
ocd-person/b393cb61-cb71-4cd0-8132-6e21c2a7202d,Patty Acomb,MN,D,lower,45B,-0.841,0.7103,2022,matched,,,0.7103,
ocd-person/71df2690-6a54-4452-960a-54a5b6540bc7,Patty Mueller,MN,R,lower,23B,1.47,0.1325,2022,matched,,,0.1325,
ocd-person/ab35dde5-226a-4427-9344-c74d8291a75f,Paul Anderson,MN,R,lower,12A,0.867,0.2833,2022,matched,,,0.2833,
ocd-person/3e0eb8aa-b66c-4b30-9a0e-f1326c6f0589,Paul Novotny,MN,R,lower,30B,1.034,0.2415,2022,matched,,,0.2415,
ocd-person/380875c6-dc4c-4062-8c2d-f5b80dd64c4c,Paul Torkelson,MN,R,lower,15B,1.164,0.209,2022,matched,,,0.209,
ocd-person/fde08265-b73e-4a4b-ba87-d90d71319640,Paul Utke,MN,R,upper,5,1.127,0.2182,2022,matched,,,0.2182,
ocd-person/16c8390c-93c6-403e-83d4-5ff1a81fe4aa,Peggy Bennett,MN,R,lower,23A,1.12,0.22,2022,matched,,,0.22,
ocd-person/d563a09c-876b-4384-a7cc-a15f3d5d064c,Peggy Flanagan,MN,D,executive,,,,,unmatched,,,,
ocd-person/75f1b339-bd9f-4f7c-820b-75812553bde0,Peggy Scott,MN,R,lower,31B,1.149,0.2127,2022,matched,,,0.2127,
ocd-person/fb643600-2577-4561-a902-6f158a5c40e4,Pete Johnson,MN,D,lower,8A,1.144,0.214,2022,matched,,,0.214,
ocd-person/929dc6f7-63f4-4a9d-ba24-6ab8c5964acf,Peter Fischer,MN,D,lower,44A,-0.736,0.684,2022,matched,,,0.684,
ocd-person/f9fb7c65-e0ab-484c-8517-b20267cc3f07,Rich Draheim,MN,R,upper,22,1.185,0.2037,2022,matched,,,0.2037,
ocd-person/c41944c1-d89b-4c3f-a76f-d5c58d0a507f,Rick Hansen,MN,D,lower,53B,-0.729,0.6823,2022,matched,,,0.6823,
ocd-person/e783687f-ea0d-480a-a1ff-3072f491fb44,Ripper Repinski,MN,R,lower,26A,,,,unmatched,,,,
ocd-person/9cdb9977-9923-4124-ae93-c45e28f1f51c,Rob Farnsworth,MN,R,upper,7,1.559,0.1103,2022,matched,,,0.1103,
ocd-person/b8c303a5-0a73-4a26-8071-be5a9dcf113a,Rob Kupec,MN,D,upper,4,-0.686,0.6715,2022,matched,,,0.6715,
ocd-person/f2b7f80c-abb4-4204-839f-eb9a4de6dbab,Robert Bierman,MN,D,lower,56A,-0.701,0.6753,2022,matched,,,0.6753,
ocd-person/e7b3aed7-aa50-4c4b-bd53-eacc60e53ba8,Roger Skraba,MN,R,lower,3A,1.44,0.14,2022,matched,,,0.14,
ocd-person/3059daef-810c-4917-b6fa-c059312f97bf,Ron Kresha,MN,R,lower,10A,0.974,0.2565,2022,matched,,,0.2565,
ocd-person/834a2c10-beb0-454e-8e08-619309d8a08a,Ron Latz,MN,D,upper,46,-0.74,0.685,2022,matched,,,0.685,
ocd-person/1ff5f689-18c9-4d74-970f-c289f915dc6a,Samakab Hussein,MN,D,lower,65A,-0.955,0.7388,2022,matched,,,0.7388,
ocd-person/74dec7df-a9b9-48aa-9fae-bbe45990f4f5,Samantha Sencer-Mura,MN,D,lower,63A,,,,unmatched,,,,
ocd-person/3f73ba2f-f038-47ff-b721-27118592b691,Samantha Vang,MN,D,lower,38B,-0.738,0.6845,2022,matched,,,0.6845,
ocd-person/94c52434-9616-43bd-863b-9481943dedb1,Sandra Feist,MN,D,lower,39B,-0.844,0.711,2022,matched,,,0.711,
ocd-person/0b83a916-567b-4d36-843f-17d8f5e13b8d,Sandy Pappas,MN,D,upper,65,-0.705,0.6763,2022,matched,,,0.6763,
ocd-person/4dc8ff31-159a-457a-9551-a897d222f87e,Scott Dibble,MN,D,upper,61,-0.811,0.7027,2022,matched,,,0.7027,
ocd-person/18e1e0aa-a224-4772-b4d1-11c7a9ed510f,Scott Van Binsbergen,MN,R,lower,16A,,,,unmatched,,,,
ocd-person/204ac87d-7f04-4b49-adc4-658faec7d413,Shane Mekeland,MN,R,lower,27A,1.128,0.218,2022,matched,,,0.218,
ocd-person/0b860ed2-515a-4212-81ab-cc27b5e16223,Shelley Buck,MN,D,lower,47A,,,,unmatched,,,,
ocd-person/2e342c55-f56d-4895-9dd2-ef1271f784c0,Spencer Igo,MN,R,lower,7A,1.167,0.2082,2022,matched,,,0.2082,
ocd-person/e67843ce-752d-4cc0-abb9-4a45b8b8fdca,Steve Cwodzinski,MN,D,upper,49,-0.688,0.672,2022,matched,,,0.672,
ocd-person/a947d529-ab68-4ae8-b1e8-7ff012dde193,Steve Drazkowski,MN,R,upper,20,1.238,0.1905,2022,matched,,,0.1905,
ocd-person/b867618c-7a49-4cb3-94ac-b5836ae8dedf,Steve Elkins,MN,D,lower,50B,-0.69,0.6725,2022,matched,,,0.6725,
ocd-person/23bda6c1-1fa1-4d42-9b6c-8c76d1d91227,Steve Gander,MN,R,lower,1B,,,,unmatched,,,,
ocd-person/9d8b9b67-e74b-4e7f-92d5-52e3c0907f1d,Steve Green,MN,R,upper,2,1.559,0.1103,2022,matched,,,0.1103,
ocd-person/3c90edec-1bce-4197-8e1c-cc840102c7a9,Steve Jacob,MN,R,lower,20B,1.488,0.128,2022,matched,,,0.128,
ocd-person/029aa632-cefd-431d-bba0-e2ed611b2151,Steve Simon,MN,D,executive,,,,,unmatched,,,,
ocd-person/bd086574-4116-4b0a-ad6b-7c0352293f06,Susan Pha,MN,D,upper,38,-0.716,0.679,2022,matched,,,0.679,
ocd-person/e60bb3ff-5164-4d6d-9029-d2e3d2ac69a0,Sydney Jordan,MN,D,lower,60A,-0.881,0.7203,2022,matched,,,0.7203,
ocd-person/9e7eca64-ff97-48f2-8887-916e50d917cd,Terry Stier,MN,R,lower,22B,,,,unmatched,,,,
ocd-person/015d0cf4-9742-4050-8084-a62be4107f2e,Tim O'Driscoll,MN,R,lower,13B,1.092,0.227,2022,matched,,,0.227,
ocd-person/aba9f63e-b8ee-4515-acac-af7a63a4d1ec,Tim Walz,MN,D,executive,,,,,unmatched,,,,
ocd-person/ed6e8851-f7a8-41af-b2b6-570bd2004587,Tina Liebling,MN,D,lower,24B,-0.747,0.6867,2022,matched,,,0.6867,
ocd-person/05de7bba-70ee-4848-b0ec-d67354b6073a,Tom Dippel,MN,R,lower,41B,,,,unmatched,,,,
ocd-person/a798a6be-e28f-447c-b9ce-ffd7bf9a0ed4,Tom Murphy,MN,R,lower,9B,1.424,0.144,2022,matched,,,0.144,
ocd-person/2989633c-a60b-4337-972d-49941a4db1b6,Tom Sexton,MN,R,lower,19B,,,,unmatched,,,,
ocd-person/1c19414e-994b-46d4-8971-432ed482ca39,Torrey Westrom,MN,R,upper,12,1.332,0.167,2022,matched,,,0.167,
ocd-person/5d9e1da5-ecf9-45d9-b104-7d1238032aff,Tou Xiong,MN,D,upper,44,-0.537,0.6342,2022,matched,,,0.6342,
ocd-person/0b721953-c642-4b33-b203-5eb3f3da210b,Walter Hudson,MN,R,lower,30A,1.636,0.091,2022,matched,,,0.091,
ocd-person/dc676c57-0779-4d0e-9ba4-a07d7034dfa1,Warren Limmer,MN,R,upper,37,1.02,0.245,2022,matched,,,0.245,
ocd-person/0926949b-8d9e-4fc0-b860-7662f46afdc6,Wayne Johnson,MN,R,lower,41A,1.144,0.214,2022,matched,,,0.214,
ocd-person/622e5358-869c-4d25-b6ed-e5425ca56caa,Xp Lee,MN,D,lower,34B,-0.658,0.6645,2022,matched,,,0.6645,
ocd-person/acacede0-a09a-45b9-8990-646dfa5bd59a,Zach Duckworth,MN,R,upper,57,1.073,0.2318,2022,matched,,,0.2318,
ocd-person/ed5f1cc0-ff12-461e-9016-0ef27f180430,Zack Stephenson,MN,D,lower,35A,-0.812,0.703,2022,matched,,,0.703,
ocd-person/332e30b5-dc8d-4074-9c16-6e2a6255d135,Zaynab Mohamed,MN,D,upper,63,-0.706,0.6765,2022,matched,,,0.6765,
ocd-person/c012fed5-c753-4a01-9c3c-9924d178c24d,Albert Butler,MS,D,upper,37,-1.01,0.7525,2022,matched,,,0.7525,
ocd-person/80fca1ba-017c-4941-990c-a5e2ff34aea0,Andy Berry,MS,R,upper,35,,,,unmatched,,,,
ocd-person/95d25b69-8eb7-44cd-a789-54351e17970c,Andy Boyd,MS,R,lower,37,1.162,0.2095,2022,matched,,,0.2095,
ocd-person/83f9f72e-ec2d-4351-a227-d8a6aec18eed,Angela Cockerham,MS,I,lower,96,0.41,0.3975,2022,matched,,,0.3975,
ocd-person/4004cf9a-6d23-4323-b158-00f22078d2b4,Angela Hill,MS,R,upper,40,1.081,0.2298,2022,matched,,,0.2298,
ocd-person/74d0c9b2-58a2-41a7-b2a0-582924a45adf,Angela Turner-Ford,MS,D,upper,16,,,,unmatched,,,,
ocd-person/5f65f3a3-db2a-4573-a5c8-59b6cc0dbf40,Bart Williams,MS,R,upper,15,1.086,0.2285,2022,matched,,,0.2285,
ocd-person/4b865b47-4811-4437-be08-0f3bf10d461c,Becky Currie,MS,R,lower,92,0.992,0.252,2022,matched,,,0.252,
ocd-person/ba13036f-790b-4745-b008-eeb74f1c86a1,Ben Suber,MS,R,upper,8,1.249,0.1877,2022,matched,,,0.1877,
ocd-person/27f187c6-8755-4a18-a32a-dd5b5d7831c8,Beth Waldo,MS,R,lower,15,,,,unmatched,,,,
ocd-person/af66e7a0-2b1a-4fa0-a66c-e6e7a2541cb1,Bill Kinkade,MS,R,lower,52,1.274,0.1815,2022,matched,,,0.1815,
ocd-person/2fed984f-0f51-40d2-9881-ec16131a6a2f,Bill Pigott,MS,R,lower,99,1.037,0.2408,2022,matched,,,0.2408,
ocd-person/15f21051-d36c-4a2a-aa96-100bb8cb693b,Billy Adam Calvert,MS,R,lower,83,1.318,0.1705,2022,matched,,,0.1705,
ocd-person/b8541474-47fd-4dd2-8576-53b7fe911039,Bo Brown,MS,D,lower,70,0.108,0.473,2022,matched,,,0.473,
ocd-person/7fe0478b-3777-490c-93cb-20f83baf3d3f,Bob Evans,MS,D,lower,91,-1.144,0.786,2022,matched,,,0.786,
ocd-person/487214e9-b0e2-4741-8bd4-a043a1dd19a5,Brad Mattox,MS,R,lower,2,,,,unmatched,,,,
ocd-person/3b2b3cb2-3ef8-400d-b395-6b0895ea7631,Bradford Blackmon,MS,D,upper,21,-0.56,0.64,2022,matched,,,0.64,
ocd-person/307ab2ac-eafb-4d68-8e02-1fff040f50e4,Brent Anderson,MS,R,lower,122,0.546,0.3635,2022,matched,,,0.3635,
ocd-person/222077fd-0e92-4437-a156-59521d7faffa,Brent Powell,MS,R,lower,59,1.139,0.2152,2022,matched,,,0.2152,
ocd-person/77852654-cea4-4555-899c-641494605220,Brian Rhodes,MS,R,upper,36,,,,unmatched,,,,
ocd-person/7e27e9e0-fe62-4fc0-b8b0-c2ac9c9ce28d,Brice Wiggins,MS,R,upper,52,1.057,0.2358,2022,matched,,,0.2358,
ocd-person/f275881b-1096-4a6a-a607-b417eae41f2e,Briggs Hopson,MS,R,upper,23,1.13,0.2175,2022,matched,,,0.2175,
ocd-person/0d191683-0d9c-408f-812b-5d986a3030a6,Bryant Clark,MS,D,lower,47,-0.328,0.582,2020,matched,,,0.582,
ocd-person/dcc9906b-9a0a-4503-9128-006317d5ff3f,Bubba Carpenter,MS,R,lower,1,0.939,0.2652,2022,matched,,,0.2652,
ocd-person/820dcd6c-fdeb-4244-8ceb-7f5ce3048674,Bubba Tubb,MS,R,lower,87,0.904,0.274,2022,matched,,,0.274,
ocd-person/6e50b530-8c0e-485a-a568-6d40ba83127d,Carl Mickens,MS,D,lower,42,-0.394,0.5985,2020,matched,,,0.5985,
ocd-person/7e340127-bea2-48af-95a8-368b99160880,Carolyn Crawford,MS,R,lower,121,1.286,0.1785,2022,matched,,,0.1785,
ocd-person/7f1357e0-62b5-412c-b121-6cb5a5aced0e,Casey Eure,MS,R,lower,116,1.215,0.1962,2022,matched,,,0.1962,
ocd-person/379b9fd9-2da7-4e20-b0ed-4319ead3a1db,Cedric Burnett,MS,D,lower,9,-0.017,0.5042,2022,matched,,,0.5042,
ocd-person/c854a4e7-61d0-4c5e-8623-694a38f0ad20,Celeste Hurst,MS,R,lower,75,,,,unmatched,,,,
ocd-person/17a5d5bb-d52b-4d53-a6a0-bcaa7c5538d7,Chad McMahan,MS,R,upper,6,0.77,0.3075,2022,matched,,,0.3075,
ocd-person/74ef0a3e-35c9-4729-b6fd-2c07c165864d,Cheikh Taylor,MS,D,lower,38,-0.791,0.6977,2020,matched,,,0.6977,
ocd-person/5aa9d603-5bb2-4c1d-9a0b-1baaf91c425d,Chris Bell,MS,D,lower,65,-0.423,0.6058,2022,matched,,,0.6058,
ocd-person/20510bb3-edcd-4cb8-a41a-e0114e6215c9,Chris Johnson,MS,R,upper,44,1.085,0.2288,2022,matched,,,0.2288,
ocd-person/4a046f0b-1286-4bb3-aea0-7284adab76fd,Chuck Blackwell,MS,R,lower,88,,,,unmatched,,,,
ocd-person/c22d208a-59c7-4e90-bbe0-37b953a00b41,Chuck Younger,MS,R,upper,17,0.899,0.2752,2022,matched,,,0.2752,
ocd-person/0c9a7d35-4b91-42c7-8af2-39b6514c23d8,Clay Deweese,MS,R,lower,12,0.917,0.2707,2022,matched,,,0.2707,
ocd-person/bb9ba950-b671-4c41-b851-4a2c86d2059d,Clay Mansell,MS,R,lower,56,,,,unmatched,,,,
ocd-person/48567f29-ec70-4ff5-bda5-873f2e42933b,Dan Eubanks,MS,R,lower,25,1.028,0.243,2022,matched,,,0.243,
ocd-person/22afa0b0-e76a-4ac0-af9a-fa158c55daea,Dana McLean,MS,R,lower,39,-0.442,0.6105,2020,matched,,,0.6105,
ocd-person/32153f0b-aa40-4989-9787-e2608c55a87e,Daniel Sparks,MS,R,upper,5,1.545,0.1138,2022,matched,,,0.1138,
ocd-person/da9d953d-a95f-4166-9b94-e6c5e5b40c86,Daryl Porter,MS,D,lower,98,-0.639,0.6598,2022,matched,,,0.6598,
ocd-person/c8e4b4c1-6c8f-4b95-9b48-c73997b3f518,David Blount,MS,D,upper,29,-0.295,0.5737,2022,matched,,,0.5737,
ocd-person/d1572354-a456-47fa-aa21-58be9884a3bb,Dean Kirby,MS,R,upper,30,1.144,0.214,2022,matched,,,0.214,
ocd-person/c735ee81-f40f-4c16-aa57-e7068d7df10e,Delbert Hosemann,MS,R,executive,,,,,unmatched,,,,
ocd-person/8c139a04-43ed-48c5-98cc-e2d308efa65b,Dennis DeBar,MS,R,upper,43,1.136,0.216,2022,matched,,,0.216,
ocd-person/3ea1bab4-64f2-4ff3-b0a9-e04a8caa3e9f,Derrick Simmons,MS,D,upper,12,-0.548,0.637,2022,matched,,,0.637,
ocd-person/7051aea6-71cf-4c6e-a3f7-5eebe826aa44,Doc Harris,MS,R,lower,28,1.245,0.1887,2020,matched,,,0.1887,
ocd-person/035cf383-3d6b-401c-955e-2dcc3a95e4a5,Don Hartness,MS,R,upper,42,,,,unmatched,,,,
ocd-person/fd1a4542-8537-4af3-90c8-4052be561c66,Donnie Bell,MS,R,lower,21,0.751,0.3123,2022,matched,,,0.3123,
ocd-person/2118023c-ed1d-455f-b3a6-faeefd0e87b5,Donnie Scoggin,MS,R,lower,89,0.955,0.2612,2022,matched,,,0.2612,
ocd-person/4fa41145-35bf-442b-bdfe-cf54ea53da69,Earle Banks,MS,D,lower,67,-1.395,0.8488,2020,matched,,,0.8488,
ocd-person/bb2a876e-ca55-46dd-842d-9b89a910848d,Elliot Burch,MS,R,lower,105,,,,unmatched,,,,
ocd-person/706088db-555c-4dac-b9c4-ca6574241ca4,Fabian Nelson,MS,D,lower,66,-1.679,0.9198,2020,matched,,,0.9198,
ocd-person/002bdecd-2374-44d8-8280-e0636c5f4897,Fred Shanks,MS,R,lower,60,0.892,0.277,2022,matched,,,0.277,
ocd-person/dcae79b5-ddc5-48e8-86c2-54d5c47f0656,Gary Brumfield,MS,D,upper,38,-2.434,1.0,2022,matched,,,1.0,
ocd-person/2fe9c09d-6213-4576-b0e4-6e89330f41bc,Gene Newman,MS,R,lower,61,1.174,0.2065,2022,matched,,,0.2065,
ocd-person/c135a4b0-9620-4eef-b561-2b08beda7289,Grace Butler-Washington,MS,D,lower,69,,,,unmatched,,,,
ocd-person/c38f3e52-9594-4580-a280-bdaa11a33b66,Greg Haney,MS,R,lower,118,1.081,0.2298,2020,matched,,,0.2298,
ocd-person/745b9724-e66d-46ec-874a-d658f01b78a6,Greg Holloway,MS,D,lower,76,0.51,0.3725,2022,matched,,,0.3725,
ocd-person/9b5e1a7c-98cd-448e-9f75-d59a5591f1a4,Gregory Elliott,MS,D,lower,82,,,,unmatched,,,,
ocd-person/4ead62fd-15e5-4662-8f9b-21a8b0fa8ebe,Hank Zuber,MS,R,lower,113,1.112,0.222,2022,matched,,,0.222,
ocd-person/3a2e8f7d-e657-45e2-93d7-2f5e8499ccfd,Hester Jackson-McCray,MS,D,lower,40,,,,unmatched,,,,
ocd-person/92659a52-eda2-41a1-9300-40ca7fc3a46b,Hillman Frazier,MS,D,upper,27,-0.434,0.6085,2022,matched,,,0.6085,
ocd-person/717de4df-c8b0-4387-a767-4d37b577f370,Hob Bryan,MS,D,upper,7,-0.297,0.5743,2022,matched,,,0.5743,
ocd-person/8a829f4e-388e-41c5-bbc6-9e4292ff9539,Jansen Owen,MS,R,lower,106,1.67,0.0825,2022,matched,,,0.0825,
ocd-person/c664f98f-0d57-4d32-abf1-a95dcec7fa31,Jason Barrett,MS,R,upper,39,1.089,0.2278,2022,matched,,,0.2278,
ocd-person/fa29dc4f-e4cb-45dd-a450-a1911d529801,Jason White,MS,R,lower,48,0.991,0.2522,2022,matched,,,0.2522,
ocd-person/7674b0fc-99c4-44a7-85ec-7edd5e6e85a0,Jay McKnight,MS,R,lower,95,1.21,0.1975,2022,matched,,,0.1975,
ocd-person/c5ec6885-a7dc-48f4-a2e4-7aa85397f337,Jeff Guice,MS,R,lower,114,1.121,0.2198,2022,matched,,,0.2198,
ocd-person/ffba30ff-86d3-42db-ab94-0028df181da1,Jeff Hale,MS,R,lower,24,1.013,0.2468,2022,matched,,,0.2468,
ocd-person/9839c663-7ae3-4437-82d8-c985975309d8,Jeff Tate,MS,R,upper,33,1.516,0.121,2020,matched,,,0.121,
ocd-person/73fee1dd-f8c0-40a7-a4f9-e7576b4ecc3f,Jeffery Harness,MS,D,lower,85,,,,unmatched,,,,
ocd-person/249c4603-1fce-4c28-84be-5fa6fc5420b4,Jeffrey Hulum,MS,D,lower,119,,,,unmatched,,,,
ocd-person/29c08356-5e03-4aed-8518-28da6090a14b,Jeramey Anderson,MS,D,lower,110,-1.011,0.7528,2020,matched,,,0.7528,
ocd-person/33ffa85f-af2b-41bc-89ce-3c59341d17ab,Jeremy England,MS,R,upper,51,1.442,0.1395,2022,matched,,,0.1395,
ocd-person/52d3da6f-c397-4795-9bd8-5a3f17657129,Jerry Turner,MS,R,lower,18,1.145,0.2137,2022,matched,,,0.2137,
ocd-person/922a1ebe-1f17-497b-af99-5f14b6b0f66a,Jill Ford,MS,R,lower,73,1.212,0.197,2022,matched,,,0.197,
ocd-person/822c7153-6b04-4db2-bec4-b6f9d074fb75,Jim Estrada,MS,R,lower,33,,,,unmatched,,,,
ocd-person/af90acc6-0f51-4638-9b7a-51afc5acb0a3,Jimmy Fondren,MS,R,lower,111,,,,unmatched,,,,
ocd-person/f4bd4ab9-cb95-4b3e-95cb-68312eda5b16,Jody Steverson,MS,R,lower,4,1.144,0.214,2022,matched,,,0.214,
ocd-person/cc55837a-0a3e-4bcf-8255-b8786fc2b43f,Joel Carter,MS,R,upper,49,1.003,0.2493,2022,matched,,,0.2493,
ocd-person/bc0bd61c-da9a-40db-bf66-a0108b01275e,Joey Fillingane,MS,R,upper,41,1.157,0.2107,2022,matched,,,0.2107,
ocd-person/622761e7-fba1-4a35-879b-45a6dd021ab0,Joey Hood,MS,R,lower,35,1.119,0.2203,2022,matched,,,0.2203,
ocd-person/26c38427-62d3-440b-9253-c3e485fbd8ea,John Faulkner,MS,D,lower,5,-0.233,0.5583,2020,matched,,,0.5583,
ocd-person/a432eb59-5656-4869-aedc-832b2206b4a5,John Hines,MS,D,lower,50,-0.61,0.6525,2022,matched,,,0.6525,
ocd-person/6c7089b2-5e2d-4049-9aee-5fd76004af16,John Read,MS,R,lower,112,0.871,0.2823,2022,matched,,,0.2823,
ocd-person/b05ddbc1-7d61-4f78-bbd3-e0f9ea4de84a,Johnny DuPree,MS,D,upper,45,,,,unmatched,,,,
ocd-person/392af292-07d5-4bfd-9636-fe4257df61b3,Jonathan McMillan,MS,R,lower,58,,,,unmatched,,,,
ocd-person/13131d55-19a4-49cd-aba9-e8eef7aedb06,Joseph Thomas,MS,D,upper,22,-0.61,0.6525,2022,matched,,,0.6525,
ocd-person/13163ae5-a55d-4eff-8b23-b9f7df9e354a,Josh Harkins,MS,R,upper,20,1.134,0.2165,2020,matched,,,0.2165,
ocd-person/5ad5b396-01a0-40eb-8d4b-0f76f2727406,Josh Hawkins,MS,R,lower,10,1.199,0.2002,2020,matched,,,0.2002,
ocd-person/fcb35ef2-7463-4f8a-9a8a-3bc45b235ecb,Juan Barnett,MS,D,upper,34,0.422,0.3945,2022,matched,,,0.3945,
ocd-person/2289ffac-b812-4f76-89a8-d8e77df4de2c,Justin Crosby,MS,D,lower,22,,,,unmatched,,,,
ocd-person/9eae167e-9e7e-4334-a67e-5b686617c71c,Justin Keen,MS,R,lower,6,,,,unmatched,,,,
ocd-person/78171f60-d4f8-470f-85ef-0636656eb0d5,Justin Pope,MS,D,upper,24,,,,unmatched,,,,
ocd-person/48af55d6-95ef-4e57-9ec3-a566af0ce517,Justis Gibbs,MS,D,lower,72,0.007,0.4983,2022,matched,,,0.4983,
ocd-person/a1fef221-e3ca-4598-a7f9-cf6862b3007a,Kabir Karriem,MS,D,lower,41,-0.193,0.5483,2022,matched,,,0.5483,
ocd-person/d0269daa-032c-482b-9faf-1d569a4645a9,Kamesha Mumford,MS,D,upper,26,,,,unmatched,,,,
ocd-person/38d590c5-20ff-42d5-b9dd-af77664213cf,Karl Gibbs,MS,D,lower,36,0.007,0.4983,2022,matched,,,0.4983,
ocd-person/761527db-bbe0-43e5-90e0-2a06528ebfa4,Karl Oliver,MS,R,lower,46,1.699,0.0752,2022,matched,,,0.0752,
ocd-person/cc7b9351-ea3c-4436-8cc7-9ec0f34b3e0a,Kathy Chism,MS,R,upper,3,1.423,0.1442,2022,matched,,,0.1442,
ocd-person/0f07445d-ab7a-4c6f-9b3c-a402436afbed,Keith Jackson,MS,D,lower,45,-0.042,0.5105,2020,matched,,,0.5105,
ocd-person/da8a0173-20dc-4979-949d-57d902e744e0,Ken Morgan,MS,R,lower,100,1.115,0.2213,2022,matched,,,0.2213,
ocd-person/f0fd6950-d890-445b-834e-a635715b75d5,Kenji Holloway,MS,D,lower,27,0.51,0.3725,2022,matched,,,0.3725,
ocd-person/63655fb4-af7a-4b96-95f0-5aa1bd93da62,Kent McCarty,MS,R,lower,101,0.443,0.3892,2020,matched,,,0.3892,
ocd-person/b58c7115-6f1d-4de3-9327-eef3b6f0c83c,Kevin Blackwell,MS,R,upper,19,1.1,0.225,2020,matched,,,0.225,
ocd-person/9967ba62-2eb6-452e-8445-d3422c62a813,Kevin Felsher,MS,R,lower,117,0.507,0.3732,2022,matched,,,0.3732,
ocd-person/7a9174a7-1301-407a-8c77-5f70e70fde92,Kevin Ford,MS,R,lower,54,0.937,0.2657,2022,matched,,,0.2657,
ocd-person/b339d980-af38-4e76-b53c-215c26191cc1,Kevin Horan,MS,R,lower,34,-0.53,0.6325,2022,matched,,,0.6325,
ocd-person/58bd4b77-f7d6-45bd-bb3e-0386cf36bbf3,Kimberly Remak,MS,R,lower,7,1.373,0.1568,2020,matched,,,0.1568,
ocd-person/f9eedb57-45af-4743-b869-ece1ccb643e2,Lance Varner,MS,R,lower,62,,,,unmatched,,,,
ocd-person/b273517c-b673-4bf0-a084-b960bc943953,Lane Taylor,MS,R,upper,18,,,,unmatched,,,,
ocd-person/57419404-003c-4a1d-93c0-dce987b11c00,Larry Byrd,MS,R,lower,104,0.91,0.2725,2022,matched,,,0.2725,
ocd-person/843ed177-0a3d-4f96-9df2-28ad7333c5a6,Lataisha Jackson,MS,D,lower,11,-0.042,0.5105,2020,matched,,,0.5105,
ocd-person/c38da14f-37fd-48fd-9903-e63ce18c1215,Lawrence Blackmon,MS,D,lower,57,-0.442,0.6105,2022,matched,,,0.6105,
ocd-person/fe627b98-efb2-43b0-a6e5-7ad967c1a2fc,Lee Yancey,MS,R,lower,74,1.16,0.21,2022,matched,,,0.21,
ocd-person/094c0731-4932-4400-ad96-84c83ba1dd59,Lydia Chassaniol,MS,R,upper,14,1.153,0.2117,2022,matched,,,0.2117,
ocd-person/3a1d28c1-dd21-40b8-9a79-159441a5c88a,Lynn Fitch,MS,R,executive,,,,,unmatched,,,,
ocd-person/c3ea3d93-cd2d-48f4-babd-a47bbd951108,Manly Barton,MS,R,lower,109,1.014,0.2465,2022,matched,,,0.2465,
ocd-person/3439bb59-6632-4653-83e1-031422ad832f,Mark Tullos,MS,R,lower,79,1.202,0.1995,2022,matched,,,0.1995,
ocd-person/017dec88-1105-454d-b55b-eeb3a3c85b55,Michael McLendon,MS,R,upper,1,1.153,0.2117,2022,matched,,,0.2117,
ocd-person/70b45762-64ee-4a16-b15a-194e4e3c9bf6,Mike Seymour,MS,R,upper,47,1.357,0.1608,2022,matched,,,0.1608,
ocd-person/eaa39996-c8a7-4568-b01e-d7685667227b,Mike Thompson,MS,R,upper,48,1.199,0.2002,2022,matched,,,0.2002,
ocd-person/e645db95-2862-40dd-b548-b84b6f0b5f3f,Missy McGee,MS,R,lower,102,0.962,0.2595,2022,matched,,,0.2595,
ocd-person/60cdec6e-abad-4d5c-97ca-83da67ed7a67,Neil Whaley,MS,R,upper,10,1.138,0.2155,2022,matched,,,0.2155,
ocd-person/befe53fc-f95d-49df-93f4-9985e00151e6,Nicole Boyd,MS,R,upper,9,1.018,0.2455,2022,matched,,,0.2455,
ocd-person/86dbc7dc-6cd5-4005-b076-9b1bb674e331,Noah Sanford,MS,R,lower,90,1.192,0.202,2022,matched,,,0.202,
ocd-person/ee6c2cb7-6d0f-4b45-9e06-2ba1dfae8ecb,Omeria Scott,MS,D,lower,80,-0.912,0.728,2022,matched,,,0.728,
ocd-person/5fb7e1d6-24ab-41e1-b0b2-d1445bf6abd3,Oscar Denton,MS,D,lower,55,-0.654,0.6635,2022,matched,,,0.6635,
ocd-person/c730cb69-8d30-4676-afe8-0fb513f3845f,Otha Williams,MS,D,lower,26,1.454,0.1365,2020,matched,,,0.1365,
ocd-person/d4007757-e112-43b0-8261-1dd806f658c8,Otis Anthony,MS,D,lower,31,,,,unmatched,,,,
ocd-person/7dcb0b5b-3eb3-4db2-8666-0eb83589289f,Percy Watson,MS,D,lower,103,-0.446,0.6115,2022,matched,,,0.6115,
ocd-person/a91418ca-cbde-4a6f-8c9d-889f406c4ed8,Perry Bailey,MS,R,lower,23,0.082,0.4795,2022,matched,,,0.4795,
ocd-person/7aef9236-de61-47cf-8243-b5a21fcac9dc,Philman Ladner,MS,R,upper,46,,,,unmatched,,,,
ocd-person/35bf01bd-be16-4ce6-b07c-bfff3d25e7e3,Price Wallace,MS,R,lower,77,1.467,0.1332,2022,matched,,,0.1332,
ocd-person/defa75f7-917e-42da-9d2c-403ad80d1995,Randy Boyd,MS,R,lower,19,1.162,0.2095,2022,matched,,,0.2095,
ocd-person/af2a8aef-177c-49d2-9b77-f1f19f7b8eaa,Randy Rushing,MS,R,lower,78,1.239,0.1902,2022,matched,,,0.1902,
ocd-person/0fde8bcf-e43a-4b39-a9a5-b7869424e2d9,Reginald Jackson,MS,D,upper,11,-0.522,0.6305,2022,matched,,,0.6305,
ocd-person/4b4c6bbd-fcbb-4c7e-9746-83acffe80898,Richard Bennett,MS,R,lower,120,1.068,0.233,2020,matched,,,0.233,
ocd-person/f8b65fd8-7b11-4954-93fd-47a5cbbd53c8,Rickey Thompson,MS,D,lower,16,,,,unmatched,,,,
ocd-person/d618a68e-ed3a-47a5-be24-852af75d9ab3,Rita Parks,MS,R,upper,4,1.123,0.2193,2022,matched,,,0.2193,
ocd-person/e36cdae5-3437-48fc-93b4-280b09af661b,Rob Roberson,MS,R,lower,43,,,,unmatched,,,,
ocd-person/0de22359-9403-4bec-917a-985b26fd45ff,Robert Johnson,MS,D,lower,94,0.324,0.419,2022,matched,,,0.419,
ocd-person/e7684f57-ee0c-48ea-8157-8f04c2b8e685,Robert Sanders,MS,D,lower,29,-1.413,0.8533,2020,matched,,,0.8533,
ocd-person/eb5bde8b-1497-4a27-9806-128cf68cb00d,Rod Hickman,MS,D,upper,32,-0.883,0.7208,2022,matched,,,0.7208,
ocd-person/6d293363-c72f-479b-81fc-225071ac4913,Rodney Hall,MS,R,lower,20,,,,unmatched,,,,
ocd-person/fee2ce67-1403-487e-b891-587e625ce15c,Ronnie Crudup,MS,D,lower,71,-0.142,0.5355,2022,matched,,,0.5355,
ocd-person/d79acfe3-5991-41ae-b245-f7b7f877febb,Sam Creekmore,MS,R,lower,14,,,,unmatched,,,,
ocd-person/0bf76f2b-9380-45c1-8809-315a682322a3,Sam Mims,MS,R,lower,97,,,,unmatched,,,,
ocd-person/f1012c43-9559-4f7a-8b70-8dd9cf88bab1,Sarita Simmons,MS,D,upper,13,0.069,0.4828,2022,matched,,,0.4828,
ocd-person/796d8875-e1a2-4274-bdba-2e689d99929c,Scott Bounds,MS,R,lower,44,1.108,0.223,2022,matched,,,0.223,
ocd-person/8467b994-f651-446b-b77f-0632ff790ff8,Scott DeLano,MS,R,upper,50,0.875,0.2812,2022,matched,,,0.2812,
ocd-person/de5a9a25-1b08-45ba-9aff-e635905498ba,Shanda Yates,MS,I,lower,64,-0.858,0.7145,2022,matched,,,0.7145,
ocd-person/4a73b9e6-c66b-4022-b380-6caea6b48265,Shane Aguirre,MS,R,lower,17,0.889,0.2777,2022,matched,,,0.2777,
ocd-person/9b8df60b-26ba-4cdc-b862-87b15f81fdc1,Shane Barnett,MS,R,lower,86,1.44,0.14,2022,matched,,,0.14,
ocd-person/4b5fb3d4-b284-4886-bb0b-4c00febb1724,Sollie Norwood,MS,D,upper,28,-0.905,0.7263,2022,matched,,,0.7263,
ocd-person/23d69b3d-2f17-4fa9-a23c-c9ad8db4f7a9,Solomon Osborne,MS,D,lower,32,-2.465,1.0,2022,matched,,,1.0,
ocd-person/fa44d12a-cb19-426b-94d3-6fb68b4095c8,Stacey Hobgood-Wilkes,MS,R,lower,108,,,,unmatched,,,,
ocd-person/1253bd3e-36dd-4f23-a671-ab24dc4aed12,Stephanie Foster,MS,D,lower,63,0.377,0.4057,2022,matched,,,0.4057,
ocd-person/f1e7e5ba-29b7-42e2-bb70-5ab4c7923c77,Steve Horne,MS,R,lower,81,,,,unmatched,,,,
ocd-person/df77d55d-10c7-4ecb-9ed9-b8f989da339e,Steve Lott,MS,R,lower,107,,,,unmatched,,,,
ocd-person/abfa015f-301e-4e17-9917-535bb9079768,Steve Massengill,MS,R,lower,13,1.117,0.2208,2022,matched,,,0.2208,
ocd-person/3c19275b-6e87-43fa-83fa-ced52c9119bf,Tate Reeves,MS,R,executive,,,,,unmatched,,,,
ocd-person/34b84276-9c36-4f69-b015-ba05a1c5ee58,Theresa Gillespie Isom,MS,D,upper,2,,,,unmatched,,,,
ocd-person/3312edf4-798e-4333-b2c8-4d73f246de01,Timaka James-Jones,MS,D,lower,51,,,,unmatched,,,,
ocd-person/53869ff4-415d-466a-ad71-c13485b83318,Timmy Ladner,MS,R,lower,93,1.15,0.2125,2022,matched,,,0.2125,
ocd-person/b37913d2-9f6e-4f1c-b6c8-7a19863be463,Tracey Rosebud,MS,D,lower,30,-1.224,0.806,2022,matched,,,0.806,
ocd-person/2601640f-867f-480f-83a1-c59c332c0b82,Tracy Arnold,MS,R,lower,3,1.184,0.204,2020,matched,,,0.204,
ocd-person/c655558e-dfac-468a-a633-85f380c538b6,Trey Lamar,MS,R,lower,8,0.991,0.2522,2022,matched,,,0.2522,
ocd-person/5ff548a6-827f-4ab7-a4a5-5b510712f6a2,Troy Smith,MS,R,lower,84,1.071,0.2323,2020,matched,,,0.2323,
ocd-person/bd335f00-4e41-4972-b8f4-f2249b410614,Tyler McCaughn,MS,R,upper,31,1.01,0.2475,2022,matched,,,0.2475,
ocd-person/c0d8a1af-3036-4aee-89e7-f98cc40203cd,Vince Mangold,MS,R,lower,53,1.2,0.2,2022,matched,,,0.2,
ocd-person/61c65e25-07c9-445c-8cef-1e6d53cbbfb3,Walter Michel,MS,R,upper,25,1.207,0.1982,2022,matched,,,0.1982,
ocd-person/bec0f8f6-7f4c-442b-be25-14e2a2c1f5cb,Willie Bailey,MS,D,lower,49,0.082,0.4795,2022,matched,,,0.4795,
ocd-person/b62cfb62-68b6-4804-a1ff-f0259e7513b4,Zack Grady,MS,R,lower,115,,,,unmatched,,,,
ocd-person/56158045-4973-4fd2-9589-01ad212f2975,Zakiya Summers,MS,D,lower,68,-0.895,0.7238,2022,matched,,,0.7238,
ocd-person/ba6eb394-0402-49ba-9917-c5618d8a1589,Aaron Crossley,MO,D,lower,29,-0.836,0.709,2022,matched,,,0.709,
ocd-person/f436aa10-c006-4128-9748-050bf50c4e21,Adam Schnelting,MO,R,upper,23,,,,unmatched,,,,
ocd-person/f2e657d5-999a-4d77-98e3-b06a7c3771f4,Adrian Plank,MO,D,lower,47,-0.97,0.7425,2022,matched,,,0.7425,
ocd-person/b11b5a8d-08e8-4cf3-802c-42a842102cfa,Alex Riley,MO,R,lower,134,1.112,0.222,2022,matched,,,0.222,
ocd-person/048bc29f-0bab-4fa1-8a1e-647b0eba4dcd,Angela Mosley,MO,D,upper,13,,,,unmatched,,,,
ocd-person/fff43ce1-d209-4556-ba74-32f9ba46d3c0,Ann Kelley,MO,R,lower,127,1.079,0.2303,2022,matched,,,0.2303,
ocd-person/a5cc5083-e44a-4379-b4db-74c4a930821b,Anthony Ealy,MO,D,lower,36,-1.115,0.7788,2022,matched,,,0.7788,
ocd-person/1ff1dec0-c449-4ff8-aa22-0830817c2070,Ashley Aune,MO,D,lower,14,-0.929,0.7323,2022,matched,,,0.7323,
ocd-person/de8806cc-fa03-4745-ae1e-198c56492f9a,Barbara Washington,MO,D,upper,9,-0.687,0.6718,2022,matched,,,0.6718,
ocd-person/54f9145f-2529-448e-8238-b00d049a782c,Barry Hovis,MO,R,lower,146,1.152,0.212,2022,matched,,,0.212,
ocd-person/483aaa6b-d64a-48d0-8bc4-bca6c252f8dc,Becky Laubinger,MO,R,lower,117,,,,unmatched,,,,
ocd-person/c44ce433-7957-40b8-98dd-221b2f7d1436,Ben Brown,MO,R,upper,26,1.098,0.2255,2022,matched,,,0.2255,
ocd-person/1f082953-c9f5-4a72-a281-cdb9fe4bda5e,Ben Keathley,MO,R,lower,101,,,,unmatched,,,,
ocd-person/9c485ac1-4ad5-4466-9392-a9014827ef56,Bennie Cook,MO,R,lower,143,0.989,0.2528,2022,matched,,,0.2528,
ocd-person/55b3b80d-f69c-4f9f-aaed-4d1e5cd2634d,Betsy Fogle,MO,D,lower,135,-0.879,0.7198,2022,matched,,,0.7198,
ocd-person/7472aac6-4730-456b-8e2f-3b79e45da74c,Bill Allen,MO,R,lower,17,1.575,0.1063,2022,matched,,,0.1063,
ocd-person/28245e55-fddc-46db-85a7-ce9ca55da6d7,Bill Falkner,MO,R,lower,10,1.125,0.2188,2022,matched,,,0.2188,
ocd-person/6b7c5c9c-05ba-4a2e-8f23-117edbf2969b,Bill Hardwick,MO,R,lower,121,1.001,0.2498,2022,matched,,,0.2498,
ocd-person/21a85544-7b2f-4d34-9654-a1ebfaa34881,Bill Irwin,MO,R,lower,55,,,,unmatched,,,,
ocd-person/720cb5cb-6d39-4cdf-be60-020493ac19d9,Bill Lucas,MO,R,lower,115,,,,unmatched,,,,
ocd-person/d9dd5492-e605-4fc6-a18a-8772a7682a08,Bill Owen,MO,R,lower,131,1.128,0.218,2022,matched,,,0.218,
ocd-person/163f458d-ad80-4bad-9223-69e1f6fec4d2,Bishop Davidson,MO,R,lower,130,1.103,0.2243,2022,matched,,,0.2243,
ocd-person/4d763e2a-ab08-46ea-8561-9b3b74b34971,Bob Bromley,MO,R,lower,162,0.787,0.3033,2022,matched,,,0.3033,
ocd-person/b2f744fa-f71d-4865-a704-afcd3d030ff7,Bob Titus,MO,R,lower,139,1.439,0.1402,2022,matched,,,0.1402,
ocd-person/e0e9f47c-af7c-45f3-9d7e-1a158a19b362,Brad Banderman,MO,R,lower,119,1.334,0.1665,2022,matched,,,0.1665,
ocd-person/8f5928b4-5528-4506-8075-4e69c5864b42,Brad Christ,MO,R,lower,96,1.103,0.2243,2022,matched,,,0.2243,
ocd-person/9f6b3ff8-f439-44d0-bdf7-315451e52cb7,Brad Hudson,MO,R,upper,33,,,,unmatched,,,,
ocd-person/4cfed488-abe6-46e5-a3aa-55a73e2984ca,Brad Pollitt,MO,R,lower,52,1.049,0.2378,2022,matched,,,0.2378,
ocd-person/18f02633-c607-4c80-9088-742b28a49122,Brandon Phelps,MO,R,lower,54,,,,unmatched,,,,
ocd-person/b7d28fcb-9563-420c-91bb-01d3202124fd,Brenda Shields,MO,R,lower,11,1.084,0.229,2022,matched,,,0.229,
ocd-person/83283f83-e8d3-4e03-949c-1bdfae4bfd7f,Brian Seitz,MO,R,lower,156,1.551,0.1123,2022,matched,,,0.1123,
ocd-person/4f5340d3-7637-4eb2-be68-890073af50af,Brian Williams,MO,D,upper,14,-0.603,0.6507,2022,matched,,,0.6507,
ocd-person/d29468e7-eb61-45e7-89ad-4dfb93a0baf2,Bridget Moore,MO,D,lower,93,,,,unmatched,,,,
ocd-person/d01a9b1a-a262-4d27-9de9-b7ad0ff8c7f0,Bruce Sassmann,MO,R,lower,61,1.337,0.1658,2022,matched,,,0.1658,
ocd-person/06f2e023-3786-4c2f-b057-fd9087a6a1db,Bryant Wolfin,MO,R,lower,145,1.469,0.1327,2020,matched,,,0.1327,
ocd-person/89ef08d6-96fd-4d5f-9a48-d8093ba60052,Burt Whaley,MO,R,lower,138,,,,unmatched,,,,
ocd-person/08f76b3a-4317-4d18-a44b-f2d6a673f1e3,Cameron Parker,MO,R,lower,150,,,,unmatched,,,,
ocd-person/34df0cd7-f366-4d01-a1e7-d6241e34deec,Carolyn Caton,MO,R,lower,33,,,,unmatched,,,,
ocd-person/c2f94a50-d59c-4c56-abe6-2eebbce40a68,Catherine Hanaway,MO,R,executive,,,,,unmatched,,,,
ocd-person/0d50b579-ab89-4b9c-ae24-eb0d4216f3bd,Cathy Loy,MO,R,lower,163,,,,unmatched,,,,
ocd-person/66b84db3-dd1a-4c94-8a78-bbf219068347,Cecelie Williams,MO,R,lower,111,1.819,0.0453,2022,matched,,,0.0453,
ocd-person/b1fb2c50-2091-4264-abed-e89079479bc0,Chad Perkins,MO,R,lower,40,0.534,0.3665,2022,matched,,,0.3665,
ocd-person/ef435f26-5456-4e1b-9d53-16d972983db0,Chanel Mosley,MO,D,lower,75,-0.688,0.672,2022,matched,,,0.672,
ocd-person/43f13a74-64cd-41b6-b03a-51af80dbfc10,Chris Brown,MO,R,lower,16,1.097,0.2258,2022,matched,,,0.2258,
ocd-person/075c14fd-b8dd-433d-ae30-69fb9d210979,Chris Warwick,MO,R,lower,128,,,,unmatched,,,,
ocd-person/77b71863-3523-489a-a6a8-953ffa0d8955,Cindy O'Laughlin,MO,R,upper,18,1.096,0.226,2022,matched,,,0.226,
ocd-person/0c02ea62-5611-4292-bf13-316c50c3a866,Colin Wellenkamp,MO,R,lower,105,,,,unmatched,,,,
ocd-person/a4d25b21-09c7-49d8-aaca-a07a18dad245,Connie Steinmetz,MO,D,lower,87,,,,unmatched,,,,
ocd-person/c5e38dee-7f82-4795-a134-b984b6878458,Curtis Trent,MO,R,upper,20,1.116,0.221,2022,matched,,,0.221,
ocd-person/616dd247-4438-44de-97b4-cd3a5a3e554d,Dale Wright,MO,R,lower,116,1.087,0.2283,2022,matched,,,0.2283,
ocd-person/0f4f5a2e-bc86-4c2a-9ab1-041d1c844283,Dane Diehl,MO,R,lower,125,1.05,0.2375,2022,matched,,,0.2375,
ocd-person/ace530aa-6fbb-40a0-b91e-94820a287b2e,Danny Busick,MO,R,lower,3,1.15,0.2125,2022,matched,,,0.2125,
ocd-person/1cd15a85-b074-4d67-8fcd-1cbccfc924f4,Darin Chappell,MO,R,lower,137,1.665,0.0837,2022,matched,,,0.0837,
ocd-person/841b8b5c-a701-43c0-bb81-8e9515e61ea0,Dave Griffith,MO,R,lower,60,1.117,0.2208,2022,matched,,,0.2208,
ocd-person/49609474-e343-4c1d-8e6b-677f31c228b7,Dave Hinman,MO,R,lower,103,0.994,0.2515,2022,matched,,,0.2515,
ocd-person/6db49039-f2b0-42ea-990d-92ffef2494c3,David Casteel,MO,R,lower,97,0.119,0.4703,2022,matched,,,0.4703,
ocd-person/3055e426-4c34-404c-b286-820e978cb05c,David Dolan,MO,R,lower,148,-0.736,0.684,2020,matched,,,0.684,
ocd-person/2f4b4782-bc17-40fd-88b7-53840c68ee3a,David Gregory,MO,R,upper,15,,,,unmatched,,,,
ocd-person/c509449e-070c-462c-810e-f14315c9df42,David Smith,MO,D,lower,46,1.168,0.208,2018,matched,,,0.208,
ocd-person/43d8764b-a3b7-432a-8750-ae0e9165ecf9,David Wasinger,MO,R,executive,,,,,unmatched,,,,
ocd-person/f3250139-5c42-40d9-b535-2e7137f83f1e,Dean VanSchoiack,MO,R,lower,9,1.234,0.1915,2022,matched,,,0.1915,
ocd-person/b24e59bc-bc91-456f-9b96-bd1f501c1d49,Deanna Self,MO,R,lower,64,,,,unmatched,,,,
ocd-person/4a6e4da5-0cbd-4033-89a3-5bd749b37108,Del Taylor,MO,D,lower,84,-0.813,0.7032,2022,matched,,,0.7032,
ocd-person/914b9a95-6dd2-4d1d-8dc4-eed597b02e53,Dirk Deaton,MO,R,lower,159,1.106,0.2235,2022,matched,,,0.2235,
ocd-person/af64f0a2-f3ff-4c6d-b24f-62c3941d1da4,Don Mayhew,MO,R,lower,124,1.209,0.1977,2022,matched,,,0.1977,
ocd-person/fb57ce9b-bd82-4f93-8774-2cfef191289a,Donna Barnes,MO,D,lower,28,-0.702,0.6755,2022,matched,,,0.6755,
ocd-person/f6f3c354-c65e-4d9a-a713-5fce1ad2c403,Doug Beck,MO,D,upper,1,-0.8,0.7,2022,matched,,,0.7,
ocd-person/c2ccbec5-9ad2-4210-9029-3c9968b72d2f,Doug Clemens,MO,D,lower,72,-0.83,0.7075,2022,matched,,,0.7075,
ocd-person/f3eb420f-df97-4edf-b8c9-e0fa231c6860,Doyle Justus,MO,R,lower,41,0.721,0.3197,2022,matched,,,0.3197,
ocd-person/c53c50aa-49b2-415a-9a50-eb947daf3d7f,Ed Lewis,MO,R,lower,6,1.297,0.1758,2022,matched,,,0.1758,
ocd-person/f7c7d32d-5d88-489a-9adf-76c9837b3272,Emily Weber,MO,D,lower,24,-0.771,0.6927,2022,matched,,,0.6927,
ocd-person/76bc7488-cc9e-4b47-91da-4557fb577ff5,Eric Woods,MO,D,lower,18,-0.976,0.744,2022,matched,,,0.744,
ocd-person/5e3e358e-622b-462c-ba56-ea42bf7c1fc2,George Hruza,MO,R,lower,89,,,,unmatched,,,,
ocd-person/d6be1f75-f237-41ad-af36-a7d1c6e3a9c6,Greg Sharpe,MO,R,lower,4,1.198,0.2005,2022,matched,,,0.2005,
ocd-person/ec53a7aa-4a63-4c8f-8f74-8002d5c654e5,Gregg Bush,MO,D,lower,50,-1.139,0.7848,2018,matched,,,0.7848,
ocd-person/a9a55831-48ad-4f2e-b548-0b7652b2b681,Hardy Billington,MO,R,lower,152,1.089,0.2278,2022,matched,,,0.2278,
ocd-person/c47d84db-02de-4687-bd5b-c6dbc71cc8c4,Holly Jones,MO,R,lower,88,1.36,0.16,2022,matched,,,0.16,
ocd-person/b93bdb73-001b-43ed-a436-99ad2efe4937,Ian Mackey,MO,D,lower,99,-0.898,0.7245,2022,matched,,,0.7245,
ocd-person/b7335950-e605-45b7-9c64-1e725315deca,Jaclyn Zimmermann,MO,D,lower,98,,,,unmatched,,,,
ocd-person/87967de8-0f0d-45d5-9248-2767f9157d7b,Jamie Burger,MO,R,upper,27,,,,unmatched,,,,
ocd-person/1235305e-980d-4eb8-8743-8d0d8a455c4e,Jamie Ray Gragg,MO,R,lower,140,1.308,0.173,2022,matched,,,0.173,
ocd-person/87d06121-1f5c-49ed-88dc-f5c70e88533e,Jason Bean,MO,R,upper,25,1.12,0.22,2022,matched,,,0.22,
ocd-person/100ec26e-d90f-4707-822c-db61c8f1b370,Jeff Coleman,MO,R,lower,32,1.088,0.228,2022,matched,,,0.228,
ocd-person/633fd335-98a2-42a7-acac-cb78eeca9a12,Jeff Farnan,MO,R,lower,1,1.321,0.1698,2022,matched,,,0.1698,
ocd-person/92aabb0f-94de-4d54-b4d0-23f09035d8a0,Jeff Hales,MO,D,lower,86,,,,unmatched,,,,
ocd-person/fa6c1b05-02e8-4c6f-9a84-d1f58885ea04,Jeff Knight,MO,R,lower,142,1.104,0.224,2022,matched,,,0.224,
ocd-person/acd99a81-de49-4ab0-9bb5-bb4fa72c02c5,Jeff Myers,MO,R,lower,42,1.136,0.216,2022,matched,,,0.216,
ocd-person/0b281a28-10f1-496b-aa00-29e59a57d253,Jeff Vernetti,MO,R,lower,123,,,,unmatched,,,,
ocd-person/98bc3ac1-1f5d-4a1c-bac8-356dfbbfa875,Jeremy Dean,MO,D,lower,132,,,,unmatched,,,,
ocd-person/29fe2ddb-6025-4e60-942d-fd0880ebad5b,Jill Carter,MO,R,upper,32,0.973,0.2568,2022,matched,,,0.2568,
ocd-person/49c68d0e-cf5d-4b46-9890-c887a428929e,Jim Kalberloh,MO,R,lower,126,0.951,0.2622,2022,matched,,,0.2622,
ocd-person/06e17e6f-a17c-4654-9ead-d0aa98a95110,Jim Murphy,MO,R,lower,94,1.103,0.2243,2022,matched,,,0.2243,
ocd-person/9814247b-44fc-473f-b770-a44c77292d77,Jim Schulte,MO,R,lower,49,1.259,0.1853,2022,matched,,,0.1853,
ocd-person/0f113187-3958-449e-9c4e-3e81390c1dd4,Jo Doll,MO,D,lower,91,-0.763,0.6907,2022,matched,,,0.6907,
ocd-person/a93088fa-ad80-49de-aa94-d03da0add0bc,Joe Nicola,MO,R,upper,11,1.76,0.06,2022,matched,,,0.06,
ocd-person/1250ea3d-fe5c-46ea-bead-f7249d234e68,John Black,MO,R,lower,129,1.1,0.225,2022,matched,,,0.225,
ocd-person/5fae2678-d379-4ef0-9481-0f78f544d0c4,John Hewkin,MO,R,lower,120,,,,unmatched,,,,
ocd-person/6e5b11bc-fc9c-4822-9a82-1a5a59771c00,John Martin,MO,R,lower,44,1.511,0.1223,2022,matched,,,0.1223,
ocd-person/3de9f0e2-7062-4363-91d0-c3f17084ced4,John Simmons,MO,R,lower,109,1.111,0.2223,2022,matched,,,0.2223,
ocd-person/709dba3b-3a48-4429-94e7-fada7faa0d90,John Voss,MO,R,lower,147,1.334,0.1665,2022,matched,,,0.1665,
ocd-person/419c30c0-b3f2-4d4b-a2f1-ee08050e845b,Jon Patterson,MO,R,lower,30,1.1,0.225,2022,matched,,,0.225,
ocd-person/1da3a25b-64fa-48d4-8441-e1dca4526f7f,Josh Hurlbert,MO,R,lower,8,1.256,0.186,2022,matched,,,0.186,
ocd-person/867469f6-f988-49ec-be8c-4a065db3f223,Justin Brown,MO,R,upper,16,1.079,0.2303,2022,matched,,,0.2303,
ocd-person/fbeafead-44b9-4f08-9854-ad516fb6c838,Karla May,MO,D,upper,4,-0.644,0.661,2022,matched,,,0.661,
ocd-person/6ee52a1a-7c1b-4ebb-ac4f-8602d03b2034,Kathy Steinhoff,MO,D,lower,45,-0.72,0.68,2022,matched,,,0.68,
ocd-person/31ee0443-77bc-415d-9774-d09dee750243,Keith Elliott,MO,R,lower,153,,,,unmatched,,,,
ocd-person/e4b24233-89d2-41eb-b360-ae297e3385ba,Kem Smith,MO,D,lower,68,1.02,0.245,2022,matched,,,0.245,
ocd-person/c140221e-dfad-45d7-9371-faf3cc12ff17,Kemp Strickler,MO,D,lower,34,-0.854,0.7135,2022,matched,,,0.7135,
ocd-person/34a05fb9-bb36-416e-ada9-6be70b48b6b2,Ken Jamison,MO,D,lower,15,,,,unmatched,,,,
ocd-person/96d0d8da-dcff-4f59-b051-e0da15584b7b,Kent Haden,MO,R,lower,43,1.191,0.2022,2022,matched,,,0.2022,
ocd-person/7f91f845-d612-45d2-bc08-421c4e91357a,Keri Ingle,MO,D,lower,35,-0.879,0.7198,2022,matched,,,0.7198,
ocd-person/6b417baa-36e5-4928-bb3d-b6b8f2cc95dd,Kimberly-Ann Collins,MO,D,lower,77,-0.719,0.6797,2022,matched,,,0.6797,
ocd-person/1ab01adf-962d-47ac-977c-2cf25712f583,Kurtis Gregory,MO,R,upper,21,,,,unmatched,,,,
ocd-person/6c3609dd-62d2-4030-9b24-7b5d49a16677,LaDonna Appelbaum,MO,D,lower,71,-0.831,0.7077,2022,matched,,,0.7077,
ocd-person/24c9a1f1-0023-4733-aa18-80f252645723,LaKeySha Bosley,MO,D,lower,79,-0.251,0.5627,2022,matched,,,0.5627,
ocd-person/56f5920f-46d9-4991-b029-5984b80cd7ff,Lane Roberts,MO,R,lower,161,0.826,0.2935,2022,matched,,,0.2935,
ocd-person/733d6ca4-9be3-4541-bcc9-75b7431cfc39,Lilly Fuchs,MO,D,lower,80,,,,unmatched,,,,
ocd-person/934fdfca-5cdf-4c67-a3b0-b23e433f87f6,Lincoln Hough,MO,R,upper,30,1.051,0.2373,2022,matched,,,0.2373,
ocd-person/5f182358-80ec-4463-a8b0-2dd660ac97ab,Lisa Durnell,MO,R,lower,154,,,,unmatched,,,,
ocd-person/9a78c55e-0f06-4dd9-b86e-287db7332d98,Louis Riggs,MO,R,lower,5,0.989,0.2528,2022,matched,,,0.2528,
ocd-person/d8594030-4826-48c5-af43-674470f1dd44,Maggie Nurrenbern,MO,D,upper,17,,,,unmatched,,,,
ocd-person/3a6ee726-1e30-4f9a-82cc-af57163e571b,Mark Boyko,MO,D,lower,90,,,,unmatched,,,,
ocd-person/661f49f4-e075-491e-aad8-4dde65ecb6df,Mark Matthiesen,MO,R,lower,107,1.102,0.2245,2018,matched,,,0.2245,
ocd-person/ba1cff78-9a39-4e6e-a998-c8dc324d7b80,Mark Meirath,MO,R,lower,39,,,,unmatched,,,,
ocd-person/443938dd-c7a0-4061-890a-8bd4ec4a1924,Mark Nolte,MO,R,lower,51,,,,unmatched,,,,
ocd-person/0fddc5af-b1f0-49ca-84d9-fc6458edf362,Mark Sharp,MO,D,lower,37,-0.693,0.6733,2022,matched,,,0.6733,
ocd-person/56a68a64-7a44-4052-b5f2-e9f7c626e311,Marla Smith,MO,D,lower,74,-0.948,0.737,2020,matched,,,0.737,
ocd-person/47f4d77d-149c-410a-a324-067172efda3c,Marlene Terry,MO,D,lower,66,-0.84,0.71,2022,matched,,,0.71,
ocd-person/500e226f-ea79-4915-ab13-a11ab4d9e48e,Marlon Anderson,MO,D,lower,76,-1.049,0.7622,2020,matched,,,0.7622,
ocd-person/e5a2f458-8afb-41b6-9bf0-79143ea24a25,Marty Jacobs,MO,D,lower,38,,,,unmatched,,,,
ocd-person/f36fd5fa-6d20-43d4-9555-ce4d2d472849,Marty Murray,MO,D,lower,78,,,,unmatched,,,,
ocd-person/f1d83642-4aa6-4fea-80f1-4c3f422c63ed,Mary Elizabeth Coleman,MO,R,upper,22,1.183,0.2042,2022,matched,,,0.2042,
ocd-person/c22f94cc-641f-4a45-a2a6-610f829e7c43,Matthew Overcast,MO,R,lower,155,,,,unmatched,,,,
ocd-person/22e282f9-afbf-46b8-ac81-0780f5372d0d,Mazzie Christensen,MO,R,lower,2,,,,unmatched,,,,
ocd-person/1df6dc2e-0d12-40d6-b368-4d0b3a19ef95,Melanie Stinnett,MO,R,lower,133,1.186,0.2035,2022,matched,,,0.2035,
ocd-person/9815268f-50dc-451b-9bb2-b36f3c556ac4,Melissa Douglas,MO,D,lower,27,,,,unmatched,,,,
ocd-person/7839a137-9de7-440a-bad8-20db1e0ead3b,Melissa Schmidt,MO,R,lower,141,,,,unmatched,,,,
ocd-person/24dc0503-f4cf-48b1-afdf-e57157bafec3,Michael Burton,MO,D,lower,92,-1.072,0.768,2022,matched,,,0.768,
ocd-person/dc271660-9483-4b46-8c96-4794078b130f,Michael Davis,MO,R,lower,56,1.204,0.199,2022,matched,,,0.199,
ocd-person/8014964b-117f-40a4-a466-ac597dd70983,Michael Johnson,MO,D,lower,23,-0.796,0.699,2022,matched,,,0.699,
ocd-person/8df40920-38e1-4892-aa6b-764467bf79b7,Mike Bernskoetter,MO,R,upper,6,1.127,0.2182,2022,matched,,,0.2182,
ocd-person/70c04c22-b1a9-4c3c-96f9-36761e63f3f8,Mike Cierpiot,MO,R,upper,8,1.056,0.236,2022,matched,,,0.236,
ocd-person/c08a9151-fdfe-4da9-97c2-5536ed96f255,Mike Costlow,MO,R,lower,108,,,,unmatched,,,,
ocd-person/bfad4ef7-fad2-46e6-8f12-f8ea9feaa0cb,Mike Henderson,MO,R,upper,3,,,,unmatched,,,,
ocd-person/8e0bb3e7-085b-471c-a588-a1de9b466706,Mike Jones,MO,R,lower,12,-1.131,0.7828,2018,matched,,,0.7828,
ocd-person/1a644e87-8691-4e86-af73-6a2af0f56c82,Mike McGirl,MO,R,lower,118,0.968,0.258,2022,matched,,,0.258,
ocd-person/43563b48-1d26-4a85-bad2-615971201d41,Mike Moon,MO,R,upper,29,1.121,0.2198,2022,matched,,,0.2198,
ocd-person/df4d176b-2a0b-41be-977f-efa722d6a321,Mike Steinmeyer,MO,R,lower,20,,,,unmatched,,,,
ocd-person/c5b24334-9dfa-4356-8aa2-8f91c2a3d692,Mitch Boggs,MO,R,lower,157,1.552,0.112,2022,matched,,,0.112,
ocd-person/e6caa351-c418-431a-bf50-1bd16923ae49,Nick Kimble,MO,D,lower,82,,,,unmatched,,,,
ocd-person/ecbee637-2b07-4028-acb3-b82df2edb42a,Nick Schroer,MO,R,upper,2,1.091,0.2273,2022,matched,,,0.2273,
ocd-person/a0be4ce1-fdbd-47d2-a74c-aaee85644992,Pattie Mansur,MO,D,lower,25,,,,unmatched,,,,
ocd-person/618e91b0-663d-4095-9a38-eefab6304e5f,Patty Lewis,MO,D,upper,7,,,,unmatched,,,,
ocd-person/920c5b79-73a0-477b-a90d-1a290e48e014,Peggy McGaugh,MO,R,lower,7,1.112,0.222,2022,matched,,,0.222,
ocd-person/1d96c354-2527-4449-9b40-36bb78fe2cb7,Phil Amato,MO,R,lower,113,-0.318,0.5795,2022,matched,,,0.5795,
ocd-person/4d403f59-65f6-484f-9aeb-fe05380d4bcf,Philip Oehlerking,MO,R,lower,100,1.456,0.136,2022,matched,,,0.136,
ocd-person/41f72deb-7981-4053-bb15-7eb3580b9ade,Ray Reed,MO,D,lower,83,1.809,0.0478,2020,matched,,,0.0478,
ocd-person/e0d1f714-8603-40c6-8c3e-04934648caa4,Raychel Proudie,MO,D,lower,73,-0.815,0.7037,2022,matched,,,0.7037,
ocd-person/64a3bd7d-7dc8-4ce6-bd30-6101b2b7926e,Renee Reuter,MO,R,lower,112,0.973,0.2568,2022,matched,,,0.2568,
ocd-person/4209f53e-18f3-4c9e-8183-caa385c319ec,Richard West,MO,R,lower,102,1.327,0.1683,2022,matched,,,0.1683,
ocd-person/e4811e7a-7df7-4275-917d-8bdcc2778fb1,Rick Brattin,MO,R,upper,31,1.126,0.2185,2022,matched,,,0.2185,
ocd-person/bd63f6e7-ed53-4a4c-98b6-925588710b0b,Rodger Reedy,MO,R,lower,57,0.845,0.2888,2022,matched,,,0.2888,
ocd-person/7a66b805-a3a7-4440-b404-a562c1e00059,Ron Fowler,MO,R,lower,31,,,,unmatched,,,,
ocd-person/fe941ee4-f34a-4685-873c-29adbb732b2c,Rudy Veit,MO,R,lower,59,1.09,0.2275,2022,matched,,,0.2275,
ocd-person/bb98b6a0-ba5f-45f8-ad14-b798515fa8a0,Rusty Black,MO,R,upper,12,1.099,0.2253,2022,matched,,,0.2253,
ocd-person/4f194218-3d95-4f08-8963-7e3440fdb671,Sandy Crawford,MO,R,upper,28,1.075,0.2313,2022,matched,,,0.2313,
ocd-person/515b97f2-7c88-40e5-b127-04146435e50e,Scott Cupps,MO,R,lower,158,1.008,0.248,2022,matched,,,0.248,
ocd-person/3e251c9a-ef4d-436d-9c10-9aa447b3fcbd,Scott Miller,MO,R,lower,69,1.098,0.2255,2020,matched,,,0.2255,
ocd-person/e1a53185-3c84-4f82-87f0-09bd607cf2e7,Sean Pouche,MO,R,lower,13,1.4,0.15,2022,matched,,,0.15,
ocd-person/272db469-eb67-4752-8307-c46a95eaace0,Sherri Gallick,MO,R,lower,62,1.166,0.2085,2022,matched,,,0.2085,
ocd-person/129ff7c8-e210-47d5-a30c-777571984925,Stephanie Boykin,MO,D,lower,70,-1.431,0.8578,2022,matched,,,0.8578,
ocd-person/9adf60fd-19a0-429c-ab41-5cbc8e6391fc,Stephanie Hein,MO,D,lower,136,-0.868,0.717,2022,matched,,,0.717,
ocd-person/63dea1c8-8916-4ca8-8821-223a7fef95a9,Stephen Webber,MO,D,upper,19,,,,unmatched,,,,
ocd-person/6ad9db86-5e30-4693-be71-41bacad5b843,Steve Butz,MO,D,lower,81,-0.665,0.6663,2022,matched,,,0.6663,
ocd-person/7ff101ee-474f-410d-9644-88bb17ae7519,Steve Jordan,MO,R,lower,151,,,,unmatched,,,,
ocd-person/20ad6a34-2965-4068-b819-49c5e0d27831,Steve Roberts,MO,D,upper,5,1.07,0.2325,2018,matched,,,0.2325,
ocd-person/ae8a2d25-fbb2-4254-976a-f9dcf0c92c6f,Tara Peters,MO,R,lower,122,1.163,0.2092,2022,matched,,,0.2092,
ocd-person/ea5a5b0f-1c94-4c8d-a39f-e76357ebb2bf,Terri Violet,MO,R,lower,104,,,,unmatched,,,,
ocd-person/da48983a-852b-4d3b-b635-285f37d8d012,Terry Thompson,MO,R,lower,53,1.096,0.226,2022,matched,,,0.226,
ocd-person/53e00142-c4a0-41e7-bef7-fedb8de2bcdc,Tiffany Price,MO,D,lower,26,,,,unmatched,,,,
ocd-person/14c919a7-4443-4bc7-8221-34a59cc3bfef,Tim Taylor,MO,R,lower,48,1.294,0.1765,2022,matched,,,0.1765,
ocd-person/b3e74d72-fdba-4c02-b75c-1ba8cc5b44b2,Tony Harbison,MO,R,lower,144,,,,unmatched,,,,
ocd-person/98b8120c-7a9c-4415-9e7b-8bfcdc8fa8a5,Tony Luetkemeyer,MO,R,upper,34,1.05,0.2375,2022,matched,,,0.2375,
ocd-person/b45073a9-ed4d-4d2c-89cd-edf310e7d373,Tonya Rush,MO,D,lower,67,,,,unmatched,,,,
ocd-person/802c155f-8979-418f-b13b-b75de93caf31,Tracy McCreery,MO,D,upper,24,-0.797,0.6993,2022,matched,,,0.6993,
ocd-person/350514c2-7875-44c4-8ef3-20da25540793,Travis Wilson,MO,R,lower,106,1.13,0.2175,2022,matched,,,0.2175,
ocd-person/4f9135f0-db97-4860-af00-182d0026feae,Tricia Byrnes,MO,R,lower,63,0.719,0.3203,2022,matched,,,0.3203,
ocd-person/b6ab609a-1abc-40ee-9ac1-889ccb08a9f0,Wendy Hausman,MO,R,lower,65,1.254,0.1865,2022,matched,,,0.1865,
ocd-person/39bcc093-37e9-469a-866d-5b6f10c52381,Wick Thomas,MO,D,lower,19,-1.321,0.8302,2022,matched,,,0.8302,
ocd-person/9c6a9708-529e-422f-82b7-e92385a32688,Will Jobe,MO,D,lower,21,,,,unmatched,,,,
ocd-person/05c84580-b849-4320-9aa4-e34d8b977aca,Willard Haley,MO,R,lower,58,1.107,0.2233,2022,matched,,,0.2233,
ocd-person/e2fb607f-9af9-4d80-b473-8ed33e3d942d,Yolanda Young,MO,D,lower,22,-0.768,0.692,2022,matched,,,0.692,
ocd-person/6f65a218-7bef-4fa3-b86c-907ed92296d8,Yolonda Fountain-Henderson,MO,D,lower,85,,,,unmatched,,,,
ocd-person/1f3a2599-a310-46f5-9b72-ea57f7b59c9b,Alanah Griffith,MT,D,lower,60,-0.681,0.6703,2022,matched,,,0.6703,
ocd-person/817877aa-a3ac-40a7-9f32-f40204840abf,Amy Regier,MT,R,lower,6,1.103,0.2243,2022,matched,,,0.2243,
ocd-person/2dcaf4be-0227-4ced-b01c-aacd8376c45a,Andrea Olsen,MT,D,upper,48,-0.782,0.6955,2022,matched,,,0.6955,
ocd-person/06fef2c8-9695-47b2-9015-999a5dd3bded,Anthony Nicastro,MT,R,lower,50,,,,unmatched,,,,
ocd-person/6932f017-6867-409a-8321-6cf9dce312ef,Austin Knudsen,MT,R,executive,,,,,unmatched,,,,
ocd-person/69cfa3aa-7091-4752-a99c-b6a42c70b17b,Barry Usher,MT,R,upper,19,1.335,0.1663,2022,matched,,,0.1663,
ocd-person/f87d7b76-3065-48f4-bc3b-50bf00926180,Becky Beard,MT,R,upper,38,,,,unmatched,,,,
ocd-person/94db4829-5bc5-433b-9617-f1e9740ad694,Becky Edwards,MT,D,lower,61,,,,unmatched,,,,
ocd-person/ad9a1852-425f-4f4b-9b6e-270f2c282024,Bob Carter,MT,D,lower,96,-0.917,0.7292,2022,matched,,,0.7292,
ocd-person/cf7f704c-87ac-4bcd-821a-9377bbbee43f,Bob Phalen,MT,R,upper,17,,,,unmatched,,,,
ocd-person/e46e64b0-2c6e-4581-b281-bc4c0993fa5b,Brad Barker,MT,R,lower,55,1.53,0.1175,2022,matched,,,0.1175,
ocd-person/578dada9-9f18-470a-ae8f-e8516a5e9635,Brandon Ler,MT,R,lower,33,1.523,0.1193,2022,matched,,,0.1193,
ocd-person/8664c246-dc7e-48aa-9db1-9e33055dcb67,Braxton Mitchell,MT,R,lower,5,1.532,0.117,2022,matched,,,0.117,
ocd-person/733ea07d-29e9-4259-b489-6ae30bc76bce,Brian Close,MT,D,lower,65,-0.874,0.7185,2020,matched,,,0.7185,
ocd-person/0bb87197-276c-4ea7-9e93-cf782879e010,Butch Gillespie,MT,R,upper,9,0.902,0.2745,2022,matched,,,0.2745,
ocd-person/b6bacabc-6ff6-4bc6-9631-fbbf067f9f0e,Caleb Hinkle,MT,R,lower,68,1.456,0.136,2022,matched,,,0.136,
ocd-person/8cf123ff-85f6-4652-922a-87c0cb474573,Carl Glimm,MT,R,upper,3,1.229,0.1927,2020,matched,,,0.1927,
ocd-person/83bac865-b5d7-4797-ae5a-2cb5d29e9626,Chip Fitzpatrick,MT,D,lower,42,1.165,0.2087,2022,matched,,,0.2087,
ocd-person/ab04d84a-c320-4d82-b211-d36206213195,Chris Pope,MT,D,upper,33,-0.797,0.6993,2020,matched,,,0.6993,
ocd-person/d640b7b9-98c0-48f4-820d-24440c180667,Connie Keogh,MT,D,lower,92,-0.725,0.6813,2022,matched,,,0.6813,
ocd-person/a7c31f94-f7bd-4d2c-b149-f26928cc934e,Cora Neumann,MT,D,upper,30,,,,unmatched,,,,
ocd-person/db529569-d550-4ed9-b371-b5a1cae9e007,Courtenay Sprunger,MT,R,lower,7,1.15,0.2125,2022,matched,,,0.2125,
ocd-person/81d4b739-eb62-4dae-85db-9e053fb0d886,Curt Cochran,MT,R,lower,90,,,,unmatched,,,,
ocd-person/72eca5f2-a7b5-463d-b49d-681eaf30ffea,Curtis Schomer,MT,R,lower,48,0.864,0.284,2022,matched,,,0.284,
ocd-person/ab3accc3-6794-45c1-9f78-27d524aecc00,Daniel Emrich,MT,R,upper,11,1.446,0.1385,2022,matched,,,0.1385,
ocd-person/afffd4a2-fd6b-4cc5-8eff-8aa1f696db3a,Daniel Zolnikov,MT,R,upper,22,1.337,0.1658,2022,matched,,,0.1658,
ocd-person/8583c5f0-fc55-4f5b-9664-19d44f7f25b3,Dave Bedey,MT,R,lower,86,1.109,0.2228,2022,matched,,,0.2228,
ocd-person/9c542cad-1c8f-4dfd-b41f-12468fd2d806,Dave Fern,MT,D,upper,2,,,,unmatched,,,,
ocd-person/cf8ab221-3027-4ab8-81bc-66bc28e342fb,Debo Powers,MT,D,lower,3,-0.873,0.7183,2020,matched,,,0.7183,
ocd-person/9b4883f0-d68f-48df-b4f1-de6d401e420e,Denise Baum,MT,D,lower,45,-0.671,0.6678,2022,matched,,,0.6678,
ocd-person/482e35af-a664-4010-a5db-33f21d902045,Denise Hayman,MT,D,upper,32,-0.717,0.6793,2022,matched,,,0.6793,
ocd-person/d0749550-4529-4d4b-8278-41e6a1a8da42,Denise Joy,MT,D,lower,46,,,,unmatched,,,,
ocd-person/e5cf63ad-879c-435f-819e-a3326862b1b8,Denley Loge,MT,R,upper,45,,,,unmatched,,,,
ocd-person/0fd1ad64-349c-42d9-ae46-4ff7d3eb9495,Dennis Lenz,MT,R,upper,25,1.351,0.1623,2022,matched,,,0.1623,
ocd-person/ec4cdcd7-d8b8-4c37-84ce-a99749b22ca3,Derek Harvey,MT,D,upper,37,,,,unmatched,,,,
ocd-person/228fbd51-8789-433e-a790-52e395da0dd0,Donavon Hawk,MT,D,lower,72,-0.767,0.6917,2022,matched,,,0.6917,
ocd-person/29b81d32-dc72-49d8-8bef-ca4b60fe9c87,Ed Buttrey,MT,R,lower,21,1.26,0.185,2022,matched,,,0.185,
ocd-person/370cab6e-1802-49f1-938f-1b0d1c036cd8,Ed Byrne,MT,R,lower,11,,,,unmatched,,,,
ocd-person/4e6ad74d-1e72-4d2b-ac0d-557f429b3e9a,Ellie Boldman,MT,D,upper,47,,,,unmatched,,,,
ocd-person/86031b2b-034f-4791-8c0e-b0dd4d776eb6,Emma Kerr-Carpenter,MT,D,upper,23,,,,unmatched,,,,
ocd-person/3d8ef86d-689a-40ed-a09d-2f612a7ecf6a,Eric Albus,MT,R,lower,28,,,,unmatched,,,,
ocd-person/1cc82ae1-087a-497e-9f01-6a96201815e3,Eric Matthews,MT,D,lower,66,-0.628,0.657,2022,matched,,,0.657,
ocd-person/02b6c314-f7d8-4573-9747-b5d97d5b3960,Eric Tilleman,MT,R,lower,23,,,,unmatched,,,,
ocd-person/e47950ef-92f1-41d1-8f1c-5b579fb80e57,Fiona Nave,MT,R,lower,56,1.554,0.1115,2022,matched,,,0.1115,
ocd-person/40c484e9-cba9-4fd5-8f99-7bcaf25fc4ac,Forrest Mandeville,MT,R,upper,28,1.157,0.2107,2022,matched,,,0.2107,
ocd-person/e9b6d4cf-9585-4cc4-8802-598065431e0e,Frank Smith,MT,D,lower,31,-0.696,0.674,2022,matched,,,0.674,
ocd-person/5492c1bb-9eb1-4cf9-a689-0de78812382f,Gary Parry,MT,R,lower,35,1.163,0.2092,2022,matched,,,0.2092,
ocd-person/29925f97-152a-473e-951e-27d55dba532e,Gayle Lammers,MT,R,upper,21,,,,unmatched,,,,
ocd-person/0602a63c-7e36-4bb5-9a8a-21b7f684ff75,George Nikolakakos,MT,R,lower,22,1.283,0.1793,2022,matched,,,0.1793,
ocd-person/e085c6ea-bb53-4daf-8a02-5268818158bd,Greg Hertz,MT,R,upper,7,1.141,0.2147,2020,matched,,,0.2147,
ocd-person/d5507f4a-a8ab-4249-a9ae-3ea728a6728b,Greg Kmetz,MT,R,lower,36,1.583,0.1043,2022,matched,,,0.1043,
ocd-person/8641b3dd-3687-4665-a96c-2e406740affc,Greg Oblander,MT,R,lower,38,1.624,0.094,2022,matched,,,0.094,
ocd-person/947a4007-eb7a-43c7-9519-8e77fb3a6919,Greg Overstreet,MT,R,lower,88,,,,unmatched,,,,
ocd-person/419a79a5-8153-4a77-9533-0833b8b57fad,Gregg Hunter,MT,R,upper,15,,,,unmatched,,,,
ocd-person/06134a1a-df5e-43c6-9622-ca7f946faa88,Jacinda Morigeau,MT,D,upper,46,-0.934,0.7335,2022,matched,,,0.7335,
ocd-person/098c3584-23ff-4de0-a002-94955787083b,Jade Sooktis,MT,D,lower,41,,,,unmatched,,,,
ocd-person/6fa7b921-7111-45a9-a5f9-1be6cc8ba2ea,James Reavis,MT,D,lower,47,-0.709,0.6773,2022,matched,,,0.6773,
ocd-person/f04b91d7-0281-486a-abce-e96b5b1e5659,Jamie Isaly,MT,D,lower,58,,,,unmatched,,,,
ocd-person/60009e1c-4fef-4511-b59b-02b39b406a1d,Jane Gillette,MT,R,lower,77,1.12,0.22,2022,matched,,,0.22,
ocd-person/19740d5e-e86e-4099-9121-9e70e6277775,Jane Weber,MT,D,lower,19,,,,unmatched,,,,
ocd-person/2062cc82-e160-435d-ab16-c57305a13db4,Janet Ellis,MT,D,upper,41,-0.767,0.6917,2022,matched,,,0.6917,
ocd-person/f68bf624-cad5-4db2-9c74-a49a33348018,Jason Ellsworth,MT,R,upper,43,1.117,0.2208,2022,matched,,,0.2208,
ocd-person/8274985f-2a84-4d59-a4e4-d1ba9555e64b,Jedediah Hinkle,MT,R,lower,67,1.285,0.1788,2022,matched,,,0.1788,
ocd-person/9da66594-712c-4dee-9ed9-7cff10abc43a,Jennifer Lynch,MT,D,lower,73,-0.665,0.6663,2018,matched,,,0.6663,
ocd-person/b51a470c-840d-404c-aebe-a7cb47c3edff,Jeremy Trebas,MT,R,upper,10,1.174,0.2065,2022,matched,,,0.2065,
ocd-person/d6bca004-d3ef-4015-9c88-b4d536110436,Jerry Schillinger,MT,R,lower,34,1.461,0.1347,2022,matched,,,0.1347,
ocd-person/51c3b0b8-ee51-48bb-8b83-b50ea6f670ec,Jill Cohenour,MT,D,lower,83,-0.823,0.7057,2022,matched,,,0.7057,
ocd-person/b0d78104-aa08-4d01-9b7e-25d9aa422806,Jodee Etchart,MT,R,lower,51,1.213,0.1967,2022,matched,,,0.1967,
ocd-person/a936c9c8-0a8d-4bcf-8da0-1a9b9ac80ab2,John Esp,MT,R,upper,29,1.173,0.2067,2022,matched,,,0.2067,
ocd-person/bcfec03b-c046-4af3-9653-a8e5e4fa97b6,John Fitzpatrick,MT,R,lower,76,1.165,0.2087,2022,matched,,,0.2087,
ocd-person/54fe073e-e061-43aa-9299-42fe869102d0,John Fuller,MT,R,upper,4,1.155,0.2112,2022,matched,,,0.2112,
ocd-person/5692ad8b-7258-409d-bbf3-63d6748e8b68,Jonathan Karlen,MT,D,lower,98,-0.719,0.6797,2022,matched,,,0.6797,
ocd-person/aad657b3-2d8f-48cf-99b3-650ccddf258b,Jonathan Windy Boy,MT,D,upper,16,,,,unmatched,,,,
ocd-person/92191849-ad4d-479b-9168-582773a9f6bb,Josh Kassmier,MT,R,upper,13,,,,unmatched,,,,
ocd-person/e395ea05-2482-4149-bda3-d553d4ec14d3,Josh Seckinger,MT,D,lower,62,-0.688,0.672,2020,matched,,,0.672,
ocd-person/7f228ad4-2fec-4ec3-8ae9-18cef8e8969a,Julie Darling,MT,R,lower,84,1.564,0.109,2022,matched,,,0.109,
ocd-person/66924fc4-cbd4-42c5-bdda-2348131b4518,Kathy Love,MT,R,lower,85,,,,unmatched,,,,
ocd-person/dabda7b3-b4b9-485d-aabd-9ceab215232b,Katie Fire Thunder,MT,D,lower,59,,,,unmatched,,,,
ocd-person/c76a4d75-0213-4a09-8426-315007fe7290,Katie Sullivan,MT,D,lower,93,-0.71,0.6775,2022,matched,,,0.6775,
ocd-person/1e48939a-8455-4a22-b545-7a908f2b9462,Katie Zolnikov,MT,R,lower,44,1.09,0.2275,2022,matched,,,0.2275,
ocd-person/ef4c6827-f405-491c-a349-d1ede87549c1,Kelly Kortum,MT,D,lower,64,-0.681,0.6703,2022,matched,,,0.6703,
ocd-person/ea9c7cc2-da2d-430e-a997-824818295244,Ken Bogner,MT,R,upper,18,1.12,0.22,2022,matched,,,0.22,
ocd-person/89cfc24f-851d-46c8-ad39-9cc888a437a5,Ken Walsh,MT,R,lower,69,1.062,0.2345,2022,matched,,,0.2345,
ocd-person/3f7c50cf-76f5-4948-9777-c4801fd63fdf,Kerri Seekins-Crowe,MT,R,lower,39,,,,unmatched,,,,
ocd-person/f4a7fa52-2f69-40f9-b806-7cec241ab27d,Kristen Juras,MT,R,executive,,,,,unmatched,,,,
ocd-person/18659b1f-64e3-4f2d-88d8-972821b26500,Larry Brewster,MT,R,lower,43,1.159,0.2102,2022,matched,,,0.2102,
ocd-person/51492780-1440-4625-b487-63640ee2b11d,Laura Smith,MT,D,upper,40,0.156,0.461,2020,matched,,,0.461,
ocd-person/06d3f385-e129-46a1-b8a3-88d1b5efa2c8,Lee Deming,MT,R,lower,54,1.482,0.1295,2022,matched,,,0.1295,
ocd-person/7e2b7b5b-0e72-4dac-ab5d-cc44450aeb95,Linda Reksten,MT,R,lower,13,1.382,0.1545,2022,matched,,,0.1545,
ocd-person/ed3e498d-5160-4f6a-8580-ee2a4d877b5d,Llew Jones,MT,R,lower,18,1.128,0.218,2022,matched,,,0.218,
ocd-person/14a4fd05-5a3c-444e-82dc-5216deb9cd62,Lukas Schubert,MT,R,lower,8,,,,unmatched,,,,
ocd-person/b86dc3b3-7ea1-4fee-a11c-151130205f55,Luke Muszkiewicz,MT,D,lower,79,,,,unmatched,,,,
ocd-person/1d41145c-d88e-4976-b994-7781e8a6b777,Lyn Bennett,MT,R,lower,4,1.567,0.1083,2022,matched,,,0.1083,
ocd-person/929408f9-eade-45b3-bb06-06da68b8e36d,Marc Lee,MT,D,lower,74,,,,unmatched,,,,
ocd-person/e223fb67-4ad0-4f12-aa95-f0b8567d84c1,Marilyn Marler,MT,D,lower,94,-0.7,0.675,2022,matched,,,0.675,
ocd-person/9fe046dc-4a09-4f3a-8054-97718b4dc017,Mark Noland,MT,R,upper,6,1.172,0.207,2022,matched,,,0.207,
ocd-person/d8ff9a89-7988-4c31-9548-cc968eea3b35,Mark Reinschmidt,MT,R,lower,75,,,,unmatched,,,,
ocd-person/64bf2cec-e248-4708-9462-1c3a971ad653,Mark Thane,MT,D,lower,89,-0.681,0.6703,2022,matched,,,0.6703,
ocd-person/3e82bb94-a815-40d2-b125-b9884517b1c3,Mary Ann Dunwell,MT,D,upper,42,-0.861,0.7152,2022,matched,,,0.7152,
ocd-person/c2eda1fb-6dc5-4326-a4b5-a295f26ee399,Mary Caferro,MT,D,lower,81,-0.814,0.7035,2022,matched,,,0.7035,
ocd-person/109f7bbf-905d-418c-b8e2-11705af0a5fb,Matt Regier,MT,R,upper,5,1.187,0.2032,2020,matched,,,0.2032,
ocd-person/0d5c67d4-7a66-40f3-8dbd-0136155955d2,Melissa Nikolakakos,MT,R,lower,20,1.283,0.1793,2022,matched,,,0.1793,
ocd-person/81f1ba67-a22c-4bdb-89b2-3351d7e1263d,Melissa Romano,MT,D,lower,80,-0.965,0.7412,2022,matched,,,0.7412,
ocd-person/7bfc5a9c-40aa-4698-907c-578c772aef43,Melody Cunningham,MT,D,lower,97,,,,unmatched,,,,
ocd-person/54c93c1b-968f-4b39-a17f-26ebcb266f69,Mike Cuffe,MT,R,upper,1,1.058,0.2355,2022,matched,,,0.2355,
ocd-person/ef77e3ee-eec4-4274-ae22-7b1074227740,Mike Fox,MT,D,lower,32,,,,unmatched,,,,
ocd-person/f04a0d34-6c7b-4d78-8215-d430eeff5fee,Mike Vinton,MT,R,lower,40,1.139,0.2152,2022,matched,,,0.2152,
ocd-person/3b95ca27-a496-4781-8fda-7d98db846f50,Mike Yakawich,MT,R,upper,24,,,,unmatched,,,,
ocd-person/181afb1f-2892-49da-bcd0-b7bc0da57b5a,Morgan Thiel,MT,R,lower,30,,,,unmatched,,,,
ocd-person/51f462fa-2f25-40cf-a73f-3d9d60ea8936,Neil Duram,MT,R,lower,1,0.888,0.278,2022,matched,,,0.278,
ocd-person/e3347d94-a591-4c55-98fe-910536a94b2c,Nelly Nicol,MT,R,lower,53,1.162,0.2095,2022,matched,,,0.2095,
ocd-person/4877fdac-4a93-4654-ad03-1b3038145c69,Pat Flowers,MT,D,upper,31,-0.736,0.684,2022,matched,,,0.684,
ocd-person/a379258c-d227-4861-998b-15bb543886e2,Paul Fielder,MT,R,lower,14,1.522,0.1195,2022,matched,,,0.1195,
ocd-person/4d9cab5d-56c1-4262-9063-052b13b7d0c2,Paul Tuss,MT,D,lower,27,-0.739,0.6847,2022,matched,,,0.6847,
ocd-person/12136664-4944-4228-94c7-2e3a89308938,Pete Elverum,MT,D,lower,82,,,,unmatched,,,,
ocd-person/15741bd0-a194-4a29-9339-d088add2e6b8,Peter Strand,MT,D,lower,63,,,,unmatched,,,,
ocd-person/55023d46-1fcc-4df9-9b29-6b9f2e9e7a4d,Randyn Gregg,MT,R,lower,78,1.521,0.1198,2022,matched,,,0.1198,
ocd-person/2c714bfa-23c8-496d-a0ad-718b806db836,Russ Miner,MT,R,lower,26,1.436,0.141,2022,matched,,,0.141,
ocd-person/8a8a229e-b35e-4fea-a4a9-114cc9f7488e,Russel Tempel,MT,R,upper,14,1.148,0.213,2022,matched,,,0.213,
ocd-person/9f2826d8-7d78-45bd-b5a8-2bbc9f7eff2d,S.J. Howell,MT,D,lower,100,-0.97,0.7425,2022,matched,,,0.7425,
ocd-person/45a7ac2a-90f6-4923-95e4-ebf6309e4a39,Sara Novak,MT,D,upper,36,,,,unmatched,,,,
ocd-person/b4eef5bc-1509-462d-905b-cd0f03ec3981,Scott DeMarois,MT,D,lower,71,,,,unmatched,,,,
ocd-person/0ddba0a3-ab07-4d9a-ab04-5883d59a42f1,Scott Rosenzweig,MT,D,lower,57,,,,unmatched,,,,
ocd-person/2bb6ac7c-9a64-416f-a983-8382965c3a16,Shane Klakken,MT,R,lower,37,,,,unmatched,,,,
ocd-person/83f50436-e02e-41b0-b6bb-dd44973665c8,Shane Morigeau,MT,D,upper,50,-0.934,0.7335,2022,matched,,,0.7335,
ocd-person/998f9864-2081-4b53-b15e-aee33ceeacb9,Shannon Maness,MT,R,lower,70,,,,unmatched,,,,
ocd-person/307202d9-6626-46a3-9697-0cc5f80356e4,Shelley Vance,MT,R,upper,34,1.107,0.2233,2022,matched,,,0.2233,
ocd-person/20bdbec3-719d-4b1c-b0ec-63ebb7a48dae,Shelly Fyant,MT,D,lower,91,,,,unmatched,,,,
ocd-person/a010acb1-3638-4369-ac44-23ce1661b36f,Sherry Essmann,MT,R,lower,49,1.182,0.2045,2022,matched,,,0.2045,
ocd-person/fb97e59c-6d06-476c-a834-06613cb8f9bd,Stacy Zinn,MT,R,lower,52,,,,unmatched,,,,
ocd-person/afcd51eb-e3cf-4bc4-8093-80f884de54e2,Steve Fitzpatrick,MT,R,lower,24,1.165,0.2087,2022,matched,,,0.2087,
ocd-person/61c5bfdf-8d89-4ca3-b235-c55eb13c485e,Steve Gist,MT,R,lower,25,1.463,0.1342,2022,matched,,,0.1342,
ocd-person/995231c8-96a0-412d-bd29-952b74c6745c,Steve Kelly,MT,R,lower,9,-0.761,0.6903,2022,matched,,,0.6903,
ocd-person/b4f79bac-c985-4bdc-9505-145cdd861198,Sue Vinton,MT,R,upper,20,,,,unmatched,,,,
ocd-person/8a773a18-0be3-4292-9543-e6e5051e59f4,Susan Webber,MT,D,upper,8,-0.869,0.7172,2018,matched,,,0.7172,
ocd-person/be2c0041-9ca1-48d1-8244-023a31458b5e,Terry Falk,MT,R,lower,10,1.155,0.2112,2022,matched,,,0.2112,
ocd-person/34d1a14e-02b6-4f4e-91df-11f2236ec097,Terry Nelson,MT,R,lower,87,-0.947,0.7368,2022,matched,,,0.7368,
ocd-person/6b9930b6-a74b-420a-af6d-22675ad569dd,Thedis Crowe,MT,D,lower,15,,,,unmatched,,,,
ocd-person/97c7ced5-ba80-4a9a-80ca-349fd2040a64,Theresa Manzella,MT,R,upper,44,1.195,0.2012,2020,matched,,,0.2012,
ocd-person/d7ca6eb8-615f-4b3c-8651-3a5f86577f0a,Tom France,MT,D,lower,99,-0.714,0.6785,2022,matched,,,0.6785,
ocd-person/3a84733c-95e7-4927-af5f-63f82cb8a884,Tom McGillvray,MT,R,upper,26,1.269,0.1828,2022,matched,,,0.1828,
ocd-person/53b80943-16fb-4e9a-a2ff-dc5d476af9de,Tom Millett,MT,R,lower,2,,,,unmatched,,,,
ocd-person/3808001c-481b-413d-bf39-0f6dce17912a,Tony Tezak,MT,R,upper,35,,,,unmatched,,,,
ocd-person/d4d8f309-a7ec-4ec4-9362-a25193c0e6a8,Tracy Sharp,MT,R,lower,12,,,,unmatched,,,,
ocd-person/637f0db7-9c93-478e-904b-a36d0a2a67b1,Tyson Running Wolf,MT,D,lower,16,,,,unmatched,,,,
ocd-person/85361b50-c848-444c-9f54-c9203fe94777,Valerie Moore,MT,R,lower,29,-0.916,0.729,2022,matched,,,0.729,
ocd-person/a86b7e4c-c7f9-46fa-89d5-3cce2317ae11,Vince Ricci,MT,R,upper,27,,,,unmatched,,,,
ocd-person/8f827a3b-16fe-4e09-bad0-c3e29c73d9c8,Wendy McKamey,MT,R,upper,12,1.271,0.1823,2022,matched,,,0.1823,
ocd-person/d6a3a052-3fb3-4dce-9ce0-074852fb2612,Willis Curdy,MT,D,upper,49,-0.879,0.7198,2022,matched,,,0.7198,
ocd-person/4b0e74d3-19ae-449e-b712-ac96d2c1a165,Wylie Galt,MT,R,upper,39,1.171,0.2072,2022,matched,,,0.2072,
ocd-person/01b5e40e-16c0-48df-8e7b-28877a05fe28,Zack Wirth,MT,R,lower,17,,,,unmatched,,,,
ocd-person/ba9f3268-99c4-4f05-ac5b-c552e8c3aedc,Zooey Zephyr,MT,D,lower,95,-0.702,0.6755,2022,matched,,,0.6755,
ocd-person/03ee8938-314f-4db4-ac76-9507d85fc03c,Ashlei Spivey,NE,I,legislature,13,,,,unmatched,,,,
ocd-person/01d5ca17-53a1-463a-b2f6-74fe24833c0f,Barry DeKay,NE,I,legislature,40,0.781,0.3047,2022,matched,,,0.3047,
ocd-person/3da787e9-f6ed-4069-bd74-58ec7c015efb,Beau Ballard,NE,I,legislature,21,,,,unmatched,,,,
ocd-person/bfc9dd37-6a7b-4ea2-acf5-c8e161a27764,Ben Hansen,NE,I,legislature,16,0.83,0.2925,2022,matched,,,0.2925,
ocd-person/db002bad-ee6a-4e22-b5c5-840c665ecad4,Bob Andersen,NE,I,legislature,49,,,,unmatched,,,,
ocd-person/cc0182c9-3cfe-46b1-8fd2-03e90385c6d5,Bob Hallstrom,NE,I,legislature,1,,,,unmatched,,,,
ocd-person/63d2956a-a0be-40db-a0e3-6c32743951ab,Brad von Gillern,NE,I,legislature,4,,,,unmatched,,,,
ocd-person/a98b3cf6-9bf8-40a3-94f3-1c196e233ebd,Brian Hardin,NE,I,legislature,48,1.06,0.235,2022,matched,,,0.235,
ocd-person/ecf3913e-8e18-4aec-8991-12549df820cd,Carolyn Bosn,NE,I,legislature,25,,,,unmatched,,,,
ocd-person/fdac2d3a-3497-4e34-8247-af670c901dd8,Christy Armendariz,NE,I,legislature,18,1.022,0.2445,2022,matched,,,0.2445,
ocd-person/40eb4961-5467-4d1b-af44-59a2e4de6fae,Dan Lonowski,NE,I,legislature,33,,,,unmatched,,,,
ocd-person/d3b8ad26-4cf1-4abf-ae4e-0f7a65f92fe6,Dan Quick,NE,I,legislature,35,-0.517,0.6292,2020,matched,,,0.6292,
ocd-person/bf280e36-3547-4d6a-b5aa-d6c32bb5547a,Danielle Conrad,NE,I,legislature,46,,,,unmatched,,,,
ocd-person/25c29fce-5de4-46cd-97f0-887033d446ce,Dave Murman,NE,I,legislature,38,0.853,0.2868,2022,matched,,,0.2868,
ocd-person/54fe68ba-6857-483f-b2ae-ba3233a548c4,Dunixi Guereca,NE,I,legislature,7,,,,unmatched,,,,
ocd-person/5e6ca662-d4e3-405b-a060-d0150546eede,Eliot Bostar,NE,I,legislature,29,-1.005,0.7512,2022,matched,,,0.7512,
ocd-person/5868ed3b-2931-4080-a7c2-9b4eb0e3d487,Fred Meyer,NE,I,legislature,41,,,,unmatched,,,,
ocd-person/14507b1b-007f-4f87-adbb-a5e4669efba8,George Dungan,NE,I,legislature,26,-0.931,0.7328,2022,matched,,,0.7328,
ocd-person/dae0883f-3a53-4873-99df-b0e10ea64066,Glen Meyer,NE,I,legislature,17,,,,unmatched,,,,
ocd-person/967bf436-18bf-444e-bd2f-d83e5ec78995,Jana Hughes,NE,I,legislature,24,0.788,0.303,2022,matched,,,0.303,
ocd-person/0f176ff3-ed75-4605-9e8b-5bb5a3d3c4cf,Jane Raybould,NE,I,legislature,28,-0.488,0.622,2022,matched,,,0.622,
ocd-person/356c7606-4eaa-4494-83a5-68dbaf3e77f6,Jared Storm,NE,I,legislature,23,,,,unmatched,,,,
ocd-person/dda3cdbe-5e52-439e-ac68-02588b6d7cab,Jason Prokop,NE,I,legislature,27,,,,unmatched,,,,
ocd-person/c67c3ac8-3260-44d7-b419-3d8210c4f0bd,Jim Pillen,NE,R,executive,,,,,unmatched,,,,
ocd-person/74c5deca-9550-45e2-a5dc-c3386623edef,Joe Kelly,NE,R,executive,,,,,unmatched,,,,
ocd-person/f5d27385-af4c-4c08-8654-3e27ef120d94,John Arch,NE,I,legislature,14,0.743,0.3143,2022,matched,,,0.3143,
ocd-person/0436186a-3b62-46f1-8f36-55e09fca3e77,John Cavanaugh,NE,I,legislature,9,-0.504,0.626,2022,matched,,,0.626,
ocd-person/30b4a401-6f6b-4367-80c2-b9d60d7c527f,John Fredrickson,NE,I,legislature,20,-0.76,0.69,2022,matched,,,0.69,
ocd-person/9d6fd408-5497-4038-9716-c1f487e348d2,Kathleen Kauth,NE,I,legislature,31,1.057,0.2358,2022,matched,,,0.2358,
ocd-person/2ad42fad-ae37-44a6-8933-0a942f7a85f7,Loren Lippincott,NE,I,legislature,34,1.242,0.1895,2022,matched,,,0.1895,
ocd-person/fd6e1947-c274-4ff5-b2ee-5e5a79d6a729,Machaela Cavanaugh,NE,I,legislature,6,-0.767,0.6917,2022,matched,,,0.6917,
ocd-person/e586486b-002b-4dfb-8eec-a209c915dc95,Margo Juarez,NE,I,legislature,5,,,,unmatched,,,,
ocd-person/1b988941-ec1a-4f87-b17a-51fb0309dea0,Megan Hunt,NE,I,legislature,8,-0.585,0.6462,2022,matched,,,0.6462,
ocd-person/3c015cf9-e3de-42cf-a364-64607ecc70ce,Merv Riepe,NE,I,legislature,12,1.034,0.2415,2022,matched,,,0.2415,
ocd-person/3eafc2ab-5448-40ac-9d5f-b317abdbc747,Mike Hilgers,NE,I,executive,,,,,unmatched,,,,
ocd-person/70b3f826-87f3-43c6-9762-27a178156a55,Mike Jacobson,NE,I,legislature,42,,,,unmatched,,,,
ocd-person/471fb0d6-b798-4c0c-bac1-021db8b68801,Mike Moser,NE,I,legislature,22,0.995,0.2512,2022,matched,,,0.2512,
ocd-person/4a8d555a-4bba-4f76-a3e1-88eee6030413,Myron Dorn,NE,I,legislature,30,0.637,0.3407,2022,matched,,,0.3407,
ocd-person/0ae0ba8c-757e-459f-aecc-4a0501a25cbb,Paul Strommen,NE,I,legislature,47,,,,unmatched,,,,
ocd-person/62ccba1d-4200-41c7-a051-21fa421a206a,Rick Holdcroft,NE,I,legislature,36,1.102,0.2245,2022,matched,,,0.2245,
ocd-person/de8d4e0a-36dd-4a84-96ee-e4b7bc4cf69d,Rita Sanders,NE,I,legislature,45,1.057,0.2358,2020,matched,,,0.2358,
ocd-person/809c0698-2669-426a-819a-275a0773ff84,Rob Clements,NE,I,legislature,2,1.058,0.2355,2022,matched,,,0.2355,
ocd-person/a9cc86ff-602c-453f-9d6c-fd1567c7fbd7,Robert Dover,NE,I,legislature,19,,,,unmatched,,,,
ocd-person/ecaf1ef5-c273-497b-8c05-74d0edc97e27,Robert Evnen,NE,R,executive,,,,,unmatched,,,,
ocd-person/4bfe5183-1afc-42fa-92c1-7ffe5cbb1080,Stan Clouse,NE,I,legislature,37,,,,unmatched,,,,
ocd-person/70751bb8-56af-4fd1-b2dc-21943dc7bb2d,Tanya Storer,NE,I,legislature,43,1.314,0.1715,2020,matched,,,0.1715,
ocd-person/374b6dc4-5b90-4028-814c-84895a293c84,Teresa Ibach,NE,I,legislature,44,1.071,0.2323,2022,matched,,,0.2323,
ocd-person/27784792-d54f-4a64-8408-a4a1ce0c26b1,Terrell McKinney,NE,I,legislature,11,-0.861,0.7152,2020,matched,,,0.7152,
ocd-person/37ed5b35-3aea-40a2-95ed-ecc5120fbe82,Tom Brandt,NE,I,legislature,32,0.328,0.418,2022,matched,,,0.418,
ocd-person/7093e661-0dbc-4c75-91e0-09a3e171caf1,Tony Sorrentino,NE,I,legislature,39,,,,unmatched,,,,
ocd-person/1e43a5b4-e63c-434a-977c-592174c2c635,Victor Rountree,NE,I,legislature,3,,,,unmatched,,,,
ocd-person/bc906a77-5932-4042-9ede-a13b24924236,Wendy DeBoer,NE,I,legislature,10,-0.721,0.6803,2022,matched,,,0.6803,
ocd-person/86a9643e-4777-48d4-a79a-5ed192fb7f70,Woody Wordekemper,NE,I,legislature,15,,,,unmatched,,,,
ocd-person/05db3ab9-9801-410f-9d35-2f184df77f8e,Aaron D. Ford,NV,D,executive,,,,,unmatched,,,,
ocd-person/6fee4c5a-f125-46bc-b11a-d254e40428e4,Alexis Hansen,NV,R,lower,32,1.179,0.2052,2022,matched,,,0.2052,
ocd-person/d95b3a70-9bb4-43b8-a376-9d3151f9c44d,Angie Taylor,NV,D,upper,15,,,,unmatched,,,,
ocd-person/11f44d71-88c1-4022-a2f5-f8ca9b8795f2,Bert Gurr,NV,R,lower,33,1.03,0.2425,2022,matched,,,0.2425,
ocd-person/b89aa9d2-1550-4e73-8981-ffa49b7113ad,Blayne Osborn,NV,R,lower,39,1.069,0.2328,2022,matched,,,0.2328,
ocd-person/20c9828b-8026-440a-9328-0c2cbcbad016,Brian Hibbetts,NV,R,lower,13,0.357,0.4108,2022,matched,,,0.4108,
ocd-person/287d0078-78f3-4717-8493-9f77d0eb57d6,Brittney Miller,NV,D,lower,5,-0.725,0.6813,2022,matched,,,0.6813,
ocd-person/189d270a-96e5-45af-a2b8-bbcc2ad225c1,Carrie Buck,NV,R,upper,5,1.112,0.222,2022,matched,,,0.222,
ocd-person/67f22a3d-05c3-4256-8260-dac682607fc7,Cecelia González,NV,D,lower,16,,,,unmatched,,,,
ocd-person/0828d1f5-5772-4e62-88d8-1650abb8b749,Cinthia Moore,NV,D,lower,11,-0.502,0.6255,2018,matched,,,0.6255,
ocd-person/b266a1bc-d8f5-472c-ba8d-e98e0d904ee3,Daniele Monroe-Moreno,NV,D,lower,1,,,,unmatched,,,,
ocd-person/bf8b61a8-585a-4357-82f8-bd8de898262b,Danielle Gallant,NV,R,lower,23,1.058,0.2355,2022,matched,,,0.2355,
ocd-person/7d16a086-5877-48e9-9e76-13c5159f89ce,David Orentlicher,NV,D,lower,20,-0.803,0.7007,2022,matched,,,0.7007,
ocd-person/6da4be55-c493-4b72-b436-5257259247d2,Dina Neal,NV,D,upper,4,-0.578,0.6445,2022,matched,,,0.6445,
ocd-person/fb919fa4-e37e-4268-9f5d-e4c3e9490475,Duy Nguyen,NV,D,lower,8,-0.873,0.7183,2022,matched,,,0.7183,
ocd-person/e5b06346-f5ee-4e1d-baed-342cc4a8ff36,Edgar Flores,NV,D,upper,2,-0.852,0.713,2022,matched,,,0.713,
ocd-person/a76836f8-24c9-4f90-8e13-29f417a7ad9f,Elaine Marzola,NV,D,lower,21,-0.787,0.6967,2022,matched,,,0.6967,
ocd-person/39e0ca55-992e-4558-aec5-279adb467de7,Erica Mosca,NV,D,lower,14,-0.792,0.698,2022,matched,,,0.698,
ocd-person/1555ff9d-7b4a-46d9-be19-6a4be444f574,Erica Roth,NV,D,lower,24,,,,unmatched,,,,
ocd-person/bcad4dc1-c812-409b-9cc9-e1d8c91fdafa,Fabian Doñate,NV,D,upper,10,,,,unmatched,,,,
ocd-person/b71b3b3a-2122-43ec-a5e8-1ac394f13cf0,Francisco V. Aguilar,NV,R,executive,,,,,unmatched,,,,
ocd-person/33330e1e-b22d-49d7-bce8-6964b289683a,Greg Hafen,NV,R,lower,36,,,,unmatched,,,,
ocd-person/1c4f97a9-c965-4d0d-b5b6-39b91aee4f49,Gregory Koenig,NV,R,lower,38,0.456,0.386,2022,matched,,,0.386,
ocd-person/684e4e66-da40-4914-943a-40ef578fa231,Hanadi Nadeem,NV,D,lower,34,,,,unmatched,,,,
ocd-person/bedabc75-c6b4-4949-9e0e-76b9432e740f,Heather Goulding,NV,D,lower,27,,,,unmatched,,,,
ocd-person/61389b89-1169-49b3-a17b-c904f2111b4e,Heidi Kasama,NV,R,lower,2,0.775,0.3063,2022,matched,,,0.3063,
ocd-person/b88fd854-c97b-4908-a554-583b93bca5c4,Howard Watts,NV,D,lower,15,-0.922,0.7305,2022,matched,,,0.7305,
ocd-person/94c7e249-88bb-4f83-b225-6b34f9361d0f,Ira Hansen,NV,R,upper,14,0.979,0.2552,2022,matched,,,0.2552,
ocd-person/75d6c9b4-d0ee-49bb-aa17-ec20bb33e9eb,James Ohrenschall,NV,D,upper,21,-0.629,0.6573,2022,matched,,,0.6573,
ocd-person/4e25af9f-4cb3-4812-8a12-2f1012aa6cb7,Jason Patchett,NV,R,lower,19,,,,unmatched,,,,
ocd-person/00ad1837-b472-4ce8-872d-e1eac1c1c6db,Jeff Stone,NV,R,upper,20,1.024,0.244,2022,matched,,,0.244,
ocd-person/70e15282-2812-4486-9d7e-06862aa45cc3,Jill Dickman,NV,R,lower,31,1.087,0.2283,2022,matched,,,0.2283,
ocd-person/282757f9-1693-4ac5-bd98-4315543cd61a,Joe Dalia,NV,D,lower,29,-0.165,0.5413,2022,matched,,,0.5413,
ocd-person/d2c166cc-f53f-491d-9c4a-6c3fc68274fe,Joe Lombardo,NV,R,executive,,,,,unmatched,,,,
ocd-person/87e878e2-fd19-4b55-a7b5-b76adf520e84,John Ellison,NV,R,upper,19,,,,unmatched,,,,
ocd-person/deb46b96-7bab-40be-a145-8d397b436d87,John Steinbeck,NV,R,upper,18,,,,unmatched,,,,
ocd-person/b6a16a74-3cb4-43c1-83cd-1b6f211993a0,Jovan Jackson,NV,D,lower,6,,,,unmatched,,,,
ocd-person/a12a3103-37b0-4ac4-81f0-100aaad494e3,Julie Pazina,NV,D,upper,12,-0.739,0.6847,2022,matched,,,0.6847,
ocd-person/9a681fc4-e005-4c1f-a16b-6fa2b02106e3,Linda Hunt,NV,D,lower,17,,,,unmatched,,,,
ocd-person/1707682b-c409-4d5e-9a2d-9505180de66c,Lisa Cole,NV,R,lower,4,,,,unmatched,,,,
ocd-person/b82b9b71-1d83-4f91-9a7f-8adec73b023f,Lisa Krasner,NV,R,upper,16,1.065,0.2338,2022,matched,,,0.2338,
ocd-person/f3c4b2a7-2a24-4ba2-9894-421daed2d117,Lori Rogich,NV,R,upper,11,,,,unmatched,,,,
ocd-person/0435a1f4-d8e4-43d9-9ac1-788a0aed92e4,Marilyn Dondero Loop,NV,D,upper,8,,,,unmatched,,,,
ocd-person/bd27bab3-8a47-439f-8ae5-8ce3ba534f90,Max Carter,NV,D,lower,12,-0.92,0.73,2022,matched,,,0.73,
ocd-person/860029b3-070b-4c23-a826-51948c5d995c,Melanie Scheible,NV,D,upper,9,-0.791,0.6977,2022,matched,,,0.6977,
ocd-person/5cafbfaf-3066-4080-9754-b53f337ba4ba,Melissa Hardy,NV,R,lower,22,0.941,0.2648,2022,matched,,,0.2648,
ocd-person/d4a1125a-69d2-4de1-a4b4-af2aae20de09,Natha Anderson,NV,D,lower,30,-0.781,0.6953,2022,matched,,,0.6953,
ocd-person/d2ca0a59-3bf1-4e1c-b4d7-9da33a4c5152,Nicole Cannizzaro,NV,D,upper,6,-0.792,0.698,2022,matched,,,0.698,
ocd-person/a964be66-bd32-48ab-b6c4-9ede22177328,P.K. O'Neill,NV,R,lower,40,1.064,0.234,2022,matched,,,0.234,
ocd-person/0460d67c-f5e3-4ff8-82c3-27caabeff9a2,Rebecca Edgeworth,NV,R,lower,35,,,,unmatched,,,,
ocd-person/eae59702-f6de-431e-98f0-9c4bc5b6e059,Reuben D'Silva,NV,D,lower,28,-1.111,0.7777,2022,matched,,,0.7777,
ocd-person/204b492e-4b29-4e8e-9c3e-d2d0f0a8ceea,Rich DeLong,NV,R,lower,26,1.467,0.1332,2022,matched,,,0.1332,
ocd-person/05dee0b4-bfea-4473-b253-739895818b0d,Roberta Lange,NV,D,upper,7,-0.667,0.6667,2022,matched,,,0.6667,
ocd-person/6aa57859-c195-4a44-9404-b6e2bbe4ac04,Robin Titus,NV,R,upper,17,1.117,0.2208,2022,matched,,,0.2208,
ocd-person/d84ad99c-617a-4d33-a351-8bde19868746,Rochelle Nguyen,NV,D,upper,3,,,,unmatched,,,,
ocd-person/25e09131-39e3-4c58-96b0-6c1ac9e74b19,Sandra Jauregui,NV,D,lower,41,-0.704,0.676,2022,matched,,,0.676,
ocd-person/99f4f903-1c4f-49f0-835f-c0b9b1aa0317,Selena La Rue Hatch,NV,D,lower,25,,,,unmatched,,,,
ocd-person/59a3b5f2-a135-48e5-9baa-98585f8ff35e,Selena Torres-Fossett,NV,D,lower,3,,,,unmatched,,,,
ocd-person/1fa69460-c910-4cf1-acfb-1d44c342e658,Shea Backus,NV,D,lower,37,-0.766,0.6915,2022,matched,,,0.6915,
ocd-person/4acffaa7-5568-47e3-b476-bdf23867605e,Shelly Crawford,NV,D,upper,1,,,,unmatched,,,,
ocd-person/a0553b6f-7142-4321-9e3a-c089447d3a78,Skip Daly,NV,D,upper,13,-0.728,0.682,2022,matched,,,0.682,
ocd-person/e730bc7c-c97e-4428-8bc7-f1e9708cb878,Stavros Anthony,NV,R,executive,,,,,unmatched,,,,
ocd-person/4caae060-1c91-4d9d-a8f9-83d74c7d0f58,Steve Yeager,NV,D,lower,9,-0.59,0.6475,2022,matched,,,0.6475,
ocd-person/1af6f404-0dfc-424a-b6df-227f45782504,Tanya Flanagan,NV,D,lower,7,,,,unmatched,,,,
ocd-person/fc07db44-bc3c-412b-a15e-dd013220411a,Tracy Brown-May,NV,D,lower,42,,,,unmatched,,,,
ocd-person/00175071-948a-4814-b66e-b07b2ec7785d,Venicia Considine,NV,D,lower,18,-0.791,0.6977,2022,matched,,,0.6977,
ocd-person/c1af6bc9-bae5-4174-a2f1-6b4d3c5fc496,Venise Karris,NV,D,lower,10,,,,unmatched,,,,
ocd-person/e60aed5e-cbb4-4b27-ab1b-2ce1dd787dac,Aboul Khan,NH,R,lower,Rockingham 30,,,,unmatched,,,,
ocd-person/e6d39a32-9602-4a87-905b-a86eeefe9ae1,Adam Presa,NH,R,lower,Hillsborough 12,,,,unmatched,,,,
ocd-person/540cbe60-cc65-4ff6-8c78-5d54488e5ed8,Aidan Ankarberg,NH,I,lower,Strafford 7,2.029,0.0,2020,matched,,,0.0,
ocd-person/3ab49eaa-77a6-4e6e-85a5-24812e78ae7a,Alexis Simpson,NH,D,lower,Rockingham 33,-0.752,0.688,2022,matched,,,0.688,
ocd-person/ef4b9cee-5a72-452c-8720-a59d5d5ca9ef,Alice Wade,NH,D,lower,Strafford 15,,,,unmatched,,,,
ocd-person/36eee284-6fc9-4b03-9b5c-012b5fdd6995,Alicia Gregg,NH,D,lower,Hillsborough 7,,,,unmatched,,,,
ocd-person/f809a410-5a03-4ebc-a0ab-32507705c479,Alissandra Murray,NH,D,lower,Hillsborough 20,-0.907,0.7268,2020,matched,,,0.7268,
ocd-person/69b94b6a-d5d5-430b-a4b9-c62c8414cb75,Allan Howland,NH,D,lower,Strafford 20,,,,unmatched,,,,
ocd-person/0bc83772-75ee-453c-868c-8d2a034788b1,Allison Knab,NH,D,lower,Rockingham 12,,,,unmatched,,,,
ocd-person/e3a1815a-a84c-4bd1-9e20-b73b07d2576f,Alvin See,NH,R,lower,Merrimack 26,,,,unmatched,,,,
ocd-person/47ad413d-8b61-4b5b-8be6-9c999fb1a682,Amy Malone,NH,D,lower,Strafford 9,,,,unmatched,,,,
ocd-person/da5fb901-d16d-430f-b5cb-7ab556f8d4ee,Andrew Prout,NH,R,lower,Hillsborough 13,1.671,0.0822,2018,matched,,,0.0822,
ocd-person/a028512b-5d61-4d23-9e28-dec7038577d6,Anita Burroughs,NH,D,lower,Carroll 2,-0.875,0.7188,2022,matched,,,0.7188,
ocd-person/4f07f5aa-c410-481b-b570-36ae37d64e24,Arnie Davis,NH,R,lower,Coos 2,-0.868,0.717,2020,matched,,,0.717,
ocd-person/3e0ee111-2332-4742-b073-a23cc37a8b51,Barbara Comtois,NH,R,lower,Belknap 7,1.525,0.1188,2018,matched,,,0.1188,
ocd-person/a8bcce41-eef2-4b18-b99f-8bb34c7f94ea,Barry Faulkner,NH,D,lower,Cheshire 10,-0.885,0.7212,2020,matched,,,0.7212,
ocd-person/49453d65-a175-4c22-bc1f-878d02ea3d45,Beth Richards,NH,D,lower,Merrimack 17,,,,unmatched,,,,
ocd-person/6d4386a3-50ff-437f-bf9e-50faea1fd774,Bill Bolton,NH,D,lower,Grafton 8,-0.826,0.7065,2022,matched,,,0.7065,
ocd-person/6f592f37-cac8-4bf0-b12c-3a86f9b444dc,Bill Boyd,NH,R,lower,Hillsborough 12,1.075,0.2313,2022,matched,,,0.2313,
ocd-person/967b5d85-d526-49ad-941a-1401fa855998,Bill Dolan,NH,D,lower,Hillsborough 9,0.667,0.3332,2020,matched,,,0.3332,
ocd-person/d3c437bd-532d-458b-961f-4f6dccec1e4b,Bill Gannon,NH,R,upper,23,1.114,0.2215,2022,matched,,,0.2215,
ocd-person/9839219c-e885-4957-99e8-01ebb78583de,Bill Ohm,NH,R,lower,Hillsborough 10,1.48,0.13,2018,matched,,,0.13,
ocd-person/0e14232e-aea6-4da6-9380-c59375f58e7c,Bill Palmer,NH,D,lower,Sullivan 2,,,,unmatched,,,,
ocd-person/1c179bc8-d192-44c1-aed6-4801e9d6b338,Billie Butler,NH,D,lower,Strafford 12,-0.903,0.7258,2018,matched,,,0.7258,
ocd-person/c62fca24-e8c3-4f87-95dd-cb52a3d58c05,Bob Harb,NH,R,lower,Rockingham 20,0.264,0.434,2020,matched,,,0.434,
ocd-person/ce46c52e-8598-4888-8a1f-d16b283a7238,Bob Lynn,NH,R,lower,Rockingham 17,1.672,0.082,2020,matched,,,0.082,
ocd-person/4dadf712-9f7e-4120-bd9a-455bf619f757,Bobbi Boudman,NH,D,lower,Carroll 7,,,,unmatched,,,,
ocd-person/e0dbb769-2677-4939-adc5-e1d2b253150f,Brian Cole,NH,R,lower,Hillsborough 26,,,,unmatched,,,,
ocd-person/a04ceb08-3ec9-43b6-87d2-014313ada4a1,Brian Labrie,NH,R,lower,Hillsborough 2,,,,unmatched,,,,
ocd-person/c8d8a204-038c-4544-ad17-e12a5af19cd6,Brian Nadeau,NH,R,lower,Rockingham 4,,,,unmatched,,,,
ocd-person/b12abcbf-fbbe-4464-854e-6960b024e62a,Brian Seaworth,NH,R,lower,Merrimack 12,0.391,0.4022,2018,matched,,,0.4022,
ocd-person/4c78e7fc-43a2-467b-abe3-6ba04ad8853e,Brian Sullivan,NH,D,lower,Sullivan 1,-0.667,0.6667,2020,matched,,,0.6667,
ocd-person/8297edd2-5298-4cef-b2ab-75d4f9fa5a31,Brian Taylor,NH,R,lower,Carroll 8,-0.904,0.726,2020,matched,,,0.726,
ocd-person/cee0d2c5-0580-4fa6-bc84-43fa5f54144f,Bryan Morse,NH,R,lower,Merrimack 3,,,,unmatched,,,,
ocd-person/214295d3-da3e-45cb-89bc-80de2be1a071,Buzz Scherr,NH,D,lower,Rockingham 26,,,,unmatched,,,,
ocd-person/205741ac-701b-416e-9716-c725bc7d7665,Calvin Beaulier,NH,R,lower,Grafton 1,1.663,0.0842,2020,matched,,,0.0842,
ocd-person/ae3d6133-98b5-444e-b95e-2edc2f5302dc,Carol McGuire,NH,R,lower,Merrimack 27,1.577,0.1058,2020,matched,,,0.1058,
ocd-person/810aefbf-2c1d-448d-824a-a848d5d05910,Carrie Sorensen,NH,D,lower,Rockingham 28,,,,unmatched,,,,
ocd-person/74d3b542-b2d0-426f-9835-0de12d5e4895,Carry Spier,NH,D,lower,Hillsborough 6,,,,unmatched,,,,
ocd-person/711423e3-ff28-4150-8a89-ec568a4f2c5d,Cassandra Levesque,NH,D,lower,Strafford 4,-0.914,0.7285,2020,matched,,,0.7285,
ocd-person/5223be3f-79ec-4442-8164-588d2ccc77e0,Catherine Rombeau,NH,D,lower,Hillsborough 2,-0.762,0.6905,2022,matched,,,0.6905,
ocd-person/36fb226e-9ed4-483f-a254-141baf18d295,Catherine Sofikitis,NH,D,lower,Hillsborough 7,,,,unmatched,,,,
ocd-person/c15709b9-8514-4e8f-8a52-6b464eb8484d,Cathryn Harvey,NH,D,lower,Cheshire 6,-0.871,0.7177,2020,matched,,,0.7177,
ocd-person/db105051-1a17-4bff-a3a3-46332533ac8a,Cathy Kenny,NH,R,lower,Hillsborough 13,,,,unmatched,,,,
ocd-person/28d59199-5bae-46fe-99f3-ec78e330cdeb,Charles McMahon,NH,R,lower,Rockingham 17,,,,unmatched,,,,
ocd-person/2cc808df-0763-4807-9a67-b53a1764f84c,Charlie Foote,NH,R,lower,Rockingham 13,,,,unmatched,,,,
ocd-person/66ba1045-a0e7-4602-b228-e68dea8be29e,Charlie Melvin,NH,R,lower,Rockingham 20,,,,unmatched,,,,
ocd-person/643751f4-6db0-4021-bf76-b8f2483d640d,Charlie St. Clair,NH,D,lower,Belknap 5,,,,unmatched,,,,
ocd-person/7eb393f4-db93-4fbd-95bc-3491d9a6ca93,Chris Herbert,NH,D,lower,Hillsborough 24,,,,unmatched,,,,
ocd-person/28ef2003-b65a-4c46-92f1-b777498c5a00,Chris McAleer,NH,D,lower,Carroll 2,,,,unmatched,,,,
ocd-person/0dbeb05f-3510-48d3-9918-a929a6069ac2,Chris Muns,NH,D,lower,Rockingham 29,,,,unmatched,,,,
ocd-person/84fef36b-d3a0-4bb1-9458-7e7b165a51ff,Christal Lloyd,NH,D,lower,Hillsborough 8,-0.88,0.72,2020,matched,,,0.72,
ocd-person/a05c5eab-d5d5-475d-a66a-39b8b514b8e6,Christine Seibert,NH,D,lower,Hillsborough 21,-0.963,0.7408,2018,matched,,,0.7408,
ocd-person/24af30d5-efc3-40b2-9493-b9ef94217ada,Cindy Bennett,NH,R,lower,Rockingham 4,,,,unmatched,,,,
ocd-person/f3e949ce-6d98-4826-bbca-08039cea4ea4,Cindy Rosenwald,NH,D,upper,13,-0.81,0.7025,2022,matched,,,0.7025,
ocd-person/bfecb4c6-509b-4c23-9c69-0e21483c44d3,Claudine Burnham,NH,R,lower,Strafford 2,,,,unmatched,,,,
ocd-person/2bf4a05c-14f0-4916-964b-48bdb20f4fdd,Clayton Wood,NH,R,lower,Merrimack 13,,,,unmatched,,,,
ocd-person/8171a035-7cc1-4a7f-b086-9bdb800782da,Connie Lane,NH,D,lower,Merrimack 16,-0.707,0.6767,2020,matched,,,0.6767,
ocd-person/e4ac4259-d405-4839-af31-6c409719065c,Cy Aures,NH,R,lower,Merrimack 13,,,,unmatched,,,,
ocd-person/87ac63e4-d144-451e-a13b-0b834f1ef81b,Dale Girard,NH,R,lower,Sullivan 6,,,,unmatched,,,,
ocd-person/89af0a16-e17b-490b-96d1-8d445071cec2,Dale Swanson,NH,D,lower,Hillsborough 5,,,,unmatched,,,,
ocd-person/4ae310b1-b493-47b9-888e-e318a5ea0e76,Dan Bergeron,NH,D,lower,Hillsborough 16,-0.676,0.669,2020,matched,,,0.669,
ocd-person/6328e7f7-d952-4d28-98b8-75a9a6f50c8d,Dan Innis,NH,R,upper,7,1.544,0.114,2022,matched,,,0.114,
ocd-person/ce0bbcca-54b7-40f4-817f-4f17e7a212a1,Dan LeClerc,NH,D,lower,Hillsborough 34,,,,unmatched,,,,
ocd-person/f67d5fcc-0dac-4bf0-b1ab-b63f73162d0b,Dan McGuire,NH,R,lower,Merrimack 14,1.577,0.1058,2020,matched,,,0.1058,
ocd-person/88428a5a-4af6-40b8-a4ff-c2ea283b758f,Dan Veilleux,NH,D,lower,Hillsborough 34,-0.794,0.6985,2020,matched,,,0.6985,
ocd-person/36ded3c5-84fd-49cc-82cb-d03fe682ad5f,Daniel Popovici-Muller,NH,R,lower,Rockingham 17,,,,unmatched,,,,
ocd-person/7349598b-1f4e-4a54-8053-34534c9663e0,Darrell Louis,NH,R,lower,Grafton 1,,,,unmatched,,,,
ocd-person/6dfd683a-1f79-49db-95a9-07f4f9898a22,Daryl Abbas,NH,R,upper,22,1.443,0.1392,2022,matched,,,0.1392,
ocd-person/c614a6b4-5a2b-46ca-89c0-1ff666aef92a,Dave Nagel,NH,D,lower,Belknap 6,,,,unmatched,,,,
ocd-person/01e401fa-3dca-460b-8eac-080f6e7fce90,David Fracht,NH,D,lower,Grafton 16,,,,unmatched,,,,
ocd-person/1c956ef6-b705-4e9d-af0c-f66d6f44591e,David Love,NH,R,lower,Rockingham 13,1.718,0.0705,2020,matched,,,0.0705,
ocd-person/4e9bb139-f952-4fda-bce1-f1bb16c585e3,David Lundgren,NH,R,lower,Rockingham 16,,,,unmatched,,,,
ocd-person/c3c9bb99-9512-4bec-be04-d8b29ea96f3e,David Luneau,NH,D,lower,Merrimack 9,-0.918,0.7295,2018,matched,,,0.7295,
ocd-person/4b449f0f-2024-4e18-bbbd-7f0bbcfa8cac,David Meuse,NH,D,lower,Rockingham 37,-0.933,0.7332,2020,matched,,,0.7332,
ocd-person/ef41a7dd-a84f-47db-b794-2a6c6be48771,David Milz,NH,R,lower,Rockingham 13,,,,unmatched,,,,
ocd-person/09308be5-c800-42a8-b0bf-afbc877ab976,David Paige,NH,D,lower,Carroll 1,-0.935,0.7338,2022,matched,,,0.7338,
ocd-person/d347f91a-d60c-48a2-b78b-8e387e7b38a1,David Preece,NH,D,lower,Hillsborough 17,,,,unmatched,,,,
ocd-person/e849b9fb-0e1d-4ed5-b684-2a6b3520be6a,David Rochefort,NH,R,upper,1,,,,unmatched,,,,
ocd-person/91c36b59-79ca-4370-b855-43c3d1c78b61,David Walker,NH,R,lower,Strafford 19,,,,unmatched,,,,
ocd-person/cf24defe-6df3-49f3-88ca-c6774b144f19,David Watters,NH,D,upper,4,-0.759,0.6897,2022,matched,,,0.6897,
ocd-person/8015d8e4-78cd-41a5-93f9-f6a704910c2f,Deborah Aylward,NH,R,lower,Merrimack 5,,,,unmatched,,,,
ocd-person/925608b2-8d23-4186-85f6-4c50f334374d,Debra Altschiller,NH,D,upper,24,,,,unmatched,,,,
ocd-person/7ef7472f-0bda-4708-9239-76adeca1e87e,Debra DeSimone,NH,R,lower,Rockingham 18,,,,unmatched,,,,
ocd-person/72264eda-ca33-468c-bc9d-f745c55bce68,Denis Murphy,NH,R,lower,Cheshire 11,-0.795,0.6987,2020,matched,,,0.6987,
ocd-person/579982ee-0c20-4345-a08d-777f6723e67c,Denise DeDe-Poulin,NH,R,lower,Strafford 6,,,,unmatched,,,,
ocd-person/8dc59c94-caba-41b2-a6ba-6bca0f595118,Denise Ricciardi,NH,R,upper,9,1.122,0.2195,2022,matched,,,0.2195,
ocd-person/d6200a81-3d99-4ff7-93e0-e2f3b49cfd65,Dennis Malloy,NH,D,lower,Rockingham 24,-0.506,0.6265,2022,matched,,,0.6265,
ocd-person/4568bf8a-b56b-43ec-a00f-718341eb6cb9,Dennis Mannion,NH,R,lower,Rockingham 25,,,,unmatched,,,,
ocd-person/592ab77a-caf9-4132-ba45-effb3ecb012e,Diane Kelley,NH,R,lower,Hillsborough 32,,,,unmatched,,,,
ocd-person/7cc1d333-efac-47fb-a109-98113c762790,Diane Pauer,NH,R,lower,Hillsborough 36,1.627,0.0932,2022,matched,,,0.0932,
ocd-person/47c165c7-ecd9-4b88-b9f7-2e58e8e290d4,Dick Ames,NH,D,lower,Cheshire 13,-0.726,0.6815,2020,matched,,,0.6815,
ocd-person/5e1bcd9f-9dd0-46b1-8c7f-b9e84bbba8e7,Dick Thackston,NH,R,lower,Cheshire 12,,,,unmatched,,,,
ocd-person/8be0bff9-f1a4-410d-9177-0080a7c40f0a,Dillon Dumont,NH,R,lower,Hillsborough 13,,,,unmatched,,,,
ocd-person/538f12b2-0914-4107-9b08-6f498e7eec66,Donald McFarlane,NH,R,lower,Grafton 18,1.948,0.013,2022,matched,,,0.013,
ocd-person/3d27678e-e5ec-4ba7-989d-3e4d50245fff,Donald Selby,NH,R,lower,Rockingham 9,,,,unmatched,,,,
ocd-person/8e013e93-3dd2-4530-a42f-d9ba62ea5f04,Donovan Fenton,NH,D,upper,10,,,,unmatched,,,,
ocd-person/5db11498-80a8-4136-9c50-2c7f1a2f6826,Doug Thomas,NH,R,lower,Rockingham 16,1.434,0.1415,2020,matched,,,0.1415,
ocd-person/464c15d2-0b67-47e6-8c0a-fc556b336d4a,Douglas Trottier,NH,R,lower,Belknap 8,,,,unmatched,,,,
ocd-person/31e633fb-0fd5-43e8-8a18-2bd0c1d6bca9,Dru Fox,NH,D,lower,Cheshire 2,-0.891,0.7228,2018,matched,,,0.7228,
ocd-person/3ffd7496-524f-40b6-92d8-0e932f002a90,Efstathia Booras,NH,D,lower,Hillsborough 8,-0.366,0.5915,2020,matched,,,0.5915,
ocd-person/956f70c5-6a5c-455f-b17d-c25f04b25db1,Eileen Kelly,NH,D,lower,Merrimack 8,1.403,0.1492,2018,matched,,,0.1492,
ocd-person/3b5abb0c-bfa9-4dfb-a84d-a60f7d3f8bc7,Eleana Colby,NH,D,lower,Merrimack 9,,,,unmatched,,,,
ocd-person/77304532-17fb-4b2c-aed6-213a435e4a46,Ellen Read,NH,D,lower,Rockingham 10,,,,unmatched,,,,
ocd-person/194a44fa-ae6e-4f8a-80fa-1ba652df02ba,Ellen Rockmore,NH,D,lower,Grafton 12,,,,unmatched,,,,
ocd-person/a8e2dc1d-b828-475a-92d4-373129360dcb,Eric Gallager,NH,D,lower,Merrimack 20,-0.93,0.7325,2020,matched,,,0.7325,
ocd-person/fa004123-5b0b-4019-8f74-8c43570c388c,Eric Turer,NH,D,lower,Rockingham 6,-0.866,0.7165,2020,matched,,,0.7165,
ocd-person/94df7a3f-b27d-42c1-9ecc-1ebdc707c9ae,Erica Layon,NH,R,lower,Rockingham 13,1.587,0.1033,2020,matched,,,0.1033,
ocd-person/cd3ca080-a00e-4ad2-a5c4-897d8939c32b,Erica de Vries,NH,D,lower,Rockingham 29,,,,unmatched,,,,
ocd-person/5a468f0d-8baf-47e9-92da-2db62373030f,Erik Johnson,NH,D,lower,Strafford 11,2.011,0.0,2020,matched,,,0.0,
ocd-person/b30166c7-822f-4680-9aa0-0b62e3caf9bd,Erin Kerwin,NH,D,lower,Hillsborough 40,,,,unmatched,,,,
ocd-person/6e5dc279-9e21-4971-9d63-eaf55886db57,Ernesto Gonzalez,NH,R,lower,Merrimack 3,,,,unmatched,,,,
ocd-person/0119879d-c522-4d71-992d-936a57389093,Fred Davis,NH,D,lower,Hillsborough 3,-0.868,0.717,2020,matched,,,0.717,
ocd-person/01d85172-f83f-48ee-8c35-8979a95c9190,Gaby Grossman,NH,D,lower,Rockingham 11,-0.92,0.73,2018,matched,,,0.73,
ocd-person/281c916b-4280-41ff-9ee1-ba183d838536,Gary Daniels,NH,R,lower,Hillsborough 43,,,,unmatched,,,,
ocd-person/26cadaaa-59d2-4c71-b23b-9f103dbd3e81,Gary Gilmore,NH,D,lower,Strafford 16,0.793,0.3017,2020,matched,,,0.3017,
ocd-person/5d98b66b-f4d1-4776-953f-67dc348fdd12,Gary Woods,NH,D,lower,Merrimack 30,-0.802,0.7005,2020,matched,,,0.7005,
ocd-person/1d25683b-5c85-41cb-8585-6e18ddd0f648,Geoff Smith,NH,D,lower,Strafford 21,-0.859,0.7147,2020,matched,,,0.7147,
ocd-person/8ecb185e-f9d2-4da1-94af-8ea367b7b34a,George Grant,NH,R,lower,Sullivan 5,,,,unmatched,,,,
ocd-person/1d64c012-42cd-433e-9e51-d449279fe57e,George Sykes,NH,D,lower,Grafton 14,,,,unmatched,,,,
ocd-person/915a097c-1280-478b-b200-0903e323e9e5,Gerry Griffin,NH,R,lower,Hillsborough 42,1.342,0.1645,2020,matched,,,0.1645,
ocd-person/03774445-16e9-4857-8015-317a3d8705a3,Gerry Ward,NH,D,lower,Rockingham 27,,,,unmatched,,,,
ocd-person/620d9d69-c8fb-47ad-ad25-1c1ef75c39dd,Glen Aldrich,NH,R,lower,Belknap 6,1.893,0.0267,2020,matched,,,0.0267,
ocd-person/56f58b74-b3b6-4f73-ad18-15af5119c4bc,Glenn Bailey,NH,R,lower,Strafford 2,1.775,0.0563,2020,matched,,,0.0563,
ocd-person/852df922-484b-412f-a604-c2d67efee5ec,Greg Hill,NH,R,lower,Merrimack 2,,,,unmatched,,,,
ocd-person/f1292af8-a209-4ff7-87b5-086acddcc10e,Greg Sargent,NH,D,lower,Merrimack 7,,,,unmatched,,,,
ocd-person/ff64ec8f-c8be-4e9c-8dce-3397cdc2401e,Heath Howard,NH,D,lower,Strafford 4,-0.898,0.7245,2020,matched,,,0.7245,
ocd-person/b14568dd-d9f5-4557-8ccd-0d000c231650,Heather Baldwin,NH,D,lower,Grafton 4,,,,unmatched,,,,
ocd-person/e1e26c8f-3b7f-42bf-89e2-33331ff83bb3,Heather Raymond,NH,D,lower,Hillsborough 5,,,,unmatched,,,,
ocd-person/1a1bb56f-cf92-4af0-b65e-3831e8a07b64,Henry Giasson,NH,R,lower,Hillsborough 29,,,,unmatched,,,,
ocd-person/a1852031-32a0-4f94-95b8-57ddcc5ab576,Hope Damon,NH,D,lower,Sullivan 8,-0.951,0.7378,2022,matched,,,0.7378,
ocd-person/c4122c6a-ed23-492e-b813-59a0fed1ec86,Howard Pearl,NH,R,upper,17,1.187,0.2032,2022,matched,,,0.2032,
ocd-person/9bae2e1c-4557-48a0-8adb-531347472614,J.D. Bernardy,NH,R,lower,Rockingham 36,1.743,0.0642,2022,matched,,,0.0642,
ocd-person/26f01212-5287-4735-aa1f-77e4f0d2acb6,Jaci Grote,NH,D,lower,Rockingham 24,-0.7,0.675,2020,matched,,,0.675,
ocd-person/0772e02f-5d9a-45d3-aa62-81a5416b06e2,Jack Flanagan,NH,R,lower,Hillsborough 45,1.463,0.1342,2020,matched,,,0.1342,
ocd-person/e6443187-eb51-42eb-8bd7-349ed0ba9641,James Gray,NH,R,upper,6,1.077,0.2308,2022,matched,,,0.2308,
ocd-person/58bff024-3ec3-431f-bfa7-0d499b0bb780,James Newsom,NH,D,lower,Merrimack 9,,,,unmatched,,,,
ocd-person/cfbe3994-9a8b-4edf-80e7-d087700ca75a,James Roesener,NH,D,lower,Merrimack 22,,,,unmatched,,,,
ocd-person/15de6eda-2f2d-4807-9ff1-e770c60ca46c,James Thibault,NH,R,lower,Merrimack 25,-0.879,0.7198,2020,matched,,,0.7198,
ocd-person/0723bc3a-b040-40e5-9eaa-60c12f148828,James Tierney,NH,R,lower,Coos 1,,,,unmatched,,,,
ocd-person/5aab63e3-55a7-485a-b6ee-93a9533b760a,Janet Lucas,NH,D,lower,Grafton 7,2.088,0.0,2018,matched,,,0.0,
ocd-person/2830876f-1a4d-4332-ae2a-a97607c4e1b9,Janet Wall,NH,D,lower,Strafford 11,-0.905,0.7263,2020,matched,,,0.7263,
ocd-person/80eb1932-bf31-4008-b48b-640178bfa0d3,Jared Sullivan,NH,D,lower,Grafton 2,-0.667,0.6667,2020,matched,,,0.6667,
ocd-person/6e2bc564-5cd1-4f96-a265-4753b7f12ee1,Jason Osborne,NH,R,lower,Rockingham 2,1.478,0.1305,2020,matched,,,0.1305,
ocd-person/f96a83f9-c085-451a-9b6b-4f79e2472e90,Jay Markell,NH,R,lower,Rockingham 18,,,,unmatched,,,,
ocd-person/f47878eb-66fe-4d01-92ea-4d3190c6183c,Jean Jeudy,NH,D,lower,Hillsborough 23,,,,unmatched,,,,
ocd-person/84f79859-fef0-441d-80bb-5edeafc70e78,Jeanine Notter,NH,R,lower,Hillsborough 12,1.464,0.134,2020,matched,,,0.134,
ocd-person/ff500f6d-8768-4947-af54-b2881b1134a4,Jeff Tenczar,NH,R,lower,Hillsborough 1,,,,unmatched,,,,
ocd-person/64122b0a-5dcf-4f7e-aa74-cff67dcb67b3,Jennifer Mandelbaum,NH,D,lower,Rockingham 21,,,,unmatched,,,,
ocd-person/50eaea14-c7e4-4aac-890e-bda69eb86978,Jennifer Rhodes,NH,R,lower,Cheshire 17,1.626,0.0935,2020,matched,,,0.0935,
ocd-person/c258b160-4a1f-461e-8fed-18597f349df9,Jeremy Slottje,NH,R,lower,Hillsborough 13,,,,unmatched,,,,
ocd-person/80181303-730c-46b5-88e5-ccfbf32b132f,Jerry Stringham,NH,D,lower,Grafton 3,-0.606,0.6515,2020,matched,,,0.6515,
ocd-person/3787c84d-f615-4e9d-bac8-42f86ea308db,Jess Edwards,NH,R,lower,Rockingham 31,1.451,0.1372,2022,matched,,,0.1372,
ocd-person/d607d081-ecb8-4d5d-bc2f-d3ee78a627c7,Jessica Grill,NH,D,lower,Hillsborough 18,,,,unmatched,,,,
ocd-person/47233e65-87c6-4a8b-ba37-271c2413615d,Jessica LaMontagne,NH,D,lower,Strafford 17,,,,unmatched,,,,
ocd-person/e6b59654-1e8f-4f6b-b01f-7d69bb76ffec,Jim Creighton,NH,R,lower,Hillsborough 30,1.365,0.1588,2022,matched,,,0.1588,
ocd-person/de8891e6-5b3f-4fb5-8c5d-63ab84c70e59,Jim Fedolfi,NH,R,lower,Hillsborough 30,1.53,0.1175,2020,matched,,,0.1175,
ocd-person/c46f0617-3009-41d2-97e3-a51004d83430,Jim Gruber,NH,D,lower,Cheshire 16,,,,unmatched,,,,
ocd-person/ec6cfbd9-53fd-4643-b2c9-b0889f417baa,Jim Guzofski,NH,R,lower,Rockingham 1,,,,unmatched,,,,
ocd-person/fa8b39ea-006f-420a-9a3f-fe36d0db8776,Jim Kofalt,NH,R,lower,Hillsborough 32,1.621,0.0948,2020,matched,,,0.0948,
ocd-person/c027d650-709d-440f-8740-84b3e11406ba,Jim MacKay,NH,D,lower,Merrimack 18,0.548,0.363,2018,matched,,,0.363,
ocd-person/deb760cf-91f7-415c-949a-bab0c5311d6f,Jim Maggiore,NH,D,lower,Rockingham 23,-0.499,0.6248,2020,matched,,,0.6248,
ocd-person/8ee6ee68-5ccb-4871-b815-6ed27c68c3ae,Jim Qualey,NH,R,lower,Cheshire 18,1.755,0.0613,2020,matched,,,0.0613,
ocd-person/4bb909b9-4651-4272-8d8d-3b649850e965,Jim Snodgrass,NH,D,lower,Merrimack 28,,,,unmatched,,,,
ocd-person/2520dc46-648c-44d0-ba1f-fe09b17a9d8b,Jim Spillane,NH,R,lower,Rockingham 2,1.644,0.089,2020,matched,,,0.089,
ocd-person/14936ed1-5203-4f3e-be18-4243f1fff521,Jim Summers,NH,R,lower,Rockingham 20,,,,unmatched,,,,
ocd-person/1f649bd8-815d-47b9-aca3-6e11ef2da422,Jodi Nelson,NH,R,lower,Rockingham 13,1.476,0.131,2022,matched,,,0.131,
ocd-person/97c57bb8-58d9-43b2-9ccb-5c926022f89f,Jodi Newell,NH,D,lower,Cheshire 4,,,,unmatched,,,,
ocd-person/e7800d58-1019-4aff-8d1a-22faba9d3e23,Joe Alexander,NH,R,lower,Hillsborough 29,1.259,0.1853,2022,matched,,,0.1853,
ocd-person/772f5157-b959-4aed-beaa-6bd67ab8fefe,Joe Guthrie,NH,R,lower,Rockingham 15,,,,unmatched,,,,
ocd-person/5afc747c-0880-4f38-9ae3-28a966cd7a64,Joe Hamblen,NH,R,lower,Carroll 3,,,,unmatched,,,,
ocd-person/568a287b-89c6-44b7-a8e6-a5188ef7f9bc,Joe Sweeney,NH,R,lower,Rockingham 25,1.287,0.1783,2022,matched,,,0.1783,
ocd-person/d3dab509-1268-4b4f-b363-98932002bf2e,John Cloutier,NH,D,lower,Sullivan 6,-0.661,0.6653,2020,matched,,,0.6653,
ocd-person/35c51630-9b9c-411a-9b98-0842cb6093df,John Hunt,NH,R,lower,Cheshire 14,0.688,0.328,2020,matched,,,0.328,
ocd-person/4c4f4974-0202-43a0-9aba-f41d0f99603a,John Janigian,NH,R,lower,Rockingham 25,1.208,0.198,2020,matched,,,0.198,
ocd-person/fcd4cdd8-007f-4d0d-b4c5-371db50e81a5,John Larochelle,NH,D,lower,Strafford 19,,,,unmatched,,,,
ocd-person/c4ba3022-267a-4ca0-8aad-2a2daa3af0db,John Leavitt,NH,R,lower,Merrimack 10,,,,unmatched,,,,
ocd-person/a22a36bb-3514-4d76-a39e-791902f41d6c,John MacDonald,NH,R,lower,Carroll 6,1.446,0.1385,2020,matched,,,0.1385,
ocd-person/433c67d6-bfdc-410e-87e2-463c93d55a17,John Potucek,NH,R,lower,Rockingham 13,1.035,0.2413,2020,matched,,,0.2413,
ocd-person/84047292-5618-45d3-afbf-16bb611f415d,John Schneller,NH,R,lower,Hillsborough 2,,,,unmatched,,,,
ocd-person/a365b40c-5682-4627-ae84-764e7da7219e,John Sellers,NH,R,lower,Grafton 10,,,,unmatched,,,,
ocd-person/78fa874f-3651-424e-a8c7-094b2d89de95,John Stone,NH,D,lower,Strafford 12,,,,unmatched,,,,
ocd-person/fe4b2b32-0709-486c-910c-fa3bcfc54056,John Suiter,NH,R,lower,Hillsborough 36,,,,unmatched,,,,
ocd-person/81a14b0b-f5dd-4e7a-b500-c9dc0a56c2be,John Sytek,NH,R,lower,Rockingham 25,,,,unmatched,,,,
ocd-person/4df69dca-ac45-46e2-a42d-26d77ddcdde4,Jon Morton,NH,R,lower,Hillsborough 39,,,,unmatched,,,,
ocd-person/87b1ae9f-d7ad-4fc2-b96c-a03c1926c4b1,Jonah Wheeler,NH,D,lower,Hillsborough 33,-0.955,0.7388,2020,matched,,,0.7388,
ocd-person/214b10b8-1ed6-4964-8aab-32c6609965f6,Jonathan Smith,NH,R,lower,Carroll 5,-0.859,0.7147,2020,matched,,,0.7147,
ocd-person/31f696d4-f806-4eb3-a8ce-5b1d2a2eba93,Jordan Ulery,NH,R,lower,Hillsborough 13,1.485,0.1287,2020,matched,,,0.1287,
ocd-person/3d1f7d21-9a20-4245-b51f-03ca0d2b14eb,Jose Cambrils,NH,R,lower,Merrimack 4,1.774,0.0565,2018,matched,,,0.0565,
ocd-person/894db7b4-6c38-493e-9935-0f54a6cda8b7,Joseph Barton,NH,R,lower,Grafton 1,,,,unmatched,,,,
ocd-person/533fb85c-c4f0-41f3-9bc6-8b1c422a9693,Judy Aron,NH,R,lower,Sullivan 4,1.479,0.1302,2020,matched,,,0.1302,
ocd-person/77ca15e6-ebe1-4ef5-8bc9-ed3dff861f38,Julie Gilman,NH,D,lower,Rockingham 11,-0.858,0.7145,2018,matched,,,0.7145,
ocd-person/44b33c8b-b7ee-41e3-a7a4-601a53746e36,Julie Miles,NH,R,lower,Hillsborough 12,,,,unmatched,,,,
ocd-person/5d7f39ae-2cc4-4b36-bd76-828a24bc454d,Juliet Harvey-Bolia,NH,R,lower,Belknap 3,,,,unmatched,,,,
ocd-person/0d4bc96e-c56f-42a3-b602-54222dfdd883,Julius Soti,NH,R,lower,Rockingham 35,1.83,0.0425,2020,matched,,,0.0425,
ocd-person/a0936f2f-8170-47f9-8b05-6c6697a95968,Karel Crawford,NH,R,lower,Carroll 3,,,,unmatched,,,,
ocd-person/947e2e2b-04eb-4f92-9f83-aef8760517e0,Karen Ebel,NH,D,lower,Merrimack 7,,,,unmatched,,,,
ocd-person/46f2bce3-b004-4b9c-8202-494feab86dee,Karen Hegner,NH,D,lower,Hillsborough 41,,,,unmatched,,,,
ocd-person/4c8bec8a-e86d-4316-8b2e-2f8c4157cae5,Kat McGhee,NH,D,lower,Hillsborough 35,-0.896,0.724,2022,matched,,,0.724,
ocd-person/79bb2147-ea4b-4706-8b38-ee2309613ea0,Kate Murray,NH,D,lower,Rockingham 22,-0.689,0.6723,2020,matched,,,0.6723,
ocd-person/b7d43cab-3399-4022-a2a4-9415937b3daa,Katelyn Kuttab,NH,R,lower,Rockingham 17,,,,unmatched,,,,
ocd-person/a0a8c9d8-1f27-4d28-a249-8a5856ea5c05,Katherine Prudhomme-O'Brien,NH,R,lower,Rockingham 13,,,,unmatched,,,,
ocd-person/dca02694-20ad-476e-8b56-2ff59d3d8ba6,Kathi Paquette,NH,R,lower,Hillsborough 25,,,,unmatched,,,,
ocd-person/4f2dee8b-bbd5-41d9-8bd4-bf2f60556ed7,Kathy Staub,NH,D,lower,Hillsborough 25,,,,unmatched,,,,
ocd-person/437d084e-35d3-4a37-9ccb-61d6fcc43b1c,Katy Peternel,NH,R,lower,Carroll 6,1.656,0.086,2022,matched,,,0.086,
ocd-person/c975be5b-c686-4489-92d2-5b8ba36f9974,Keith Ammon,NH,R,lower,Hillsborough 42,1.434,0.1415,2020,matched,,,0.1415,
ocd-person/0e6b2514-25d6-4e16-bcbd-5029e90df22d,Keith Erf,NH,R,lower,Hillsborough 28,1.696,0.076,2020,matched,,,0.076,
ocd-person/7ec573c3-d961-4d08-a71c-d239490b5c1a,Keith Murphy,NH,R,upper,16,,,,unmatched,,,,
ocd-person/b9b6f587-2395-497d-8f04-dfaae1b3d7f4,Kelley Potenza,NH,R,lower,Strafford 19,,,,unmatched,,,,
ocd-person/e2f9dd7e-b221-4cf0-b7de-5daa70658669,Ken Weyler,NH,R,lower,Rockingham 14,,,,unmatched,,,,
ocd-person/b99b0bbb-4710-43c7-a6b5-0e04524eedf0,Kevin Avard,NH,R,upper,12,1.131,0.2172,2022,matched,,,0.2172,
ocd-person/2a474f9c-7a7d-4d4f-8c7c-73ade8e11ad8,Kevin Scully,NH,R,lower,Hillsborough 8,1.627,0.0932,2018,matched,,,0.0932,
ocd-person/9d10ccec-b571-4eea-b025-9ed7634b6516,Kevin Verville,NH,R,lower,Rockingham 2,2.535,0.0,2020,matched,,,0.0,
ocd-person/35bc8d7d-92ae-41de-95eb-d515df5b9e9b,Kim Rice,NH,R,lower,Hillsborough 38,1.606,0.0985,2020,matched,,,0.0985,
ocd-person/8698b473-ea4e-4126-8766-a2b5b5878702,Kris Schultz,NH,D,lower,Merrimack 29,0.422,0.3945,2020,matched,,,0.3945,
ocd-person/4246d501-b872-4cf9-bfd8-7ef21015da7a,Kristin Noble,NH,R,lower,Hillsborough 2,,,,unmatched,,,,
ocd-person/ea8d6a3b-8312-4ffe-a85a-e8a9776ec560,Kristine Perez,NH,R,lower,Rockingham 16,-0.929,0.7323,2020,matched,,,0.7323,
ocd-person/26d443c0-53fe-480b-bf4c-7b7a28a109e9,Larry Gagne,NH,R,lower,Hillsborough 16,1.202,0.1995,2020,matched,,,0.1995,
ocd-person/efbf2adf-16f5-490e-9513-a80698aab5d8,Larry Miner,NH,R,lower,Rockingham 7,,,,unmatched,,,,
ocd-person/ac414b7c-45dc-48b6-9530-eaa8e80b124f,Laura Telerski,NH,D,lower,Hillsborough 11,-0.862,0.7155,2022,matched,,,0.7155,
ocd-person/90ca1969-94b3-4c8d-b712-e00e48a7a671,Laurel Stavis,NH,D,lower,Grafton 13,,,,unmatched,,,,
ocd-person/b80b4918-c952-4015-82e5-585229f9c2eb,Lee Ann Kluger,NH,D,lower,Hillsborough 6,,,,unmatched,,,,
ocd-person/b5f897f3-cce8-43b0-a130-f98d0d88da8e,Len Turcotte,NH,R,lower,Strafford 4,1.695,0.0762,2020,matched,,,0.0762,
ocd-person/a70935b5-517e-4b70-accb-26e55c34fb42,Lex Berezhny,NH,R,lower,Grafton 11,1.745,0.0637,2020,matched,,,0.0637,
ocd-person/554fe6ba-061a-413f-b2c7-c0e10c47ad01,Lilli Walsh,NH,R,lower,Rockingham 15,,,,unmatched,,,,
ocd-person/5d2f52fe-3001-4a7f-a33e-3fa580c1dc70,Lily Foss,NH,D,lower,Hillsborough 41,,,,unmatched,,,,
ocd-person/a9f75dde-f348-4c7a-90c9-a785ee2de208,Linda DiSilvestro,NH,D,lower,Hillsborough 17,,,,unmatched,,,,
ocd-person/61c86857-d1d9-401b-a045-3f4bac5b3312,Linda Franz,NH,R,lower,Grafton 6,,,,unmatched,,,,
ocd-person/40ae4adb-2124-47ca-82b5-9eee794af4a2,Linda Gould,NH,R,lower,Hillsborough 2,1.465,0.1337,2018,matched,,,0.1337,
ocd-person/1e2b57f6-dbb9-4069-a71b-d40828c80cfa,Linda Harriott-Gathright,NH,D,lower,Hillsborough 10,,,,unmatched,,,,
ocd-person/ad3c3841-fa56-4055-bd86-8a3c504d36a9,Linda Haskins,NH,D,lower,Rockingham 11,,,,unmatched,,,,
ocd-person/4b68fc91-27b5-4065-af3d-b541877116f5,Linda McGrath,NH,R,lower,Rockingham 40,,,,unmatched,,,,
ocd-person/d0a3a869-3612-4910-b31b-32a88667cb84,Linda Ryan,NH,D,lower,Hillsborough 4,,,,unmatched,,,,
ocd-person/4d68b7bf-e7fb-4c6d-ac12-526aba53e65e,Lino Avellani,NH,R,lower,Carroll 4,,,,unmatched,,,,
ocd-person/a87a3359-2def-4743-bf8f-9df4d308f864,Lisa Freeman,NH,R,lower,Belknap 8,,,,unmatched,,,,
ocd-person/e44fbca0-a34c-4b73-aaa6-872b471b9031,Lisa Mazur,NH,R,lower,Hillsborough 44,,,,unmatched,,,,
ocd-person/72ef654a-277a-4309-b0ae-08fee715af2c,Lisa Post,NH,R,lower,Hillsborough 42,1.555,0.1113,2020,matched,,,0.1113,
ocd-person/6fbc7a9b-82b3-4897-86e1-61e3fb4a4f77,Liz Barbour,NH,R,lower,Hillsborough 35,,,,unmatched,,,,
ocd-person/260ddf78-7100-4fee-a353-0ebf1a0615ec,Loren Foxx,NH,D,lower,Hillsborough 2,,,,unmatched,,,,
ocd-person/a35a4483-879d-4dd2-889e-57a576e56acc,Loren Selig,NH,D,lower,Strafford 10,-0.896,0.724,2022,matched,,,0.724,
ocd-person/1becd24c-cc2c-46fd-9859-a06c46340b93,Lori Korzen,NH,R,lower,Coos 7,,,,unmatched,,,,
ocd-person/b89dda18-b7c5-4184-b6d9-0bff9bed045e,Lorie Ball,NH,R,lower,Rockingham 25,,,,unmatched,,,,
ocd-person/9e0a9394-7bcc-451a-9ae1-439248598eae,Lou Juris,NH,D,lower,Hillsborough 7,,,,unmatched,,,,
ocd-person/4f84e968-9226-470f-bde4-4163efc19593,Louise Andrus,NH,R,lower,Merrimack 5,1.552,0.112,2020,matched,,,0.112,
ocd-person/4854b313-26e5-49a3-8095-76298f96ced3,Lucius Parshall,NH,D,lower,Cheshire 8,-1.002,0.7505,2020,matched,,,0.7505,
ocd-person/a6790cd1-6b7a-48f9-b48c-b298929578a4,Lucy Weber,NH,D,lower,Cheshire 5,-0.792,0.698,2020,matched,,,0.698,
ocd-person/b2bd1fe6-401e-41ac-88cc-a96d8a12d737,Luz Bay,NH,D,lower,Strafford 21,,,,unmatched,,,,
ocd-person/ce051501-985a-4008-913f-38b1b05351c6,Manoj Chourasia,NH,D,lower,Hillsborough 11,,,,unmatched,,,,
ocd-person/a5b1edc7-c0a1-49fe-824c-a9177a8e1218,Marc Plamondon,NH,D,lower,Hillsborough 3,,,,unmatched,,,,
ocd-person/20e7dbe4-40e8-4a11-bf8b-c7f7d2658725,Marc Tremblay,NH,R,lower,Coos 5,,,,unmatched,,,,
ocd-person/17abebe7-d58e-456b-b716-5cdadf60cbc7,Margaret Drye,NH,R,lower,Sullivan 7,1.596,0.101,2020,matched,,,0.101,
ocd-person/f3ab13ac-5040-4533-b5f3-ce49dec5020f,Marie Bjelobrk,NH,R,lower,Grafton 5,,,,unmatched,,,,
ocd-person/86b31d04-3a4b-4199-b10e-27bd337f0a34,Marjorie Smith,NH,D,lower,Strafford 10,-0.828,0.707,2020,matched,,,0.707,
ocd-person/69275b32-0ad6-48a4-9787-bf2869573772,Mark MacKenzie,NH,D,lower,Hillsborough 40,,,,unmatched,,,,
ocd-person/c344ed7a-6fea-4f17-9c48-4e27d67bebc8,Mark McConkey,NH,R,upper,3,,,,unmatched,,,,
ocd-person/b089786f-4435-4822-a7d6-3725cca787bf,Mark McLean,NH,R,lower,Hillsborough 15,1.673,0.0817,2020,matched,,,0.0817,
ocd-person/8c6eeb07-d048-47fd-9f0e-718460e2edc9,Mark Paige,NH,D,lower,Rockingham 11,-0.839,0.7097,2022,matched,,,0.7097,
ocd-person/6c90e0a1-d9d5-488c-a9a3-898ca5b0f9a4,Mark Pearson,NH,R,lower,Rockingham 34,1.031,0.2423,2022,matched,,,0.2423,
ocd-person/b50abef6-0b19-4d5c-97c9-f757f3b571ad,Mark Proulx,NH,R,lower,Hillsborough 15,-0.716,0.679,2018,matched,,,0.679,
ocd-person/248ddc70-c3e0-4ec2-94ff-1d1de0d0e9fc,Mark Vallone,NH,D,lower,Rockingham 5,-0.672,0.668,2020,matched,,,0.668,
ocd-person/01358592-fa6d-49bf-a933-ea2f223572d7,Mark Warden,NH,R,lower,Hillsborough 39,1.742,0.0645,2020,matched,,,0.0645,
ocd-person/27e55643-df5b-49aa-8529-082cd786c0f8,Martin Jack,NH,D,lower,Hillsborough 10,,,,unmatched,,,,
ocd-person/c353b272-e9b3-41d1-812c-17ee08295476,Mary Ford,NH,R,lower,Rockingham 3,1.669,0.0827,2020,matched,,,0.0827,
ocd-person/4b40718c-8dbd-4df2-a1a0-75a9093778ce,Mary Georges,NH,D,lower,Hillsborough 23,,,,unmatched,,,,
ocd-person/0929165d-f73c-4820-8820-209de58c1e78,Mary Hakken-Phillips,NH,D,lower,Grafton 12,,,,unmatched,,,,
ocd-person/0e6f806c-ba57-4dc6-b6b4-f2a926288ca3,Mary Jane Wallner,NH,D,lower,Merrimack 19,-0.62,0.655,2020,matched,,,0.655,
ocd-person/bdc7b519-4849-4992-b21b-f5563d642285,Mary Murphy,NH,R,lower,Hillsborough 27,-0.795,0.6987,2020,matched,,,0.6987,
ocd-person/3b11dc06-256a-430c-9f75-7ebe69267e4d,Matt Coker,NH,R,lower,Belknap 2,-0.915,0.7288,2022,matched,,,0.7288,
ocd-person/472f8b30-237d-44fe-8d3e-af33b833d8eb,Matt Drew,NH,R,lower,Hillsborough 19,,,,unmatched,,,,
ocd-person/5709592a-7c88-41e3-8295-7c05146327e2,Matt Sabourin dit Choinière,NH,R,lower,Rockingham 30,,,,unmatched,,,,
ocd-person/61d2e8f3-f2b9-4357-81af-fe982ee1821f,Matt Wilhelm,NH,D,lower,Hillsborough 21,-0.672,0.668,2022,matched,,,0.668,
ocd-person/3e70b6de-08a4-4ee5-a1c5-482f9394c475,Matthew Hicks,NH,D,lower,Merrimack 24,,,,unmatched,,,,
ocd-person/08622297-087a-4e0e-97ad-abd8e81a89d8,Matthew Pitaro,NH,R,lower,Merrimack 11,1.398,0.1505,2020,matched,,,0.1505,
ocd-person/4a80db99-34b2-4d33-995b-41d889592bf3,Maureen Mooney,NH,R,lower,Hillsborough 12,1.262,0.1845,2020,matched,,,0.1845,
ocd-person/f1902aac-3930-478d-9e89-60cef8bcae0b,Megan Murray,NH,D,lower,Hillsborough 37,-0.907,0.7268,2020,matched,,,0.7268,
ocd-person/ee439da0-f552-4df7-80d4-cd6b19ecd5df,Melissa Litchfield,NH,R,lower,Rockingham 32,1.592,0.102,2020,matched,,,0.102,
ocd-person/db534ca2-9d91-4578-b093-9b3ed61695eb,Merryl Gibbs,NH,D,lower,Merrimack 23,,,,unmatched,,,,
ocd-person/2952c8e8-7d64-43a3-8502-fa6f8110fa14,Michael Aron,NH,R,lower,Sullivan 8,1.479,0.1302,2020,matched,,,0.1302,
ocd-person/facb5409-244f-4381-8452-e6a1078bb1c5,Michael Cahill,NH,D,lower,Rockingham 10,,,,unmatched,,,,
ocd-person/0f78413a-b328-4856-ab48-21a5d4d614c0,Michael Edgar,NH,D,lower,Rockingham 29,,,,unmatched,,,,
ocd-person/6d72216e-2f3d-4c60-9ce0-dc2c365d2033,Michael Granger,NH,R,lower,Strafford 2,,,,unmatched,,,,
ocd-person/1aa8819a-e1bd-4569-93ec-305ad61e8ea4,Michael Vose,NH,R,lower,Rockingham 5,1.143,0.2142,2020,matched,,,0.2142,
ocd-person/75ad73cd-6591-4a64-9f6b-7558bbaf3689,Mike Belcher,NH,R,lower,Carroll 4,,,,unmatched,,,,
ocd-person/c924901e-1cc8-4574-ae7c-19f3e52d2031,Mike Bordes,NH,R,lower,Belknap 5,1.473,0.1317,2020,matched,,,0.1317,
ocd-person/07c09a56-23ba-4c8b-90bd-5668f22c5103,Mike Drago,NH,R,lower,Rockingham 4,,,,unmatched,,,,
ocd-person/21e95dbc-c226-4f4a-9fa2-8f5b374d0a98,Mike Harrington,NH,R,lower,Strafford 18,,,,unmatched,,,,
ocd-person/acb20216-f193-42e1-9304-2b1d3572e61d,Mike Moffett,NH,R,lower,Merrimack 4,1.547,0.1133,2020,matched,,,0.1133,
ocd-person/546b9d6e-0e31-4a6c-9d8f-63a0c9bb2b1f,Mike Murphy,NH,R,lower,Coos 6,-0.795,0.6987,2020,matched,,,0.6987,
ocd-person/7c8a79bb-76d5-488c-988b-084fa40b34c7,Mike Ouellet,NH,R,lower,Coos 3,,,,unmatched,,,,
ocd-person/4825494b-dbbb-44f4-a4a7-dee1df0a87ae,Molly Howard,NH,D,lower,Hillsborough 31,-0.898,0.7245,2020,matched,,,0.7245,
ocd-person/c85e3c8a-f2b9-40d5-a830-7c59a1328bf4,Muriel Hall,NH,D,lower,Merrimack 9,-0.789,0.6973,2022,matched,,,0.6973,
ocd-person/0d466dcc-c612-4c5e-b080-0bd257ec589d,Myles England,NH,D,lower,Strafford 12,,,,unmatched,,,,
ocd-person/0ac05fa7-143f-4ae9-8ac8-99de42d21779,Nancy Murphy,NH,D,lower,Hillsborough 12,-0.795,0.6987,2020,matched,,,0.6987,
ocd-person/f20b1b61-dfc7-4ea0-b0cf-3705e7c7283e,Ned Raynolds,NH,D,lower,Rockingham 39,,,,unmatched,,,,
ocd-person/276d3407-ff3e-4e21-966d-696cfde5faa8,Nicholas Bridle,NH,R,lower,Rockingham 29,,,,unmatched,,,,
ocd-person/170e4582-46d4-480d-9bca-b49b2ba8baf3,Nick Germana,NH,D,lower,Cheshire 15,,,,unmatched,,,,
ocd-person/854e522b-afa5-4359-b826-71aaa8b89f39,Nicole Leapley,NH,D,lower,Hillsborough 22,,,,unmatched,,,,
ocd-person/2fe799f4-a099-4667-ac0d-1bce40a08e3d,Paige Beauchemin,NH,D,lower,Hillsborough 3,,,,unmatched,,,,
ocd-person/8efd1438-4fbb-4e6a-ab55-73222f232022,Pam Brown,NH,R,lower,Rockingham 14,-0.767,0.6917,2018,matched,,,0.6917,
ocd-person/14d0ff58-3340-4344-bb79-c6acd5f8ba6c,Pat Long,NH,D,upper,20,,,,unmatched,,,,
ocd-person/e657ef2c-bfc3-4a08-99fe-4456be3bfe2a,Patricia Cornell,NH,D,lower,Hillsborough 22,-0.481,0.6202,2020,matched,,,0.6202,
ocd-person/c480dbd4-efbc-4a6b-9fc2-37bef688e2de,Patrick Long,NH,D,lower,Hillsborough 26,-0.195,0.5487,2020,matched,,,0.5487,
ocd-person/f96a072d-9add-44b0-8028-0ec057f31f52,Paul Berch,NH,D,lower,Cheshire 6,-0.873,0.7183,2020,matched,,,0.7183,
ocd-person/b2021972-0991-4a95-a897-b7e992eac8dd,Paul Dargie,NH,D,lower,Hillsborough 43,-0.904,0.726,2018,matched,,,0.726,
ocd-person/8488ba3a-e608-4f0d-9d7b-7e6e13244917,Paul Terry,NH,R,lower,Belknap 7,1.468,0.133,2020,matched,,,0.133,
ocd-person/9a1db7df-83d0-4f2f-8c3c-7610f8012ce6,Paul Tudor,NH,R,lower,Rockingham 1,0.995,0.2512,2020,matched,,,0.2512,
ocd-person/3d7dffbf-59f3-4a2f-a29a-bcece98c17fb,Peggy Balboni,NH,D,lower,Rockingham 38,-1.055,0.7637,2022,matched,,,0.7637,
ocd-person/622ea33c-23b7-4074-9ed6-75d2086677e8,Pete Morency,NH,R,lower,Coos 5,,,,unmatched,,,,
ocd-person/2c42e95c-0192-4910-9fc6-8a43b58c6467,Peter Bixby,NH,D,lower,Strafford 13,-0.919,0.7298,2018,matched,,,0.7298,
ocd-person/86708f42-531f-4e57-a6b1-f5b11ff9389c,Peter Leishman,NH,D,lower,Hillsborough 33,-0.74,0.685,2020,matched,,,0.685,
ocd-person/af8ff7f6-ee61-492f-87cc-8fc69bee7886,Peter Lovett,NH,D,lower,Grafton 8,,,,unmatched,,,,
ocd-person/e2026731-25f3-42b3-bd92-f6b3fc101f01,Peter Mehegan,NH,R,lower,Merrimack 12,,,,unmatched,,,,
ocd-person/1bf3d6c4-3325-4571-b2f7-6a28422dada6,Peter Petrigno,NH,D,lower,Hillsborough 43,-0.622,0.6555,2020,matched,,,0.6555,
ocd-person/16654889-3b48-44d6-a6d3-8da5d7a434f1,Peter Schmidt,NH,D,lower,Strafford 14,-0.941,0.7352,2020,matched,,,0.7352,
ocd-person/b4735fd9-309f-40b0-a554-c646dde34fc1,Peter Varney,NH,R,lower,Belknap 7,,,,unmatched,,,,
ocd-person/09cfaba9-f3ee-41d6-8cf7-0c93613109cd,Philip Jones,NH,D,lower,Cheshire 3,,,,unmatched,,,,
ocd-person/19404ada-b556-4609-9814-f19db9c0a0ad,Phyllis Katsakiores,NH,R,lower,Rockingham 13,,,,unmatched,,,,
ocd-person/040f626d-c4bc-4c7b-a99a-1fcc5df165d9,Pierre DuPont,NH,R,lower,Hillsborough 20,,,,unmatched,,,,
ocd-person/ac6ce16b-a462-4727-8e4b-724c7c19e58c,Ralph Boehm,NH,R,lower,Hillsborough 38,,,,unmatched,,,,
ocd-person/f68b34d8-19af-449e-a4cc-3d2729bb9e23,Ray Newman,NH,D,lower,Hillsborough 4,-0.686,0.6715,2020,matched,,,0.6715,
ocd-person/c67b2f9d-8f52-4ce4-b613-781763f0bfe4,Ray Peeples,NH,R,lower,Hillsborough 14,,,,unmatched,,,,
ocd-person/81c0f95e-01e6-492f-9d68-42396dc3a9a0,Ray Plante,NH,R,lower,Merrimack 27,1.556,0.111,2020,matched,,,0.111,
ocd-person/c20b7693-7f2c-4646-af7f-d57518edd1a4,Rebecca Perkins Kwoka,NH,D,upper,21,-0.891,0.7228,2022,matched,,,0.7228,
ocd-person/461c9024-c8c3-44a5-91d6-015a6587db5f,Regina Birdsell,NH,R,upper,19,1.126,0.2185,2022,matched,,,0.2185,
ocd-person/c11f9fad-128e-455e-896e-2e880b6cc29e,Rich Lascelles,NH,R,lower,Hillsborough 14,,,,unmatched,,,,
ocd-person/34a4f745-0a57-454d-acc0-598c6fcc35ce,Rich Nalevanko,NH,R,lower,Cheshire 9,1.653,0.0867,2020,matched,,,0.0867,
ocd-person/d08d07c4-6aa0-4ce4-a940-924ab72e216f,Richard Brown,NH,R,lower,Carroll 8,-0.767,0.6917,2018,matched,,,0.6917,
ocd-person/c715d154-3822-42b6-ab75-73181ac7be0a,Richard Tripp,NH,R,lower,Rockingham 13,,,,unmatched,,,,
ocd-person/f34606de-25d3-4e18-991e-b21727563eb6,Riché Colcombe,NH,R,lower,Hillsborough 30,1.505,0.1238,2020,matched,,,0.1238,
ocd-person/3ce1bede-22ef-4c98-b958-1bca45624608,Rick Devoid,NH,R,lower,Merrimack 1,,,,unmatched,,,,
ocd-person/1bd6c569-f2dd-4670-bf82-ef3ea4b15960,Rick Ladd,NH,R,lower,Grafton 5,,,,unmatched,,,,
ocd-person/6554d13d-8086-437d-8b44-e5a164b34933,Rita Mattson,NH,R,lower,Cheshire 18,1.621,0.0948,2022,matched,,,0.0948,
ocd-person/e7f37a7a-0f05-4fd3-944d-be2c41cc200b,Robert Wherry,NH,R,lower,Hillsborough 13,,,,unmatched,,,,
ocd-person/225fd1a2-5691-411a-b0ba-48c1943a139b,Robley Hall,NH,R,lower,Strafford 1,-0.789,0.6973,2022,matched,,,0.6973,
ocd-person/e0b29cba-9dd9-4e90-889c-e5eaea7d174c,Ron Dunn,NH,R,lower,Rockingham 16,,,,unmatched,,,,
ocd-person/1a5923c6-3e1f-4ebe-8739-17c9e9642403,Rosemarie Rung,NH,D,lower,Hillsborough 12,-0.765,0.6913,2018,matched,,,0.6913,
ocd-person/1b016eb0-b4c0-4929-b957-ef9de5b46031,Ross Berry,NH,R,lower,Hillsborough 44,1.499,0.1252,2022,matched,,,0.1252,
ocd-person/9aae937c-2a6d-4654-a18e-d76e1b379e51,Russ Dumais,NH,R,lower,Belknap 6,,,,unmatched,,,,
ocd-person/33c30ffc-2203-48fc-9161-e14946abce23,Russ Muirhead,NH,D,lower,Grafton 12,-0.925,0.7312,2022,matched,,,0.7312,
ocd-person/9089a509-1f26-4770-adc6-199ed716e692,Ruth Ward,NH,R,upper,8,1.088,0.228,2020,matched,,,0.228,
ocd-person/2260bb0a-065f-4d26-a814-f70aa2c16705,Sallie Fellows,NH,D,lower,Grafton 8,-0.874,0.7185,2020,matched,,,0.7185,
ocd-person/b0df7728-b702-4448-b36e-e09cdacbd16d,Sam Farrington,NH,R,lower,Strafford 8,,,,unmatched,,,,
ocd-person/d699ae32-c8ba-43d2-a127-fdc38e722bc7,Samantha Jacobs,NH,D,lower,Cheshire 15,,,,unmatched,,,,
ocd-person/db63311e-bd1c-454a-8d9f-7e89cf645a72,Sanjeev Manohar,NH,D,lower,Hillsborough 9,,,,unmatched,,,,
ocd-person/9f34527d-c08a-4112-8046-1ce5a61b3f0a,Santosh Salvi,NH,D,lower,Hillsborough 9,,,,unmatched,,,,
ocd-person/44357af0-cbba-4906-87fd-1929564931b9,Sayra DeVito,NH,R,lower,Rockingham 8,-1.054,0.7635,2020,matched,,,0.7635,
ocd-person/b51774f3-49ab-4d3f-b103-683491aa57c4,Scott Bryer,NH,R,lower,Rockingham 1,,,,unmatched,,,,
ocd-person/8d99d9dc-999d-438c-84c8-01d80f1ef5cd,Sean Durkin,NH,R,lower,Coos 1,,,,unmatched,,,,
ocd-person/15d93e43-ec08-4958-8f3b-1d56d95eb574,Seth King,NH,R,lower,Coos 4,1.689,0.0777,2020,matched,,,0.0777,
ocd-person/027bd13f-0029-48f3-a5dd-76b15a95546d,Seth Miller,NH,D,lower,Strafford 21,,,,unmatched,,,,
ocd-person/a56b0587-b57f-4dbb-a977-ba82c714a379,Shane Sirois,NH,R,lower,Hillsborough 32,,,,unmatched,,,,
ocd-person/00964fc0-dd57-44c3-87bf-b6d5bbc34560,Sharon Carson,NH,R,upper,14,1.058,0.2355,2022,matched,,,0.2355,
ocd-person/d4473432-7416-4a64-9a3f-24b7ce96c446,Sheri Minor,NH,R,lower,Belknap 5,,,,unmatched,,,,
ocd-person/e94c1d98-5454-40a2-8293-ee0998fee8ca,Sherm Packard,NH,R,lower,Rockingham 16,1.373,0.1568,2020,matched,,,0.1568,
ocd-person/19278cc6-c610-4ae1-b1eb-b33f60658f0b,Sherri Reinfurt,NH,R,lower,Hillsborough 29,,,,unmatched,,,,
ocd-person/31d4d765-be08-4393-8e9a-21444cf8b411,Skip Rollins,NH,R,lower,Sullivan 3,,,,unmatched,,,,
ocd-person/c2f2054b-2949-44ea-b784-ffe4820eed77,Sly Karasinski,NH,R,lower,Cheshire 10,1.428,0.143,2020,matched,,,0.143,
ocd-person/dfbe7855-971b-4eb3-832e-a3f67b8b6a61,Stephanie Grund,NH,D,lower,Hillsborough 34,,,,unmatched,,,,
ocd-person/8184319b-a3eb-4538-a78a-5e5cd439e2a3,Stephanie Payeur,NH,D,lower,Merrimack 8,,,,unmatched,,,,
ocd-person/b46ed135-4c70-40b9-81ab-94660b76be3e,Stephen Boyd,NH,R,lower,Merrimack 10,1.075,0.2313,2022,matched,,,0.2313,
ocd-person/a82b5491-46a0-4062-aec5-362724f8f729,Steve Bogert,NH,R,lower,Belknap 5,,,,unmatched,,,,
ocd-person/f773bff0-d2b7-4fa5-8f82-c8b519b8556b,Steve Kesselring,NH,R,lower,Hillsborough 18,,,,unmatched,,,,
ocd-person/2a085551-6f62-4320-a1eb-bc9a177b9a6d,Steve Pearson,NH,R,lower,Rockingham 13,0.028,0.493,2020,matched,,,0.493,
ocd-person/bdde38b3-3210-4b2d-890b-bbf2d2bf314a,Steve Woodcock,NH,D,lower,Carroll 1,-0.718,0.6795,2022,matched,,,0.6795,
ocd-person/129a2970-07b9-4136-aae1-15c689edca40,Steven Smith,NH,R,lower,Sullivan 3,-0.859,0.7147,2020,matched,,,0.7147,
ocd-person/62edd52b-364d-4f60-a796-107ca302fdc5,Sue DeLemus,NH,R,lower,Strafford 1,,,,unmatched,,,,
ocd-person/27254294-07b6-4c08-90be-466800c312bc,Sue Newman,NH,D,lower,Hillsborough 4,-0.644,0.661,2020,matched,,,0.661,
ocd-person/de206392-deba-4ecf-96a3-33494c415417,Sue Prentiss,NH,D,upper,5,-0.695,0.6737,2022,matched,,,0.6737,
ocd-person/ce985799-268d-4190-b078-955fc63a8c3c,Sue Vail,NH,D,lower,Hillsborough 6,-0.757,0.6893,2022,matched,,,0.6893,
ocd-person/b3316ac6-b023-4dec-9e07-33600f4027bb,Sue Vandecasteele,NH,R,lower,Rockingham 25,,,,unmatched,,,,
ocd-person/128e737d-1ff8-45c1-937e-34e66c08069d,Suraj Budathoki,NH,D,lower,Hillsborough 40,,,,unmatched,,,,
ocd-person/e13283b4-defe-4f4e-8e67-4d89b8e3790c,Susan Almy,NH,D,lower,Grafton 17,,,,unmatched,,,,
ocd-person/09972c73-4e4f-471a-9888-558053aace85,Susan DeRoy,NH,R,lower,Strafford 3,,,,unmatched,,,,
ocd-person/c9b60101-8e1e-4ca2-b5c1-3ffa019fcb3e,Susan Elberger,NH,D,lower,Hillsborough 5,,,,unmatched,,,,
ocd-person/64a835c6-0e89-411f-bc32-331e246b10f0,Susan Porcelli,NH,R,lower,Rockingham 19,,,,unmatched,,,,
ocd-person/4c5b973d-20c9-4205-a69d-bed3b74ca391,Suzanne Chretien,NH,D,lower,Hillsborough 19,-0.9,0.725,2020,matched,,,0.725,
ocd-person/93179238-e90a-433f-bafb-72333aa7c9ef,Tanya Donnelly,NH,R,lower,Rockingham 25,1.718,0.0705,2018,matched,,,0.0705,
ocd-person/db4dc6cd-8c68-487f-a1e3-dd80995ba786,Tara Reardon,NH,D,upper,15,,,,unmatched,,,,
ocd-person/c40abbd9-220c-4081-9ad8-9559c10f9aae,Ted Gorski,NH,R,lower,Hillsborough 2,1.347,0.1633,2020,matched,,,0.1633,
ocd-person/81cb2080-0fec-4a30-8212-71fa0679e2f3,Terri O'Rorke,NH,D,lower,Cheshire 7,,,,unmatched,,,,
ocd-person/6d43b165-fda9-4918-a2b7-ad66940062a0,Terry Roy,NH,R,lower,Rockingham 31,,,,unmatched,,,,
ocd-person/3427853b-656d-4c4e-9857-acb92e08187d,Terry Spahr,NH,D,lower,Grafton 12,,,,unmatched,,,,
ocd-person/236f5df6-87b6-488d-86cd-a1ed3a5adb81,Terry Spilsbury,NH,R,lower,Sullivan 3,,,,unmatched,,,,
ocd-person/21a4a059-a8f3-4ec9-ac42-84983f16fb8d,Thomas Kaczynski,NH,R,lower,Strafford 5,,,,unmatched,,,,
ocd-person/077af83c-d03f-45d9-8bcd-28574d9422c0,Thomas Oppel,NH,D,lower,Grafton 9,,,,unmatched,,,,
ocd-person/e325954b-c90e-4b1e-aadb-3f5cc7ec1671,Thomas Walsh,NH,R,lower,Merrimack 10,,,,unmatched,,,,
ocd-person/5b26425f-330d-458b-b8f6-b6a2b1997b41,Tim Hartnett,NH,D,lower,Hillsborough 41,,,,unmatched,,,,
ocd-person/5330ad05-ce69-47c0-9093-6286233c7a7d,Tim Lang,NH,R,upper,2,1.308,0.173,2022,matched,,,0.173,
ocd-person/5e093007-fbc4-44da-a096-5eac6ae040f2,Tim Mannion,NH,R,lower,Hillsborough 1,,,,unmatched,,,,
ocd-person/18d80f49-9f78-441e-bf28-1ed0929b5fd3,Tim McGough,NH,R,upper,11,,,,unmatched,,,,
ocd-person/2a11a559-c16e-4211-82ea-215951d74c1f,Timothy Horrigan,NH,D,lower,Strafford 10,-0.866,0.7165,2020,matched,,,0.7165,
ocd-person/edcefea3-7cd4-4128-92ef-b22bc4a7c0b4,Timothy Soucy,NH,D,lower,Merrimack 21,-0.671,0.6678,2020,matched,,,0.6678,
ocd-person/22809c1b-0676-4ad9-8d0e-8a0a9d19063a,Tom Buco,NH,D,lower,Carroll 1,-0.826,0.7065,2020,matched,,,0.7065,
ocd-person/25d71e57-9def-4149-8257-2bfb3c5e5415,Tom Cormen,NH,D,lower,Grafton 15,,,,unmatched,,,,
ocd-person/330b6b4b-dfa6-4379-ae45-bedd9b276fcd,Tom Dolan,NH,R,lower,Rockingham 16,0.667,0.3332,2020,matched,,,0.3332,
ocd-person/6bf9fba1-96e4-46af-843d-5e006d357acd,Tom Mannion,NH,R,lower,Hillsborough 1,,,,unmatched,,,,
ocd-person/8f685697-5fb0-4966-8cd0-ad3059650f8d,Tom Ploszaj,NH,I,lower,Belknap 1,,,,unmatched,,,,
ocd-person/29eeecd3-79b7-489c-b1a5-ace913e619f2,Tom Schamberg,NH,D,lower,Merrimack 6,-0.894,0.7235,2020,matched,,,0.7235,
ocd-person/4febed48-b7fd-4b44-98e8-fb20de52968e,Tom Southworth,NH,D,lower,Strafford 11,-0.894,0.7235,2020,matched,,,0.7235,
ocd-person/fc03907c-1276-40e7-9838-83f4ab670d03,Toni Weinstein,NH,D,lower,Rockingham 10,,,,unmatched,,,,
ocd-person/960dc748-e7c7-4859-ab1d-b07f9bb7b269,Tony Caplan,NH,D,lower,Merrimack 8,-0.91,0.7275,2020,matched,,,0.7275,
ocd-person/31497c82-3d45-49e4-9232-1c435a5c72e3,Tracy Bricchi,NH,D,lower,Merrimack 15,,,,unmatched,,,,
ocd-person/f5b14d40-aa28-485b-ab61-dc07c647384a,Travis Corcoran,NH,R,lower,Hillsborough 28,,,,unmatched,,,,
ocd-person/9b0c88d1-3fd7-465a-b24e-3675d18a2dde,Travis Toner,NH,R,lower,Belknap 4,,,,unmatched,,,,
ocd-person/6164e59b-1d52-4ee4-aa53-28ea86884757,Trinidad Tellez,NH,D,lower,Hillsborough 40,,,,unmatched,,,,
ocd-person/8c0d6811-045b-46ca-91c6-86e360249246,Valerie McDonnell,NH,R,lower,Rockingham 25,,,,unmatched,,,,
ocd-person/5c985922-36b3-4d80-986d-1f9c363920f1,Vanessa Sheehan,NH,R,lower,Hillsborough 43,1.595,0.1013,2020,matched,,,0.1013,
ocd-person/ee2f53d6-9f8b-46ef-82e1-53ba6eae54bd,Vicki Wilson,NH,R,lower,Rockingham 9,1.646,0.0885,2018,matched,,,0.0885,
ocd-person/dbf39ca6-e569-4078-b150-f63c51784d80,Victoria Sullivan,NH,R,upper,18,,,,unmatched,,,,
ocd-person/4c3783ee-340d-4891-abf6-c4dfa6a030e3,Wayne Burton,NH,D,lower,Strafford 10,,,,unmatched,,,,
ocd-person/891b5235-2e56-4bbf-820a-ca7c928324e1,Wayne Hemingway,NH,R,lower,Sullivan 6,,,,unmatched,,,,
ocd-person/8588302c-ac8c-4b58-9444-0c9f29448aa0,Wayne MacDonald,NH,R,lower,Rockingham 16,1.38,0.155,2020,matched,,,0.155,
ocd-person/a56c3553-5c3b-4638-89a5-e1d97ccd4516,Wayne Pearson,NH,D,lower,Strafford 12,-0.519,0.6298,2018,matched,,,0.6298,
ocd-person/2375b05c-cf9a-4f1b-a4b0-194fac6d86bf,Wendy Thomas,NH,D,lower,Hillsborough 12,-0.931,0.7328,2022,matched,,,0.7328,
ocd-person/4c6a4d79-307b-4e5f-9d63-ba4f60a6892c,Will Darby,NH,D,lower,Hillsborough 11,,,,unmatched,,,,
ocd-person/3bc62111-d292-4ae2-a648-43b858308394,Yury Polozov,NH,R,lower,Merrimack 10,,,,unmatched,,,,
ocd-person/82019391-800c-469e-b17b-fbbf700b6555,Zoe Manos,NH,D,lower,Rockingham 12,,,,unmatched,,,,
ocd-person/d358cf84-b9ae-4bce-bb28-aa083fe082b4,Al Abdelaziz,NJ,D,lower,35,,,,unmatched,,,,
ocd-person/525b3307-b007-4cfa-8166-efb0810fcda7,Al Barlas,NJ,R,lower,40,,,,unmatched,,,,
ocd-person/fc986c0e-c1cd-422f-80c1-4d3691f34f28,Alex Sauickie,NJ,R,lower,12,0.618,0.3455,2022,matched,,,0.3455,
ocd-person/b5f9d8c9-0f98-4d89-8a5f-82152f41687d,Alixon Collazos-Gill,NJ,D,lower,27,,,,unmatched,,,,
ocd-person/acf3b54e-9725-4867-aaa5-9275ada21b37,Andrea Katz,NJ,D,lower,8,,,,unmatched,,,,
ocd-person/bd2c37cd-6c84-406e-9e38-95bd83f20f0f,Andrew Macurdy,NJ,D,lower,21,,,,unmatched,,,,
ocd-person/7782ffcd-73df-41b5-9857-fd7b10953bf3,Andrew Zwicker,NJ,D,upper,16,-0.636,0.659,2022,matched,,,0.659,
ocd-person/d8c826c4-95c7-465b-8448-1f05495bfc45,Angela McKnight,NJ,D,upper,31,,,,unmatched,,,,
ocd-person/ec370db8-c51e-4022-9868-5cad9c38e97d,Annette Quijano,NJ,D,lower,20,-0.591,0.6478,2022,matched,,,0.6478,
ocd-person/21b098a3-5f30-40c7-9169-1d4b92402a99,Anthony Angelozzi,NJ,D,lower,8,,,,unmatched,,,,
ocd-person/c6d61a12-eeb5-4400-943d-68a81b0728f0,Anthony Verrelli,NJ,D,lower,15,-0.577,0.6442,2022,matched,,,0.6442,
ocd-person/4ebe8d6e-9814-4f68-aa9f-148c0942eaab,Antwan McClellan,NJ,R,lower,1,,,,unmatched,,,,
ocd-person/03aa8bec-9d7e-41e7-ad20-b5ba1991cab6,Aura Dunn,NJ,R,lower,25,0.775,0.3063,2022,matched,,,0.3063,
ocd-person/4dab8e3a-93be-4ad7-8cb1-5009e4c7d232,Avi Schnall,NJ,D,lower,30,,,,unmatched,,,,
ocd-person/a189187b-df3f-4f10-8e5c-744ad7071787,Balvir Singh,NJ,D,lower,7,,,,unmatched,,,,
ocd-person/18fa38fc-954e-43d9-a294-a2068828216e,Benjie Wimberly,NJ,D,upper,35,,,,unmatched,,,,
ocd-person/1e9cd368-349e-4ddc-a34d-8301d0ac4841,Bill Moen,NJ,D,lower,5,-0.602,0.6505,2022,matched,,,0.6505,
ocd-person/3d5d3c07-70ed-481a-91ba-a19fce581561,Bill Spearman,NJ,D,lower,5,-0.603,0.6507,2022,matched,,,0.6507,
ocd-person/acff039b-0a83-4184-8b6b-7b051cfcdc77,Bob Auth,NJ,R,lower,39,0.787,0.3033,2022,matched,,,0.3033,
ocd-person/45219a29-080f-4452-9b05-92488e96f2f1,Bob Singer,NJ,R,upper,30,0.527,0.3682,2022,matched,,,0.3682,
ocd-person/177d44ba-0c93-4e26-b245-84aa2239f7b4,Bob Smith,NJ,D,upper,17,-0.502,0.6255,2022,matched,,,0.6255,
ocd-person/006c1bd9-54e9-49be-9d02-12dda1119149,Brian Bergen,NJ,R,lower,26,0.997,0.2508,2022,matched,,,0.2508,
ocd-person/d6731a7f-a22e-48dd-8bba-fd2c155c16c3,Brian Rumpf,NJ,R,lower,9,,,,unmatched,,,,
ocd-person/6f616307-dafe-44ca-a6b3-5f9516d21f89,Brian Stack,NJ,D,upper,33,-0.637,0.6593,2022,matched,,,0.6593,
ocd-person/707e3027-d06f-4346-8c11-3ff1becbe725,Britnee Timberlake,NJ,D,upper,34,,,,unmatched,,,,
ocd-person/0f0e1edc-6ab5-4fca-8999-2db3229c5d19,Carmen Amato,NJ,R,upper,9,,,,unmatched,,,,
ocd-person/38f2061a-a83f-45bc-92a2-817f44d6b377,Carmen Morales,NJ,D,lower,34,,,,unmatched,,,,
ocd-person/c33b5f2b-0494-414f-aa84-d2286ae46095,Carol Murphy,NJ,D,lower,7,-0.337,0.5843,2022,matched,,,0.5843,
ocd-person/383fdfc0-c14a-433f-8f1d-a29e6350c5ca,Chigozie Onyema,NJ,D,lower,28,,,,unmatched,,,,
ocd-person/33050562-f29d-4c4f-9e21-022822792a5c,Chris DePhillips,NJ,R,lower,40,1.027,0.2433,2022,matched,,,0.2433,
ocd-person/934c3022-709b-4768-b2df-635d25579128,Chris Tully,NJ,D,lower,38,-0.618,0.6545,2022,matched,,,0.6545,
ocd-person/c5469bd6-29bd-4054-9ac0-3577d17422d4,Cleopatra Tucker,NJ,D,lower,28,-0.929,0.7323,2022,matched,,,0.7323,
ocd-person/5475b510-25ec-4354-abb5-f1f03c3ea2c3,Clinton Calabrese,NJ,D,lower,36,-0.62,0.655,2022,matched,,,0.655,
ocd-person/fab6547d-4f37-4c02-a738-dc4fb0b707e7,Cody Miller,NJ,D,lower,4,,,,unmatched,,,,
ocd-person/9d1ae08a-66b3-4d68-bafe-956d4eaeb57f,Craig Coughlin,NJ,D,lower,19,-0.491,0.6228,2022,matched,,,0.6228,
ocd-person/45caac41-0f71-4243-99cc-bb18b7b82386,Dale Caldwell,NJ,D,executive,,,,,unmatched,,,,
ocd-person/fa6aa5c6-0479-4d12-88c0-75480bfbe3a5,Dan Hutchison,NJ,D,lower,4,,,,unmatched,,,,
ocd-person/64a8c09d-24a2-4d4c-a071-d09f0a30c79f,Dave Bailey,NJ,D,lower,3,,,,unmatched,,,,
ocd-person/790ac0bd-71fa-4446-b1fa-b013e4b4f33e,Dawn Fantasia,NJ,R,lower,24,,,,unmatched,,,,
ocd-person/ac044b70-7745-435a-9c38-c4af013d0b0e,Declan O'Scanlon,NJ,R,upper,13,0.5,0.375,2022,matched,,,0.375,
ocd-person/df880b40-1e96-49d0-92bc-70732a1cce32,Don Guardian,NJ,R,lower,2,1.026,0.2435,2022,matched,,,0.2435,
ocd-person/2798197f-1516-44ef-9933-99e5b23f19c8,Doug Steinhardt,NJ,R,upper,23,,,,unmatched,,,,
ocd-person/c17427d2-58a7-45f5-aa6c-a70ca914f8de,Ed Rodriguez,NJ,D,lower,20,,,,unmatched,,,,
ocd-person/6056438b-65d3-4db4-b0ad-c367074bd47e,Eliana Pintor Marin,NJ,D,lower,29,,,,unmatched,,,,
ocd-person/e5da04d8-e25f-4ab3-a453-84e692fe89c4,Ellen Park,NJ,D,lower,37,-0.585,0.6462,2022,matched,,,0.6462,
ocd-person/df6d2d1f-3fb0-4e93-93cf-26665cae9a23,Erik Peterson,NJ,R,lower,23,1.031,0.2423,2022,matched,,,0.2423,
ocd-person/7f9ebe1c-d4fa-4dd0-8948-7cf6248ffb6d,Erik Simonsen,NJ,R,lower,1,,,,unmatched,,,,
ocd-person/2078f4b2-3e69-4e01-aada-3ccf21ba6173,Gabe Rodriguez,NJ,D,lower,33,,,,unmatched,,,,
ocd-person/93a1a3ce-eb52-4e71-b01c-346f41b6bde4,Gary Schaer,NJ,D,lower,36,-0.495,0.6238,2022,matched,,,0.6238,
ocd-person/4323bf03-63e6-4f8b-9b2e-3554df7723bf,Gerry Scharfenberger,NJ,R,lower,13,0.98,0.255,2022,matched,,,0.255,
ocd-person/53fe6716-2bdb-4926-993f-4a2cf002ad51,Gordon Johnson,NJ,D,upper,37,-0.615,0.6538,2022,matched,,,0.6538,
ocd-person/2ac520a3-ae36-4936-a9c3-6842401b6c83,Greg McGuckin,NJ,R,lower,10,1.051,0.2373,2022,matched,,,0.2373,
ocd-person/85863833-b5e6-40f2-aafc-5a0fc5f790d0,Greg Myhre,NJ,R,lower,9,,,,unmatched,,,,
ocd-person/5d619c98-5127-433c-99c6-adb888ab407b,Heather Simmons,NJ,D,lower,3,,,,unmatched,,,,
ocd-person/57fe7d05-af12-4f44-b143-e19814f2cfa2,Holly Schepisi,NJ,R,upper,39,0.719,0.3203,2022,matched,,,0.3203,
ocd-person/dbe67894-e4cd-46ea-bb59-877a8b4f26d0,Jay Webber,NJ,R,lower,26,1.038,0.2405,2022,matched,,,0.2405,
ocd-person/cf9793dd-4ef2-4db2-807c-4cf8fce4eecb,Jennifer Davenport,NJ,D,executive,,,,,unmatched,,,,
ocd-person/cbdafb85-539d-4ef4-a3ee-30f4985969fa,Jerry Walker,NJ,D,lower,31,,,,unmatched,,,,
ocd-person/87714b2b-1868-4d3f-aa3f-a3d25db0fbc6,Jim Beach,NJ,D,upper,6,-0.505,0.6262,2022,matched,,,0.6262,
ocd-person/32e625c0-5e22-40b4-a6a3-4040d10e6ff0,Jim Holzapfel,NJ,R,upper,10,0.713,0.3217,2022,matched,,,0.3217,
ocd-person/d80f0df2-57cd-436b-a250-7413ec11fe27,Jim Kennedy,NJ,D,lower,22,-0.623,0.6558,2022,matched,,,0.6558,
ocd-person/5dcef6ac-7dbe-4c65-a53b-670c89a615e7,Joe Cryan,NJ,D,upper,20,-0.527,0.6318,2022,matched,,,0.6318,
ocd-person/03acbfd3-a81b-4461-aff4-db7ecf5e8e48,Joe Danielsen,NJ,D,lower,17,-0.651,0.6627,2022,matched,,,0.6627,
ocd-person/90a0a109-2ce3-4a55-8761-1e07ff875703,Joe Lagana,NJ,D,upper,38,-0.58,0.645,2022,matched,,,0.645,
ocd-person/4bf4c8e4-5a97-4100-b34d-cb01da6ab266,Joe Pennacchio,NJ,R,upper,26,0.39,0.4025,2022,matched,,,0.4025,
ocd-person/97fba3ff-adc8-4323-bf77-37acfe18b735,Joe Vitale,NJ,D,upper,19,-0.438,0.6095,2022,matched,,,0.6095,
ocd-person/86641d6d-4538-453d-974f-aec40c42a33d,John Azzariti,NJ,R,lower,39,,,,unmatched,,,,
ocd-person/1b726d76-851a-487b-a6e6-42ee4fa5c050,John Burzichelli,NJ,D,upper,3,,,,unmatched,,,,
ocd-person/dce6ec3a-7d62-4b33-8693-259364c85285,John DiMaio,NJ,R,lower,23,0.885,0.2787,2022,matched,,,0.2787,
ocd-person/1fec06e0-00df-4d84-8c9a-18e80a6f29e2,John McKeon,NJ,D,upper,27,,,,unmatched,,,,
ocd-person/08a758f9-92fb-4e59-ac8f-edc75aaf3390,Jon Bramnick,NJ,R,upper,21,0.412,0.397,2022,matched,,,0.397,
ocd-person/a04dc132-6a91-4e1b-a336-ede062d06884,Katie Brennan,NJ,D,lower,32,,,,unmatched,,,,
ocd-person/0bf3c2a3-9004-40cb-8d3a-eeeca4b0b967,Kenyatta Stewart,NJ,D,lower,35,,,,unmatched,,,,
ocd-person/59c25089-5752-4eb9-a96b-a005c1c46743,Kevin Egan,NJ,D,lower,17,-0.603,0.6507,2022,matched,,,0.6507,
ocd-person/0880a4b0-8e91-484b-aa12-6e0444838c44,Kristin Corrado,NJ,R,upper,40,0.927,0.2682,2022,matched,,,0.2682,
ocd-person/036d00b8-5e0b-4bc0-ae46-f0bf5e1b9a73,Larry Wainstein,NJ,D,lower,33,,,,unmatched,,,,
ocd-person/0e989cd5-91f8-4595-8346-bbac4f3d2c9e,Latham Tiver,NJ,R,upper,8,,,,unmatched,,,,
ocd-person/199dd5c8-3ef1-4a2c-9585-9de5def27e98,Linda Carter,NJ,D,lower,22,-0.592,0.648,2022,matched,,,0.648,
ocd-person/27646653-40e2-4c79-b608-0f2edcaa0322,Linda Greenstein,NJ,D,upper,14,-0.483,0.6208,2022,matched,,,0.6208,
ocd-person/28b4c7d2-d1c3-4735-b321-0f348ec27299,Lisa Swain,NJ,D,lower,38,-0.585,0.6462,2022,matched,,,0.6462,
ocd-person/a27823aa-f5a9-4d6c-8089-1d8ceee6f8e0,Lou Greenwald,NJ,D,lower,6,-0.482,0.6205,2022,matched,,,0.6205,
ocd-person/589a73bd-a164-472a-8b50-4b4d0846cd24,Luanne Peterpaul,NJ,D,lower,11,,,,unmatched,,,,
ocd-person/78ee83b9-ead4-4a03-89e7-f976d0454408,Margie Donlon,NJ,D,lower,11,,,,unmatched,,,,
ocd-person/028a440f-10cb-49cc-9417-1dfd0cff83e2,Marisa Sweeney,NJ,D,lower,25,,,,unmatched,,,,
ocd-person/af1dfa82-2c03-4b0c-bf63-1eef9e8b6616,Maureen Rowan,NJ,D,lower,2,,,,unmatched,,,,
ocd-person/a33ec105-c8ff-446b-ae8b-1a79f402f983,Melinda Kane,NJ,D,lower,6,,,,unmatched,,,,
ocd-person/9228b053-be5e-4490-aadc-ece59b7421fd,Mike Inganamort,NJ,R,lower,24,,,,unmatched,,,,
ocd-person/4cb8db73-8982-4b4f-9c90-f86b20b217bc,Mike Testa,NJ,R,upper,1,0.72,0.32,2022,matched,,,0.32,
ocd-person/96eb992c-0f0c-4db5-b146-76349604f4d3,Mike Venezia,NJ,D,lower,34,,,,unmatched,,,,
ocd-person/97251dd4-e275-4347-a757-a05366fa5013,Mitchelle Drulis,NJ,D,lower,16,,,,unmatched,,,,
ocd-person/4d47b297-b5f4-4d83-94e6-bb95eb91ecd7,Nick Scutari,NJ,D,upper,22,-0.523,0.6308,2022,matched,,,0.6308,
ocd-person/b656905a-de58-4d36-b433-276788233b1f,Nilsa Cruz-Perez,NJ,D,upper,5,,,,unmatched,,,,
ocd-person/fee23b32-9f92-4951-889e-6d09749a78b9,Owen Henry,NJ,R,upper,12,,,,unmatched,,,,
ocd-person/1dde507a-70ed-4f89-95f8-cd11748a753c,Parker Space,NJ,R,upper,24,,,,unmatched,,,,
ocd-person/16048732-130c-4102-b6e7-2d8faa0c3f52,Patrick Diegnan,NJ,D,upper,18,-0.56,0.64,2022,matched,,,0.64,
ocd-person/e4c2301b-6812-423e-b27a-c40919f4bd5d,Paul Kanitra,NJ,R,lower,10,,,,unmatched,,,,
ocd-person/f15f8b7e-96ee-41e8-b59c-b277927985c0,Paul Moriarty,NJ,D,upper,4,,,,unmatched,,,,
ocd-person/1d8eb6cf-cff2-4948-ba03-7f31fcadd4ec,Paul Sarlo,NJ,D,upper,36,-0.512,0.628,2022,matched,,,0.628,
ocd-person/fe8bf5e4-85ed-423b-b2d8-301f29d3faea,Raj Mukherji,NJ,D,upper,32,,,,unmatched,,,,
ocd-person/27b085de-d164-466e-845b-fc1de27a2da9,Ravi Bhalla,NJ,D,lower,32,,,,unmatched,,,,
ocd-person/b8495630-20f7-4f9e-bf84-2a13a6da3794,Renee Burgess,NJ,D,upper,28,,,,unmatched,,,,
ocd-person/b94db48b-9083-48c9-8b27-3603db14fa3e,Rob Clifton,NJ,R,lower,12,0.867,0.2833,2022,matched,,,0.2833,
ocd-person/d6732f77-1c72-4ee6-8d52-5c9b79987976,Robert Karabinchak,NJ,D,lower,18,-0.585,0.6462,2022,matched,,,0.6462,
ocd-person/f152f2d6-e4ff-4958-996d-532c310ddef1,Rosy Bagolie,NJ,D,lower,27,,,,unmatched,,,,
ocd-person/77b80e3f-bfdd-4c81-b92e-866c17abd398,Roy Freiman,NJ,D,lower,16,-0.681,0.6703,2022,matched,,,0.6703,
ocd-person/ac95c4e3-057b-43bc-8bee-752137bb2d12,Sean Kean,NJ,R,lower,30,0.356,0.411,2022,matched,,,0.411,
ocd-person/49be7512-9343-4189-8769-4497ed129a92,Shama Haider,NJ,D,lower,37,-0.868,0.717,2022,matched,,,0.717,
ocd-person/304c7552-b833-4b9c-b125-39030b8376ff,Shanique Speight,NJ,D,lower,29,-0.689,0.6723,2022,matched,,,0.6723,
ocd-person/26eb8b3c-59a5-49ca-841c-13a569444994,Shirley Turner,NJ,D,upper,15,-0.668,0.667,2022,matched,,,0.667,
ocd-person/901f85af-77c2-4cff-8626-ac510fdc425f,Sterley Stanley,NJ,D,lower,18,-0.726,0.6815,2022,matched,,,0.6815,
ocd-person/c05a0080-95df-4576-a81c-d509fb4a5063,Tennille McCoy,NJ,D,lower,14,,,,unmatched,,,,
ocd-person/907aae0b-1026-405a-9429-cadd01efd79d,Teresa Ruiz,NJ,D,upper,29,-0.625,0.6562,2022,matched,,,0.6562,
ocd-person/f321f20f-b8af-4d0b-85ba-e7b8dcf9ae03,Tony Bucco,NJ,R,upper,25,0.384,0.404,2022,matched,,,0.404,
ocd-person/a1c9ec59-4127-4973-b100-f35c30bb817c,Troy Singleton,NJ,D,upper,7,-0.594,0.6485,2022,matched,,,0.6485,
ocd-person/b432ec8c-f914-47dc-addd-740dfc95daaf,Verlina Reynolds-Jackson,NJ,D,lower,15,,,,unmatched,,,,
ocd-person/379945ef-55af-4b76-96ce-fcddbcb0c1c6,Vicky Flynn,NJ,R,lower,13,1.083,0.2293,2022,matched,,,0.2293,
ocd-person/76afbcca-bed8-4e2e-bc3a-0fd6d53158a5,Vin Gopal,NJ,D,upper,11,-0.663,0.6658,2022,matched,,,0.6658,
ocd-person/5a6bf64a-7731-4e80-8208-e1a18f09762b,Vince Polistina,NJ,R,upper,2,0.77,0.3075,2022,matched,,,0.3075,
ocd-person/3d57728e-0da2-4df4-891e-9cc8e0e9b219,Vinnie Kearney,NJ,D,lower,21,,,,unmatched,,,,
ocd-person/08016f74-f5d6-4554-91b4-385fdbd558a7,Wayne DeAngelo,NJ,D,lower,14,-0.607,0.6518,2022,matched,,,0.6518,
ocd-person/d624fdfb-366e-41f1-83a7-2a8421350d3c,Will Sampson,NJ,D,lower,31,-0.535,0.6338,2022,matched,,,0.6338,
ocd-person/a0d9e9ac-6ede-4e36-8c9e-f7bd83cc704a,Yvonne Lopez,NJ,D,lower,19,-0.611,0.6527,2022,matched,,,0.6527,
ocd-person/be61f240-c0ad-4a98-8ad5-d30f4c5f4a06,Alan Martinez,NM,R,lower,23,1.256,0.186,2022,matched,,,0.186,
ocd-person/c4caca3c-faa3-445f-91e0-cce9edd53a5a,Andi Reeb,NM,R,lower,64,0.961,0.2598,2022,matched,,,0.2598,
ocd-person/ed0ba54a-4fc3-4c50-aa0d-f74b1f0e86f6,Andrea Romero,NM,D,lower,46,-0.813,0.7032,2022,matched,,,0.7032,
ocd-person/5cf6976d-e616-4579-a194-ec3c37260ebd,Andrés Romero,NM,D,lower,10,-0.813,0.7032,2022,matched,,,0.7032,
ocd-person/948ee9a0-a718-46f1-a1fe-35eb97f01fad,Angel Charley,NM,D,upper,30,,,,unmatched,,,,
ocd-person/ea2a9403-248c-4474-aea0-47b45265e0be,Angelica Rubio,NM,D,lower,35,-0.837,0.7092,2022,matched,,,0.7092,
ocd-person/75986bbd-3629-4520-a770-f86c46f423ab,Angelita Mejia,NM,R,lower,58,,,,unmatched,,,,
ocd-person/ee127909-55b5-4854-b3c6-2e45e19b7156,Anita Gonzales,NM,D,lower,70,-0.695,0.6737,2022,matched,,,0.6737,
ocd-person/02d806fd-fb8f-4d66-b9b8-6dacd2bd9656,Ant Thornton,NM,R,upper,19,,,,unmatched,,,,
ocd-person/3dcac810-1d9b-4a4d-9e82-8b6e49eba735,Antoinette Sedillo Lopez,NM,D,upper,16,-0.852,0.713,2022,matched,,,0.713,
ocd-person/057c7d79-a168-4b7b-ae96-66cf41e4f115,Art De La Cruz,NM,D,lower,12,,,,unmatched,,,,
ocd-person/145aba4a-89ba-4c17-b1ec-2f4b568f5048,Benny Shendo,NM,D,upper,22,-0.609,0.6522,2022,matched,,,0.6522,
ocd-person/e0e4fcc9-1e0c-49f8-894d-223c863d61f8,Bill Hall,NM,R,lower,3,0.755,0.3113,2018,matched,,,0.3113,
ocd-person/7a7be318-78b1-49c6-bd98-f2b9b7476372,Bill Sharer,NM,R,upper,1,1.012,0.247,2022,matched,,,0.247,
ocd-person/33aa9a6b-b106-4216-8ea5-82d85cd2250a,Bill Soules,NM,D,upper,37,-0.8,0.7,2022,matched,,,0.7,
ocd-person/5e9a828c-3dfb-4f88-8dfe-f8fccf11ef78,Bobby Gonzales,NM,D,upper,6,-0.748,0.687,2022,matched,,,0.687,
ocd-person/05f3609c-c2a6-42fc-bf6a-5141f8050ff8,Brian Baca,NM,R,lower,8,0.717,0.3207,2022,matched,,,0.3207,
ocd-person/46464f19-1bda-489f-93cf-3772d0445407,Candy Ezzell,NM,R,upper,32,,,,unmatched,,,,
ocd-person/83df260f-2110-4d39-8e19-6a2edc33491d,Carrie Hamblen,NM,D,upper,38,-0.847,0.7117,2022,matched,,,0.7117,
ocd-person/35f36593-4252-4205-b123-cc7236e96954,Catherine Cullen,NM,R,lower,57,,,,unmatched,,,,
ocd-person/8b51e39c-5f4c-48dd-affd-b97c6062d87e,Cathrynn Brown,NM,R,lower,55,1.106,0.2235,2022,matched,,,0.2235,
ocd-person/052e06cd-7f58-4c3c-8640-be1d8842a19b,Charlotte Little,NM,D,lower,68,-0.863,0.7157,2022,matched,,,0.7157,
ocd-person/6ecab682-9ccf-4777-940d-afa418b601b8,Chris Chandler,NM,D,lower,43,-0.755,0.6887,2022,matched,,,0.6887,
ocd-person/631f715e-754c-4410-a967-1e5a928ae971,Cindy Nava,NM,D,upper,9,,,,unmatched,,,,
ocd-person/365e015d-5011-4126-8b07-0b0f90a949c7,Craig Brandt,NM,R,upper,40,0.965,0.2588,2022,matched,,,0.2588,
ocd-person/8819e763-061e-4f30-9828-af635428b41a,Cristina Parajón,NM,D,lower,25,,,,unmatched,,,,
ocd-person/1ed6a003-54c1-4da3-b297-0cec8ddf4882,Crystal Brantley,NM,R,upper,35,,,,unmatched,,,,
ocd-person/2e2ecadf-7236-48c5-8145-e7fea6fcd393,Cynthia Borrego,NM,D,lower,17,-0.695,0.6737,2022,matched,,,0.6737,
ocd-person/9d5296b7-b8b1-40c8-a8ce-246f719b8ff0,David Gallegos,NM,R,upper,41,1.09,0.2275,2022,matched,,,0.2275,
ocd-person/124f1c82-12f1-45ab-b21e-67cc4a529d18,Day Hochman-Vigil,NM,D,lower,15,,,,unmatched,,,,
ocd-person/e347c564-d1f5-4fb8-a24d-47218fa754e7,Debbie O'Malley,NM,D,upper,13,,,,unmatched,,,,
ocd-person/8cb27ec7-dc78-49b1-bc3f-18ad2beb76b6,Debbie Sariñana,NM,D,lower,21,,,,unmatched,,,,
ocd-person/0421351b-6a8c-4731-bf93-5029d6b4feab,Derrick Lente,NM,D,lower,65,-0.686,0.6715,2022,matched,,,0.6715,
ocd-person/c8e6de13-632b-4e09-8d1f-ff8ab2431acc,Diane Torres-Velásquez,NM,D,lower,30,,,,unmatched,,,,
ocd-person/6563f869-64f5-42fb-9707-263fee6f59dc,Doreen Gallegos,NM,D,lower,52,-0.722,0.6805,2022,matched,,,0.6805,
ocd-person/810e1619-ebae-4139-be1e-778e252a09b0,Elaine Sena Cortez,NM,R,lower,62,,,,unmatched,,,,
ocd-person/19ad7971-bfe4-49e2-bc0f-c5416df1f241,Eleanor Chávez,NM,D,lower,26,,,,unmatched,,,,
ocd-person/6677ca7f-f961-44f1-a241-d14280762f5d,Gabriel Ramos,NM,R,upper,28,-0.009,0.5022,2020,matched,,,0.5022,
ocd-person/9564298b-dc55-4037-8205-5eca1c2063dc,Gail Armstrong,NM,R,lower,49,0.973,0.2568,2022,matched,,,0.2568,
ocd-person/b4c20aea-b56c-4a19-a89a-788c53d995d7,George Muñoz,NM,D,upper,4,,,,unmatched,,,,
ocd-person/e7e8e973-411b-45fd-8fd7-7e4ea7d9f1be,Harlan Vincent,NM,R,lower,56,1.11,0.2225,2022,matched,,,0.2225,
ocd-person/713e2881-4ecb-4d66-9bd3-6422c898df91,Harold Pope,NM,D,upper,23,-0.907,0.7268,2022,matched,,,0.7268,
ocd-person/e5d44d75-76df-41fc-87ae-27bc4c943d50,Heather Berghmans,NM,D,upper,15,,,,unmatched,,,,
ocd-person/56e025c5-7367-4e17-98eb-d7a5cf0b5688,Howie C. Morales,NM,D,executive,,,,,unmatched,,,,
ocd-person/c41b373a-7376-4084-b0de-3648cfce9b05,Jack Chatfield,NM,R,lower,67,1.233,0.1917,2022,matched,,,0.1917,
ocd-person/bc8985ad-c6e6-42cd-b2d5-30688e4616a1,Janelle Anyanonu,NM,D,lower,19,-0.833,0.7083,2022,matched,,,0.7083,
ocd-person/221a42af-f54f-4e66-b648-9b0028165595,Javier Martínez,NM,D,lower,11,,,,unmatched,,,,
ocd-person/ee5fab91-b6eb-43be-bf26-300302eec5d1,Jay Block,NM,R,upper,12,,,,unmatched,,,,
ocd-person/601202fc-f916-4be1-ae20-8c437293817e,Jeff Steinborn,NM,D,upper,36,-0.823,0.7057,2022,matched,,,0.7057,
ocd-person/6968fa09-cbf8-42a5-a5a6-132b0b663103,Jenifer Jones,NM,R,lower,32,1.518,0.1205,2022,matched,,,0.1205,
ocd-person/667a8a3c-dbe9-4aba-b768-e90be503df88,Jim Townsend,NM,R,upper,34,,,,unmatched,,,,
ocd-person/d92a32b1-e3ef-43d7-8e63-c24e59c52b3d,Jimmy Mason,NM,R,lower,66,1.225,0.1937,2022,matched,,,0.1937,
ocd-person/05309266-c7a0-455b-94f2-ebf1d436daff,Joanne Ferrary,NM,D,lower,37,-0.805,0.7013,2022,matched,,,0.7013,
ocd-person/14f0186e-bf9b-46aa-aa00-1ccc8f58490b,Joe Cervantes,NM,D,upper,31,-0.6,0.65,2022,matched,,,0.65,
ocd-person/fd2e3bdc-3ca7-495c-b853-8a4db020e4d0,John Block,NM,R,lower,51,1.158,0.2105,2022,matched,,,0.2105,
ocd-person/3c29303f-1a07-4767-9172-b7f453918d77,Jon Henry,NM,R,lower,54,,,,unmatched,,,,
ocd-person/854e0c8a-0093-4282-8544-8d20bafde8f6,Joseph Hernandez,NM,D,lower,4,0.252,0.437,2022,matched,,,0.437,
ocd-person/0ed175a3-3c71-4b42-bf53-9435d0f93f52,Joseph Sanchez,NM,D,lower,40,-0.739,0.6847,2022,matched,,,0.6847,
ocd-person/71b8feb5-0bbd-45bd-9b25-c6dc7642962b,Josh Hernandez,NM,R,lower,60,0.252,0.437,2022,matched,,,0.437,
ocd-person/82528266-9d6a-4fb3-854e-be9ab6a549b7,Joshua Sanchez,NM,R,upper,29,1.327,0.1683,2022,matched,,,0.1683,
ocd-person/930a9ffb-d292-49d5-8c43-c42bdab290ff,Joy Garratt,NM,D,lower,29,-0.825,0.7063,2022,matched,,,0.7063,
ocd-person/73fc9839-619a-4ad5-bbbd-dfaf7f308e09,Kathleen Cates,NM,D,lower,44,-0.806,0.7015,2022,matched,,,0.7015,
ocd-person/cce76180-bf09-413a-9d9d-1cc8ae7cf2db,Katy Duhigg,NM,D,upper,10,-0.784,0.696,2022,matched,,,0.696,
ocd-person/0dd8a8ff-99c5-4d1a-90fb-3b74398a4141,Kristina Ortez,NM,D,lower,42,-0.842,0.7105,2022,matched,,,0.7105,
ocd-person/febbd8f4-a85e-476c-b96f-52f4f759f8c7,Larry Scott,NM,R,upper,42,,,,unmatched,,,,
ocd-person/9b0d6912-d333-4ae7-b626-ce643099a43d,Leo Jaramillo,NM,D,upper,5,-0.795,0.6987,2022,matched,,,0.6987,
ocd-person/ecc60fc8-8598-4650-8a55-6e91d24e991e,Linda López,NM,D,upper,11,,,,unmatched,,,,
ocd-person/570bb94a-0500-44de-8983-ca259e0d4a60,Linda Serrato,NM,D,lower,45,-0.748,0.687,2022,matched,,,0.687,
ocd-person/4cbcf352-3f7a-412d-afc6-568dc4b94400,Linda Trujillo,NM,D,upper,24,-0.766,0.6915,2020,matched,,,0.6915,
ocd-person/1ed4e059-94c6-4404-b28e-0dc572112d03,Liz Stefanics,NM,D,upper,39,-0.822,0.7055,2022,matched,,,0.7055,
ocd-person/13ad8eb1-a64f-4a08-8c68-a1488466128f,Liz Thomson,NM,D,lower,24,-0.942,0.7355,2022,matched,,,0.7355,
ocd-person/6f02eec7-0afe-4f15-ad56-653148da00c0,Luis Terrazas,NM,R,lower,39,1.12,0.22,2022,matched,,,0.22,
ocd-person/c2fb0283-189c-4b0c-9d99-7b70d2f62c40,Marian Matthews,NM,D,lower,27,-0.848,0.712,2022,matched,,,0.712,
ocd-person/bc194113-8c8a-4cba-b1f4-25269c72a9fd,Marianna Anaya,NM,D,lower,18,-0.847,0.7117,2020,matched,,,0.7117,
ocd-person/aa8f331c-d541-4acd-b025-e218e01764e2,Mark Duncan,NM,R,lower,2,0.923,0.2692,2022,matched,,,0.2692,
ocd-person/406c0ab4-c372-42bc-ba14-77181dc7c418,Mark Murphy,NM,R,lower,59,,,,unmatched,,,,
ocd-person/fb0443f9-b6d7-4b3b-a87e-0d8b143ed64b,Martha Garcia,NM,D,lower,6,-0.744,0.686,2022,matched,,,0.686,
ocd-person/88fd357f-3fb1-4c2b-b49b-555231011c46,Martin Hickey,NM,D,upper,20,-0.708,0.677,2022,matched,,,0.677,
ocd-person/dc968f82-503e-4246-9124-b880fd6ae3ae,Martin Zamora,NM,R,lower,63,1.139,0.2152,2022,matched,,,0.2152,
ocd-person/e3affc46-1790-48ba-ae36-5c00473d6c35,Matthew McQueen,NM,D,lower,50,-0.828,0.707,2022,matched,,,0.707,
ocd-person/ac49b3cf-9fb8-4fa1-af55-4b35a6570c87,Meredith Dixon,NM,D,lower,20,-0.836,0.709,2022,matched,,,0.709,
ocd-person/5b9af862-0f9f-42b2-a694-f80055129d6c,Micaela Cadena,NM,D,lower,33,-0.744,0.686,2022,matched,,,0.686,
ocd-person/ce888eff-62f5-41c0-9114-651c43f77aba,Michael Padilla,NM,D,upper,14,-0.628,0.657,2022,matched,,,0.657,
ocd-person/cb607080-ff7b-48c8-acf4-0180e6e2f999,Michelle Lujan Grisham,NM,D,executive,,,,,unmatched,,,,
ocd-person/3363aa83-2490-4631-b04b-9a52fdbad14b,Miguel García,NM,D,lower,14,,,,unmatched,,,,
ocd-person/f1144347-0a16-43e4-97b9-01308a890631,Mimi Stewart,NM,D,upper,17,-0.785,0.6963,2022,matched,,,0.6963,
ocd-person/2913173a-2bfe-4474-8bdc-d145f868c4de,Moe Maestas,NM,D,upper,26,,,,unmatched,,,,
ocd-person/48969449-b004-4ca3-a72b-8508e95e0051,Natalie Figueroa,NM,D,upper,18,,,,unmatched,,,,
ocd-person/57440e55-06ad-4f1f-8aa5-3bdd31a805dd,Nathan Small,NM,D,lower,36,-0.825,0.7063,2022,matched,,,0.7063,
ocd-person/f2ed2dd1-ba2d-48cd-8365-cbb149b459e9,Nicole Chavez,NM,R,lower,31,1.162,0.2095,2022,matched,,,0.2095,
ocd-person/daefbf8d-768f-4dab-8f4f-0a272e2cb697,Nicole Tobiassen,NM,R,upper,21,,,,unmatched,,,,
ocd-person/800d2a2e-1622-4ab2-b290-3c537b38bdf8,Pamelya Herndon,NM,D,lower,28,-0.869,0.7172,2022,matched,,,0.7172,
ocd-person/4093c9b8-d07a-4a12-b13b-abbd4130b1fe,Pat Boone,NM,R,upper,27,,,,unmatched,,,,
ocd-person/20dc90cf-7805-4609-8631-45db1973cd5c,Pat Roybal Caballero,NM,D,lower,13,,,,unmatched,,,,
ocd-person/6a28626b-9919-4d77-9b62-44ad1d45215d,Pat Woods,NM,R,upper,7,1.114,0.2215,2022,matched,,,0.2215,
ocd-person/94eed261-74bb-4f8b-a0ab-62b2a7ff8e98,Patty Lundstrom,NM,D,lower,9,-0.277,0.5693,2022,matched,,,0.5693,
ocd-person/8cc272e5-bf6a-441e-9b0a-407ed6361afa,Paulene Abeyta,NM,D,lower,69,,,,unmatched,,,,
ocd-person/e2f7dd70-36fc-4b65-8dfd-19fcc1d63e38,Pete Campos,NM,D,upper,8,-0.678,0.6695,2022,matched,,,0.6695,
ocd-person/7595b557-0c70-44e3-a26b-af533d1ca94d,Peter Wirth,NM,D,upper,25,-0.67,0.6675,2022,matched,,,0.6675,
ocd-person/a36bdc41-5666-4208-b8f0-8d9012d31f22,Randy Pettigrew,NM,R,lower,61,1.076,0.231,2022,matched,,,0.231,
ocd-person/e8d69d4c-dfd4-4e22-939a-cc356ba7ac05,Ray Lara,NM,D,lower,34,-0.711,0.6777,2022,matched,,,0.6777,
ocd-person/d52c0e56-76f1-4b81-a62c-2a3dd7abcc4e,Raúl Torrez,NM,D,executive,,,,,unmatched,,,,
ocd-person/2904a9a3-7e21-4c6f-b40a-e79288ca1b49,Rebecca Dow,NM,R,lower,38,1.307,0.1733,2020,matched,,,0.1733,
ocd-person/0b7d9451-0462-4064-b28e-6d44123edd1e,Reena Szczepanski,NM,D,lower,47,-0.739,0.6847,2022,matched,,,0.6847,
ocd-person/0884aac3-cddb-4374-88e1-94bf623410f3,Rex Wilson,NM,R,upper,33,,,,unmatched,,,,
ocd-person/948ba2f7-fd71-42ed-a35a-e692b76d2ca2,Rod Montoya,NM,R,lower,1,1.077,0.2308,2022,matched,,,0.2308,
ocd-person/a9377979-b109-4e11-b338-89b203c04527,Sarah Silva,NM,D,lower,53,,,,unmatched,,,,
ocd-person/fa98430a-5031-4c64-bd6d-8a6f0cc4043e,Shannon Pinto,NM,D,upper,3,-0.75,0.6875,2022,matched,,,0.6875,
ocd-person/eef5df5d-b9da-4ac3-9a3e-7f6ba775e6d7,Stefani Lord,NM,R,lower,22,1.201,0.1997,2022,matched,,,0.1997,
ocd-person/82ac8832-cb59-4ea3-b6e7-a74e2115f37d,Steve Lanier,NM,R,upper,2,,,,unmatched,,,,
ocd-person/d5d0e9d9-bd6f-4f28-9a3f-13a56cadcc0f,Susan Herrera,NM,D,lower,41,-0.95,0.7375,2022,matched,,,0.7375,
ocd-person/f2394325-2797-4403-8f77-7f4dd3db0bb9,Tanya Moya,NM,R,lower,7,,,,unmatched,,,,
ocd-person/a564eb5c-5c29-43ef-a40f-241efb70ef8d,Tara Luján,NM,D,lower,48,,,,unmatched,,,,
ocd-person/69fcccf7-9cfb-4c8f-978a-c85fbd55922d,Wonda Johnson,NM,D,lower,5,1.218,0.1955,2022,matched,,,0.1955,
ocd-person/bc947ac1-c584-4e5f-84a9-ea9f6ac959c6,Yanira Gurrola,NM,D,lower,16,,,,unmatched,,,,
ocd-person/dff234fa-8563-4028-982e-c0a221d99fd9,Al Stirpe,NY,D,lower,127,-0.725,0.6813,2022,matched,,,0.6813,
ocd-person/c197076b-7dde-4f90-b04f-352053fbab94,Al Taylor,NY,D,lower,71,-0.686,0.6715,2022,matched,,,0.6715,
ocd-person/69640dce-9d99-45a3-83b5-cbdc1dc2f2e5,Alec Brook-Krasny,NY,R,lower,46,,,,unmatched,,,,
ocd-person/9c986c4c-5371-4b77-b095-5a7283a93729,Alex Bores,NY,D,lower,73,-0.733,0.6833,2022,matched,,,0.6833,
ocd-person/9dd382bd-0f4f-4a99-ad58-679e26114f70,Alexis Weik,NY,R,upper,8,1.041,0.2398,2022,matched,,,0.2398,
ocd-person/2196fbda-e731-4e6b-a221-7bf5e25b8b95,Alicia Hyndman,NY,D,lower,29,-0.715,0.6787,2022,matched,,,0.6787,
ocd-person/3647609d-4772-4afe-a2c0-1f628a6c11ec,Amanda Septimo,NY,D,lower,84,-0.51,0.6275,2018,matched,,,0.6275,
ocd-person/f0f08f55-cf1f-477c-a5f8-a7f2382e5fa8,Amy Paulin,NY,D,lower,88,-0.596,0.649,2022,matched,,,0.649,
ocd-person/b46dbcbc-500c-4d28-ac9b-cf2a7291e79f,Andrea Bailey,NY,R,lower,133,,,,unmatched,,,,
ocd-person/5f3e7bcf-9e43-423b-946b-982cc6ecc154,Andrea Stewart-Cousins,NY,D,upper,35,,,,unmatched,,,,
ocd-person/ae1f415b-958c-4a4c-805b-626e6eca5fe3,Andrew Gounardes,NY,D,upper,26,-0.738,0.6845,2022,matched,,,0.6845,
ocd-person/2a9aad09-337f-4fd0-8e87-70afd78ac8cc,Andrew Hevesi,NY,D,lower,28,-0.427,0.6068,2022,matched,,,0.6068,
ocd-person/8dd98240-93c9-486a-b6c6-3a794b232090,Andrew Lanza,NY,R,upper,24,0.214,0.4465,2022,matched,,,0.4465,
ocd-person/ba5fb3f1-a049-45a1-abd7-77b132e789d6,Andrew Molitor,NY,R,lower,150,,,,unmatched,,,,
ocd-person/461e374c-cde4-4865-9fec-141502275a8b,Angelo Morinello,NY,R,lower,145,0.357,0.4108,2022,matched,,,0.4108,
ocd-person/0193e8ea-3830-45af-86e7-34427396a7b4,Angelo Santabarbara,NY,D,lower,111,-0.624,0.656,2022,matched,,,0.656,
ocd-person/b4820549-d7f0-4f0f-abef-74d3b1515ed9,Anil Beephan,NY,R,lower,105,1.243,0.1892,2022,matched,,,0.1892,
ocd-person/edde17c2-c810-4ec8-97c3-4cc0ea2e32d0,Anna Kelles,NY,D,lower,125,-0.888,0.722,2022,matched,,,0.722,
ocd-person/6a95f6b7-1eb0-439b-af25-c9b26d19de9e,Antonio Delgado,NY,D,executive,,,,,unmatched,,,,
ocd-person/b1371ded-fa50-44d8-8fad-a8532b98406a,April Baskin,NY,D,upper,63,,,,unmatched,,,,
ocd-person/38ed0365-1654-4a2d-bb23-4428736df57f,Ari Brown,NY,R,lower,20,0.528,0.368,2022,matched,,,0.368,
ocd-person/46209ced-aa04-4316-8a17-97fb02e83320,Aron Wieder,NY,D,lower,97,,,,unmatched,,,,
ocd-person/b03e8fcb-e9e1-4096-9483-654b3383341b,Bill Conrad,NY,D,lower,140,-0.756,0.689,2022,matched,,,0.689,
ocd-person/0507a521-7806-4d5c-ac7d-e50599bb32a6,Bill Magnarelli,NY,D,lower,129,-0.457,0.6142,2022,matched,,,0.6142,
ocd-person/8285be34-48a9-4bbe-b231-f8e5f40df301,Bill Weber,NY,R,upper,38,1.307,0.1733,2022,matched,,,0.1733,
ocd-person/27a087c4-fad6-4245-b680-20aff5c3251c,Brian Cunningham,NY,D,lower,43,-1.235,0.8088,2022,matched,,,0.8088,
ocd-person/934d4a02-a27c-4682-a31f-5a8372ceaaf9,Brian Kavanagh,NY,D,upper,27,-0.651,0.6627,2022,matched,,,0.6627,
ocd-person/2830bc0a-4507-4710-8c4f-17b3ac5d414b,Brian Maher,NY,R,lower,101,0.746,0.3135,2022,matched,,,0.3135,
ocd-person/2ef71a27-afab-49e4-9c52-d3954352242f,Brian Manktelow,NY,R,lower,130,1.253,0.1868,2022,matched,,,0.1868,
ocd-person/ad93da57-8a9a-4dc0-bc2c-2488c0331d16,Brian Miller,NY,R,lower,122,0.928,0.268,2022,matched,,,0.268,
ocd-person/2049da3a-132c-47b4-b53d-c28b574fff63,Carl Heastie,NY,D,lower,83,-0.34,0.585,2022,matched,,,0.585,
ocd-person/6d6f344e-39b8-401f-807e-c88924fb2793,Carrie Woerner,NY,D,lower,113,-0.807,0.7017,2022,matched,,,0.7017,
ocd-person/864e417d-df2e-4207-83e4-98450555f48a,Catalina Cruz,NY,D,lower,39,-0.749,0.6873,2022,matched,,,0.6873,
ocd-person/2a9ffeeb-e46e-4d98-8376-b07310112672,Chantel Jackson,NY,D,lower,79,-0.822,0.7055,2022,matched,,,0.7055,
ocd-person/5390ebc9-7fbe-4be9-91c4-b28b59f7fd2f,Charles Fall,NY,D,lower,61,-0.774,0.6935,2022,matched,,,0.6935,
ocd-person/3bb6eebd-d57b-4592-bc52-9ce338df9ccf,Charles Lavine,NY,D,lower,13,-0.402,0.6005,2022,matched,,,0.6005,
ocd-person/35febe88-13a1-4611-b0e3-2088c719db24,Chris Burdick,NY,D,lower,93,-0.718,0.6795,2022,matched,,,0.6795,
ocd-person/fe66bda1-2564-4f24-8798-0cd8993a0f12,Chris Eachus,NY,D,lower,99,-0.757,0.6893,2022,matched,,,0.6893,
ocd-person/a73679bf-ac98-4319-95b8-d226bc9aba77,Chris Friend,NY,R,lower,124,1.083,0.2293,2020,matched,,,0.2293,
ocd-person/58b03f1c-af64-4079-8c24-e76dd0028166,Chris Ryan,NY,D,upper,50,-0.559,0.6398,2022,matched,,,0.6398,
ocd-person/4af5cab3-9d9c-4d27-8eda-d39dcaa74bd0,Chris Tague,NY,R,lower,102,0.976,0.256,2022,matched,,,0.256,
ocd-person/9147362c-8b83-49ff-8fab-4d48a77eebc9,Claire Valdez,NY,D,lower,37,,,,unmatched,,,,
ocd-person/b8a0fb1e-422b-44b7-846e-82d2998a0bf5,Clyde Vanel,NY,D,lower,33,-0.697,0.6743,2022,matched,,,0.6743,
ocd-person/c5c492e5-7c34-4b6f-862e-185248e89f18,Cordell Cleare,NY,D,upper,30,-0.898,0.7245,2022,matched,,,0.7245,
ocd-person/7638e8d0-2a84-4325-bcfd-7a2e8e604077,Crystal Peoples-Stokes,NY,D,lower,141,,,,unmatched,,,,
ocd-person/7bb8c8bc-0238-4fd2-8dff-e5f2b2aaa92a,Dan Stec,NY,R,upper,45,0.555,0.3612,2022,matched,,,0.3612,
ocd-person/3069edfe-7ff7-4a14-8223-f23b294b3a04,Dana Levenberg,NY,D,lower,95,-1.088,0.772,2022,matched,,,0.772,
ocd-person/2e502adc-4b0e-46fa-b5d4-0d2f7696db49,Danny Norber,NY,R,lower,16,,,,unmatched,,,,
ocd-person/67c280c8-c9a5-4eff-93de-480570d6a414,Dave DiPietro,NY,R,lower,147,0.542,0.3645,2022,matched,,,0.3645,
ocd-person/9f3ae1c5-651b-4cc8-a1ce-9e94c414a220,Dave McDonough,NY,R,lower,14,0.445,0.3887,2022,matched,,,0.3887,
ocd-person/df0c2fdc-3cf4-4c89-849a-b62ac2d7d2d4,David Weprin,NY,D,lower,24,-0.736,0.684,2022,matched,,,0.684,
ocd-person/8ff653e0-5aa6-4692-ac54-25ed36e32f97,Dean Murray,NY,R,upper,3,0.901,0.2747,2022,matched,,,0.2747,
ocd-person/5a9c40ed-69dc-4004-b34a-cc943428f8b1,Deborah Glick,NY,D,lower,66,-0.783,0.6957,2022,matched,,,0.6957,
ocd-person/34f326e1-6e7e-40b2-9ece-10856986cb1b,Demond Meeks,NY,D,lower,137,-0.737,0.6843,2022,matched,,,0.6843,
ocd-person/6c065b35-fb5f-42fe-95e8-663c823d5386,Diana Moreno,NY,D,lower,36,,,,unmatched,,,,
ocd-person/da883f7a-698b-49d6-8519-11bab87823cf,Didi Barrett,NY,D,lower,106,-0.847,0.7117,2022,matched,,,0.7117,
ocd-person/d6939215-ec08-437b-beea-3b9898d0f61b,Donna Lupardo,NY,D,lower,123,-0.564,0.641,2022,matched,,,0.641,
ocd-person/70d249e7-22a2-4536-892f-a61aa22723e4,Doug Smith,NY,R,lower,5,0.623,0.3443,2022,matched,,,0.3443,
ocd-person/b7e93c8c-9a4b-4678-8d6a-effce9a76938,Ed Braunstein,NY,D,lower,26,-0.516,0.629,2022,matched,,,0.629,
ocd-person/42d68829-d969-44d1-9e22-042a6e787dc5,Ed Ra,NY,R,lower,19,0.801,0.2997,2022,matched,,,0.2997,
ocd-person/5764a626-de74-4d88-bc53-b43b523aa75c,Eddie Gibbs,NY,D,lower,68,-0.715,0.6787,2022,matched,,,0.6787,
ocd-person/81456b86-152f-4764-a489-dade7cc572c6,Emily Gallagher,NY,D,lower,50,-0.911,0.7278,2022,matched,,,0.7278,
ocd-person/4af19dc2-41c7-4b7e-b271-b23e20e1ccb1,Emérita Torres,NY,D,lower,85,-0.886,0.7215,2022,matched,,,0.7215,
ocd-person/d55adf3d-ba23-47c8-a844-ee28227983c0,Erik Bottcher,NY,D,upper,47,,,,unmatched,,,,
ocd-person/489a01e1-6a0f-4907-bc00-110020e2f27d,Erik Dilan,NY,D,lower,54,-0.21,0.5525,2022,matched,,,0.5525,
ocd-person/0a053bbf-e97b-44aa-a38f-83ad7f9682ac,Gabriella Romero,NY,D,lower,109,,,,unmatched,,,,
ocd-person/be7ad489-073e-476e-82a0-992ca0569b99,Gary Pretlow,NY,D,lower,89,-0.534,0.6335,2022,matched,,,0.6335,
ocd-person/722e778a-7824-49fb-bb44-ba1da8bab675,George Alvarez,NY,D,lower,78,-0.514,0.6285,2022,matched,,,0.6285,
ocd-person/676247d1-048f-45de-b265-34069edb2be0,George Borrello,NY,R,upper,57,0.995,0.2512,2022,matched,,,0.2512,
ocd-person/18830756-58c1-4fd1-b1b0-d16041b10e12,Grace Lee,NY,D,lower,65,-0.791,0.6977,2022,matched,,,0.6977,
ocd-person/068528ac-bc5e-449f-a4df-4541f8c09415,Gustavo Rivera,NY,D,upper,33,-0.614,0.6535,2018,matched,,,0.6535,
ocd-person/a23e140f-4beb-43d5-b850-198ff81a75f3,Harry Bronson,NY,D,lower,138,-0.536,0.634,2022,matched,,,0.634,
ocd-person/e053b536-631c-47a7-a3af-adb30dab37de,Jabari Brisport,NY,D,upper,25,-1.038,0.7595,2022,matched,,,0.7595,
ocd-person/7f031836-0a9e-46d2-bcab-7cc6a14848df,Jack Martins,NY,R,upper,7,0.448,0.388,2022,matched,,,0.388,
ocd-person/67047d73-acc1-4d6f-b580-fbeee33cc1f8,Jaime Williams,NY,D,lower,59,-0.655,0.6638,2022,matched,,,0.6638,
ocd-person/b03d69c0-0ea1-4524-86e6-c6b20797a2eb,Jake Ashby,NY,R,upper,43,0.996,0.251,2022,matched,,,0.251,
ocd-person/aa1af232-61bb-427c-b30e-81169c18d15d,Jake Blumencranz,NY,R,lower,15,0.881,0.2797,2022,matched,,,0.2797,
ocd-person/6872ad9e-fcba-426f-a9ef-b4495dba17f5,Jamaal Bailey,NY,D,upper,36,-0.687,0.6718,2022,matched,,,0.6718,
ocd-person/e00ee209-a6a5-4ca1-8ac6-f403e1cbcca2,James Sanders,NY,D,upper,10,-0.51,0.6275,2022,matched,,,0.6275,
ocd-person/c1f048f2-6e1d-4e1b-b161-d97e2f16c1f8,James Skoufis,NY,D,upper,42,-0.634,0.6585,2022,matched,,,0.6585,
ocd-person/603a62e0-5ca7-4259-b071-db52bc9f2569,Jarett Gandolfo,NY,R,lower,7,0.943,0.2642,2022,matched,,,0.2642,
ocd-person/4910460d-6cb9-4f35-8459-19e5a4de579e,Jeff Gallahan,NY,R,lower,131,1.025,0.2438,2022,matched,,,0.2438,
ocd-person/ff604a07-1aaf-4e61-b070-dd478f42cea5,Jeffrey Dinowitz,NY,D,lower,81,-0.455,0.6138,2022,matched,,,0.6138,
ocd-person/f6394f20-1953-434b-a2bb-2d255d4fafbe,Jen Lunsford,NY,D,lower,135,-0.787,0.6967,2022,matched,,,0.6967,
ocd-person/029fb490-649e-4dbf-b7fc-6cf46ea433ff,Jenifer Rajkumar,NY,D,lower,38,-0.639,0.6598,2022,matched,,,0.6598,
ocd-person/6d73b968-c1db-434e-9876-de2fdff30d89,Jeremy Cooney,NY,D,upper,56,-0.807,0.7017,2022,matched,,,0.7017,
ocd-person/6409bcf6-2def-4150-bf11-292ec93b72f6,Jeremy Zellner,NY,D,upper,61,,,,unmatched,,,,
ocd-person/5a115673-aa3c-4518-94bc-b2a5dadeb8af,Jessica González-Rojas,NY,D,lower,34,,,,unmatched,,,,
ocd-person/a0b3e01c-d323-4624-a0da-6a1e2b0dfb31,Jessica Ramos,NY,D,upper,13,-0.948,0.737,2022,matched,,,0.737,
ocd-person/84b5ed8b-c048-4d62-ab8f-17d217605301,Jessica Scarcella-Spanton,NY,D,upper,23,,,,unmatched,,,,
ocd-person/975453b1-113a-40e9-8036-53e714a47b66,Jim Tedisco,NY,R,upper,44,0.629,0.3427,2018,matched,,,0.3427,
ocd-person/21da6116-bec3-44a4-9e0b-a68eef91222d,Jo Anne Simon,NY,D,lower,52,-0.865,0.7163,2022,matched,,,0.7163,
ocd-person/983d7603-0ccc-4995-8afe-2ece30a487c7,Jodi Giglio,NY,R,lower,2,0.881,0.2797,2022,matched,,,0.2797,
ocd-person/f3a41618-3c28-4bab-9a56-ef49c9cafcec,Joe Addabbo,NY,D,upper,15,-0.566,0.6415,2022,matched,,,0.6415,
ocd-person/cc6881df-b386-488d-bbc1-71e71b808306,Joe Angelino,NY,R,lower,121,1.053,0.2368,2022,matched,,,0.2368,
ocd-person/691f0b4b-a2b3-47d6-b5ba-6bf503340e10,Joe DeStefano,NY,R,lower,3,0.598,0.3505,2022,matched,,,0.3505,
ocd-person/738fe4f1-dfee-40c6-9f00-f793ea369dbc,Joe Griffo,NY,R,upper,53,0.28,0.43,2022,matched,,,0.43,
ocd-person/45837ecf-38a2-41cb-9de1-eae175a32dfe,Joe Sempolinski,NY,R,lower,148,,,,unmatched,,,,
ocd-person/21b7fbbb-6f39-4251-884d-3d4a146a0874,John Lemondes,NY,R,lower,126,0.964,0.259,2022,matched,,,0.259,
ocd-person/eee14916-d196-4857-a64a-b6e952db7a53,John Liu,NY,D,upper,16,-0.592,0.648,2022,matched,,,0.648,
ocd-person/0ce05d4e-e231-4d3e-8ba5-179499230adc,John McDonald,NY,D,lower,108,-0.598,0.6495,2022,matched,,,0.6495,
ocd-person/d0ecfe0a-9f41-4deb-9829-7c1c16a7c498,John Mikulin,NY,R,lower,17,0.898,0.2755,2022,matched,,,0.2755,
ocd-person/a956438d-7d17-4148-a581-ad398baa0d6a,John Zaccaro,NY,D,lower,80,,,,unmatched,,,,
ocd-person/869acf23-9c50-48da-897c-515c5a7adcfe,Jon Rivera,NY,D,lower,149,-0.415,0.6038,2022,matched,,,0.6038,
ocd-person/105874fa-018e-4e77-8190-7f6d59538386,Jonathan Jacobson,NY,D,lower,104,-0.756,0.689,2022,matched,,,0.689,
ocd-person/3f77833f-4ab3-45b2-9cca-ee51f69e65ba,Jordan Wright,NY,D,lower,70,-0.96,0.74,2018,matched,,,0.74,
ocd-person/31d058e9-909a-46b5-8e66-21a3e86b5a56,Jose Serrano,NY,D,upper,29,-0.578,0.6445,2022,matched,,,0.6445,
ocd-person/74b2a05d-ca30-400a-b773-7fb8e24ada63,Josh Jensen,NY,R,lower,134,0.693,0.3267,2022,matched,,,0.3267,
ocd-person/0084a20e-9727-44d0-a60e-f074d17e65ef,Judy Griffin,NY,D,lower,21,-0.722,0.6805,2022,matched,,,0.6805,
ocd-person/6c410f28-9316-45db-935d-52764c90b4ae,Julia Salazar,NY,D,upper,18,-1.015,0.7537,2022,matched,,,0.7537,
ocd-person/ad60765d-3d3c-4523-9c75-0a81af0e85e9,Kalman Yeger,NY,D,lower,41,,,,unmatched,,,,
ocd-person/e37b1683-f103-4c4d-80bd-1b255cc1ce08,Karen McMahon,NY,D,lower,146,-0.761,0.6903,2022,matched,,,0.6903,
ocd-person/ddcffc59-f65a-426c-8390-9a28d1f1533d,Karines Reyes,NY,D,lower,87,-0.636,0.659,2022,matched,,,0.659,
ocd-person/8378f15a-1d99-4cd6-aaad-f36b3bc57e1e,Karl Brabenec,NY,R,lower,98,0.938,0.2655,2022,matched,,,0.2655,
ocd-person/ccdd914d-9853-4fd2-9a80-ce6c962cdd18,Kathy Hochul,NY,D,executive,,,,,unmatched,,,,
ocd-person/c54d76b7-c535-44f9-b534-d20d689f594e,Keith Brown,NY,R,lower,12,0.528,0.368,2022,matched,,,0.368,
ocd-person/c99b7832-4dae-4ad3-b94a-41b50f99fd8f,Keith Powers,NY,D,lower,74,1.661,0.0847,2020,matched,,,0.0847,
ocd-person/f9d3d599-6a28-4110-9347-8a5e35d2274a,Ken Blankenbush,NY,R,lower,117,0.557,0.3608,2022,matched,,,0.3608,
ocd-person/dbf73f29-d4ce-4192-b8fe-42b3ac538dda,Kevin Parker,NY,D,upper,21,-0.473,0.6182,2022,matched,,,0.6182,
ocd-person/cf330444-ddcb-44aa-882d-f1488c42533e,Khaleel Anderson,NY,D,lower,31,-0.79,0.6975,2022,matched,,,0.6975,
ocd-person/f96b188a-83e0-4eab-876f-964e06d721d4,Kristen Gonzalez,NY,D,upper,59,-1.025,0.7562,2022,matched,,,0.7562,
ocd-person/3240ab03-fbf2-4614-ae92-309f1abf415a,Kwani O'Pharrow,NY,D,lower,11,,,,unmatched,,,,
ocd-person/4f486e74-0735-42fd-ab1c-9816a0ced550,Landon Dais,NY,D,lower,77,,,,unmatched,,,,
ocd-person/e06291fc-b2dc-4c19-a9da-fa4bdb9934e1,Larinda Hooks,NY,D,lower,35,,,,unmatched,,,,
ocd-person/88a4af90-81b8-4d72-a57c-518a20a0881b,Latrice Walker,NY,D,lower,55,-0.683,0.6707,2022,matched,,,0.6707,
ocd-person/a0876791-c573-4028-8c61-f7bbac545074,Lea Webb,NY,D,upper,52,-1.084,0.771,2022,matched,,,0.771,
ocd-person/dbc5723f-2fad-4c3e-b051-5ea05706340f,Leroy Comrie,NY,D,upper,14,-0.481,0.6202,2022,matched,,,0.6202,
ocd-person/b43ab7e1-e8f3-4b46-905e-ebfdded05b80,Lester Chang,NY,R,lower,49,0.384,0.404,2022,matched,,,0.404,
ocd-person/a620faf8-81e3-490e-8d26-dbf84c707786,Letitia James,NY,D,executive,,,,,unmatched,,,,
ocd-person/2c20fb3d-4c95-4494-ac3b-a1ab93f72439,Linda Rosenthal,NY,D,lower,67,-0.638,0.6595,2022,matched,,,0.6595,
ocd-person/638d1d66-ccbe-4107-b7fb-f3d22cb2ec9c,Liz Krueger,NY,D,upper,28,-0.724,0.681,2018,matched,,,0.681,
ocd-person/1e5af6bc-1643-4cfd-b4c1-8b2e86b02c2d,Luis Sepúlveda,NY,D,upper,32,,,,unmatched,,,,
ocd-person/e9e827d2-5eb7-4c53-bec7-d6a9fdef82fa,Manny De Los Santos,NY,D,lower,72,,,,unmatched,,,,
ocd-person/1dd95774-3fbe-43a8-ac78-6b4d05146e27,Marcela Mitaynes,NY,D,lower,51,-1.033,0.7582,2022,matched,,,0.7582,
ocd-person/ac084b72-95c0-46df-96c9-be727ccf35ff,Marianne Buttenschon,NY,D,lower,119,-0.712,0.678,2022,matched,,,0.678,
ocd-person/04f9beb9-b562-4f2f-9f23-4856fe0fd0dc,Mario Mattera,NY,R,upper,2,-0.768,0.692,2022,matched,,,0.692,
ocd-person/6dfd759c-edcb-45d9-ac9a-9064a69d5f4a,Maritza Davila,NY,D,lower,53,-0.576,0.644,2022,matched,,,0.644,
ocd-person/615c8d33-9652-4163-87b9-0fc82fc09b8c,Mark Walczyk,NY,R,upper,49,0.555,0.3612,2022,matched,,,0.3612,
ocd-person/f83f11f2-bfdb-4f84-925a-ae04c97b990e,Mary Beth Walsh,NY,R,lower,112,0.948,0.263,2022,matched,,,0.263,
ocd-person/18f58d92-0a20-4ec1-a2dd-e77a10280e9b,MaryJane Shimsky,NY,D,lower,92,-0.716,0.679,2022,matched,,,0.679,
ocd-person/22ef60e3-2d31-41a1-b063-03f307e6414e,Matt Simpson,NY,R,lower,114,0.843,0.2893,2022,matched,,,0.2893,
ocd-person/eba4d98e-baa7-4ee3-a705-ed38b137ee27,Matt Slater,NY,R,lower,94,1.091,0.2273,2022,matched,,,0.2273,
ocd-person/bb46f499-d77e-4863-9269-6a04d5ba3f7e,Micah Lasher,NY,D,lower,69,,,,unmatched,,,,
ocd-person/b2b9862e-f665-4848-9d9c-5dcf2c986fed,Michael Benedetto,NY,D,lower,82,-0.429,0.6072,2022,matched,,,0.6072,
ocd-person/2b850a01-7bc1-4602-a0e4-46663e477060,Michael Cashman,NY,D,lower,115,,,,unmatched,,,,
ocd-person/d72babb1-84cc-49d4-8b91-7945b7b9abf5,Michael Durso,NY,R,lower,9,0.599,0.3503,2022,matched,,,0.3503,
ocd-person/2cb280b3-0aa9-4a76-abfd-3118e0d96a08,Michaelle Solages,NY,D,lower,22,-0.65,0.6625,2022,matched,,,0.6625,
ocd-person/0f3cecb9-87fb-48c7-96af-fd3ff8e0cd8b,Michelle Hinchey,NY,D,upper,41,-0.75,0.6875,2022,matched,,,0.6875,
ocd-person/7d944986-094e-4116-871c-d902074d70a5,Mike Fitzpatrick,NY,R,lower,8,0.409,0.3977,2022,matched,,,0.3977,
ocd-person/b0c3d86b-33ca-4001-a9af-b963fabc06c3,Mike Gianaris,NY,D,upper,12,-0.506,0.6265,2022,matched,,,0.6265,
ocd-person/f827b8b8-7aa1-4b7b-b40e-d7af0f40d5eb,Mike Reilly,NY,R,lower,62,0.534,0.3665,2022,matched,,,0.3665,
ocd-person/46506ffb-27af-4b91-b863-9b0a425195a8,Mike Tannousis,NY,R,lower,64,0.838,0.2905,2022,matched,,,0.2905,
ocd-person/3e2b0b14-23fb-4b1e-9d9f-48b97662ae1a,Misha Novakhov,NY,R,lower,45,0.613,0.3468,2022,matched,,,0.3468,
ocd-person/622242c6-d42c-4557-b9ab-29ca87e6d141,Monica Martinez,NY,D,upper,4,-0.583,0.6458,2022,matched,,,0.6458,
ocd-person/24fb9f1e-0bd6-4ac2-8a49-1091016863d2,Monique Chandler-Waterman,NY,D,lower,58,,,,unmatched,,,,
ocd-person/12dbcb73-95de-4067-8e68-7d7af51eac55,Nader Sayegh,NY,D,lower,90,-0.746,0.6865,2022,matched,,,0.6865,
ocd-person/2a38ba4b-176e-479f-8083-2ff50aef693e,Nathalia Fernández,NY,D,upper,34,-0.579,0.6447,2022,matched,,,0.6447,
ocd-person/075a2bdd-9f2f-4160-bec6-dfa293da4c4e,Nikki Lucas,NY,D,lower,60,-0.61,0.6525,2022,matched,,,0.6525,
ocd-person/2dfa3301-d40b-4d1a-89c7-62a2b965bace,Nily Rozic,NY,D,lower,25,-0.622,0.6555,2022,matched,,,0.6555,
ocd-person/43ad8195-7ba5-4b53-8365-383a737f0489,Noah Burroughs,NY,D,lower,18,,,,unmatched,,,,
ocd-person/fb2db4c8-a730-4fe7-b5e3-4d0156e46a1d,Pam Helming,NY,R,upper,54,0.475,0.3812,2022,matched,,,0.3812,
ocd-person/10fb37a0-e41f-4129-9ed2-7c5b674807da,Pamela Hunter,NY,D,lower,128,-0.526,0.6315,2022,matched,,,0.6315,
ocd-person/85c8422b-5132-4147-bdfc-f1cdec6d4731,Pat Burke,NY,D,lower,142,-0.667,0.6667,2022,matched,,,0.6667,
ocd-person/04a87708-f68c-43ca-b892-fc987f4deb5a,Pat Carroll,NY,D,lower,96,-0.926,0.7315,2022,matched,,,0.7315,
ocd-person/fe6635b5-8f6f-4bdb-ad2c-e68f53ed325b,Pat Chludzinski,NY,R,lower,143,,,,unmatched,,,,
ocd-person/a3e0c7bc-45f6-4a6b-a092-1c124c149a6d,Pat Fahy,NY,D,upper,46,,,,unmatched,,,,
ocd-person/d04bd8aa-6178-419b-8738-a5f92141753a,Patricia Canzoneri-Fitzpatrick,NY,R,upper,9,,,,unmatched,,,,
ocd-person/531f1b36-a809-496b-beb8-ba3cd0bc0c53,Patrick Gallivan,NY,R,upper,60,0.472,0.382,2022,matched,,,0.382,
ocd-person/4a510afe-84a6-4b0c-ac8d-13bebadfff78,Paul Bologna,NY,R,lower,144,,,,unmatched,,,,
ocd-person/ef4d73c0-2772-42ce-bc8b-407abf745f27,Paula Kay,NY,D,lower,100,,,,unmatched,,,,
ocd-person/ee71493b-ee0d-43ac-bac5-c7dde6a0ef1c,Pete Harckham,NY,D,upper,40,-0.655,0.6638,2022,matched,,,0.6638,
ocd-person/fe80b36a-56ba-49d6-a14c-05f35ba6f610,Peter Oberacker,NY,R,upper,51,0.989,0.2528,2022,matched,,,0.2528,
ocd-person/8683c8ab-0d6c-471f-9259-a1b506109912,Phara Souffrant Forrest,NY,D,lower,57,-1.047,0.7617,2022,matched,,,0.7617,
ocd-person/ea41f6b0-3275-4384-9425-c87f8a115da3,Phil Palmesano,NY,R,lower,132,0.508,0.373,2022,matched,,,0.373,
ocd-person/efcd9b6f-4657-41aa-94a1-9b048c7043cf,Phil Ramos,NY,D,lower,6,-0.553,0.6382,2020,matched,,,0.6382,
ocd-person/968287e2-d20f-4e07-9f66-5765ca51b475,Phil Steck,NY,D,lower,110,-0.403,0.6008,2022,matched,,,0.6008,
ocd-person/92f3f397-dd30-4d35-95dc-6381a8d9dcd5,Rachel May,NY,D,upper,48,-0.977,0.7442,2022,matched,,,0.7442,
ocd-person/9cd7610d-b220-4443-991d-83c4c5e1f55b,Rebecca Kassay,NY,D,lower,4,,,,unmatched,,,,
ocd-person/78e9f465-ad6d-4067-a2df-1e2ddb34c860,Rebecca Seawright,NY,D,lower,76,-0.668,0.667,2022,matched,,,0.667,
ocd-person/3aaaa058-953f-4fd2-b905-af6bc8d3fca3,Rob Ortt,NY,R,upper,62,0.688,0.328,2022,matched,,,0.328,
ocd-person/68cdb041-2986-42dc-a2fd-2b9d6c668665,Rob Rolison,NY,R,upper,39,1.003,0.2493,2022,matched,,,0.2493,
ocd-person/a0a7d4b0-2624-4560-8129-dbca30c4d4a1,Robert Carroll,NY,D,lower,44,-0.926,0.7315,2022,matched,,,0.7315,
ocd-person/3da548b5-8a96-4dbf-9bf8-da3755d6caa3,Robert Jackson,NY,D,upper,31,-0.926,0.7315,2022,matched,,,0.7315,
ocd-person/1aed07cb-5108-40a1-a845-93f6848062dc,Robert Smullen,NY,R,lower,118,1.367,0.1583,2022,matched,,,0.1583,
ocd-person/b2811e4c-0b05-4775-a778-0539d22f1a6c,Rodneyse Bichotte Hermelyn,NY,D,lower,42,-0.611,0.6527,2022,matched,,,0.6527,
ocd-person/f8732ad5-c692-4bab-bbaa-fb772a031a5d,Ron Kim,NY,D,lower,40,-0.912,0.728,2022,matched,,,0.728,
ocd-person/aa80fb3b-9add-463b-bfba-fe51e3409212,Roxanne Persaud,NY,D,upper,19,-0.627,0.6567,2022,matched,,,0.6567,
ocd-person/4d3e092b-0cef-41ca-89a0-e73e1f9fda01,Sam Berger,NY,D,lower,27,,,,unmatched,,,,
ocd-person/ec764287-6c45-40e2-929d-383838a4c4c7,Sam Pirozzolo,NY,R,lower,63,1.047,0.2383,2022,matched,,,0.2383,
ocd-person/f56ef763-1f12-493d-a4e6-30e5572417e0,Sam Sutton,NY,D,upper,22,,,,unmatched,,,,
ocd-person/f1914b1e-ae9f-4b37-a12a-418b8618b98b,Samra Brouk,NY,D,upper,55,-0.822,0.7055,2022,matched,,,0.7055,
ocd-person/fbb1dc03-2c64-431f-9aeb-6ee54c1c8ac6,Sarah Clark,NY,D,lower,136,-0.783,0.6957,2022,matched,,,0.6957,
ocd-person/01fc9264-bdd4-4259-9e51-dbf2c888b285,Sarahana Shrestha,NY,D,lower,103,-1.047,0.7617,2022,matched,,,0.7617,
ocd-person/0ff06e12-5768-4c75-8d06-8e033796a78a,Scott Bendett,NY,R,lower,107,,,,unmatched,,,,
ocd-person/556d38b7-19bd-491e-aa78-ac9bc94bc431,Scott Gray,NY,R,lower,116,1.327,0.1683,2022,matched,,,0.1683,
ocd-person/a9b13089-77fc-4e9d-a9e4-35933ea903a0,Shelley Mayer,NY,D,upper,37,-0.759,0.6897,2022,matched,,,0.6897,
ocd-person/ee6af720-d32a-4744-a62c-deba9747d733,Siela Bynoe,NY,D,upper,6,,,,unmatched,,,,
ocd-person/a7950377-6f32-4fdf-b4a5-e9729bc5d842,Simcha Eichenstein,NY,D,lower,48,-0.607,0.6518,2022,matched,,,0.6518,
ocd-person/b4246863-b244-4d37-acae-0600d4b429b4,Stacey Pheffer Amato,NY,D,lower,23,-0.552,0.638,2018,matched,,,0.638,
ocd-person/d4d53fcb-59b0-4869-bad8-42963b716e59,Stefani Zinerman,NY,D,lower,56,-0.891,0.7228,2022,matched,,,0.7228,
ocd-person/8a923d97-c689-4fb5-ac61-7b5e4ee950dd,Steve Chan,NY,R,upper,17,,,,unmatched,,,,
ocd-person/fa5dc497-02d8-4810-bae4-4651b76f1597,Steve Hawley,NY,R,lower,139,0.921,0.2697,2022,matched,,,0.2697,
ocd-person/9a1eed19-c843-4853-bec1-aca4f7034a21,Steve Otis,NY,D,lower,91,-0.684,0.671,2022,matched,,,0.671,
ocd-person/f7d38428-2656-4fb3-ac28-2455d5533a0b,Steve Rhoads,NY,R,upper,5,0.764,0.309,2022,matched,,,0.309,
ocd-person/a6956643-33f7-4b99-bcfb-fd44f9d92481,Steve Stern,NY,D,lower,10,0.145,0.4637,2022,matched,,,0.4637,
ocd-person/b3a5dc39-1c55-48b7-986c-d36a3db0917e,Steven Raga,NY,D,lower,30,-0.766,0.6915,2022,matched,,,0.6915,
ocd-person/3d51aca8-81d1-4f3e-8cef-47c999626a9a,Toby Stavisky,NY,D,upper,11,-0.497,0.6242,2022,matched,,,0.6242,
ocd-person/c7aec173-278b-4fe6-9237-7c8b751cda1e,Tom O'Mara,NY,R,upper,58,0.574,0.3565,2022,matched,,,0.3565,
ocd-person/60b6c2ff-a1ce-46a1-b484-affd805bc297,Tommy John Schiavoni,NY,D,lower,1,,,,unmatched,,,,
ocd-person/f13bda4e-bfb4-49fc-a986-ba8d2b3e7e43,Tony Palumbo,NY,R,upper,1,0.883,0.2792,2022,matched,,,0.2792,
ocd-person/83e08970-f529-4270-adcb-e15c660d8b7a,Tony Simone,NY,D,lower,75,-0.742,0.6855,2022,matched,,,0.6855,
ocd-person/96b77d8c-c15b-4881-b9c0-3f48cfd41572,Vivian Cook,NY,D,lower,32,-0.675,0.6687,2022,matched,,,0.6687,
ocd-person/285393ce-64cc-4c07-88ac-79fe18e1fc6b,Will Barclay,NY,R,lower,120,0.519,0.3702,2022,matched,,,0.3702,
ocd-person/664246f6-8749-4d3e-8b03-524dd4273b0a,William Colton,NY,D,lower,47,-0.502,0.6255,2022,matched,,,0.6255,
ocd-person/e924d52f-f944-4beb-9b67-bc243639a107,Yudelka Tapia,NY,D,lower,86,-0.711,0.6777,2022,matched,,,0.6777,
ocd-person/52c0e400-2385-4c12-8bf4-6b9205c18eb2,Zellnor Myrie,NY,D,upper,20,-0.951,0.7378,2022,matched,,,0.7378,
ocd-person/559521af-e5f9-43c3-a75e-de9b242d364f,Abe Jones,NC,D,lower,38,-0.89,0.7225,2022,matched,,,0.7225,
ocd-person/9f9d7fb9-9981-412d-b3e2-45c7f67d189a,Aisha Dew,NC,D,lower,107,,,,unmatched,,,,
ocd-person/6ca8b8ee-96ed-4b21-94cf-d67e49f9c1c8,Alan Branson,NC,R,lower,59,,,,unmatched,,,,
ocd-person/95a533af-7933-4992-aea6-dfdc626b7ca6,Allen Buansi,NC,D,lower,56,-0.806,0.7015,2022,matched,,,0.7015,
ocd-person/fc3772c1-d98a-4325-a6c8-96b9da492ed6,Allen Chesser,NC,R,lower,25,1.237,0.1907,2022,matched,,,0.1907,
ocd-person/785927b3-34ca-4a2d-bc1c-df4cc8e16c47,Allison Dahle,NC,D,lower,11,-0.891,0.7228,2022,matched,,,0.7228,
ocd-person/5f309927-de7a-4fd4-930b-a369dd10fec8,Amanda Cook,NC,D,lower,60,1.711,0.0722,2022,matched,,,0.0722,
ocd-person/628fc48c-a48b-4128-87f1-2391ab795e0a,Amber Baker,NC,D,lower,72,-0.986,0.7465,2022,matched,,,0.7465,
ocd-person/46275779-8191-48be-8b0b-8373376fa23d,Amos Quick,NC,D,lower,58,-0.574,0.6435,2022,matched,,,0.6435,
ocd-person/8be9deca-bbd6-404f-8726-0aecaeb19ca7,Amy Galey,NC,R,upper,25,1.177,0.2057,2022,matched,,,0.2057,
ocd-person/5ca31513-814c-44b9-9206-aae55c05d056,Anna Ferguson,NC,R,lower,119,,,,unmatched,,,,
ocd-person/367ad234-14bc-4d86-95ee-ab1176890d6e,Becky Carney,NC,D,lower,102,-0.536,0.634,2022,matched,,,0.634,
ocd-person/fdc7d25a-085c-4100-b5f4-a8ae51979292,Ben Moss,NC,R,lower,52,1.123,0.2193,2022,matched,,,0.2193,
ocd-person/0c960acb-381f-4ce9-b9d3-313fd882b6e1,Benton Sawrey,NC,R,upper,10,1.195,0.2012,2022,matched,,,0.2012,
ocd-person/cf469ccf-d24e-4ccd-a2fb-041806933b93,Beth Gardner Helfrich,NC,D,lower,98,,,,unmatched,,,,
ocd-person/ac7e8e60-b5cb-41c2-92f9-1bdf9204f79a,Bill Rabon,NC,R,upper,8,1.053,0.2368,2022,matched,,,0.2368,
ocd-person/f1d726fb-535d-456b-9712-b689afcb7763,Bill Ward,NC,R,lower,5,1.41,0.1475,2022,matched,,,0.1475,
ocd-person/b558be80-96b1-4df6-8714-fcba387f8abc,Blair Eddins,NC,R,lower,94,,,,unmatched,,,,
ocd-person/0104c116-78b6-4a91-af98-464fdbf12904,Bob Brinson,NC,R,upper,3,,,,unmatched,,,,
ocd-person/8911db0d-01aa-4e61-a0f5-727d07a5d232,Bobby Hanig,NC,R,upper,1,1.193,0.2017,2022,matched,,,0.2017,
ocd-person/dfacde1f-3324-4ebe-bc96-ae473548e951,Brad Overcash,NC,R,upper,43,1.091,0.2273,2022,matched,,,0.2273,
ocd-person/4142addf-2eb1-4557-b3d3-bcea559cbbd3,Brandon Lofton,NC,D,lower,104,-0.805,0.7013,2022,matched,,,0.7013,
ocd-person/1e419504-9efe-4b1f-b1e0-6e8d7d8c74a9,Brenden Jones,NC,R,lower,46,1.129,0.2177,2022,matched,,,0.2177,
ocd-person/23f1da0b-34b2-4347-adb4-f5fc26e0475d,Brent Jackson,NC,R,upper,9,1.093,0.2268,2022,matched,,,0.2268,
ocd-person/c476ab83-c1f7-44a7-b7c9-4cfa4679bed8,Brian Biggs,NC,R,lower,70,1.282,0.1795,2022,matched,,,0.1795,
ocd-person/19c32795-3313-4f2f-a1d2-b79ff1dd81fb,Brian Echevarria,NC,R,lower,82,1.17,0.2075,2022,matched,,,0.2075,
ocd-person/0229944f-1584-4c3c-9a7b-5c97b6785a6f,Brian Turner,NC,D,lower,116,-0.788,0.697,2022,matched,,,0.697,
ocd-person/e596d2ce-a208-475c-a9c1-15e25ccb3404,Bryan Cohn,NC,D,lower,32,,,,unmatched,,,,
ocd-person/b560f232-dfa2-49f7-81c8-42000cc9027b,Buck Newton,NC,R,upper,4,1.225,0.1937,2022,matched,,,0.1937,
ocd-person/a2013778-1144-4936-a0fa-895ad190649f,Caleb Theodros,NC,D,upper,41,,,,unmatched,,,,
ocd-person/91615553-5509-4625-ab20-7a81896438e0,Carl Ford,NC,R,upper,33,1.004,0.249,2022,matched,,,0.249,
ocd-person/f1ba290a-c2a5-453a-884c-6d03a2c8e83a,Carla Cunningham,NC,I,lower,106,-0.818,0.7045,2022,matched,,,0.7045,
ocd-person/80495071-4aea-43ff-9548-09860c77cc90,Carolyn Logan,NC,D,lower,101,-0.809,0.7023,2022,matched,,,0.7023,
ocd-person/6f78b8a8-f77c-4aef-bfa4-b3dac3312e33,Carson Smith,NC,R,lower,16,-0.049,0.5122,2022,matched,,,0.5122,
ocd-person/51b17197-aa93-4c8f-821d-81a32b41e2ae,Celeste Cairns,NC,R,lower,13,1.29,0.1775,2022,matched,,,0.1775,
ocd-person/2736ade6-4cc1-4833-ab0d-cf1953227726,Charles Smith,NC,D,lower,44,-0.049,0.5122,2022,matched,,,0.5122,
ocd-person/311f0605-29d2-4608-a964-323768582198,Charlie Miller,NC,R,lower,19,1.086,0.2285,2022,matched,,,0.2285,
ocd-person/fdf6de7b-aad3-403b-96c3-a6a007b11ccd,Chris Humphrey,NC,R,lower,12,1.093,0.2268,2022,matched,,,0.2268,
ocd-person/9dfc9308-ec16-4da8-b5c7-8a9cc55df534,Chris Measmer,NC,R,upper,34,,,,unmatched,,,,
ocd-person/702adc2f-f401-4ab4-ac8e-8fcf1a14376b,Cody Huneycutt,NC,R,lower,67,,,,unmatched,,,,
ocd-person/a5d3d142-3601-429e-954c-fdb98b0e628a,Cynthia Ball,NC,D,lower,49,-0.79,0.6975,2022,matched,,,0.6975,
ocd-person/06dca4de-5217-45fc-b78a-fc7870ae7faf,Dan Blue,NC,D,upper,14,-0.8,0.7,2022,matched,,,0.7,
ocd-person/93fbb331-6fe5-427f-802d-09881d4913d3,Dana Jones,NC,R,upper,31,,,,unmatched,,,,
ocd-person/91f238a6-29fd-4b65-bc48-1464da11786b,Danny Britt,NC,R,upper,24,1.023,0.2443,2022,matched,,,0.2443,
ocd-person/d0cbde92-5f2b-4177-822a-f100613a9b30,Dante Pittman,NC,D,lower,24,1.182,0.2045,2020,matched,,,0.2045,
ocd-person/7074c9f6-6a8e-4c63-b0b3-ae43b9cfba0d,Dave Craven,NC,R,upper,29,1.099,0.2253,2022,matched,,,0.2253,
ocd-person/6b06a564-763d-421d-bc9b-4779f4dbc1a4,David Willis,NC,R,lower,68,1.181,0.2047,2022,matched,,,0.2047,
ocd-person/1c0d5d12-7bc0-4296-a148-423e4faa7dae,DeAndrea Salvador,NC,D,upper,39,-0.855,0.7137,2022,matched,,,0.7137,
ocd-person/ffdbb3fa-0445-460a-9501-18b5028fbe50,Dean Arp,NC,R,lower,69,1.155,0.2112,2022,matched,,,0.2112,
ocd-person/cab978f1-1c91-41e4-9f2e-69af3c89bbf8,Deb Butler,NC,D,lower,18,-0.898,0.7245,2022,matched,,,0.7245,
ocd-person/fcff21e8-b2a0-4fe5-8fb9-1b1c084a26e1,Dennis Riddell,NC,R,lower,64,1.16,0.21,2022,matched,,,0.21,
ocd-person/636555c9-b55c-47f8-9fcc-c9cb93b27f50,Destin Hall,NC,R,lower,87,0.977,0.2558,2022,matched,,,0.2558,
ocd-person/034ed56d-8058-4489-be3e-3d4b9977ac4b,Diane Wheatley,NC,R,lower,43,1.08,0.23,2022,matched,,,0.23,
ocd-person/7e1cb220-ff5e-4543-bc51-f44ba7ee0a2b,Donna White,NC,R,lower,26,1.132,0.217,2022,matched,,,0.217,
ocd-person/d7308aed-454d-4091-b32c-606f516e9421,Donnie Loftis,NC,R,lower,109,1.526,0.1185,2022,matched,,,0.1185,
ocd-person/dd2200c1-2bdb-4afc-a557-ebcbb5f1eee8,Donny Lambeth,NC,R,lower,75,1.13,0.2175,2022,matched,,,0.2175,
ocd-person/0573192d-0557-449a-9c3e-8462844a79ab,Dudley Greene,NC,R,lower,85,0.989,0.2528,2022,matched,,,0.2528,
ocd-person/10d93679-f5f4-496f-8b7c-89f923038ac0,Ed Goodwin,NC,R,lower,1,0.683,0.3292,2022,matched,,,0.3292,
ocd-person/b4b6f0a7-baca-4062-947a-989cb9f98356,Eddie Settle,NC,R,upper,36,0.964,0.259,2022,matched,,,0.259,
ocd-person/8c10abe1-4b81-404a-9164-9823e023cd2b,Eric Ager,NC,D,lower,114,-0.697,0.6743,2022,matched,,,0.6743,
ocd-person/ea801bb0-b3bd-4dbc-9164-25e7f4e63f84,Erin Paré,NC,R,lower,37,,,,unmatched,,,,
ocd-person/1a32e77b-9880-467c-88c8-6aeb738f6525,Frances Jackson,NC,D,lower,45,-0.96,0.74,2022,matched,,,0.74,
ocd-person/f75593f8-b178-47f1-8e72-e403f04dfb5d,Frank Iler,NC,R,lower,17,1.111,0.2223,2022,matched,,,0.2223,
ocd-person/1ba9c7a6-3a28-47ec-9704-6f3437463845,Gale Adcock,NC,D,upper,16,-0.818,0.7045,2022,matched,,,0.7045,
ocd-person/32edee21-40a5-491f-b28e-316ba7262360,Garland Pierce,NC,D,lower,48,-0.652,0.663,2022,matched,,,0.663,
ocd-person/af3f63da-d39a-4542-b0f2-41f118d96f55,Gladys Robinson,NC,D,upper,28,-0.705,0.6763,2022,matched,,,0.6763,
ocd-person/d2ab7bb8-d0d6-4824-a42e-d180c2644f9e,Gloristine Brown,NC,D,lower,8,-0.613,0.6532,2022,matched,,,0.6532,
ocd-person/aca7632d-5a2a-470c-bb83-6cf374c68172,Grant Campbell,NC,R,lower,83,,,,unmatched,,,,
ocd-person/940d4a15-ee12-4a3b-a7b5-70b9dea38379,Harry Warren,NC,R,lower,76,1.106,0.2235,2022,matched,,,0.2235,
ocd-person/d01232af-826f-441e-85c0-efaedd1ba422,Heather Rhyne,NC,R,lower,97,,,,unmatched,,,,
ocd-person/9b6a3a48-9827-421f-9925-4717340110ab,Howard Penny,NC,R,lower,53,1.005,0.2488,2022,matched,,,0.2488,
ocd-person/f7ffa24f-4c1f-416f-bf1d-30d762d9c6c3,Hugh Blackwell,NC,R,lower,86,1.193,0.2017,2022,matched,,,0.2017,
ocd-person/11c5404c-5cb6-4f99-84a5-711a23e6295f,Jake Johnson,NC,R,lower,113,1.154,0.2115,2022,matched,,,0.2115,
ocd-person/4547831d-14b9-4d9d-9e3c-15b66c389054,James Roberson,NC,D,lower,39,-0.67,0.6675,2022,matched,,,0.6675,
ocd-person/1a75f967-8f35-40aa-8b0a-990a135e70cb,Jay Adams,NC,R,lower,96,1.115,0.2213,2022,matched,,,0.2213,
ocd-person/75860d99-3e31-4c38-b511-734f76477c9b,Jay Chaudhuri,NC,D,upper,15,-0.761,0.6903,2022,matched,,,0.6903,
ocd-person/59ece42c-d325-427b-bd54-96b3625bc43d,Jeff Jackson,NC,D,executive,,,,,unmatched,,,,
ocd-person/09d4ccb5-4456-4f33-aea7-36f3e2ef9e43,Jeff McNeely,NC,R,lower,84,1.156,0.211,2022,matched,,,0.211,
ocd-person/f3f10d50-4117-41f8-b2af-c9273d3c425e,Jeff Zenger,NC,R,lower,74,1.141,0.2147,2022,matched,,,0.2147,
ocd-person/1c0b287a-2695-47e3-8c7a-1868db5c8d5c,Jennifer Balkcom,NC,R,lower,117,1.255,0.1863,2022,matched,,,0.1863,
ocd-person/9793e1e4-641c-4a5c-b1bc-7f6d0a65a655,Jim Burgin,NC,R,upper,12,1.09,0.2275,2022,matched,,,0.2275,
ocd-person/2fdb425d-47c9-4683-943e-15a566f3552b,Jimmy Dixon,NC,R,lower,4,1.196,0.201,2022,matched,,,0.201,
ocd-person/50435516-ccee-4b72-9075-e27a0bfe0a72,Joe Pike,NC,R,lower,6,,,,unmatched,,,,
ocd-person/cc410819-75a4-46dd-a3d5-edbd80d9f861,John Bell,NC,R,lower,10,-1.04,0.76,2020,matched,,,0.76,
ocd-person/3a96a66b-58e9-4ce5-bc6c-803b19c2746d,John Blust,NC,R,lower,62,1.313,0.1718,2018,matched,,,0.1718,
ocd-person/7d07a14d-a5dc-46a9-8277-85fee42921a1,John Lowery,NC,R,lower,47,1.179,0.2052,2022,matched,,,0.2052,
ocd-person/bde014bb-27c1-42a3-909f-c5d96cca5c3f,John Sauls,NC,R,lower,51,1.069,0.2328,2022,matched,,,0.2328,
ocd-person/cb059250-c895-4a14-bfa2-997aed42155e,John Torbett,NC,R,lower,108,1.116,0.221,2022,matched,,,0.221,
ocd-person/3622ded7-77d3-46f8-a62b-dad1c8f3e589,Jonah Garson,NC,D,upper,23,,,,unmatched,,,,
ocd-person/a8fb7327-cfc3-4951-a15f-5a60ba05dcba,Jonathan Almond,NC,R,lower,73,,,,unmatched,,,,
ocd-person/196e72cf-7987-4847-8e2f-03b540064e86,Jordan Lopez,NC,D,lower,112,1.501,0.1248,2022,matched,,,0.1248,
ocd-person/3e8067e6-6232-4ebb-979c-d077ab968446,Joyce Waddell,NC,D,upper,40,-0.766,0.6915,2022,matched,,,0.6915,
ocd-person/e9c35f8c-48f0-46e3-bd47-2e9481abc971,Julia Greenfield,NC,D,lower,100,,,,unmatched,,,,
ocd-person/5318144e-d466-40ea-8e35-f0f09bf57760,Julia Howard,NC,R,lower,77,1.164,0.209,2022,matched,,,0.209,
ocd-person/c8ac71ee-e3dc-450f-83f7-efeb363e88bc,Julie Mayfield,NC,D,upper,49,-0.818,0.7045,2022,matched,,,0.7045,
ocd-person/7b4481a0-466b-44be-8b39-def9e1bc04f8,Julie von Haefen,NC,D,lower,36,,,,unmatched,,,,
ocd-person/5afbb4dc-a121-414a-b600-53af0936beb8,Kandie Smith,NC,D,upper,5,-0.684,0.671,2022,matched,,,0.671,
ocd-person/91f28923-c52e-4a47-aed2-944672902823,Kanika Brown,NC,D,lower,71,-0.613,0.6532,2022,matched,,,0.6532,
ocd-person/c0ca675d-4bd2-462f-9bcb-b7ac8226dbdf,Karl Gillespie,NC,R,lower,120,1.313,0.1718,2022,matched,,,0.1718,
ocd-person/a39903f1-cf67-494a-8c6a-4ae15c334fc9,Keith Kidwell,NC,R,lower,79,1.191,0.2022,2022,matched,,,0.2022,
ocd-person/4edb53d2-f5a1-447d-ac37-36da75a7a4ed,Kelly Hastings,NC,R,lower,110,1.161,0.2097,2022,matched,,,0.2097,
ocd-person/410836ee-4f48-4934-8f95-fca6b2d2f051,Kevin Corbin,NC,R,upper,50,1.105,0.2238,2022,matched,,,0.2238,
ocd-person/6d8e0e56-939e-45c4-a9db-2fc370fbbdef,Kyle Hall,NC,R,lower,91,1.133,0.2167,2022,matched,,,0.2167,
ocd-person/11c903f8-ce25-4463-8a24-a49394c21955,Larry Potts,NC,R,lower,81,1.108,0.223,2022,matched,,,0.223,
ocd-person/3ed64eae-ecec-4cbf-a436-e7c1471a4cef,Larry Strickland,NC,R,lower,28,1.171,0.2072,2022,matched,,,0.2072,
ocd-person/283007b1-e7a2-486b-b19b-5a8126bc4128,Laura Budd,NC,D,lower,103,-0.886,0.7215,2022,matched,,,0.7215,
ocd-person/16a0c907-4efa-45a7-83d2-1c79cc541535,Lindsey Prather,NC,D,lower,115,-0.882,0.7205,2022,matched,,,0.7205,
ocd-person/21577fbd-e06f-4bc3-8717-e050ff165a74,Lisa Barnes,NC,R,upper,11,1.147,0.2132,2022,matched,,,0.2132,
ocd-person/a370c6f1-338d-49c3-a0b4-41e885dc0d80,Lisa Grafstein,NC,D,upper,13,-0.796,0.699,2022,matched,,,0.699,
ocd-person/be5acee4-3874-4414-9aff-77043943c1c1,Marcia Morey,NC,D,lower,30,-0.925,0.7312,2022,matched,,,0.7312,
ocd-person/7a50ad08-1f2a-4f5f-9463-b1672d3a60a3,Maria Cervania,NC,D,lower,41,-0.743,0.6857,2022,matched,,,0.6857,
ocd-person/cc238a7c-3222-4ac2-8d4d-3884dd342a5f,Mark Brody,NC,R,lower,55,1.285,0.1788,2022,matched,,,0.1788,
ocd-person/1afc84ab-30e5-413a-8975-2a552e050aee,Mark Hollo,NC,R,upper,45,1.169,0.2077,2020,matched,,,0.2077,
ocd-person/601cab9a-8b58-42fa-a62e-4170ec23b955,Mark Pless,NC,R,lower,118,1.394,0.1515,2022,matched,,,0.1515,
ocd-person/819581b6-a44a-4d4a-8a08-14c2dccd86f5,Mary Belk,NC,D,lower,88,-0.814,0.7035,2022,matched,,,0.7035,
ocd-person/1dfa7f10-249d-43aa-930b-a5be9e4fce9f,Matthew Winslow,NC,R,lower,7,1.157,0.2107,2022,matched,,,0.2107,
ocd-person/f40a7222-92eb-4d8e-ad4d-7008b859aae7,Michael Garrett,NC,D,upper,27,0.262,0.4345,2022,matched,,,0.4345,
ocd-person/f0121b49-81cc-45f5-98e1-1fbeee882c81,Michael Lazzara,NC,R,upper,6,1.149,0.2127,2022,matched,,,0.2127,
ocd-person/082079ab-53d2-43e5-be5f-cb7c6054edd3,Michael Lee,NC,R,upper,7,1.157,0.2107,2022,matched,,,0.2107,
ocd-person/b3b24f9e-5eb4-475e-8b06-7040cfb39fb5,Mike Colvin,NC,D,lower,42,,,,unmatched,,,,
ocd-person/f6d0fc41-fbfa-4829-aa33-f5977edf1082,Mike Schietzelt,NC,R,lower,35,,,,unmatched,,,,
ocd-person/d4713ec5-e36b-49bb-bfc8-6b7fe9c0e9a7,Mitchell Setzer,NC,R,lower,89,1.124,0.219,2022,matched,,,0.219,
ocd-person/018cd1c9-5b84-4f8e-8a1d-6f0326ce1f2f,Monika Johnson-Hostler,NC,D,lower,33,,,,unmatched,,,,
ocd-person/c733e47e-af6a-4f31-a350-010043b5164b,Mujtaba Mohammed,NC,D,upper,38,-0.817,0.7043,2022,matched,,,0.7043,
ocd-person/6acc3963-2724-4d88-8762-f78df333be94,Nasif Majeed,NC,I,lower,99,-0.741,0.6853,2022,matched,,,0.6853,
ocd-person/121cec2b-d03f-45bc-a835-1ae5f4eb18d3,Natalie Murdock,NC,D,upper,20,-0.845,0.7112,2022,matched,,,0.7112,
ocd-person/1e2d0ef7-d021-4427-af07-14fae1ad5aa0,Neal Jackson,NC,R,lower,78,-0.96,0.74,2022,matched,,,0.74,
ocd-person/7493bee0-b1ed-4d45-b772-b7fce91be4ff,Norman Sanderson,NC,R,upper,2,1.174,0.2065,2022,matched,,,0.2065,
ocd-person/a73e339a-9724-45a5-9ebd-f1ca506374a0,Paul Lowe,NC,D,upper,32,-0.705,0.6763,2022,matched,,,0.6763,
ocd-person/8f02ce28-e826-48f7-adc1-11f8e5c2ed26,Paul Scott,NC,R,lower,111,-1.195,0.7988,2022,matched,,,0.7988,
ocd-person/f276e61a-c569-4924-b302-caeda17a306a,Phil Berger,NC,R,upper,26,0.924,0.269,2022,matched,,,0.269,
ocd-person/efae51b3-e547-46c0-87df-4ac35c0c60de,Phil Rubin,NC,D,lower,40,,,,unmatched,,,,
ocd-person/eab6e9df-d2e4-4476-b09d-cda1de0cf654,Phil Shepard,NC,R,lower,15,1.154,0.2115,2022,matched,,,0.2115,
ocd-person/4c2e2654-2647-4394-8efe-f09532225ff6,Pricey Harrison,NC,D,lower,61,-0.75,0.6875,2022,matched,,,0.6875,
ocd-person/4c3a1120-2dd5-4fbe-a084-e64894e57163,Rachel Hunt,NC,D,executive,,,,,unmatched,,,,
ocd-person/25828c07-8295-45af-bd01-b044b59d530a,Ralph Hise,NC,R,upper,47,1.127,0.2182,2022,matched,,,0.2182,
ocd-person/064a56b9-d616-43a1-a3f2-ffd4938740d3,Ray Jeffers,NC,D,lower,2,-0.8,0.7,2022,matched,,,0.7,
ocd-person/27cea850-e6f2-4fe8-a02e-26f9867d00f1,Ray Pickett,NC,R,lower,93,1.082,0.2295,2022,matched,,,0.2295,
ocd-person/837ec59b-a7db-41dc-9e9f-a7a83b462213,Reece Pyrtle,NC,R,lower,65,0.729,0.3177,2022,matched,,,0.3177,
ocd-person/7ee23b19-064e-4531-a9e8-2e928f8f2203,Renée Price,NC,D,lower,50,-0.713,0.6783,2022,matched,,,0.6783,
ocd-person/3aa6f3c5-cd15-42e1-907e-92e6f5362c8f,Robert Reives,NC,D,lower,54,,,,unmatched,,,,
ocd-person/230ed41f-56c1-459d-a66d-7ab0a3a8342b,Rodney Pierce,NC,D,lower,27,-0.652,0.663,2022,matched,,,0.663,
ocd-person/4f490403-b729-4f33-b3ba-5417db20cb0b,Sam Watford,NC,R,lower,80,1.221,0.1947,2022,matched,,,0.1947,
ocd-person/4eb017f8-318e-43ba-b0c5-9fecbc3d0530,Sarah Crawford,NC,D,lower,66,-0.886,0.7215,2022,matched,,,0.7215,
ocd-person/09099128-27fc-463f-af36-28253d1e7a60,Sarah Stevens,NC,R,lower,90,1.162,0.2095,2022,matched,,,0.2095,
ocd-person/f0d9b7f4-abb7-4111-b640-766a1f81d653,Shelly Willingham,NC,D,lower,23,-0.718,0.6795,2020,matched,,,0.6795,
ocd-person/c8c4c09a-5b3a-4521-82d4-2e2ded1b6b0a,Sophia Chitlik,NC,D,upper,22,,,,unmatched,,,,
ocd-person/6b6dc936-a880-4bdb-9fba-11e0a2ff9f01,Stephen Ross,NC,R,lower,63,1.175,0.2062,2022,matched,,,0.2062,
ocd-person/d0af18d6-b4e1-4a9a-92f3-a6950961e953,Steve Jarvis,NC,R,upper,30,1.168,0.208,2022,matched,,,0.208,
ocd-person/e4c62004-8706-4984-acb1-0140967173f0,Steve Tyson,NC,R,lower,3,1.158,0.2105,2022,matched,,,0.2105,
ocd-person/f29f268e-5a29-4f49-8c5e-3fa19688f4a2,Sydney Batch,NC,D,upper,17,-0.891,0.7228,2022,matched,,,0.7228,
ocd-person/fe39f817-2024-401d-a0a8-3818ca22bdb1,Ted Alexander,NC,R,upper,44,1.129,0.2177,2022,matched,,,0.2177,
ocd-person/b654a887-2eca-41f7-83ba-60044df0fc1c,Ted Davis,NC,R,lower,20,1.065,0.2338,2022,matched,,,0.2338,
ocd-person/1ac38d5f-d089-4589-bcc4-bef1f1675956,Terry Brown,NC,D,lower,92,-0.83,0.7075,2022,matched,,,0.7075,
ocd-person/1bc1818f-49fd-478a-affa-1f167adcfb51,Tim Longest,NC,D,lower,34,,,,unmatched,,,,
ocd-person/20f45197-ec0c-4031-a889-2825bffb008a,Tim Moffitt,NC,R,upper,48,1.184,0.204,2022,matched,,,0.204,
ocd-person/f836e608-2d16-4792-bec5-0993fa2db3aa,Tim Reeder,NC,R,lower,9,1.136,0.216,2022,matched,,,0.216,
ocd-person/1a7c3ce0-97be-4601-895d-8300458a7e42,Todd Carver,NC,R,lower,95,,,,unmatched,,,,
ocd-person/37e615d5-0c02-488c-83e2-e6e6df5b8184,Todd Johnson,NC,R,upper,35,1.04,0.24,2022,matched,,,0.24,
ocd-person/81a19cd2-9493-4b85-b92b-44df8777530e,Tom McInnis,NC,R,upper,21,1.109,0.2228,2022,matched,,,0.2228,
ocd-person/47d80aae-1c7b-4330-96bd-76db7fe8b060,Tracy Clark,NC,D,lower,57,-0.893,0.7232,2022,matched,,,0.7232,
ocd-person/6045737f-cc7a-4cf5-b7e6-12419deed77b,Tricia Cotham,NC,R,lower,105,-0.826,0.7065,2022,matched,,,0.7065,
ocd-person/1ba98521-ee10-414a-9cf0-8b389ad02ffe,Val Applewhite,NC,D,upper,19,-0.763,0.6907,2022,matched,,,0.6907,
ocd-person/baca6c05-f6c5-4239-bf9b-c4f57001273d,Vernetta Alston,NC,D,lower,29,-0.762,0.6905,2022,matched,,,0.6905,
ocd-person/ece1f23b-841d-4145-9719-3807bf29f861,Vickie Sawyer,NC,R,upper,37,1.135,0.2162,2022,matched,,,0.2162,
ocd-person/5397305f-16ba-460d-aa16-3bee6185299b,Warren Daniel,NC,R,upper,46,1.105,0.2238,2022,matched,,,0.2238,
ocd-person/5eadd1cd-7d46-448d-9608-2901b596b24f,William Brisson,NC,R,lower,22,-0.399,0.5998,2022,matched,,,0.5998,
ocd-person/da2ebbae-4f50-4a95-927d-359ed2a9a42b,Woodson Bradley,NC,D,upper,42,,,,unmatched,,,,
ocd-person/89065b80-ca15-43b3-bbe5-c7bb5e3a3843,Wyatt Gable,NC,R,lower,14,,,,unmatched,,,,
ocd-person/d48b59a1-cf27-438e-8a25-2f8f179992f2,Ya Liu,NC,D,lower,21,-0.756,0.689,2022,matched,,,0.689,
ocd-person/6dea5a89-20c8-4370-94c2-0dac7fe29d77,Zack Hawkins,NC,D,lower,31,-0.81,0.7025,2022,matched,,,0.7025,
ocd-person/9c0f35c1-03de-443e-97bd-5cdf77581897,Alisa Mitskog,ND,D,lower,25,0.126,0.4685,2022,matched,,,0.4685,
ocd-person/6fbb2691-956f-4427-8927-66309b08ed68,Andrew Marschall,ND,R,lower,16,1.275,0.1813,2020,matched,,,0.1813,
ocd-person/c40382fd-ce08-46af-8649-afd1f5e04091,Anna Novak,ND,R,lower,33,,,,unmatched,,,,
ocd-person/860892bd-92d1-4a30-a5e6-3b5f2359e9df,Austen Schauer,ND,R,lower,13,1.321,0.1698,2022,matched,,,0.1698,
ocd-person/7b99ceee-cc27-4b30-96f9-b29845bacdf8,Austin Foss,ND,D,lower,44,,,,unmatched,,,,
ocd-person/9335be7e-11ff-4577-af89-e61195143354,Ben Koppelman,ND,R,lower,16,1.242,0.1895,2022,matched,,,0.1895,
ocd-person/3f885f7e-14b0-4ee7-b1fd-71ddbd72c539,Bernie Satrom,ND,R,lower,12,1.328,0.168,2020,matched,,,0.168,
ocd-person/7ba931d2-cba2-4913-92fa-f5b0c3a8baf0,Bert Anderson,ND,R,lower,2,0.98,0.255,2020,matched,,,0.255,
ocd-person/50e4864c-095a-43a6-9486-3b071e02ca09,Bill Tveit,ND,R,lower,33,1.43,0.1425,2022,matched,,,0.1425,
ocd-person/f8720088-51ae-4178-87f8-abbb73faf444,Bob Martinson,ND,R,lower,35,0.972,0.257,2022,matched,,,0.257,
ocd-person/983f512c-6f3f-4243-b6c8-b83d9d4f3696,Bob Paulson,ND,R,upper,3,,,,unmatched,,,,
ocd-person/86d15ce1-f1e9-40f8-894c-490f3d960e15,Brad Bekkedahl,ND,R,upper,1,1.139,0.2152,2022,matched,,,0.2152,
ocd-person/0bae2d8b-4e48-4f31-9e23-9f438ccac477,Brandy Pyle,ND,R,lower,22,1.07,0.2325,2020,matched,,,0.2325,
ocd-person/57dff80c-9579-411d-a55e-b76846f15fd8,Carrie McLeod,ND,R,lower,45,,,,unmatched,,,,
ocd-person/f503a00c-951e-43c6-a5e5-8aff9bda4a6a,Christina Wolff,ND,R,lower,38,,,,unmatched,,,,
ocd-person/43e25c66-8935-4938-8634-b8666bfdb876,Chuck Walen,ND,R,upper,4,,,,unmatched,,,,
ocd-person/00d22ac4-d0e4-4b26-a521-729b177b3a01,Claire Cory,ND,R,upper,42,,,,unmatched,,,,
ocd-person/0e57f5ef-a6aa-4019-bce7-da50c23b3a7a,Clayton Fegley,ND,R,lower,4B,1.193,0.2017,2022,matched,,,0.2017,
ocd-person/3b75961c-1c9e-4150-84ee-965ffb59fafa,Cole Conley,ND,R,upper,12,1.395,0.1512,2020,matched,,,0.1512,
ocd-person/7c99cb12-9158-4ddc-8bff-8ecca64cc8fa,Collette Brown,ND,D,lower,9,,,,unmatched,,,,
ocd-person/74e50305-a021-46bd-9d0d-dcd872645cfd,Craig Headland,ND,R,lower,29,0.651,0.3372,2022,matched,,,0.3372,
ocd-person/ffc100fb-2fbe-47d1-bfde-a2e4b0acae3c,Dale Patten,ND,R,upper,26,1.09,0.2275,2022,matched,,,0.2275,
ocd-person/47e7d979-3c08-4c17-bd54-d9cb06f31d9e,Dan Johnston,ND,R,lower,24,,,,unmatched,,,,
ocd-person/a78a22ef-aefe-43ee-a40e-86026b341381,Dan Ruby,ND,R,lower,38,1.003,0.2493,2020,matched,,,0.2493,
ocd-person/bd6e2ebb-5fc3-4a04-9def-d9e581c39783,Dan Vollmer,ND,R,lower,6,,,,unmatched,,,,
ocd-person/5d387655-8234-48d2-a1dd-dd2f4a83ca6f,Dave Monson,ND,R,lower,19,0.881,0.2797,2020,matched,,,0.2797,
ocd-person/62c94736-93a5-43a9-af8d-5a37b65159c6,Dave Rustebakke,ND,R,lower,20,,,,unmatched,,,,
ocd-person/e93f45b9-72c9-4e10-bc05-4896381f29f4,David Clemens,ND,R,upper,16,1.109,0.2228,2022,matched,,,0.2228,
ocd-person/e911d1c9-258a-47c6-acd4-d0f8a3befc2f,David Hogue,ND,R,upper,38,1.085,0.2288,2022,matched,,,0.2288,
ocd-person/633a61c8-9424-445f-b844-b0b40fc1781a,David Richter,ND,R,lower,1,0.273,0.4317,2020,matched,,,0.4317,
ocd-person/5938951d-3c45-4913-8612-aa70ba790f88,Dawson Holle,ND,R,lower,31,,,,unmatched,,,,
ocd-person/cc65fd55-6d87-4ef9-95ff-b98592bebc8f,Dean Rummel,ND,R,upper,37,,,,unmatched,,,,
ocd-person/4e998af9-35f0-457c-8f37-b2fdaa914dbd,Dennis Nehring,ND,R,lower,23,1.278,0.1805,2020,matched,,,0.1805,
ocd-person/6c9076a0-42ad-4045-81da-7f463d0e57b5,Desiree Morton,ND,R,lower,46,,,,unmatched,,,,
ocd-person/4d0233df-e907-42eb-9682-fa31578f52b7,Desiree Van Oosting,ND,R,upper,36,,,,unmatched,,,,
ocd-person/9844a188-809c-4711-8147-2c30206721ee,Diane Larson,ND,R,upper,30,0.951,0.2622,2022,matched,,,0.2622,
ocd-person/65381298-5fe3-49d8-9739-8678016f8383,Dick Anderson,ND,R,lower,6,0.978,0.2555,2020,matched,,,0.2555,
ocd-person/afb1de56-a1cf-439a-8a9f-3fcaa73c691a,Dick Dever,ND,R,upper,32,1.004,0.249,2022,matched,,,0.249,
ocd-person/93c8011d-d8c2-4e7e-80ee-3b1cab991039,Don Schaible,ND,R,upper,31,1.109,0.2228,2022,matched,,,0.2228,
ocd-person/95e4c82b-ae91-4bc6-a3f1-14ad9b8758ce,Don Vigesaa,ND,R,lower,29,1.036,0.241,2018,matched,,,0.241,
ocd-person/da7774ec-8498-4094-b7d7-87d301911015,Donald Longmuir,ND,R,lower,2,1.225,0.1937,2020,matched,,,0.1937,
ocd-person/56cc14e2-12cc-4d70-b37a-0aa0397bc841,Donna Henderson,ND,R,lower,15,,,,unmatched,,,,
ocd-person/6035e38b-ec58-44f7-9b47-7c6672c575f8,Dori Hauck,ND,R,lower,36,,,,unmatched,,,,
ocd-person/bf1ee8a5-edf3-44c5-82bf-6be1beecd989,Doug Osowski,ND,R,lower,42,,,,unmatched,,,,
ocd-person/b86dfdcd-93e3-40d8-929f-47f1c86813e3,Drew Wrigley,ND,R,executive,,,,,unmatched,,,,
ocd-person/a7b8cf9d-a22f-479f-ad25-07bd47aab2ba,Dustin McNally,ND,R,lower,42,,,,unmatched,,,,
ocd-person/7c89a861-f0cf-402f-97e1-70953440ee36,Dwight Kiefert,ND,R,lower,24,0.993,0.2518,2020,matched,,,0.2518,
ocd-person/1caabacc-b2df-41c9-a0ff-5719a1d9dea5,Eric Murphy,ND,R,lower,43,,,,unmatched,,,,
ocd-person/489ce19c-875b-49c9-aa02-d8c05c09b3f5,Glenn Bosch,ND,R,lower,30,1.117,0.2208,2022,matched,,,0.2208,
ocd-person/6c9671e4-274f-41cd-b1ba-d6b2dd55ba5e,Greg Kessel,ND,R,upper,39,,,,unmatched,,,,
ocd-person/3ef34927-6fe8-4693-a818-20f654ae6b31,Greg Stemen,ND,R,lower,27,0.752,0.312,2022,matched,,,0.312,
ocd-person/752ba791-ab73-4945-b632-64fcae50c118,Gretchen Dobervich,ND,D,lower,11,-0.068,0.517,2022,matched,,,0.517,
ocd-person/4a64529e-c299-4979-a564-909dc9f2edd2,Janne Myrdal,ND,R,upper,19,1.25,0.1875,2020,matched,,,0.1875,
ocd-person/fadbd16b-e02e-4448-889b-1072b7308710,Jared Hendrix,ND,R,lower,10,,,,unmatched,,,,
ocd-person/0b48f460-f41c-4f21-8620-c64728604e4c,Jason Dockter,ND,R,lower,7,1.032,0.242,2022,matched,,,0.242,
ocd-person/c141f4ae-fef0-4dfa-8746-81c116e313c1,Jay Fisher,ND,R,lower,5,1.193,0.2017,2022,matched,,,0.2017,
ocd-person/967219db-3714-49e4-8642-5fb444ef882c,Jayme Davis,ND,D,lower,9,,,,unmatched,,,,
ocd-person/49d467a4-d6ad-49bb-b498-445117bd1669,Jeff Barta,ND,R,upper,43,,,,unmatched,,,,
ocd-person/4c53491d-adf0-4c18-a645-a63667f2c828,Jeff Hoverson,ND,R,lower,3,2.686,0.0,2018,matched,,,0.0,
ocd-person/9c20611f-bea1-4176-b98f-3b20537e6818,Jeff Magrum,ND,R,upper,8,0.526,0.3685,2022,matched,,,0.3685,
ocd-person/714275ca-f81c-4fae-af2e-248a5ba4d697,Jerry Klein,ND,R,upper,14,0.937,0.2657,2022,matched,,,0.2657,
ocd-person/d9517a29-cf58-4538-953f-715eee39db16,Jim Grueneich,ND,R,lower,28,1.185,0.2037,2020,matched,,,0.2037,
ocd-person/364ea7b0-8ff8-42b6-ac54-1453cc9d7785,Jim Jonas,ND,R,lower,13,,,,unmatched,,,,
ocd-person/af2974f4-4889-4ea5-9cfd-93d68e2d39a2,Jim Kasper,ND,R,lower,46,1.237,0.1907,2022,matched,,,0.1907,
ocd-person/b3f127cc-2ec4-434b-8258-b5b29a7690ca,Jon Nelson,ND,R,lower,14,1.019,0.2453,2020,matched,,,0.2453,
ocd-person/e0da9b3a-45c3-4776-b6cc-eebd3d64d785,Jonathan Sickler,ND,R,upper,17,,,,unmatched,,,,
ocd-person/35e63cc0-2313-4f4b-80f8-0d7356fa684a,Jonathan Warrey,ND,R,lower,22,,,,unmatched,,,,
ocd-person/230e88ef-7b8d-4229-b121-c1df2328c78a,Jorin Johnson,ND,R,lower,41,-0.901,0.7252,2020,matched,,,0.7252,
ocd-person/2abbe0b0-fc8b-47f0-8b29-78e7c1315322,Jose Castaneda,ND,R,upper,40,,,,unmatched,,,,
ocd-person/50d67a3d-7267-4f21-93af-6827c45077f0,Josh Boschee,ND,D,upper,44,,,,unmatched,,,,
ocd-person/75e58364-853b-4b08-b902-7c84deb98e4a,Judy Lee,ND,R,upper,13,0.955,0.2612,2020,matched,,,0.2612,
ocd-person/17f0bfb4-083b-460d-9b3f-483079df42c6,Justin Gerhardt,ND,R,upper,34,,,,unmatched,,,,
ocd-person/d0cd1bbe-d84e-49d8-bb5e-1ada10cf187d,Karen Anderson,ND,R,lower,19,-0.428,0.607,2022,matched,,,0.607,
ocd-person/3e2f8712-9190-4c2d-887a-7e479e27dd81,Karen Grindberg,ND,R,lower,41,,,,unmatched,,,,
ocd-person/a1829243-52bf-4ade-9ed8-6955241120c3,Karen Karls,ND,R,lower,35,1.057,0.2358,2022,matched,,,0.2358,
ocd-person/af21927a-d2f9-454d-93fc-04ec9d585b1e,Karen Rohr,ND,R,lower,31,1.045,0.2388,2022,matched,,,0.2388,
ocd-person/84b51f7f-dbd2-4d17-b698-4650964514cd,Karla Rose Hanson,ND,D,lower,44,-0.779,0.6947,2022,matched,,,0.6947,
ocd-person/2674934f-59c0-4caa-8ff4-be3deecc31b3,Kathy Frelich,ND,R,lower,15,,,,unmatched,,,,
ocd-person/03924b26-a081-4722-947b-2738200f9063,Kathy Hogan,ND,D,upper,21,0.158,0.4605,2022,matched,,,0.4605,
ocd-person/d9bd764d-f08a-4056-ba7d-82bad9e9d17b,Kathy Skroch,ND,R,lower,25,1.282,0.1795,2020,matched,,,0.1795,
ocd-person/61200f69-4501-4cfb-a9cf-a37e86d6604c,Keith Boehm,ND,R,upper,33,,,,unmatched,,,,
ocd-person/3075343c-75ba-4957-a1a2-411eb1708c6b,Keith Kempenich,ND,R,lower,39,0.919,0.2702,2018,matched,,,0.2702,
ocd-person/ed4f6720-01ed-42c3-9e33-8fa6ca237b49,Kelby Timmons,ND,R,lower,26,,,,unmatched,,,,
ocd-person/f1041f2b-2e6e-41b0-9313-9767f7c03dbe,Kent Weston,ND,R,upper,15,,,,unmatched,,,,
ocd-person/dd6fc6e2-9b7f-405a-9121-28afd911ecdd,Kristin Roers,ND,R,upper,27,1.29,0.1775,2022,matched,,,0.1775,
ocd-person/4412269d-782d-4ea2-a649-e62a30cd1739,Kyle Davison,ND,R,upper,41,1.154,0.2115,2018,matched,,,0.2115,
ocd-person/a7fba7c3-b0ee-4b95-976e-4b38c0b8fa53,Landon Bahl,ND,R,lower,17,,,,unmatched,,,,
ocd-person/3de00ea0-0ad8-4875-8f7f-445b7e67a6d6,Larry Klemin,ND,R,lower,47,1.15,0.2125,2020,matched,,,0.2125,
ocd-person/bbce3e80-9e27-4dfe-a7db-0c2b3bcc0b94,Larry Luick,ND,R,upper,25,1.049,0.2378,2020,matched,,,0.2378,
ocd-person/f233c739-2bfe-4a96-ba9b-f3c4cbff539c,LaurieBeth Hager,ND,D,lower,21,-0.108,0.527,2022,matched,,,0.527,
ocd-person/bf09d70e-a605-43f0-bcca-57ece9c06214,Lisa Finley-DeVille,ND,D,lower,4A,,,,unmatched,,,,
ocd-person/39e75205-fa1e-45d4-a04a-2ccee0a83a07,Lisa Meier,ND,R,lower,32,1.045,0.2388,2022,matched,,,0.2388,
ocd-person/f1c4c314-4fe7-4aa1-b243-d075dce4444d,Lori VanWinkle,ND,R,lower,3,,,,unmatched,,,,
ocd-person/be77ffd0-b287-4585-8409-5189885d180a,Macy Bolinske,ND,R,lower,40,,,,unmatched,,,,
ocd-person/157a41fd-5329-42f2-a5c7-d0cc81336f07,Mark Enget,ND,R,upper,2,,,,unmatched,,,,
ocd-person/fdaab7d3-77b8-4cf4-bda2-1cb927f675a9,Mark Sanford,ND,R,lower,17,1.006,0.2485,2018,matched,,,0.2485,
ocd-person/450cf40c-eb15-4f0d-843f-3a3e071d54fc,Mark Weber,ND,R,upper,22,0.956,0.261,2020,matched,,,0.261,
ocd-person/891c379b-f866-4029-9f52-a416b5005272,Mary Schneider,ND,D,lower,21,0.069,0.4828,2022,matched,,,0.4828,
ocd-person/27436563-29f4-4508-be92-0adf91ea442a,Matt Heilman,ND,R,lower,7,,,,unmatched,,,,
ocd-person/11d3d315-2e0d-4824-8ad2-6fd81962c9d1,Matt Ruby,ND,R,lower,40,1.16,0.21,2020,matched,,,0.21,
ocd-person/31c83885-ce7e-4b8f-ac6d-bf310c12acb8,Michael Howe,ND,R,executive,,,,,unmatched,,,,
ocd-person/281253e2-e075-4cde-92dd-20d097bc2b3b,Michelle Axtman,ND,R,upper,7,,,,unmatched,,,,
ocd-person/3f38bb4c-1371-4b8c-851f-cc441b5c853b,Michelle Powers,ND,R,upper,46,,,,unmatched,,,,
ocd-person/a6e733ce-ccdc-425a-bb9b-9010a09c3933,Michelle Strinden,ND,R,executive,,,,,unmatched,,,,
ocd-person/2e1bbdc9-a4e1-4ab2-953f-2e51910b7b58,Mike Beltz,ND,R,lower,20,1.287,0.1783,2022,matched,,,0.1783,
ocd-person/00959142-f06a-4e5d-aab2-21abfd9aa261,Mike Berg,ND,R,lower,8,,,,unmatched,,,,
ocd-person/52538b14-697a-4632-854b-badf925cbfe6,Mike Brandenburg,ND,R,lower,28,0.965,0.2588,2022,matched,,,0.2588,
ocd-person/704150b0-5d7f-43ea-afd5-b6f059463575,Mike Dwyer,ND,R,upper,47,0.928,0.268,2018,matched,,,0.268,
ocd-person/813e59ee-0d23-43d7-b6a9-82ff79cf8f4f,Mike Lefor,ND,R,lower,37,0.919,0.2702,2022,matched,,,0.2702,
ocd-person/a8e7843d-466a-4112-9238-707dbbac2696,Mike Motschenbacher,ND,R,lower,47,,,,unmatched,,,,
ocd-person/981c4da0-4ab9-46cb-aa42-397253399cba,Mike Nathe,ND,R,lower,30,1.143,0.2142,2022,matched,,,0.2142,
ocd-person/a8e9d4c9-c6fa-41cf-8440-30ba429d4c63,Mike Schatz,ND,R,lower,39,1.197,0.2007,2022,matched,,,0.2007,
ocd-person/a5665c05-d239-4297-a3dc-08557280d5f8,Mike Wobbema,ND,R,upper,24,1.416,0.146,2022,matched,,,0.146,
ocd-person/a9b3e13f-b522-4383-b775-45afc7636520,Mitch Ostlie,ND,R,lower,12,1.218,0.1955,2020,matched,,,0.1955,
ocd-person/bf16c102-641d-4296-96c4-eccab1c1d43f,Nathan Toman,ND,R,lower,34,1.023,0.2443,2020,matched,,,0.2443,
ocd-person/1db300de-726b-44fc-b3fe-f4c918a55ea1,Nels Christianson,ND,R,lower,18,,,,unmatched,,,,
ocd-person/1a0c2ca8-e9ab-4698-a75b-4f40e65a413d,Nico Rios,ND,R,lower,23,,,,unmatched,,,,
ocd-person/1f5bad71-f1e2-4729-896b-293137ed6a84,Pat Heinert,ND,R,lower,32,1.201,0.1997,2022,matched,,,0.1997,
ocd-person/8fd64fab-cbe4-4ad3-bd63-447cc527e567,Patrick Hatlestad,ND,R,lower,1,0.987,0.2532,2018,matched,,,0.2532,
ocd-person/960f301d-59c2-4047-96ca-8f026c7cc096,Paul Thomas,ND,R,upper,6,-0.908,0.727,2018,matched,,,0.727,
ocd-person/c7d25cc2-0a28-4001-b046-df3e3a996f21,Randy Burckhard,ND,R,upper,5,1.058,0.2355,2022,matched,,,0.2355,
ocd-person/c8e63920-e054-4bb3-aff3-e9caeb012d2c,Randy Lemm,ND,R,upper,20,1.209,0.1977,2020,matched,,,0.1977,
ocd-person/d87ed27e-35a2-4272-aa04-edf0a2893004,Richard Marcellais,ND,D,upper,9,0.11,0.4725,2018,matched,,,0.4725,
ocd-person/e3f498cc-b127-4f43-be89-1ad84b3b4e78,Robert Erbele,ND,R,upper,28,0.972,0.257,2022,matched,,,0.257,
ocd-person/f96d48d1-23a3-4516-a3a5-5bf873f05eda,Robin Weisz,ND,R,lower,14,1.021,0.2448,2022,matched,,,0.2448,
ocd-person/3bf442fa-fe42-48c3-b10a-6e94bc20e23d,Roger Maki,ND,R,lower,26,,,,unmatched,,,,
ocd-person/d313121d-2b0d-41e9-94a2-fe819a6e82b4,Ron Sorvaag,ND,R,upper,45,1.168,0.208,2020,matched,,,0.208,
ocd-person/66b053e6-9766-40f0-8da3-2a40f517d9e1,Ryan Braunberger,ND,D,upper,10,,,,unmatched,,,,
ocd-person/3a13b8c4-9366-4af8-b137-d3f959572a2a,Scott Louser,ND,R,lower,5,0.914,0.2715,2020,matched,,,0.2715,
ocd-person/5bcd9ecd-d547-4336-aa69-b4b258085802,Scott Meyer,ND,R,upper,18,1.246,0.1885,2020,matched,,,0.1885,
ocd-person/29d5158e-c93e-4d69-9da5-70972c26c896,Scott Wagner,ND,R,lower,45,1.214,0.1965,2020,matched,,,0.1965,
ocd-person/ee32295a-16ef-45df-b47e-f74ac5f1765b,Sean Cleary,ND,R,upper,35,,,,unmatched,,,,
ocd-person/705643fb-7605-4c42-9d55-6e774edf9fc6,Steve Swiontek,ND,R,lower,10,,,,unmatched,,,,
ocd-person/9d903288-c374-46e7-8665-d9ba4ba377b5,Steve Vetter,ND,R,lower,18,1.258,0.1855,2022,matched,,,0.1855,
ocd-person/e3f46d13-b49b-4fd9-a604-16ad12393a71,SuAnn Olson,ND,R,lower,8,1.312,0.172,2018,matched,,,0.172,
ocd-person/1e04adce-2d55-4b2a-bf7b-8a2977cd05f9,T.J. Brown,ND,R,lower,27,,,,unmatched,,,,
ocd-person/b40f2559-d9ae-41c2-b539-bd9c673cd90d,Terry Wanzek,ND,R,upper,29,0.992,0.252,2020,matched,,,0.252,
ocd-person/f715b93a-dcf7-4a67-b466-10c2cfad8a60,Tim Mathern,ND,D,upper,11,-0.695,0.6737,2022,matched,,,0.6737,
ocd-person/f01e3e40-01d3-4290-a85b-760683d4292e,Todd Beard,ND,R,upper,23,,,,unmatched,,,,
ocd-person/94b03c1b-39a3-495a-8a11-0c21a5f30f08,Todd Porter,ND,R,lower,34,0.922,0.2695,2022,matched,,,0.2695,
ocd-person/573043a9-0df8-41f8-a3e3-18a72c38aac6,Ty Dressler,ND,R,lower,36,,,,unmatched,,,,
ocd-person/6408b9c3-3e70-4e47-a2c1-d31c11012f4c,Vicky Steiner,ND,R,lower,37,0.995,0.2512,2018,matched,,,0.2512,
ocd-person/edf5f43d-33f6-4b77-a7c1-0b0e05a6b0be,Zac Ista,ND,D,lower,43,-0.248,0.562,2022,matched,,,0.562,
ocd-person/0c6a7bcf-e990-41a0-b59c-923f05771880,Adam Bird,OH,R,lower,63,0.609,0.3478,2022,matched,,,0.3478,
ocd-person/78912d95-3dac-4487-810a-74be41508ebb,Adam Holmes,OH,R,lower,97,0.618,0.3455,2022,matched,,,0.3455,
ocd-person/b04e2962-e7c6-46b8-9a99-d7a6d3a32717,Adam Mathews,OH,R,lower,56,1.336,0.166,2022,matched,,,0.166,
ocd-person/6a1fc3b1-ebfd-47b7-adec-ddcd84d137c9,Al Cutrona,OH,R,upper,33,,,,unmatched,,,,
ocd-person/debec71d-fcfb-4422-9c9e-c6a8709cbb3a,Al Landis,OH,R,upper,31,0.745,0.3137,2022,matched,,,0.3137,
ocd-person/c58b6767-730d-4486-a08e-462ea3af3bfe,Allison Russo,OH,D,lower,7,-1.123,0.7808,2022,matched,,,0.7808,
ocd-person/07c054e9-9a51-41b2-994a-8f63b0148d07,Andrea White,OH,R,lower,36,0.657,0.3357,2022,matched,,,0.3357,
ocd-person/c61c8eaf-1de9-419d-a5dc-c96787315578,Andrew Brenner,OH,R,upper,19,1.011,0.2473,2022,matched,,,0.2473,
ocd-person/4ed8184a-01ff-4bdc-a06c-cbf8b4c73fd6,Angie King,OH,R,lower,84,1.236,0.191,2022,matched,,,0.191,
ocd-person/3bfe0748-5423-4fcf-9962-905d2b747f23,Anita Somani,OH,D,lower,8,-0.887,0.7218,2022,matched,,,0.7218,
ocd-person/6d39391d-7068-4ad3-866d-4ee59890ce6e,Ashley Bryant Bailey,OH,D,lower,26,,,,unmatched,,,,
ocd-person/550986e6-b595-4fa8-9424-8e09327cf060,Bernie Willis,OH,R,lower,74,0.847,0.2883,2022,matched,,,0.2883,
ocd-person/dc1a25bf-ebf6-4d5c-b5c3-32f9fdb8b2ed,Beryl Piccolantonio,OH,D,lower,4,,,,unmatched,,,,
ocd-person/de0a6483-7c16-43e1-a76b-c0cc98a9d7ed,Beth Lear,OH,R,lower,61,1.162,0.2095,2022,matched,,,0.2095,
ocd-person/2d01ff0c-25a8-49a2-b571-ab3a7866fcf2,Beth Liston,OH,D,upper,16,,,,unmatched,,,,
ocd-person/5a9b2a16-6827-4e00-961a-f3de39538749,Bill Blessing,OH,R,upper,8,0.868,0.283,2022,matched,,,0.283,
ocd-person/bdc3493a-a22f-4a6b-b50e-b590216d8cfd,Bill DeMora,OH,D,upper,25,-0.767,0.6917,2022,matched,,,0.6917,
ocd-person/10733ff7-ee19-4e86-9b5e-65619ddbf7bf,Bill Reineke,OH,R,upper,26,0.799,0.3003,2022,matched,,,0.3003,
ocd-person/4cece9f3-e252-438b-8255-a2150a4ed599,Bill Roemer,OH,R,lower,31,0.587,0.3533,2022,matched,,,0.3533,
ocd-person/cdc9f705-514e-4445-ac17-9aeac8f67e97,Bob Peterson,OH,R,lower,91,0.728,0.318,2022,matched,,,0.318,
ocd-person/eb5ff860-2126-4ac5-8267-9d2d924c3967,Brian Chavez,OH,R,upper,30,,,,unmatched,,,,
ocd-person/1895e223-ba42-4e25-8cd0-915ca5cc2829,Brian Lampton,OH,R,lower,70,1.056,0.236,2022,matched,,,0.236,
ocd-person/a3ccce64-ea28-47dc-8bab-3af6ed2dd860,Brian Lorenz,OH,R,lower,60,0.656,0.336,2018,matched,,,0.336,
ocd-person/f4e6c51a-89bd-4841-848b-b1097fd3fc9d,Brian Stewart,OH,R,lower,12,0.68,0.33,2022,matched,,,0.33,
ocd-person/2481dfc7-d260-49c6-9461-9e6048ed27a2,Bride Sweeney,OH,D,lower,16,-0.647,0.6618,2022,matched,,,0.6618,
ocd-person/d7949531-f267-4e99-9611-87b3ec3e04ac,Casey Weinstein,OH,D,upper,28,,,,unmatched,,,,
ocd-person/94ba65dd-57c5-4ab0-b607-5e310d50cae0,Catherine Ingram,OH,D,upper,9,-0.641,0.6603,2022,matched,,,0.6603,
ocd-person/5ba7ae7d-2f10-42b7-8784-8e734507ce33,Cecil Thomas,OH,D,lower,25,-0.604,0.651,2022,matched,,,0.651,
ocd-person/80daf159-0742-4a3f-9575-e6492155c911,Chris Glassburn,OH,D,lower,15,,,,unmatched,,,,
ocd-person/b76c6e1e-8b9d-42bf-b615-73270b132773,Christine Cockley,OH,D,lower,6,,,,unmatched,,,,
ocd-person/9ae0194c-0f5b-44c6-b84f-a0ec4d3f3a61,Cindy Abrams,OH,R,lower,29,0.487,0.3782,2022,matched,,,0.3782,
ocd-person/aede29b6-7798-45b7-8401-5004cf1c29f9,Crystal Lett,OH,D,lower,11,,,,unmatched,,,,
ocd-person/cb2ddd04-e5b0-4c96-b217-d02b732eb896,D.J. Swearingen,OH,R,lower,89,0.618,0.3455,2022,matched,,,0.3455,
ocd-person/04d4dc4f-a38a-4d50-8962-ea961550b2ff,Dan Troy,OH,D,lower,23,-0.773,0.6933,2022,matched,,,0.6933,
ocd-person/1cc15373-6101-48fb-9597-d731c115eb70,Dani Isaacsohn,OH,D,lower,24,-0.73,0.6825,2022,matched,,,0.6825,
ocd-person/a75181f0-f0e8-4af3-aefd-6cc08543af1a,Darnell Brewer,OH,D,lower,22,-1.131,0.7828,2022,matched,,,0.7828,
ocd-person/b8ac5c3b-66e6-47f4-b8c2-1fd148a1f041,Dave Yost,OH,R,executive,,,,,unmatched,,,,
ocd-person/170299dd-f2e4-463e-8b8b-ea3b75946120,David Thomas,OH,R,lower,65,-0.604,0.651,2022,matched,,,0.651,
ocd-person/826530cc-f105-42c8-96db-e5ff7d1a966d,Derrick Hall,OH,D,lower,34,1.039,0.2403,2022,matched,,,0.2403,
ocd-person/86352961-5ebc-408a-9f16-8d801c7476dc,Desireè Tims,OH,D,lower,38,,,,unmatched,,,,
ocd-person/deed175e-5c44-48f0-b2c0-baa342b2baf1,Diane Mullins,OH,R,lower,47,1.496,0.126,2020,matched,,,0.126,
ocd-person/74c1210d-fb56-4522-8d3a-0a2bb08c972b,Dontavius Jarrells,OH,D,lower,1,-0.707,0.6767,2022,matched,,,0.6767,
ocd-person/bfe003c4-6a28-46d6-b831-07bfe8662926,Elgin Rogers,OH,D,lower,42,-0.626,0.6565,2022,matched,,,0.6565,
ocd-person/1ebfe182-1b49-4e69-b7f3-2fd528c70d73,Eric Synenberg,OH,D,lower,21,,,,unmatched,,,,
ocd-person/ab851536-a9e6-45d7-b2fe-fad70f5acf07,Erika White,OH,D,lower,41,-0.834,0.7085,2022,matched,,,0.7085,
ocd-person/eaeed96a-2f5c-43f2-aef4-fa3432d33451,Frank LaRose,OH,R,executive,,,,,unmatched,,,,
ocd-person/04e3c98a-4ede-4501-b914-4fa13fbad194,Gary Click,OH,R,lower,88,0.611,0.3473,2022,matched,,,0.3473,
ocd-person/b29aadca-f2da-4f09-8a1d-7aa328768507,Gayle Manning,OH,R,lower,52,0.714,0.3215,2022,matched,,,0.3215,
ocd-person/445d3fc7-d9a5-48d8-8869-f023aa274ae7,George Lang,OH,R,upper,4,1.059,0.2353,2022,matched,,,0.2353,
ocd-person/82dd3548-078a-41a8-8c5b-6c652d88d0d2,Haraz Ghanbari,OH,R,lower,75,0.751,0.3123,2022,matched,,,0.3123,
ocd-person/ed858ef9-97dc-4be8-97ab-006ea96923ae,Hearcel Craig,OH,D,upper,15,-0.498,0.6245,2022,matched,,,0.6245,
ocd-person/098614cd-1972-4b98-ade6-4f5fa7cefe5b,Heidi Workman,OH,R,lower,72,-0.786,0.6965,2020,matched,,,0.6965,
ocd-person/ed31c4e5-e835-4c4c-9352-217f5dcf1037,Ismail Mohamed,OH,D,lower,3,-0.528,0.632,2022,matched,,,0.632,
ocd-person/9c459852-5ff7-4607-a09a-6ee2480dece1,Jack Daniels,OH,R,lower,32,-0.786,0.6965,2018,matched,,,0.6965,
ocd-person/4b7cbc16-7a67-4a61-8fd5-77a857270774,Jamie Callender,OH,R,lower,57,0.859,0.2853,2022,matched,,,0.2853,
ocd-person/c3b1dc5e-4913-4e2f-b2a8-4db5b3faa1bd,Jane Timken,OH,R,upper,29,,,,unmatched,,,,
ocd-person/fbd5ca34-d2ed-41d0-a0f8-03ee8eca8a4d,Jason Stephens,OH,R,lower,93,0.623,0.3443,2022,matched,,,0.3443,
ocd-person/392629a2-7bb2-47df-8128-d4cd7d858324,Jean Schmidt,OH,R,lower,62,1.051,0.2373,2022,matched,,,0.2373,
ocd-person/60fdc824-a8ab-44fa-80ca-053d8698218e,Jeff LaRe,OH,R,lower,73,0.862,0.2845,2022,matched,,,0.2845,
ocd-person/4817cf28-df1f-4ccc-bc09-25809222e530,Jennifer Gross,OH,R,lower,45,1.072,0.232,2022,matched,,,0.232,
ocd-person/b27fdceb-e9c1-46b8-9fc2-323c3f6f784c,Jerry Cirino,OH,R,upper,18,0.679,0.3302,2022,matched,,,0.3302,
ocd-person/1a598246-01e8-44c8-beca-2c41e1bafb77,Jim Hoops,OH,R,lower,81,0.626,0.3435,2022,matched,,,0.3435,
ocd-person/ba95511f-3692-426c-bf85-c41ff737eeec,Jim Thomas,OH,R,lower,49,0.997,0.2508,2022,matched,,,0.2508,
ocd-person/6aef5093-5720-48fd-9997-e4f5451014b4,Jim Tressel,OH,R,executive,,,,,unmatched,,,,
ocd-person/f1715f7b-6a29-4dd2-a34f-b94c87088890,Jodi Salvo,OH,R,lower,51,,,,unmatched,,,,
ocd-person/9b5a9ff9-b35a-49aa-aa64-5d2bab574843,Joe Miller,OH,D,lower,53,-0.708,0.677,2022,matched,,,0.677,
ocd-person/9d7cc971-9ed9-4918-b93f-39d41d35e565,Johnathan Newman,OH,R,lower,80,,,,unmatched,,,,
ocd-person/1e52d1da-3e5c-442e-a460-d63b62709edf,Josh Williams,OH,R,lower,44,1.204,0.199,2022,matched,,,0.199,
ocd-person/ede2c8b0-9c35-4ebf-9a4a-4349fe4cc224,Juanita Brent,OH,D,lower,18,-0.694,0.6735,2022,matched,,,0.6735,
ocd-person/9892fcd7-9432-425f-85a6-7599fbe3177d,Justin Pizzulli,OH,R,lower,90,1.391,0.1522,2018,matched,,,0.1522,
ocd-person/a13af74a-5ade-4769-8a76-db942fe71002,Karen Brownlee,OH,D,lower,28,,,,unmatched,,,,
ocd-person/97821235-4116-44d1-b58b-acf822bbdc58,Kellie Deeter,OH,R,lower,54,,,,unmatched,,,,
ocd-person/d9c3dfce-8b7f-402f-9dec-5179e38b528f,Kent Smith,OH,D,upper,21,-0.574,0.6435,2022,matched,,,0.6435,
ocd-person/cefb7a31-f46c-4145-9f38-901be3b70e60,Kevin Miller,OH,R,lower,69,0.96,0.26,2022,matched,,,0.26,
ocd-person/94df9e98-c52e-466a-ba6b-29cc21ee02ea,Kevin Ritter,OH,R,lower,94,,,,unmatched,,,,
ocd-person/936e5d50-e145-494b-a397-f56570530816,Kristina Roegner,OH,R,upper,27,1.034,0.2415,2020,matched,,,0.2415,
ocd-person/f2e79c7c-7e3a-496d-8f87-d43b62eb54a5,Kyle Koehler,OH,R,upper,10,,,,unmatched,,,,
ocd-person/b2c76bf8-569f-4e80-bd3d-fa8273a8356c,Latyna Humphrey,OH,D,lower,2,,,,unmatched,,,,
ocd-person/19cbe255-2cdb-47c4-b70a-693b6bf6665b,Lauren McNally,OH,D,lower,58,-0.837,0.7092,2022,matched,,,0.7092,
ocd-person/1dcb1bfa-861d-4d16-8d7d-02364e1b4def,Levi Dean,OH,R,lower,71,1.156,0.211,2022,matched,,,0.211,
ocd-person/e4f9416c-1043-4737-899e-31410e94af1d,Marilyn John,OH,R,lower,76,0.589,0.3528,2022,matched,,,0.3528,
ocd-person/292d1329-8a45-402b-8d6e-8f3b4726187a,Mark Hiner,OH,R,lower,98,,,,unmatched,,,,
ocd-person/4af0e8db-ad18-424f-abfa-ce31e37c0b7d,Mark Johnson,OH,R,lower,92,0.534,0.3665,2022,matched,,,0.3665,
ocd-person/2ae62dc8-e902-4a8e-99b7-182477c50bc3,Mark Romanchuk,OH,R,upper,22,0.851,0.2873,2022,matched,,,0.2873,
ocd-person/8750be20-9a0c-41e4-bb32-4061c787a7e2,Mark Sigrist,OH,D,lower,10,,,,unmatched,,,,
ocd-person/23d51717-c6eb-4a2c-bd55-038c72593a61,Matt Huffman,OH,R,lower,78,,,,unmatched,,,,
ocd-person/7ab0cf86-d569-4a6e-8677-8cd7721a9475,Matt Kishman,OH,R,lower,50,,,,unmatched,,,,
ocd-person/fb957ddc-f41c-400d-ae32-47f7e729555b,Melanie Miller,OH,R,lower,67,1.234,0.1915,2022,matched,,,0.1915,
ocd-person/75257af6-5d83-4d3b-b127-744aaa377c9f,Meredith Craig,OH,R,lower,77,,,,unmatched,,,,
ocd-person/4b1e7c00-c159-407e-83d8-2eb24ba175db,Meredith Lawson‐Rowe,OH,D,lower,5,,,,unmatched,,,,
ocd-person/100ae6b0-0c5d-4b97-9ac5-8ccb42b9168b,Michele Grim,OH,D,lower,43,-0.974,0.7435,2022,matched,,,0.7435,
ocd-person/79af20c0-6eb6-44a2-ba79-9c7e5e10ea04,Michele Reynolds,OH,R,upper,3,1.042,0.2395,2022,matched,,,0.2395,
ocd-person/d06c06f8-2f63-4a29-8388-ed0747b97f48,Michelle Teska,OH,R,lower,55,,,,unmatched,,,,
ocd-person/37478cd9-ed21-43f7-b2cc-578df43ad32d,Mike DeWine,OH,R,executive,,,,,unmatched,,,,
ocd-person/cc85c295-299f-4de7-bb56-1de3a451951e,Mike Dovilla,OH,R,lower,17,,,,unmatched,,,,
ocd-person/72bb7360-10c1-42d9-8781-32ddf8fef5fd,Mike Odioso,OH,R,lower,30,,,,unmatched,,,,
ocd-person/062b9622-c2fa-4af2-bbea-704f0450dd47,Monica Blasdel,OH,R,lower,79,,,,unmatched,,,,
ocd-person/538fefb8-d8ae-48f5-bb07-4161e2ccac55,Munira Abdullahi,OH,D,lower,9,-1.436,0.859,2022,matched,,,0.859,
ocd-person/d3508136-3927-461f-a2f0-a85665845ab1,Nathan Manning,OH,R,upper,13,0.814,0.2965,2022,matched,,,0.2965,
ocd-person/64305698-f25c-486e-b57f-00298cfbe15d,Nick Santucci,OH,R,lower,64,1.061,0.2348,2022,matched,,,0.2348,
ocd-person/df5c391c-65e8-4d61-a9b9-0249ff6eddb7,Nickie Antonio,OH,D,upper,23,-0.719,0.6797,2022,matched,,,0.6797,
ocd-person/3329274c-22b6-4b0a-b12a-e64c5733bef9,Paula Hicks-Hudson,OH,D,upper,11,,,,unmatched,,,,
ocd-person/1e218942-95f6-43fe-b935-b19ab70fd5fc,Phil Plummer,OH,R,lower,39,0.603,0.3493,2022,matched,,,0.3493,
ocd-person/78d5adbb-ec6a-4212-9cc7-335f5d9ded8c,Phil Robinson,OH,D,lower,19,-0.823,0.7057,2022,matched,,,0.7057,
ocd-person/36f320a8-be34-43c2-ac73-ee87fbce6b0c,Rachel Baker,OH,D,lower,27,-0.798,0.6995,2022,matched,,,0.6995,
ocd-person/d6ca7e4f-dcf2-4aad-a919-a2740bae649a,Riordan McClain,OH,R,lower,87,1.065,0.2338,2022,matched,,,0.2338,
ocd-person/e0d52f86-e997-4299-9e50-972a2c208c20,Rob McColley,OH,R,upper,1,0.84,0.29,2022,matched,,,0.29,
ocd-person/c34a852a-71fc-4b21-a594-bc4a75b799c8,Rodney Creech,OH,R,lower,40,1.135,0.2162,2022,matched,,,0.2162,
ocd-person/52608475-9678-45ce-823a-74f9c931682c,Ron Ferguson,OH,R,lower,96,1.068,0.233,2022,matched,,,0.233,
ocd-person/73e72147-0d40-4478-bbf6-3419f0e00b46,Roy Klopfenstein,OH,R,lower,82,1.21,0.1975,2022,matched,,,0.1975,
ocd-person/d665e333-f7e3-43e2-b440-17920f62c60b,Sandy O'Brien,OH,R,upper,32,0.746,0.3135,2022,matched,,,0.3135,
ocd-person/5b3a7d10-e745-4985-ade9-d7fff6ae6af4,Sarah Fowler Arthur,OH,R,lower,99,,,,unmatched,,,,
ocd-person/52424e91-a002-4908-a205-4ea27cfe68da,Scott Oelslager,OH,R,lower,48,0.638,0.3405,2022,matched,,,0.3405,
ocd-person/993f089c-60bf-418d-9704-fa92e4f01c71,Sean Brennan,OH,D,lower,14,-0.807,0.7017,2022,matched,,,0.7017,
ocd-person/bb1ae016-cdfe-48aa-8bc5-9e3636e430f3,Shane Wilkin,OH,R,upper,17,0.86,0.285,2022,matched,,,0.285,
ocd-person/352d7ee9-256c-4195-a673-17b7ee200948,Sharon Ray,OH,R,lower,66,0.668,0.333,2022,matched,,,0.333,
ocd-person/854b6ce3-a4e1-46db-959a-aa286e4e8942,Steve Demetriou,OH,R,lower,35,0.973,0.2568,2022,matched,,,0.2568,
ocd-person/b21d9dcd-21e9-4071-936d-f89fc5d8f643,Steve Huffman,OH,R,upper,5,0.782,0.3045,2022,matched,,,0.3045,
ocd-person/26444e7e-72b2-4838-bc24-31899c90d504,Steve Wilson,OH,R,upper,7,0.8,0.3,2022,matched,,,0.3,
ocd-person/0e44b586-f6a4-44ee-b6b7-37fa8dc2e8cd,Susan Manchester,OH,R,upper,12,,,,unmatched,,,,
ocd-person/a4c53220-d4a7-4591-b2d8-109516dc9401,Terrence Upchurch,OH,D,lower,20,-0.597,0.6492,2022,matched,,,0.6492,
ocd-person/57300c34-0e2d-4e85-bdce-c4fb8c781541,Terry Johnson,OH,R,upper,14,0.81,0.2975,2022,matched,,,0.2975,
ocd-person/16e469e4-8014-4ba2-8fc4-91804d6ef491,Tex Fischer,OH,R,lower,59,,,,unmatched,,,,
ocd-person/081534e7-8952-47f0-a722-ed627fb32069,Thad Claggett,OH,R,lower,68,1.307,0.1733,2022,matched,,,0.1733,
ocd-person/0fe32749-fe89-4f96-87d3-3d831bea2459,Theresa Gavarone,OH,R,upper,2,1.041,0.2398,2022,matched,,,0.2398,
ocd-person/7948afad-ec3c-4e4c-a073-305fb8cd1b21,Thomas Hall,OH,R,lower,46,1.039,0.2403,2022,matched,,,0.2403,
ocd-person/fa5ff978-34ff-49d1-958e-4e356a8ef9d4,Tim Barhorst,OH,R,lower,85,1.025,0.2438,2022,matched,,,0.2438,
ocd-person/01a80305-a667-4dda-9676-1e678bddde12,Tim Schaffer,OH,R,upper,20,1.015,0.2463,2022,matched,,,0.2463,
ocd-person/a57f6c78-ac58-4f7d-870e-0d8052984cd9,Tom Patton,OH,R,upper,24,,,,unmatched,,,,
ocd-person/d2ecec1d-db13-4a47-836b-9e75f3a31c78,Tom Young,OH,R,lower,37,0.661,0.3347,2022,matched,,,0.3347,
ocd-person/7bcb4dfa-e4d3-46cd-b158-057b1b4b9a0a,Tracy Richardson,OH,R,lower,86,0.563,0.3593,2022,matched,,,0.3593,
ocd-person/18864718-3e48-4236-9afb-b1a61e4c52e2,Tristan Rader,OH,D,lower,13,,,,unmatched,,,,
ocd-person/09c752d1-59eb-4f43-b401-5092d801f4c1,Ty Mathews,OH,R,lower,83,1.336,0.166,2022,matched,,,0.166,
ocd-person/392b392f-7424-4826-9f65-6b84a805473b,Ty Moore,OH,R,lower,95,,,,unmatched,,,,
ocd-person/8b367fce-9be2-4848-837a-a475c3d531e4,Veronica Sims,OH,D,lower,33,,,,unmatched,,,,
ocd-person/23c443b0-e2f7-4c7a-af1e-d67d7aa366ce,Willis Blackshear,OH,D,upper,6,,,,unmatched,,,,
ocd-person/78900b72-692c-4b5f-ac8b-290577d6abd4,Aaron Reinhardt,OK,R,upper,37,,,,unmatched,,,,
ocd-person/7e356581-ff96-4e5d-b6bc-94b3c8e0005c,Adam Pugh,OK,R,upper,41,0.999,0.2502,2022,matched,,,0.2502,
ocd-person/a91af3e5-8f27-4aa3-9c5d-6166eeb7ec8a,Aletia Timmons,OK,D,lower,97,,,,unmatched,,,,
ocd-person/0e3e261d-437a-4e04-8328-70adb16c82d9,Ally Seifried,OK,R,upper,2,1.011,0.2473,2022,matched,,,0.2473,
ocd-person/8dac97e3-d74f-4f58-bb7d-83412600975f,Amanda Clinton,OK,D,lower,71,,,,unmatched,,,,
ocd-person/987fd457-5b14-4300-95f1-e92f7cd5f748,Andy Fugate,OK,D,lower,94,-0.662,0.6655,2022,matched,,,0.6655,
ocd-person/3a5828d9-b8bf-491c-adfe-19f5331d1e20,Annie Menz,OK,D,lower,45,-0.685,0.6713,2022,matched,,,0.6713,
ocd-person/c1f71291-89c1-4109-a15c-2483743d333a,Anthony Moore,OK,R,lower,57,0.915,0.2712,2022,matched,,,0.2712,
ocd-person/4d0b52d3-ad1f-45c9-b46e-3676194ef82c,Arturo Alonso,OK,D,lower,89,-0.635,0.6587,2022,matched,,,0.6587,
ocd-person/f2bc8c9d-050a-4531-84eb-1f233ad7042a,Avery Frix,OK,R,upper,9,,,,unmatched,,,,
ocd-person/446468ba-e7a8-49ff-8edc-e9f96da9d613,Bill Coleman,OK,R,upper,10,1.028,0.243,2022,matched,,,0.243,
ocd-person/246cfe54-edbd-4844-9bdc-0213c4b501e9,Bob Culver,OK,R,lower,4,1.059,0.2353,2022,matched,,,0.2353,
ocd-person/be4edaae-b522-4ce0-bc1d-98b813424f57,Brad Boles,OK,R,lower,51,1.086,0.2285,2022,matched,,,0.2285,
ocd-person/55b572a7-2951-4597-b70c-e37b51163b03,Brenda Stanley,OK,R,upper,42,1.067,0.2333,2022,matched,,,0.2333,
ocd-person/bc85e399-f4bc-4690-b34b-685e15242904,Brent Howard,OK,R,upper,38,1.036,0.241,2022,matched,,,0.241,
ocd-person/19a4841c-4571-4803-8f5d-262f664fb31a,Brian Guthrie,OK,R,upper,25,,,,unmatched,,,,
ocd-person/03af3716-0ac4-49f5-b25a-ff757420d87d,Brian Hill,OK,R,lower,47,1.067,0.2333,2022,matched,,,0.2333,
ocd-person/a3c36ebe-151f-4632-ab04-31963f55f9d8,Bryan Logan,OK,R,upper,8,,,,unmatched,,,,
ocd-person/6cfaac2f-52af-4aad-8ec4-6373bb45bf24,Carl Newton,OK,R,lower,58,1.091,0.2273,2022,matched,,,0.2273,
ocd-person/6ecf8a12-033a-41da-9b5f-3fbcf41f4841,Carri Hicks,OK,D,upper,40,-0.477,0.6192,2022,matched,,,0.6192,
ocd-person/8c8517c3-75ee-4b27-8d8c-3444c036ba78,Casey Murdock,OK,R,upper,27,1.049,0.2378,2022,matched,,,0.2378,
ocd-person/c5909558-d02d-438e-9c0c-50eb8c88f862,Chad Caldwell,OK,R,lower,40,1.063,0.2343,2022,matched,,,0.2343,
ocd-person/442374ea-1ad4-4793-bdbc-a5db81a1d219,Chris Banning,OK,R,lower,24,1.391,0.1522,2022,matched,,,0.1522,
ocd-person/5b2d71b9-21c7-4291-ac09-e2840fee2919,Chris Kannady,OK,R,lower,91,0.751,0.3123,2022,matched,,,0.3123,
ocd-person/f4d5b128-a016-4eda-b6c6-e298fe29bc29,Chris Sneed,OK,R,lower,14,1.083,0.2293,2022,matched,,,0.2293,
ocd-person/b8b4337f-5741-4fad-bcf3-38c526cf6c5a,Christi Gillespie,OK,R,upper,33,,,,unmatched,,,,
ocd-person/95f06268-cdfb-463b-aa2e-fb789fbc97c4,Chuck Hall,OK,R,upper,20,1.048,0.238,2022,matched,,,0.238,
ocd-person/382dfd67-bd2a-4271-bb79-62fe045102ea,Cindy Roe,OK,R,lower,42,1.1,0.225,2022,matched,,,0.225,
ocd-person/82e04ad9-64c8-4439-9853-cbc3e273d637,Clay Staires,OK,R,lower,66,1.278,0.1805,2022,matched,,,0.1805,
ocd-person/17d5c3a4-a468-4aca-b58c-314605214857,Cody Maynard,OK,R,lower,21,1.515,0.1213,2022,matched,,,0.1213,
ocd-person/0cffa048-1b45-4609-a1b6-9e741ca1948c,Collin Duel,OK,R,lower,31,0.996,0.251,2022,matched,,,0.251,
ocd-person/f9153735-938a-418b-ac4f-6881904861ac,Cyndi Munson,OK,D,lower,85,-0.431,0.6078,2022,matched,,,0.6078,
ocd-person/74fd77d2-ffa9-42cd-9849-0b64464bcc6f,Dana Prieto,OK,R,upper,34,1.591,0.1023,2022,matched,,,0.1023,
ocd-person/62d0d568-33cf-4ec6-b90e-5c2b45be82ba,Daniel Pae,OK,R,lower,62,0.463,0.3842,2022,matched,,,0.3842,
ocd-person/61966500-f9d7-4f45-ad6b-761d6d839036,Danny Sterling,OK,R,lower,27,1.081,0.2298,2022,matched,,,0.2298,
ocd-person/db2c481d-6dc5-455e-905c-2daac4bbc631,Danny Williams,OK,R,lower,28,1.057,0.2358,2022,matched,,,0.2358,
ocd-person/7143be5e-df9e-40ad-8591-dd4c9ea51261,Darcy Jech,OK,R,upper,26,1.009,0.2478,2022,matched,,,0.2478,
ocd-person/bea1fd3e-9a8e-4cd6-bdb8-abedd9f8a888,Darrell Weaver,OK,R,upper,24,1.073,0.2318,2022,matched,,,0.2318,
ocd-person/3714523f-ea6d-4bd5-a801-1397dd508208,Dave Rader,OK,R,upper,39,0.893,0.2767,2022,matched,,,0.2767,
ocd-person/f7e51701-fb8a-4d48-8f61-951096c0c76d,David Bullard,OK,R,upper,6,1.084,0.229,2022,matched,,,0.229,
ocd-person/b2857b06-9290-4141-9bc4-2a105bc51ce8,David Hardin,OK,R,lower,86,1.131,0.2172,2022,matched,,,0.2172,
ocd-person/84087e63-a192-4be6-9367-64b2c93a2dcc,David Smith,OK,R,lower,18,0.985,0.2538,2022,matched,,,0.2538,
ocd-person/4d473c48-88f9-495a-a8da-b8e2d0310280,Dell Kerbs,OK,R,lower,26,1.075,0.2313,2022,matched,,,0.2313,
ocd-person/e825fe1a-a46d-4a07-b9e4-c9e82e357c90,Denise Crosswhite Hader,OK,R,lower,41,1.34,0.165,2018,matched,,,0.165,
ocd-person/a7eb5f03-0a2a-4235-b2f8-b4983e1a8cf2,Derrick Hildebrant,OK,R,lower,23,,,,unmatched,,,,
ocd-person/dc094bcd-66c1-47f4-b9b0-94272636a7fe,Dick Lowe,OK,R,lower,56,0.941,0.2648,2022,matched,,,0.2648,
ocd-person/14d6a46d-124c-4274-ae72-bfe5541a4a0a,Dillon Travis,OK,R,lower,35,,,,unmatched,,,,
ocd-person/56666b37-2788-433a-9c32-19af826613e4,Dusty Deevers,OK,R,upper,32,,,,unmatched,,,,
ocd-person/d93c695c-f9d6-4f97-b92e-73249f89545a,Eddy Dempsey,OK,R,lower,1,1.066,0.2335,2022,matched,,,0.2335,
ocd-person/c63ddc9a-5f9d-4cb5-b152-4828f4870682,Ellen Pogemiller,OK,D,lower,88,,,,unmatched,,,,
ocd-person/c9e547ff-6762-49f8-807c-32c78ce569cf,Ellyn Hefner,OK,D,lower,87,-0.701,0.6753,2022,matched,,,0.6753,
ocd-person/09b3acaf-ac32-4f74-9bfe-37d84beb09c8,Emily Gise,OK,R,lower,90,,,,unmatched,,,,
ocd-person/752b02fd-2ce1-46d3-88a3-337d64df6b1a,Eric Roberts,OK,R,lower,83,1.068,0.233,2022,matched,,,0.233,
ocd-person/57fd0b98-5608-470a-a70b-971165572afb,Erick Harris,OK,R,lower,39,1.587,0.1033,2022,matched,,,0.1033,
ocd-person/b0168a8a-bf16-4ddb-85ef-a7503cdb4d66,Gabe Woolley,OK,R,lower,98,,,,unmatched,,,,
ocd-person/e55fbb4f-73e3-4ee7-a4c6-6e5ae860d360,Gentner Drummond,OK,R,executive,,,,,unmatched,,,,
ocd-person/a0948c13-b3a0-4040-b0db-9f8f8c67eeac,George Burns,OK,R,upper,5,0.869,0.2828,2022,matched,,,0.2828,
ocd-person/1120aff3-9773-4cc8-9c47-18026559363a,Gerrid Kendrix,OK,R,lower,52,1.094,0.2265,2022,matched,,,0.2265,
ocd-person/9f0cacea-112a-425a-b212-4fa3cfd3b3a0,Grant Green,OK,R,upper,28,0.918,0.2705,2022,matched,,,0.2705,
ocd-person/8e22d71d-fd9a-4d9d-aa7c-09af3da43118,Jack Stewart,OK,R,upper,18,1.244,0.189,2022,matched,,,0.189,
ocd-person/df4d2b89-39a6-4157-90ea-fd229c84f98b,Jacob Rosecrants,OK,D,lower,46,-0.679,0.6698,2022,matched,,,0.6698,
ocd-person/a4127dd3-e7f6-4bab-9910-8372e141f160,Jared Deck,OK,D,lower,44,-0.727,0.6817,2022,matched,,,0.6817,
ocd-person/a791f43c-0ca9-42aa-b90a-98968718a7e1,Jason Blair,OK,R,lower,53,,,,unmatched,,,,
ocd-person/0389a5f1-0777-4a48-8faf-98779dc16849,Jay Steagall,OK,R,lower,43,0.969,0.2578,2022,matched,,,0.2578,
ocd-person/edf90069-7569-4cd7-9a8e-e3890e395ac7,Jerry Alvord,OK,R,upper,14,1.066,0.2335,2022,matched,,,0.2335,
ocd-person/612db560-defe-471a-a45f-cf259a4ffeaa,Jim Grego,OK,R,lower,17,1.06,0.235,2022,matched,,,0.235,
ocd-person/f7a4c019-6e5c-40d8-8faf-9f7d44b83062,Jim Olsen,OK,R,lower,2,1.388,0.153,2022,matched,,,0.153,
ocd-person/df9c291c-e14f-487a-8ff6-9182734ababf,Jim Shaw,OK,R,lower,32,0.984,0.254,2018,matched,,,0.254,
ocd-person/164b3ba9-47d4-4c24-870d-4e6679e15cf8,Jo Anna Dossett,OK,D,upper,35,-0.617,0.6542,2022,matched,,,0.6542,
ocd-person/3af08d09-7d36-4f0b-b257-a0206a8c2778,John George,OK,R,lower,36,0.776,0.306,2022,matched,,,0.306,
ocd-person/08dca8d5-4264-4509-aebd-bbf7736b9e90,John Haste,OK,R,upper,36,1.016,0.246,2022,matched,,,0.246,
ocd-person/f7ab3ee8-1ec5-4218-ac6b-dba652f2a6d6,John Kane,OK,R,lower,11,1.078,0.2305,2022,matched,,,0.2305,
ocd-person/671bd947-18c8-4b39-906e-675209b80b73,John Pfeiffer,OK,R,lower,38,1.042,0.2395,2022,matched,,,0.2395,
ocd-person/6a662cc1-492b-4c65-a77c-9b8b202b1ae5,John Waldron,OK,D,lower,77,-0.561,0.6402,2022,matched,,,0.6402,
ocd-person/d8c6a83e-cdac-439d-af83-d90d9f543541,Jonathan Wilk,OK,R,lower,20,,,,unmatched,,,,
ocd-person/077e2743-495e-4198-a096-5675796d78a4,Jonathan Wingard,OK,R,upper,13,,,,unmatched,,,,
ocd-person/7bfc4244-9498-4a20-bdf7-44383688b608,Josh Cantrell,OK,R,lower,49,1.377,0.1557,2022,matched,,,0.1557,
ocd-person/6b71e61a-6f78-49b0-90ef-64b233dab860,Josh West,OK,R,lower,5,1.047,0.2383,2022,matched,,,0.2383,
ocd-person/47e6f0cc-bf0d-4375-b0f7-3e0c88779ca5,Judd Strom,OK,R,lower,10,1.07,0.2325,2022,matched,,,0.2325,
ocd-person/986cbe76-2b10-4fc8-92b0-39432b761e1a,Julia Kirt,OK,D,upper,30,-0.41,0.6025,2022,matched,,,0.6025,
ocd-person/14ac3593-aa7a-491e-aba0-93474e93673d,Julie Daniels,OK,R,upper,29,1.085,0.2288,2022,matched,,,0.2288,
ocd-person/3219df30-79cf-43c5-814d-b1f4b02d53bb,Julie McIntosh,OK,R,upper,3,,,,unmatched,,,,
ocd-person/0b9df925-a78c-4ee4-a58c-5d7c2ace10fd,Justin Humphrey,OK,R,lower,19,1.09,0.2275,2022,matched,,,0.2275,
ocd-person/595024d3-b5fd-45e4-a980-4774f531d051,Kelly Hines,OK,R,upper,47,,,,unmatched,,,,
ocd-person/428ba1b3-23b7-433a-8f18-ca53f6eed9aa,Ken Luttrell,OK,R,lower,37,-0.443,0.6108,2022,matched,,,0.6108,
ocd-person/8a183515-ff32-4660-8e9c-1317f274a603,Kendal Sacchieri,OK,R,upper,43,,,,unmatched,,,,
ocd-person/91b38015-8cd5-410e-b850-34961760b8d7,Kenton Patzkowsky,OK,R,lower,61,1.096,0.226,2022,matched,,,0.226,
ocd-person/7a7aca64-e9e6-465e-a423-6e4cf939c67a,Kevin Norwood,OK,R,lower,74,,,,unmatched,,,,
ocd-person/b4b14ac3-5ee6-4404-a4fc-ec6ea805ac90,Kevin Stitt,OK,R,executive,,,,,unmatched,,,,
ocd-person/fa002548-470f-4cf0-8365-f6f5aa0c50c7,Kevin West,OK,R,lower,54,1.096,0.226,2022,matched,,,0.226,
ocd-person/c768c730-142e-4582-a137-ee09a0240784,Kristen Thompson,OK,R,upper,22,1.057,0.2358,2022,matched,,,0.2358,
ocd-person/b0ab4df0-8cc1-43f6-9ed1-567b75e91468,Kyle Hilbert,OK,R,lower,29,0.929,0.2677,2022,matched,,,0.2677,
ocd-person/6bf75215-5df0-4dfc-adfb-98c60a6871bd,Lisa Standridge,OK,R,upper,15,0.91,0.2725,2022,matched,,,0.2725,
ocd-person/fe64cfd8-d85e-472e-8761-27b6a3774971,Lonnie Paxton,OK,R,upper,23,1.046,0.2385,2022,matched,,,0.2385,
ocd-person/aefe24ff-5a23-48bd-a5df-faa7b3dd0af9,Marilyn Stark,OK,R,lower,100,0.84,0.29,2022,matched,,,0.29,
ocd-person/a688f8ac-d265-4830-963f-617b726524ed,Mark Chapman,OK,R,lower,12,2.109,0.0,2022,matched,,,0.0,
ocd-person/97351530-ef54-4859-acdd-effcb11eaf1f,Mark Lawson,OK,R,lower,30,0.948,0.263,2022,matched,,,0.263,
ocd-person/a1d5d401-d767-4088-b9b6-e03af9d5ed49,Mark Lepak,OK,R,lower,9,1.085,0.2288,2022,matched,,,0.2288,
ocd-person/7bf07db8-9661-4f98-859d-9817cb4362dd,Mark Mann,OK,D,upper,46,,,,unmatched,,,,
ocd-person/6cac2a71-37ce-41be-8e9a-059f7a8667c5,Mark Tedford,OK,R,lower,69,1.315,0.1713,2022,matched,,,0.1713,
ocd-person/0172970c-3434-470b-98c8-6f7f0b167afb,Mary Boren,OK,D,upper,16,-0.632,0.658,2022,matched,,,0.658,
ocd-person/c363ab87-72b9-4c52-af58-c5cb2da323d2,Matt Pinnell,OK,R,executive,,,,,unmatched,,,,
ocd-person/190ef3e9-fdd4-4434-80da-06ebb08f2eaf,Max Wolfley,OK,R,lower,95,1.249,0.1877,2022,matched,,,0.1877,
ocd-person/4085a19f-1853-48e4-88c8-8b5b9089054a,Melissa Provenzano,OK,D,lower,79,-0.667,0.6667,2022,matched,,,0.6667,
ocd-person/e9c3844d-e861-4848-8737-539fdb553eb9,Meloyde Blancett,OK,D,lower,78,-0.526,0.6315,2022,matched,,,0.6315,
ocd-person/faabecda-dfa0-4995-b574-2b0a33b039ef,Michael Brooks,OK,D,upper,44,,,,unmatched,,,,
ocd-person/49a41053-6a43-44a8-92b9-9fd5e97a56fe,Micheal Bergstrom,OK,R,upper,1,1.045,0.2388,2022,matched,,,0.2388,
ocd-person/5822cf27-1b1f-40bd-ace3-a06a7f304820,Michelle McCane,OK,D,lower,72,,,,unmatched,,,,
ocd-person/2c065b7f-f5eb-4c15-bd69-10a7fa339b28,Mickey Dollens,OK,D,lower,93,-0.57,0.6425,2022,matched,,,0.6425,
ocd-person/527c315f-7d62-4de1-a543-6c81a0ac11a3,Mike Dobrinski,OK,R,lower,59,1.108,0.223,2022,matched,,,0.223,
ocd-person/8746752e-619b-454d-9ef6-7f4434acdd71,Mike Kelley,OK,R,lower,60,,,,unmatched,,,,
ocd-person/65f17e9b-aa29-4241-80c8-a800aea8ddae,Mike Lay,OK,R,lower,68,,,,unmatched,,,,
ocd-person/95734f94-939c-4774-82a5-c9222201f62f,Mike Osburn,OK,R,lower,81,0.915,0.2712,2022,matched,,,0.2712,
ocd-person/82b98199-7b85-488b-b5e8-7f135aad668f,Molly Jenkins,OK,R,lower,33,,,,unmatched,,,,
ocd-person/3eb936f1-5bc8-40bb-832e-c617d461115c,Neil Hays,OK,R,lower,13,1.11,0.2225,2022,matched,,,0.2225,
ocd-person/479b4def-b284-426b-8290-86bdce854bce,Nick Archer,OK,R,lower,55,0.299,0.4253,2022,matched,,,0.4253,
ocd-person/4af77a1a-7011-4901-89fe-4619d558d34c,Nicole Miller,OK,R,lower,82,1.079,0.2303,2022,matched,,,0.2303,
ocd-person/365647a0-0840-4a40-aac8-697ab21dbcd5,Nikki Nice,OK,D,upper,48,,,,unmatched,,,,
ocd-person/0388a9a8-8de3-4620-8c44-e887e0f1cecd,Paul Rosino,OK,R,upper,45,0.887,0.2782,2022,matched,,,0.2782,
ocd-person/016593c8-d702-434a-ba7c-aee48b14b6b3,Preston Stinson,OK,R,lower,96,0.958,0.2605,2022,matched,,,0.2605,
ocd-person/cfa7e540-ce4e-4230-9f82-9784d11733cb,Rande Worthen,OK,R,lower,64,0.936,0.266,2022,matched,,,0.266,
ocd-person/812abf8c-ed2d-4b91-8d69-0917a39adeed,Randy Grellner,OK,R,upper,21,,,,unmatched,,,,
ocd-person/2d438999-104f-4405-8cdc-d53ba4715a19,Regina Goodwin,OK,D,upper,11,,,,unmatched,,,,
ocd-person/bae91554-72c9-4dbd-b042-b4bd800e4732,Rick West,OK,R,lower,3,1.09,0.2275,2022,matched,,,0.2275,
ocd-person/a73e2372-a002-448b-afbb-31398aed55b1,Rob Hall,OK,R,lower,67,1.079,0.2303,2018,matched,,,0.2303,
ocd-person/a865c489-d177-4058-af64-51c2f0abef68,Robert Manger,OK,R,lower,101,1.064,0.234,2022,matched,,,0.234,
ocd-person/c0db5455-8d12-4525-ab57-afa8ed7e1d7f,Roland Pederson,OK,R,upper,19,1.071,0.2323,2022,matched,,,0.2323,
ocd-person/bdd6a3f7-c76a-459e-aad3-e833a9e110f8,Ron Stewart,OK,D,lower,73,,,,unmatched,,,,
ocd-person/e5d78f97-752b-4bff-a413-4704ed7c230a,Ronny Johns,OK,R,lower,25,0.948,0.263,2022,matched,,,0.263,
ocd-person/a6aa7540-02db-458d-9031-e6af94d63b44,Ross Ford,OK,R,lower,76,1.054,0.2365,2022,matched,,,0.2365,
ocd-person/818eac04-d5b7-49be-b740-84a8432cf5b3,Rusty Cornwell,OK,R,lower,6,1.114,0.2215,2022,matched,,,0.2215,
ocd-person/f61f3be0-ac28-411d-9641-917af1eb6753,Ryan Eaves,OK,R,lower,22,,,,unmatched,,,,
ocd-person/a2be8726-7870-43b3-bbac-381824466f9c,Scott Fetgatter,OK,R,lower,16,1.096,0.226,2022,matched,,,0.226,
ocd-person/97650810-9219-451e-97d1-e3d3318c5d53,Shane Jett,OK,R,upper,17,0.244,0.439,2022,matched,,,0.439,
ocd-person/4d4f5043-830c-498d-806c-5b1e9eb183df,Spencer Kern,OK,R,upper,31,,,,unmatched,,,,
ocd-person/d93d9d8d-1299-423a-bb9e-ade2bcb0fa11,Stacy Adams,OK,R,lower,50,1.304,0.174,2018,matched,,,0.174,
ocd-person/1ba99d3e-ebea-4426-b91a-0560da625e83,Stan May,OK,R,lower,80,0.919,0.2702,2022,matched,,,0.2702,
ocd-person/bf810dce-34f8-4db5-b242-efc008311228,Steve Bashore,OK,R,lower,7,0.916,0.271,2022,matched,,,0.271,
ocd-person/3d8b5070-b96a-4976-b886-e889214ffd0b,Suzanne Schreiber,OK,D,lower,70,-0.625,0.6562,2022,matched,,,0.6562,
ocd-person/71996394-7250-43ab-b69f-8c0afa3b144a,T.J. Marti,OK,R,lower,75,1.098,0.2255,2022,matched,,,0.2255,
ocd-person/1d6bc21f-6774-45de-b805-23cd8b5c32aa,Tammy Townley,OK,R,lower,48,1.089,0.2278,2022,matched,,,0.2278,
ocd-person/8a0a65fd-9a33-4f93-a94a-131e0ec39e6b,Tammy West,OK,R,lower,84,1.038,0.2405,2022,matched,,,0.2405,
ocd-person/d3bf80d0-be37-4e25-b7c6-7e30e54fe158,Tim Turner,OK,R,lower,15,-0.75,0.6875,2022,matched,,,0.6875,
ocd-person/54d37a3d-68cb-4e87-9916-c38f2f0f8ed3,Todd Gollihare,OK,R,upper,12,1.067,0.2333,2022,matched,,,0.2333,
ocd-person/fc634688-e6d0-4b9b-919c-0c1f001d51a7,Tom Gann,OK,R,lower,8,1.629,0.0927,2022,matched,,,0.0927,
ocd-person/9b993707-70c1-4e3f-96ee-4257c0cf04e6,Tom Woods,OK,R,upper,4,0.834,0.2915,2022,matched,,,0.2915,
ocd-person/25f65ce4-eb63-4beb-92d0-0d07db7f851a,Toni Hasenbeck,OK,R,lower,65,-0.687,0.6718,2022,matched,,,0.6718,
ocd-person/da01678a-03b7-4c2f-b93b-f98338c638b0,Trey Caldwell,OK,R,lower,63,1.024,0.244,2022,matched,,,0.244,
ocd-person/d3a66cdd-0469-4c20-90da-620f60c4b4be,Trish Ranson,OK,D,lower,34,-0.727,0.6817,2022,matched,,,0.6817,
ocd-person/48d6aa7c-97e1-4c69-8014-8818ae9ad055,Warren Hamilton,OK,R,upper,7,1.792,0.052,2022,matched,,,0.052,
ocd-person/8a65569e-4ed6-4952-86b8-d499bcbf1cae,Alek Skarlatos,OR,R,lower,4,,,,unmatched,,,,
ocd-person/3efec526-6660-45fa-9a10-b02716b2a779,Andrea Valderrama,OR,D,lower,47,-0.825,0.7063,2022,matched,,,0.7063,
ocd-person/a22ec130-3ba7-4304-9e6f-3a950b8454cb,Anna Scharf,OR,R,lower,23,1.218,0.1955,2022,matched,,,0.1955,
ocd-person/7a36fd6a-105a-44b3-b7e3-b3447979db49,Annessa Hartman,OR,D,lower,40,-0.98,0.745,2022,matched,,,0.745,
ocd-person/305e1426-2193-4e49-accf-6b26d224e92b,Anthony Broadman,OR,D,upper,27,,,,unmatched,,,,
ocd-person/571be1bf-e0ba-45a3-97be-d5df3bc98738,April Dobson,OR,D,lower,39,,,,unmatched,,,,
ocd-person/a19e8e1f-4859-4d05-8dc7-6f0a352c0757,Ben Bowman,OR,D,lower,25,-0.745,0.6863,2022,matched,,,0.6863,
ocd-person/4c9f2660-6dd3-49f5-a503-6fe5bc5c7787,Bobby Levy,OR,R,lower,58,1.059,0.2353,2022,matched,,,0.2353,
ocd-person/a95c31b3-9bfa-4ab1-93d1-278082ead92a,Boomer Wright,OR,R,lower,9,1.049,0.2378,2022,matched,,,0.2378,
ocd-person/e420fffb-7b56-42db-8cc4-531526ad6802,Bruce Starr,OR,R,upper,12,0.651,0.3372,2018,matched,,,0.3372,
ocd-person/95da50da-34df-41f5-8900-ff8bec038272,Cedric Hayden,OR,R,upper,6,,,,unmatched,,,,
ocd-person/d5d3b10e-9a5c-464a-93ad-bd824af1cbc0,Chris Gorsek,OR,D,upper,25,-0.795,0.6987,2022,matched,,,0.6987,
ocd-person/9c7dcacb-50b9-4338-924b-cf6d333dc43a,Christine Drazan,OR,R,upper,26,,,,unmatched,,,,
ocd-person/aa0eac5e-9089-4c72-8edb-4493e1c4a0ad,Court Boice,OR,R,lower,1,,,,unmatched,,,,
ocd-person/2bf5a8ca-cadb-4544-89e2-749f13673599,Courtney Neron Misslin,OR,D,upper,13,,,,unmatched,,,,
ocd-person/1b0e1c41-4914-4f3d-8a49-fd11a019526a,Cyrus Javadi,OR,D,lower,32,1.231,0.1922,2022,matched,,,0.1922,
ocd-person/f08a3b2f-8e56-41e4-bf5f-84a43fd5aab5,Dacia Grayber,OR,D,lower,28,-0.7,0.675,2022,matched,,,0.675,
ocd-person/201cf42b-d036-4582-a6ff-f23b3ab3f442,Dan Rayfield,OR,D,executive,,,,,unmatched,,,,
ocd-person/4b30682c-7833-4375-815b-2412cb9c61c7,Daniel Nguyen,OR,D,lower,38,-0.694,0.6735,2022,matched,,,0.6735,
ocd-person/e8deb6b6-9cd0-498d-9422-81d731972da5,Darcey Edwards,OR,R,lower,31,,,,unmatched,,,,
ocd-person/69c394b0-4299-4776-82aa-f847907f5308,Darin Harbick,OR,R,lower,12,,,,unmatched,,,,
ocd-person/db52dfee-b099-4ec9-800c-075d09710ca6,David Gomberg,OR,D,lower,10,-0.649,0.6623,2022,matched,,,0.6623,
ocd-person/26a734f0-51f9-4959-a213-bc345c1050ec,David Smith,OR,R,upper,1,,,,unmatched,,,,
ocd-person/6c867cbf-9d0b-4dd8-9537-55e834a42dc4,Deb Patterson,OR,D,upper,10,-0.844,0.711,2022,matched,,,0.711,
ocd-person/5ab0368e-6434-46c6-a7f4-7ee34b596fd1,Diane Linthicum,OR,R,upper,28,1.191,0.2022,2022,matched,,,0.2022,
ocd-person/5e28a30c-5ca9-4221-a331-9321267fbae6,Dick Anderson,OR,R,upper,5,1.075,0.2313,2022,matched,,,0.2313,
ocd-person/497f7e2e-b1d8-4803-8fb8-22dc045bc0b0,Dwayne Yunker,OR,R,lower,3,,,,unmatched,,,,
ocd-person/fa290a38-0cea-4dc8-a981-33ee4ff341f4,Ed Diehl,OR,R,lower,17,1.658,0.0855,2022,matched,,,0.0855,
ocd-person/2be8d7ed-5767-4a67-a5e9-b519691c14ef,Em Levy,OR,D,lower,53,-0.74,0.685,2022,matched,,,0.685,
ocd-person/2ef0c138-ff50-4a2b-9914-1a5edb506b49,Emily McIntire,OR,R,lower,56,1.539,0.1153,2022,matched,,,0.1153,
ocd-person/bec9a2c9-a77c-4ac9-b649-2a7360a5c0ad,Farrah Chaichi,OR,D,lower,35,-1.121,0.7802,2022,matched,,,0.7802,
ocd-person/a36ed400-bbdd-4053-9ae4-576ba52e95ca,Floyd Prozanski,OR,D,upper,4,-0.627,0.6567,2022,matched,,,0.6567,
ocd-person/aba97bd3-cdf6-4860-9b2c-cbd62e825e79,Fred Girod,OR,R,upper,9,0.871,0.2823,2022,matched,,,0.2823,
ocd-person/72dc94e8-e5d5-4376-aab5-06f6b3a771c7,Greg Smith,OR,R,lower,57,0.508,0.373,2022,matched,,,0.373,
ocd-person/a13db125-e6e2-4621-a1a7-7de714796b90,Hai Pham,OR,D,lower,36,-0.292,0.573,2022,matched,,,0.573,
ocd-person/f1be7436-8ea5-48b2-8997-53dd566633b9,James Manning,OR,D,upper,7,-0.621,0.6552,2022,matched,,,0.6552,
ocd-person/e0ac3b1f-565d-4766-b83d-3f08d6c0116b,Jami Cate,OR,R,lower,11,1.102,0.2245,2022,matched,,,0.2245,
ocd-person/9d3f5669-f452-4926-91ec-a74a4c4a48e5,Janeen Sollman,OR,D,upper,15,-0.717,0.6793,2022,matched,,,0.6793,
ocd-person/47e270fe-abc4-4f5d-9bad-2b7979442f5d,Jason Kropf,OR,D,lower,54,-0.734,0.6835,2022,matched,,,0.6835,
ocd-person/0240017c-38e7-45da-8841-c40b007965dc,Jeff Golden,OR,D,upper,3,-0.905,0.7263,2022,matched,,,0.7263,
ocd-person/936e2bdf-97c6-4297-80e7-faef3bb2e3d7,Jeff Helfrich,OR,R,lower,52,1.22,0.195,2022,matched,,,0.195,
ocd-person/13afc78a-1028-462e-8f98-6df3f7f028d5,John Lively,OR,D,lower,7,-0.657,0.6643,2022,matched,,,0.6643,
ocd-person/55ecfa8d-e89f-4a7b-af2d-6822f1025607,Jules Walters,OR,D,lower,37,-0.719,0.6797,2022,matched,,,0.6797,
ocd-person/b523dd9a-d913-4a8e-95e2-c546016f2b1a,Julie Fahey,OR,D,lower,14,-0.766,0.6915,2022,matched,,,0.6915,
ocd-person/cc87cb36-e12e-42e1-ac5e-c2d50e1d2018,Kate Lieber,OR,D,upper,14,-0.656,0.664,2022,matched,,,0.664,
ocd-person/97c2b8fd-9e87-43b7-b202-6541af36bab7,Kathleen Taylor,OR,D,upper,21,-0.616,0.654,2022,matched,,,0.654,
ocd-person/7532bf1f-c85e-4683-a401-ca87af088e5e,Kayse Jama,OR,D,upper,24,-0.768,0.692,2022,matched,,,0.692,
ocd-person/3770e09c-3492-4388-8047-e3dc83f026f3,Ken Helm,OR,D,lower,27,-0.679,0.6698,2022,matched,,,0.6698,
ocd-person/af99b8a9-452f-44e0-8404-83dfe05dbfd7,Kevin Mannix,OR,R,lower,21,1.088,0.228,2022,matched,,,0.228,
ocd-person/3b7edee5-fb20-48d2-98db-541721e24e65,Khanh Pham,OR,D,upper,23,,,,unmatched,,,,
ocd-person/5947e2cd-aa8b-4df1-869f-961357705a3c,Kim Thatcher,OR,R,upper,11,0.959,0.2602,2022,matched,,,0.2602,
ocd-person/a2e34475-ba6f-41af-bf61-83c7160d6c10,Kim Wallan,OR,R,lower,6,1.08,0.23,2022,matched,,,0.23,
ocd-person/c4974690-b877-4f28-a731-a29fdbd811c4,Lamar Wise,OR,D,lower,48,,,,unmatched,,,,
ocd-person/d452f3a7-efea-4ae5-8765-cbd5533462f2,Lesly Muñoz,OR,D,lower,22,,,,unmatched,,,,
ocd-person/2256d4a8-f19b-4e1d-ba35-771cc0349b0b,Lew Frederick,OR,D,upper,22,-0.802,0.7005,2022,matched,,,0.7005,
ocd-person/d75fd48f-fff7-4ccb-a46e-93854b4de3eb,Lisa Fragala,OR,D,lower,8,,,,unmatched,,,,
ocd-person/53afaba4-8ddc-4784-87c3-aaede576ac44,Lisa Reynolds,OR,D,upper,17,,,,unmatched,,,,
ocd-person/20f31b04-63fd-45a8-8075-5e6e1beae485,Lucetta Elmer,OR,R,lower,24,1.621,0.0948,2022,matched,,,0.0948,
ocd-person/2b313ed5-ef42-4c8f-ae67-5dbac7346118,Mari Watanabe,OR,D,lower,34,,,,unmatched,,,,
ocd-person/6adb2361-6526-450f-b2b1-e9f32311ca7d,Mark Gamba,OR,D,lower,41,-1.083,0.7708,2022,matched,,,0.7708,
ocd-person/d6379fd3-d283-4c6e-864b-7dca170b593d,Mark Meek,OR,D,upper,20,-0.673,0.6683,2022,matched,,,0.6683,
ocd-person/f73d5af2-f2b6-47d0-a55a-84ac528343ff,Mark Owens,OR,R,lower,60,1.064,0.234,2022,matched,,,0.234,
ocd-person/fe73a3b7-97cd-43cc-bf41-26a952a9ee8f,Matt Bunch,OR,R,lower,51,,,,unmatched,,,,
ocd-person/f0091fb4-4207-4663-be23-7c9e77994048,Mike McLane,OR,R,upper,30,,,,unmatched,,,,
ocd-person/dd5774a0-d6fe-44cc-86b3-b197225666eb,Nancy Nathanson,OR,D,lower,13,-0.618,0.6545,2022,matched,,,0.6545,
ocd-person/5615af6a-5232-45e0-b85b-bcb41e08391e,Nathan Sosa,OR,D,lower,30,-0.693,0.6733,2022,matched,,,0.6733,
ocd-person/15862ba2-3cdd-4a2e-a22e-28acdea73055,Noah Robinson,OR,R,upper,2,1.44,0.14,2022,matched,,,0.14,
ocd-person/ec643441-bffe-4f43-80a4-ab834ae0f1bd,Pam Marsh,OR,D,lower,5,-0.752,0.688,2022,matched,,,0.688,
ocd-person/8334f7e1-d712-44b4-8570-d0d0a6d131d3,Paul Evans,OR,D,lower,20,-0.716,0.679,2022,matched,,,0.679,
ocd-person/dc371425-a173-439f-903c-6e2e3fd145cd,Rick Lewis,OR,R,lower,18,0.787,0.3033,2022,matched,,,0.3033,
ocd-person/fce6eed7-4438-4f31-b47a-ee054c28d4f7,Ricki Ruiz,OR,D,lower,50,-0.696,0.674,2022,matched,,,0.674,
ocd-person/2aa7ebf4-d8a7-42c6-8e20-1edef58aa545,Rob Nosse,OR,D,lower,42,-0.724,0.681,2022,matched,,,0.681,
ocd-person/e40f7f2c-4c6a-4064-9fde-e6b380dde2aa,Rob Wagner,OR,D,upper,19,-0.701,0.6753,2022,matched,,,0.6753,
ocd-person/10b42647-1509-4e86-9155-4622c2d17315,Sara Gelser Blouin,OR,D,upper,8,,,,unmatched,,,,
ocd-person/77cbf3a1-387e-424d-87fc-51a46d770921,Sarah McDonald,OR,D,lower,16,1.78,0.055,2020,matched,,,0.055,
ocd-person/4a77ea61-457a-4111-bd2e-f2ee054ab4dc,Shannon Isadore,OR,D,lower,33,,,,unmatched,,,,
ocd-person/52af68c5-c141-4e35-912b-11d71b83af33,Shelly Davis,OR,R,lower,15,1.025,0.2438,2022,matched,,,0.2438,
ocd-person/0f296591-6b7e-40b0-8a92-9198dd72bd7e,Sue Rieke Smith,OR,D,lower,26,0.508,0.373,2022,matched,,,0.373,
ocd-person/62f98553-cc00-497f-ac14-97e0fc0e62c2,Susan McLain,OR,D,lower,29,-0.846,0.7115,2022,matched,,,0.7115,
ocd-person/835d23bd-afb1-4e82-93c4-4b1b1822aeb4,Suzanne Weber,OR,R,upper,16,1.03,0.2425,2022,matched,,,0.2425,
ocd-person/c138ec96-0a6f-4dee-be06-be286b68cfbb,Tawna Sanchez,OR,D,lower,43,-0.73,0.6825,2022,matched,,,0.6825,
ocd-person/52058824-2f35-4f6b-877f-d48301bd99a0,Thuy Tran,OR,D,lower,45,-0.696,0.674,2022,matched,,,0.674,
ocd-person/c136922d-c34a-4b53-a56b-2201b139d469,Tina Kotek,OR,D,executive,,,,,unmatched,,,,
ocd-person/73710d6f-5ce6-4015-8b6f-92fa17458afc,Tobias Read,OR,D,executive,,,,,unmatched,,,,
ocd-person/66c4922d-6b7e-4636-85a4-565e812df7a2,Todd Nash,OR,R,upper,29,,,,unmatched,,,,
ocd-person/4d850bbf-df69-4431-bad6-9444c63d4f0c,Tom Andersen,OR,D,lower,19,-0.707,0.6767,2022,matched,,,0.6767,
ocd-person/e2a96554-b503-4aad-856c-84266386e957,Travis Nelson,OR,D,lower,44,-0.807,0.7017,2022,matched,,,0.7017,
ocd-person/a3140c7f-befe-4b83-bc54-1451b5fe00f5,Vikki Breese Iverson,OR,R,lower,59,,,,unmatched,,,,
ocd-person/f5938046-4558-441b-9e63-6bff0e114bf4,Virgle Osborne,OR,R,lower,2,1.106,0.2235,2022,matched,,,0.2235,
ocd-person/709441c1-d716-47bc-8ac6-353abb1e039e,Werner Reschke,OR,R,lower,55,1.08,0.23,2022,matched,,,0.23,
ocd-person/21e83410-a7f5-43f1-a4ef-7cdc1d41c6b6,Willy Chotzen,OR,D,lower,46,,,,unmatched,,,,
ocd-person/72027f00-3e3c-47c7-ab62-cc89ebb1ed72,Wlnsvey Campos,OR,D,upper,18,-0.699,0.6747,2022,matched,,,0.6747,
ocd-person/83bbae41-6ba0-477e-a584-8ad7df1283d8,Zach Hudson,OR,D,lower,49,-0.715,0.6787,2022,matched,,,0.6787,
ocd-person/844f3ed7-03df-420f-81bd-3f547c12e61e,Aaron Bernstine,PA,R,lower,8,0.693,0.3267,2022,matched,,,0.3267,
ocd-person/db196239-5fca-4218-82ee-ce1f6cf03ec4,Abby Major,PA,R,lower,60,1.187,0.2032,2022,matched,,,0.2032,
ocd-person/4bc74848-3896-4a0a-9310-970458f48d1a,Abigail Salisbury,PA,D,lower,34,-0.733,0.6833,2022,matched,,,0.6833,
ocd-person/1b5abb1e-0028-49a3-ae86-cfb90296c796,Aerion Abney,PA,D,lower,19,-0.794,0.6985,2022,matched,,,0.6985,
ocd-person/6726e869-3e54-4b33-8765-d4704529465d,Al Schmidt,PA,R,executive,,,,,unmatched,,,,
ocd-person/be809fa5-6ef4-4071-bb94-ed10fb051f69,Alec Ryncavage,PA,R,lower,119,1.084,0.229,2022,matched,,,0.229,
ocd-person/77755456-0f2a-4bbd-ac96-03d83398d6fc,Amanda Cappelletti,PA,D,upper,17,-0.834,0.7085,2022,matched,,,0.7085,
ocd-person/a41016aa-660f-4af7-afcd-ef182e544533,Amen Brown,PA,D,lower,10,-0.702,0.6755,2022,matched,,,0.6755,
ocd-person/19dca465-48d8-4b4a-84e2-79ef9797c986,Ana Tiburcio,PA,D,lower,22,,,,unmatched,,,,
ocd-person/628312bf-7920-44b7-b226-90c92f92a123,Andre Carroll,PA,D,lower,201,-0.84,0.71,2022,matched,,,0.71,
ocd-person/23f12d9a-928a-445e-abbe-4976cb082809,Andrea Verobish,PA,R,lower,79,,,,unmatched,,,,
ocd-person/0d86d77b-ff68-4182-be53-09ff196b8174,Andrew Kuzma,PA,R,lower,39,1.305,0.1738,2022,matched,,,0.1738,
ocd-person/999d1ffd-b893-4aac-9fbb-ae43b3039038,Anita Kulik,PA,D,lower,45,-0.671,0.6678,2022,matched,,,0.6678,
ocd-person/e00e0f63-7058-46a4-8b63-f31dc804c614,Ann Flood,PA,R,lower,138,1.077,0.2308,2022,matched,,,0.2308,
ocd-person/57be936d-802b-4d09-b95e-2a5354cb9984,Anthony Bellmon,PA,D,lower,203,-0.742,0.6855,2022,matched,,,0.6855,
ocd-person/ea712eba-1da5-45e2-8d9f-022e8307a614,Art Haywood,PA,D,upper,4,-0.751,0.6877,2022,matched,,,0.6877,
ocd-person/f4e98ad8-2ee6-45e4-8594-0deaaa51190e,Arvind Venkat,PA,D,lower,30,-0.9,0.725,2022,matched,,,0.725,
ocd-person/e5de67f9-3e82-4e65-89ce-47aa0772d1f8,Austin A. Davis,PA,D,executive,,,,,unmatched,,,,
ocd-person/48c5b966-eef2-456a-8ca0-f47d584e7883,Barb Gleim,PA,R,lower,199,1.068,0.233,2022,matched,,,0.233,
ocd-person/b64463e2-41f6-4d58-a725-03db71798c1c,Ben Sanchez,PA,D,lower,153,-0.721,0.6803,2022,matched,,,0.6803,
ocd-person/1f2c3093-8ce7-41f7-8df0-6cd14ddd354b,Ben Waxman,PA,D,lower,182,-0.786,0.6965,2022,matched,,,0.6965,
ocd-person/13bfe11c-06e2-4a1d-844d-d195ef18dc06,Bob Freeman,PA,D,lower,136,-0.712,0.678,2022,matched,,,0.678,
ocd-person/bd4c3d05-059a-4084-b8f8-e8598e4eb955,Bob Merski,PA,D,lower,2,-0.729,0.6823,2022,matched,,,0.6823,
ocd-person/979ea568-4c43-41bd-ba1e-4c2da172bb82,Brad Roae,PA,R,lower,6,1.069,0.2328,2022,matched,,,0.2328,
ocd-person/9aea39f8-1503-4fea-9440-1e0e9c2f8fa3,Brandon Markosek,PA,D,lower,25,-0.677,0.6693,2022,matched,,,0.6693,
ocd-person/e12dc574-f19b-4c9c-9a30-42b68371ea4a,Brenda Pugh,PA,R,lower,120,,,,unmatched,,,,
ocd-person/1a6e36d3-ff44-4e21-bb9d-397a56482b34,Brett Miller,PA,R,lower,41,1.105,0.2238,2022,matched,,,0.2238,
ocd-person/0f035e7e-d035-4d8c-bc5b-876ba70452cc,Brian Munroe,PA,D,lower,144,-0.903,0.7258,2022,matched,,,0.7258,
ocd-person/7ec5f0f0-0899-4f54-b284-c4c5931c25bc,Brian Rasel,PA,R,lower,56,,,,unmatched,,,,
ocd-person/ac7d02d3-9bb7-4cc1-8cee-4283094fe604,Brian Smith,PA,R,lower,66,1.471,0.1322,2022,matched,,,0.1322,
ocd-person/e5149ed2-f2bb-4054-8064-e2331ffaf1c0,Bridget Malloy Kosierowski,PA,D,lower,114,-0.819,0.7047,2022,matched,,,0.7047,
ocd-person/fd5d0580-766c-482c-a12f-e4689e0bcf30,Bryan Cutler,PA,R,lower,100,0.822,0.2945,2022,matched,,,0.2945,
ocd-person/9b9857aa-5fad-4678-a4f9-7e40bc642f64,Bud Cook,PA,R,lower,50,1.094,0.2265,2022,matched,,,0.2265,
ocd-person/66b8c0a7-f8be-4acd-aafb-29ca02fcde65,Camera Bartolotta,PA,R,upper,46,0.892,0.277,2022,matched,,,0.277,
ocd-person/462fc474-e481-436e-b47a-7bbde2de3e3a,Carl Metzgar,PA,R,lower,69,1.041,0.2398,2022,matched,,,0.2398,
ocd-person/cafbffed-be4d-4e5b-9d99-9aec024675e2,Carol Hill-Evans,PA,D,lower,95,,,,unmatched,,,,
ocd-person/05f5a4fa-4a1e-4242-8664-eca508f36a3c,Carol Kazeem,PA,D,lower,159,-0.759,0.6897,2022,matched,,,0.6897,
ocd-person/91c58c1d-de9d-471b-8178-f6ef89c1286b,Carolyn Comitta,PA,D,upper,19,-0.766,0.6915,2022,matched,,,0.6915,
ocd-person/d881386d-8aad-45c7-8705-27f3288f20ea,Catherine Wallen,PA,R,lower,193,,,,unmatched,,,,
ocd-person/851902e6-5649-4c0c-948a-57fb9c1dd40d,Chad Reichard,PA,R,lower,90,,,,unmatched,,,,
ocd-person/d5bd036c-03f5-4111-b770-15cb2dbe3278,Charity Krupa,PA,R,lower,51,1.455,0.1362,2022,matched,,,0.1362,
ocd-person/965b26f8-5a4a-4458-a327-a25d89605e65,Chris Gebhard,PA,R,upper,48,1.091,0.2273,2022,matched,,,0.2273,
ocd-person/d83a0679-02c9-469b-89ed-11f9b46166c5,Chris Pielli,PA,D,lower,156,-0.726,0.6815,2022,matched,,,0.6815,
ocd-person/e6a8e555-0d65-4a1f-9673-56ad1e3c7855,Chris Rabb,PA,D,lower,200,-0.833,0.7083,2022,matched,,,0.7083,
ocd-person/43d9c3c2-aeec-416c-859d-ad90600bbe0e,Christina Sappey,PA,D,lower,158,-0.794,0.6985,2022,matched,,,0.6985,
ocd-person/626de4be-b2f3-4a37-bbbc-ede598381d6b,Clint Owlett,PA,R,lower,68,1.091,0.2273,2022,matched,,,0.2273,
ocd-person/bb324f66-3a5c-4e90-9c75-d142cce81c92,Craig Staats,PA,R,lower,145,1.09,0.2275,2022,matched,,,0.2275,
ocd-person/e17c51da-556e-4afe-aad4-137ee3a0881e,Craig Williams,PA,R,lower,160,-0.931,0.7328,2020,matched,,,0.7328,
ocd-person/402d7e3b-1935-47fa-8124-61490037d016,Cris Dush,PA,R,upper,25,1.086,0.2285,2022,matched,,,0.2285,
ocd-person/70d0ff46-746e-47a0-8c5f-cbe73dbf72ce,Dallas Kephart,PA,R,lower,73,0.958,0.2605,2022,matched,,,0.2605,
ocd-person/2608882d-9ae2-4522-b8b2-83d905913d3f,Dan Deasy,PA,D,lower,27,-0.585,0.6462,2022,matched,,,0.6462,
ocd-person/96667f6d-d967-4f6a-9cd9-23bf480a98c1,Dan Frankel,PA,D,lower,23,-0.392,0.598,2022,matched,,,0.598,
ocd-person/b42a625f-25e4-4f25-b942-928c8a3e0bb2,Dan Goughnour,PA,D,lower,35,,,,unmatched,,,,
ocd-person/431a823e-0268-4921-a62d-5f698211e706,Dan Laughlin,PA,R,upper,49,1.003,0.2493,2022,matched,,,0.2493,
ocd-person/f4071288-fa18-48bb-99f1-41abd60d215e,Dan Moul,PA,R,lower,91,1.062,0.2345,2022,matched,,,0.2345,
ocd-person/8cb5e285-fdd9-4c63-b7c7-480bf9e477e1,Dan Williams,PA,D,lower,74,-0.89,0.7225,2022,matched,,,0.7225,
ocd-person/d4de5cc2-b3b9-49a0-9f20-62c6f4f6a052,Dane Watro,PA,R,lower,116,1.158,0.2105,2022,matched,,,0.2105,
ocd-person/6678bcaf-292f-408a-aa36-90ed8bc8fd08,Danielle Otten,PA,D,lower,155,,,,unmatched,,,,
ocd-person/a2579707-5a31-4f4b-a9ed-49847d35eae6,Danilo Burgos,PA,D,lower,197,,,,unmatched,,,,
ocd-person/943fdd89-fe0a-43f6-8077-82cd252bdeb2,Darisha Parker,PA,D,lower,198,-0.751,0.6877,2022,matched,,,0.6877,
ocd-person/2a2df3c1-9ede-46b7-8d73-896b1e317aff,Dave Argall,PA,R,upper,29,0.926,0.2685,2022,matched,,,0.2685,
ocd-person/c05046a6-87dd-4956-a172-cad035960391,Dave Delloso,PA,D,lower,162,-0.808,0.702,2022,matched,,,0.702,
ocd-person/4a0c9e5e-07cc-4b4b-a47a-22be60d1623e,Dave Madsen,PA,D,lower,104,-0.917,0.7292,2022,matched,,,0.7292,
ocd-person/d880fd50-7249-4f5d-b7d4-193a4ae8319e,Dave Sunday,PA,R,executive,,,,,unmatched,,,,
ocd-person/2fbada46-9c48-4be5-a49f-e1ca0af132ed,Dave Zimmerman,PA,R,lower,99,1.084,0.229,2022,matched,,,0.229,
ocd-person/fb4a0115-dd63-4e25-8d36-0ea6afc55faf,David Maloney,PA,R,lower,130,1.064,0.234,2022,matched,,,0.234,
ocd-person/c88ccd9a-3378-4284-9dc6-767a4826526e,David Rowe,PA,R,lower,85,1.087,0.2283,2022,matched,,,0.2283,
ocd-person/2a13f9df-b7e6-4281-82e4-f7263b6fa12e,Dawn Keefer,PA,R,upper,31,,,,unmatched,,,,
ocd-person/5271803b-8b46-449c-bf89-44f7d09c6cd2,Devlin Robinson,PA,R,upper,37,0.795,0.3013,2022,matched,,,0.3013,
ocd-person/5913495d-53f8-4c39-8507-650cfe51c08b,Donna Scheuren,PA,R,lower,147,1.38,0.155,2022,matched,,,0.155,
ocd-person/cda65f80-13e8-463c-88fa-6f5569a599bf,Doug Mastriano,PA,R,upper,33,1.466,0.1335,2020,matched,,,0.1335,
ocd-person/885e9a2a-c18b-4f68-b5d0-0b867ec3268d,Doyle Heffley,PA,R,lower,122,1.201,0.1997,2022,matched,,,0.1997,
ocd-person/3d3d4070-dadd-4382-9d40-be2892745773,Ed Neilson,PA,D,lower,174,-0.582,0.6455,2022,matched,,,0.6455,
ocd-person/c1cb6f95-37c8-4e25-802e-80387e70ad74,Eddie Pashinski,PA,D,lower,121,-0.646,0.6615,2022,matched,,,0.6615,
ocd-person/8a2a9b56-cdfa-45e0-a26e-b45b547a2eae,Elder Vogel,PA,R,upper,47,0.687,0.3282,2022,matched,,,0.3282,
ocd-person/90d95881-f6ae-4b29-af31-31a8821b8a7c,Elizabeth Fiedler,PA,D,lower,184,-0.827,0.7067,2022,matched,,,0.7067,
ocd-person/875b1add-2803-4cc3-964b-0e351ed6ca1c,Emily Kinkead,PA,D,lower,20,-0.848,0.712,2022,matched,,,0.712,
ocd-person/80abce94-a517-4357-a70d-cbc791aa34a1,Eric Davanzo,PA,R,lower,58,0.462,0.3845,2022,matched,,,0.3845,
ocd-person/0910d394-3c42-48ee-aea7-6d4c0c144130,Eric Nelson,PA,R,lower,57,1.054,0.2365,2022,matched,,,0.2365,
ocd-person/b7373c43-580b-4044-a405-054073ac687b,Eric Weaknecht,PA,R,lower,5,,,,unmatched,,,,
ocd-person/a60da669-bae3-4e1d-a241-370a7ad2c769,Frank Burns,PA,D,lower,72,-0.646,0.6615,2022,matched,,,0.6615,
ocd-person/611d3c65-f30f-4dde-8f80-7db4ec405a36,Frank Farry,PA,R,upper,6,0.288,0.428,2022,matched,,,0.428,
ocd-person/3088ff8e-d2d9-46b9-8ea3-bd35af9438c2,Gary Day,PA,R,lower,187,1.054,0.2365,2022,matched,,,0.2365,
ocd-person/18127660-d04e-43c2-b931-084f0c87142c,Gene Yaw,PA,R,upper,23,1.04,0.24,2022,matched,,,0.24,
ocd-person/4c88ce64-4ba6-4f5e-a22f-86bf6a0d5b7f,Gina Curry,PA,D,lower,164,-0.863,0.7157,2022,matched,,,0.7157,
ocd-person/3e99b4f3-2efa-4330-b0b9-fb273b1322ea,Greg Rothman,PA,R,upper,34,1.056,0.236,2022,matched,,,0.236,
ocd-person/969ce6cb-ddcb-4347-b69d-2019cfbd6e18,Greg Scott,PA,D,lower,54,-0.751,0.6877,2022,matched,,,0.6877,
ocd-person/7a1f510f-12e0-4018-b6da-556b404399be,Greg Vitali,PA,D,lower,166,-0.782,0.6955,2022,matched,,,0.6955,
ocd-person/d5f1bbaf-5daf-4266-9b18-16042f49db1b,Heather Boyd,PA,D,lower,163,,,,unmatched,,,,
ocd-person/fefff26b-b89a-4400-b633-99e5aa09523b,Izzy Smith-Wade-El,PA,D,lower,49,,,,unmatched,,,,
ocd-person/abca93cc-5058-473c-93bc-c8e099c7fa20,Jack Rader,PA,R,lower,176,1.092,0.227,2022,matched,,,0.227,
ocd-person/fe624f82-e44d-4071-a49f-3a0d4965b7b9,Jacklyn Rusnock,PA,D,lower,126,,,,unmatched,,,,
ocd-person/4657c161-af68-44a8-bd60-8b8e88e702d1,Jake Banta,PA,R,lower,4,1.7,0.075,2022,matched,,,0.075,
ocd-person/fea0b7c4-d51a-463f-964a-75722678083b,James Malone,PA,D,upper,36,,,,unmatched,,,,
ocd-person/82938e14-97ce-44f0-942f-5bd2d7c532ba,Jamie Barton,PA,R,lower,124,1.293,0.1768,2022,matched,,,0.1768,
ocd-person/e396f514-a357-404f-bdb9-1ba33d97d0a7,Jamie Flick,PA,R,lower,83,1.427,0.1432,2022,matched,,,0.1432,
ocd-person/96cbec5b-b9a4-4325-8346-bd4d08d87237,Jamie Walsh,PA,R,lower,117,1.191,0.2022,2020,matched,,,0.2022,
ocd-person/6b6602c0-8b45-4e1e-89ba-1782da5d67c6,Jared Solomon,PA,D,lower,202,,,,unmatched,,,,
ocd-person/ecd51b53-a59b-4b92-b203-c1d24f748cb1,Jarrett Coleman,PA,R,upper,16,1.441,0.1397,2022,matched,,,0.1397,
ocd-person/4a2176cc-292b-4d19-aff6-8b4c4b460ba0,Jason Dawkins,PA,D,lower,179,-0.661,0.6653,2022,matched,,,0.6653,
ocd-person/1871b5c7-35c4-4d32-9e09-9febf8ba3f66,Jason Ortitay,PA,R,lower,46,1.033,0.2418,2022,matched,,,0.2418,
ocd-person/ee6b52c3-d92c-4cd6-a6ea-6869a8c93df0,Jay Costa,PA,D,upper,43,-0.405,0.6013,2022,matched,,,0.6013,
ocd-person/ddd14a2f-ebef-4918-bf91-578b71c085e4,Jeanne McNeill,PA,D,lower,133,-0.726,0.6815,2022,matched,,,0.6815,
ocd-person/08211014-af0e-4d71-92a7-e0045ba8062a,Jeff Olsommer,PA,R,lower,139,,,,unmatched,,,,
ocd-person/65b852b7-0c73-487d-aaf4-2b6648fa6383,Jen Mazzocco,PA,D,lower,42,,,,unmatched,,,,
ocd-person/7c8e87fe-1c8e-4736-a03c-35cf729b80e9,Jenn O'Mara,PA,D,lower,165,-0.878,0.7195,2022,matched,,,0.7195,
ocd-person/0df3f8d5-b6df-4cd8-a2c7-1dee651e60a8,Jeremy Shaffer,PA,R,lower,28,,,,unmatched,,,,
ocd-person/865dbfc4-e6ec-400e-bd5c-257f9a947519,Jesse Topper,PA,R,lower,78,1.039,0.2403,2022,matched,,,0.2403,
ocd-person/8b6409e9-8ab6-4222-b6f3-fb8f33800c95,Jessica Benham,PA,D,lower,36,-0.867,0.7167,2022,matched,,,0.7167,
ocd-person/6ae972c8-aff3-4886-a7d7-bd2cc5e40a38,Jill Cooper,PA,R,lower,55,1.073,0.2318,2022,matched,,,0.2318,
ocd-person/3b91abb8-4b49-4fa2-85ed-beea4919bccc,Jim Haddock,PA,D,lower,118,-0.765,0.6913,2022,matched,,,0.6913,
ocd-person/3c3cd25a-658f-4aab-a648-ef2509469c34,Jim Prokopiak,PA,D,lower,140,,,,unmatched,,,,
ocd-person/343e541b-fbd3-4622-bf42-7843494b1714,Jim Rigby,PA,R,lower,71,0.979,0.2552,2022,matched,,,0.2552,
ocd-person/4a24dcc2-5619-4bb1-acb3-bf7a7d08e6b1,Jim Struzzi,PA,R,lower,62,,,,unmatched,,,,
ocd-person/1951ae06-881a-4c43-9635-224878c3ecb5,Joanna McClinton,PA,D,lower,191,-0.604,0.651,2022,matched,,,0.651,
ocd-person/6e7b8baa-4fa3-404e-b8f8-bab3077221b7,Joanne Stehr,PA,R,lower,107,1.247,0.1882,2022,matched,,,0.1882,
ocd-person/c9521d0e-56ca-40d2-b9bc-7a1f1be639bc,Joe Ciresi,PA,D,lower,146,-0.724,0.681,2022,matched,,,0.681,
ocd-person/b698d343-137d-423b-a102-c471f1fd1768,Joe D'Orsie,PA,R,lower,47,2.223,0.0,2022,matched,,,0.0,
ocd-person/0e873ea0-c8a2-4fbb-a408-de0c5bd36de9,Joe Emrick,PA,R,lower,137,1.085,0.2288,2022,matched,,,0.2288,
ocd-person/acc00fca-50e5-46f7-8676-d502ecfc94ac,Joe Hamm,PA,R,lower,84,1.297,0.1758,2022,matched,,,0.1758,
ocd-person/b1beaa5c-93d2-479e-9408-47c7687cd212,Joe Hogan,PA,R,lower,142,0.635,0.3412,2022,matched,,,0.3412,
ocd-person/99728978-f905-406c-8b52-f2912f374602,Joe Hohenstein,PA,D,lower,177,-0.844,0.711,2022,matched,,,0.711,
ocd-person/8a7494a6-3d82-432b-a5c2-6dc46d192611,Joe Kerwin,PA,R,lower,125,1.257,0.1858,2022,matched,,,0.1858,
ocd-person/d31e549e-2c3d-4ea3-850b-5285955c3c2f,Joe McAndrew,PA,D,lower,32,,,,unmatched,,,,
ocd-person/00e98952-3983-44cd-aeca-09fb6cd84f3d,Joe Picozzi,PA,R,upper,5,,,,unmatched,,,,
ocd-person/722f324f-db47-4ce2-9cbc-93f29ae38158,Joe Pittman,PA,R,upper,41,0.642,0.3395,2022,matched,,,0.3395,
ocd-person/676410b6-c3aa-4c17-856f-7d896e6fbc83,Joe Webster,PA,D,lower,150,-0.774,0.6935,2022,matched,,,0.6935,
ocd-person/8d5ab463-45d5-4cf0-9c65-85820c08e506,Johanny Cepeda-Freytiz,PA,D,lower,129,,,,unmatched,,,,
ocd-person/0b0beeaf-a1b0-4049-95cb-4ad5a3952336,John Inglis,PA,D,lower,38,,,,unmatched,,,,
ocd-person/c45052c1-f3e4-485e-a3d2-f346fa51839b,John Kane,PA,D,upper,9,-0.792,0.698,2022,matched,,,0.698,
ocd-person/8c1966e4-80f4-4a98-bf55-b1de0b9705b3,John Lawrence,PA,R,lower,13,1.099,0.2253,2022,matched,,,0.2253,
ocd-person/b6a10f6b-3f2e-42df-adf9-7184222af2c2,John Schlegel,PA,R,lower,101,1.425,0.1437,2022,matched,,,0.1437,
ocd-person/23a2b079-dc91-49b0-b08e-f3ae80fba11f,Jonathan Fritz,PA,R,lower,111,1.057,0.2358,2022,matched,,,0.2358,
ocd-person/2313ce98-7ac4-44b9-a61d-5b128338a405,Jordan Harris,PA,D,lower,186,-0.695,0.6737,2022,matched,,,0.6737,
ocd-person/2062ecc5-049f-44c4-83bf-850a34b75531,Josh Bashline,PA,R,lower,63,,,,unmatched,,,,
ocd-person/fbb14b8a-8940-4679-9ed8-3ec48096a3a2,Josh Kail,PA,R,lower,15,0.99,0.2525,2022,matched,,,0.2525,
ocd-person/ac7497c7-0a0d-495f-98ce-75dedbfeb0c7,Josh Shapiro,PA,D,executive,,,,,unmatched,,,,
ocd-person/d390f1ac-1f16-478a-9e0d-462c9ed79818,José Giral,PA,D,lower,180,-0.759,0.6897,2022,matched,,,0.6897,
ocd-person/35362d6e-d00a-4cf1-806d-b4f2f2a55f72,Judy Schwank,PA,D,upper,11,-0.722,0.6805,2022,matched,,,0.6805,
ocd-person/b6ed7151-9ea4-4828-b639-785f9e358eb1,Judy Ward,PA,R,upper,30,0.99,0.2525,2022,matched,,,0.2525,
ocd-person/98b96b05-81eb-4871-a81b-2e03c0b92267,Justin Fleming,PA,D,lower,105,-0.715,0.6787,2022,matched,,,0.6787,
ocd-person/26925ace-f614-409d-80a2-9b6a42e7ddb5,K.C. Tomlinson,PA,R,lower,18,0.635,0.3412,2022,matched,,,0.3412,
ocd-person/08283fbe-18bc-4daf-972c-617d1e35d746,Kate Klunk,PA,R,lower,169,1.081,0.2298,2022,matched,,,0.2298,
ocd-person/36348b5e-47fe-404a-b6c3-99359115846c,Kathy Rapp,PA,R,lower,65,1.055,0.2363,2022,matched,,,0.2363,
ocd-person/ade3ef98-a98c-4448-a974-ec4e0eede98f,Katie Muth,PA,D,upper,44,-0.921,0.7303,2022,matched,,,0.7303,
ocd-person/dcd0037e-7833-416d-9523-5f25802bd43a,Keith Greiner,PA,R,lower,43,1.044,0.239,2022,matched,,,0.239,
ocd-person/99c32bc9-33c2-4394-94e6-2f9d0ff43133,Keith Harris,PA,D,lower,195,-0.695,0.6737,2022,matched,,,0.6737,
ocd-person/5a5a7a42-bc5e-4a07-aee1-d1a01e810385,Kerry Benninghoff,PA,R,lower,171,0.898,0.2755,2022,matched,,,0.2755,
ocd-person/c48a0179-5770-410d-ba97-bdbc05d20786,Kim Ward,PA,R,upper,39,0.81,0.2975,2022,matched,,,0.2975,
ocd-person/f1c8d8ab-0220-4b1e-96d0-6e0ae0b6df87,Kristin Marcell,PA,R,lower,178,1.079,0.2303,2022,matched,,,0.2303,
ocd-person/cb724e4a-0e5e-4ebd-ac0c-f3dfda73aef6,Kristin Phillips-Hill,PA,R,upper,28,,,,unmatched,,,,
ocd-person/f451e90b-e93a-4768-a294-67d1ff000396,Kristine Howard,PA,D,lower,167,-0.771,0.6927,2022,matched,,,0.6927,
ocd-person/009be4f2-d613-4353-8126-6b5642d868bc,Kyle Donahue,PA,D,lower,113,-0.8,0.7,2022,matched,,,0.7,
ocd-person/625784c9-4cd0-417c-9c44-1acd53b34307,Kyle Mullins,PA,D,lower,112,-0.686,0.6715,2022,matched,,,0.6715,
ocd-person/526967db-cef3-4f64-a380-1377f5c6f1fe,La'Tasha Mayes,PA,D,lower,24,-0.798,0.6995,2022,matched,,,0.6995,
ocd-person/8187ecb2-3e4b-4ba0-819e-a7cfb4b9ac93,Leanne Krueger,PA,D,lower,161,-0.785,0.6963,2022,matched,,,0.6963,
ocd-person/b29f8685-d054-4c6c-a8ad-d64f80bd840f,Lee James,PA,R,lower,64,1.083,0.2293,2022,matched,,,0.2293,
ocd-person/71bb086e-11d9-496d-b274-91d7a8b85eaf,Leslie Rossi,PA,R,lower,59,1.502,0.1245,2022,matched,,,0.1245,
ocd-person/b7c8d063-8db4-4cdf-a159-a0b064b7cae5,Lindsay Powell,PA,D,lower,21,,,,unmatched,,,,
ocd-person/bc64322a-faaf-4b33-b6c2-cf5059f4121c,Lindsey Williams,PA,D,upper,38,-0.808,0.702,2022,matched,,,0.702,
ocd-person/aa421a2c-4203-45b7-9766-8826c02a659d,Lisa Baker,PA,R,upper,20,0.816,0.296,2022,matched,,,0.296,
ocd-person/d927a6f9-9878-4375-ac7d-9996e8968c9d,Lisa Borowski,PA,D,lower,168,-0.76,0.69,2022,matched,,,0.69,
ocd-person/de81d407-bc84-48e6-9796-4a56be984cbd,Lisa Boscola,PA,D,upper,18,-0.349,0.5873,2022,matched,,,0.5873,
ocd-person/0aa9e1d6-4552-4ad4-b660-e2f3cc17b7dd,Liz Hanbidge,PA,D,lower,61,-0.907,0.7268,2022,matched,,,0.7268,
ocd-person/02117eb4-a7b3-4095-831b-1857910660fb,Lynda Culver,PA,R,upper,27,,,,unmatched,,,,
ocd-person/96711736-a47d-4bd6-bcc3-92297ec01516,Malcolm Kenyatta,PA,D,lower,181,-1.038,0.7595,2022,matched,,,0.7595,
ocd-person/63f8d7ea-b621-48b7-a326-4e2a732a521c,Mandy Steele,PA,D,lower,33,-0.91,0.7275,2022,matched,,,0.7275,
ocd-person/d26c016b-27e5-4171-849b-94773178023d,Manny Guzman,PA,D,lower,127,-0.7,0.675,2022,matched,,,0.675,
ocd-person/8d16f666-803c-4946-8adc-32f1e80d79d9,Marc Anderson,PA,R,lower,92,1.306,0.1735,2022,matched,,,0.1735,
ocd-person/dc7a449c-43cf-4522-b2a3-efb4707907c4,Marci Mustello,PA,R,lower,11,1.068,0.233,2022,matched,,,0.233,
ocd-person/323c52e8-f841-4a0b-a49e-91103949fbc8,Maria Collett,PA,D,upper,12,-0.876,0.719,2022,matched,,,0.719,
ocd-person/cd92c819-d5aa-4df3-ba96-2315dbdf4555,Mark Gillen,PA,R,lower,128,1.096,0.226,2022,matched,,,0.226,
ocd-person/68e26db9-10ba-414b-9d06-440dd1fd3f10,Marla Brown,PA,R,lower,9,1.045,0.2388,2022,matched,,,0.2388,
ocd-person/93435394-e853-45f2-9e88-65399b3f9042,Martina White,PA,R,lower,170,0.507,0.3732,2022,matched,,,0.3732,
ocd-person/171af8ac-41e0-4047-be38-654cc912053b,Marty Causer,PA,R,lower,67,1.077,0.2308,2022,matched,,,0.2308,
ocd-person/7061c75d-7eeb-40aa-841e-8121edba5d8a,Marty Flynn,PA,D,upper,22,,,,unmatched,,,,
ocd-person/ac9d319c-4df3-489a-890e-f7daba8c4bda,Mary Isaacson,PA,D,lower,175,-0.761,0.6903,2022,matched,,,0.6903,
ocd-person/2b9c199b-dd4e-477a-a5d0-849180c956a0,Mary Jo Daley,PA,D,lower,148,-0.786,0.6965,2022,matched,,,0.6965,
ocd-person/a15da78b-2475-4606-854f-7477dfc4233d,Matt Bradford,PA,D,lower,70,-0.56,0.64,2022,matched,,,0.64,
ocd-person/8ec333cd-97c4-4f5a-92de-13bf8cbc0020,Maureen Madden,PA,D,lower,115,-0.714,0.6785,2022,matched,,,0.6785,
ocd-person/2cb7688e-e8ea-431e-9f56-34ee9a9a3ecc,Melissa Shusterman,PA,D,lower,157,-0.87,0.7175,2022,matched,,,0.7175,
ocd-person/ef4ff98e-baba-4655-b24f-66ec5933fcb0,Michael Stender,PA,R,lower,108,,,,unmatched,,,,
ocd-person/406baa79-8352-4fa4-a1fa-70cc55e34406,Michele Brooks,PA,R,upper,50,0.928,0.268,2022,matched,,,0.268,
ocd-person/32c83f92-2bcc-4c2f-bcd0-8b367af29e28,Mike Armanini,PA,R,lower,75,1.099,0.2253,2022,matched,,,0.2253,
ocd-person/ce5d2c01-e29c-4eac-b06b-208d8c302dff,Mike Jones,PA,R,lower,93,1.789,0.0528,2022,matched,,,0.0528,
ocd-person/fc1f0752-9166-4d7f-987a-ec15b8bf4048,Mike Schlossberg,PA,D,lower,132,-0.58,0.645,2022,matched,,,0.645,
ocd-person/b4559406-2139-4c7c-9ce9-7a2a604a8a95,Milou Mackenzie,PA,R,lower,131,1.255,0.1863,2022,matched,,,0.1863,
ocd-person/f5b2ec4d-1d69-483a-a6ec-143d50ad395b,Mindy Fee,PA,R,lower,37,1.089,0.2278,2022,matched,,,0.2278,
ocd-person/610a353c-8973-48ea-a4d4-dac21efc3422,Missy Cerrato,PA,D,lower,151,-0.93,0.7325,2022,matched,,,0.7325,
ocd-person/05326e52-202a-46cd-bbbe-cc8d01d9a44b,Morgan Cephas,PA,D,lower,192,-0.729,0.6823,2022,matched,,,0.6823,
ocd-person/d18ccbd7-270a-46c2-8bbd-a19ea82d0e51,Nancy Guenst,PA,D,lower,152,-0.947,0.7368,2022,matched,,,0.7368,
ocd-person/94e57e39-e58d-4374-9506-ece1a01e0ebd,Napoleon Nelson,PA,D,lower,154,-0.757,0.6893,2022,matched,,,0.6893,
ocd-person/c5e053dd-a874-4a51-a071-661a20db33ab,Natalie Mihalek,PA,R,lower,40,,,,unmatched,,,,
ocd-person/c7f76970-11d0-483e-81b4-b4750220932c,Nate Davidson,PA,D,lower,103,-0.668,0.667,2022,matched,,,0.667,
ocd-person/a160699d-cc7d-4ed7-b486-57008ee0e642,Nick Miller,PA,D,upper,14,-0.852,0.713,2022,matched,,,0.713,
ocd-person/c9f6833a-470e-480f-b3ad-d91c887aa4f9,Nick Pisciottano,PA,D,upper,45,,,,unmatched,,,,
ocd-person/6f172bc8-50b0-4dd3-aed6-b5fd48b70eeb,Nikil Saval,PA,D,upper,1,-0.959,0.7398,2022,matched,,,0.7398,
ocd-person/5df981dc-0f0f-498e-8e0e-72cfa5410b2a,Nikki Rivera,PA,D,lower,96,,,,unmatched,,,,
ocd-person/8f7a2783-e165-4bf2-aead-113d98dd7dd2,Parke Wentling,PA,R,lower,7,1.077,0.2308,2022,matched,,,0.2308,
ocd-person/36e7e815-87a3-4c58-baae-71f210e48114,Pat Gallagher,PA,D,lower,173,-0.645,0.6613,2022,matched,,,0.6613,
ocd-person/c4a1a8f4-cb29-4700-8235-b103fcb40279,Pat Harkins,PA,D,lower,1,-0.639,0.6598,2022,matched,,,0.6598,
ocd-person/14106428-709f-4018-8881-5c31ee078ff8,Pat Stefano,PA,R,upper,32,1.037,0.2408,2022,matched,,,0.2408,
ocd-person/b5ff17d0-36e8-4f29-8c9b-e51bb9b3ea29,Patty Kim,PA,D,upper,15,,,,unmatched,,,,
ocd-person/494797a5-3d84-414a-9c8c-caaadd621cdd,Paul Friel,PA,D,lower,26,-0.935,0.7338,2022,matched,,,0.7338,
ocd-person/dd35ae63-5dee-4f87-b64e-65907b8adaba,Paul Takac,PA,D,lower,82,-0.928,0.732,2022,matched,,,0.732,
ocd-person/eb33e206-fb08-40bc-8b9b-1d9a72fcb8fc,Perry Stambaugh,PA,R,lower,86,1.448,0.138,2022,matched,,,0.138,
ocd-person/e2bc8bc4-33ab-46dd-8f67-da218949efb6,Perry Warren,PA,D,lower,31,-0.663,0.6658,2022,matched,,,0.6658,
ocd-person/63936c68-ec65-40a9-9a68-0d956939404a,Pete Schweyer,PA,D,lower,134,-0.622,0.6555,2022,matched,,,0.6555,
ocd-person/a737f4d4-5b45-469b-8d51-98c7aa78183a,Regina Young,PA,D,lower,185,-0.793,0.6983,2022,matched,,,0.6983,
ocd-person/ff2471f3-f3ff-4a46-8ca7-be5094f0dfdc,Rich Irvin,PA,R,lower,81,1.525,0.1188,2022,matched,,,0.1188,
ocd-person/42ffbed1-2284-4018-a60f-b5bfa3f35833,Rick Krajewski,PA,D,lower,188,-0.954,0.7385,2022,matched,,,0.7385,
ocd-person/17e1e676-8e83-4883-8cf5-4c8ddcce076e,Rob Kauffman,PA,R,lower,89,1.077,0.2308,2022,matched,,,0.2308,
ocd-person/a7b2e50f-90a6-4f35-b1fb-c33406dc4277,Rob Matzie,PA,D,lower,16,-0.883,0.7208,2022,matched,,,0.7208,
ocd-person/1d775faf-9231-420a-b62e-979bb6a1fc78,Robert Leadbeter,PA,R,lower,109,1.465,0.1337,2022,matched,,,0.1337,
ocd-person/69faf85a-c63c-4d75-9801-047fffddf228,Roman Kozak,PA,R,lower,14,,,,unmatched,,,,
ocd-person/c3ad9b17-c8f5-450e-9aaa-f002e1414bd5,Roni Green,PA,D,lower,190,-0.763,0.6907,2022,matched,,,0.6907,
ocd-person/3e2840e6-f904-43be-911e-235b906458a5,Rosemary Brown,PA,R,upper,40,1.031,0.2423,2022,matched,,,0.2423,
ocd-person/5348e28d-bbbe-493f-8f77-a509cb315abe,Russ Diamond,PA,R,lower,102,,,,unmatched,,,,
ocd-person/32370423-acb8-4a8e-8336-67af5ed32bb9,Ryan Bizzarro,PA,D,lower,3,-0.729,0.6823,2022,matched,,,0.6823,
ocd-person/0d747b7a-0a5a-42cf-8bb6-1eb0fa69090f,Ryan Warner,PA,R,lower,52,1.096,0.226,2022,matched,,,0.226,
ocd-person/983dc33a-559e-4f01-9c60-08fed48a1415,Scott Barger,PA,R,lower,80,,,,unmatched,,,,
ocd-person/97b012cd-5cd7-4039-a9ae-fed936aabe37,Scott Conklin,PA,D,lower,77,-0.643,0.6607,2022,matched,,,0.6607,
ocd-person/5d3e2203-b11c-4471-8f35-5106c30263ec,Scott Hutchinson,PA,R,upper,21,1.015,0.2463,2022,matched,,,0.2463,
ocd-person/c2fcd2dc-22f8-4ec2-b70a-439bc6d60802,Scott Martin,PA,R,upper,13,1.022,0.2445,2020,matched,,,0.2445,
ocd-person/d8624d56-a38e-4918-98ac-d7795569ad06,Sean Dougherty,PA,D,lower,172,,,,unmatched,,,,
ocd-person/b0d20b05-428a-4e3a-bda1-bbba5c3cfd6a,Sharif Street,PA,D,upper,3,-0.561,0.6402,2022,matched,,,0.6402,
ocd-person/7c0b9792-8ece-4ae8-b0f3-f5d4b79ff9f1,Shelby Labs,PA,R,lower,143,1.074,0.2315,2022,matched,,,0.2315,
ocd-person/9e4954ab-971c-4620-9f9d-ebb68311e3f1,Sheryl Delozier,PA,R,lower,88,0.959,0.2602,2022,matched,,,0.2602,
ocd-person/bccfe530-42ce-47b0-aadf-ae863b37cf9a,Stephanie Borowicz,PA,R,lower,76,1.441,0.1397,2022,matched,,,0.1397,
ocd-person/fa1e1564-0a13-4b26-8416-098b39627df7,Steve Malagari,PA,D,lower,53,-0.863,0.7157,2022,matched,,,0.7157,
ocd-person/4463dd94-6a9d-41bd-830f-0d03e192f896,Steve Mentzer,PA,R,lower,97,1.071,0.2323,2022,matched,,,0.2323,
ocd-person/34472dfb-dae9-4db4-8901-088457d74904,Steve Samuelson,PA,D,lower,135,-0.723,0.6807,2022,matched,,,0.6807,
ocd-person/91f290d0-3405-4091-bb16-822a97f45af5,Steve Santarsiero,PA,D,upper,10,-0.837,0.7092,2022,matched,,,0.7092,
ocd-person/8caab7df-f601-45f0-9be5-35d94175e766,Tarah Probst,PA,D,lower,189,-0.808,0.702,2022,matched,,,0.702,
ocd-person/6fa30029-d933-4f6d-b0fb-343a0c82772c,Tarik Khan,PA,D,lower,194,-0.846,0.7115,2022,matched,,,0.7115,
ocd-person/932682ef-c7da-4383-8c50-58879fba0ca6,Thomas Kutz,PA,R,lower,87,1.083,0.2293,2022,matched,,,0.2293,
ocd-person/105c6361-0cb6-46f4-9222-ff0ffb727d29,Tim Bonner,PA,R,lower,17,1.259,0.1853,2022,matched,,,0.1853,
ocd-person/de68158e-3cc9-4651-b3a1-71f5e77b7dab,Tim Brennan,PA,D,lower,29,-0.802,0.7005,2022,matched,,,0.7005,
ocd-person/5c752a95-ba5d-4f1f-81aa-6cb1c7875581,Tim Briggs,PA,D,lower,149,-0.67,0.6675,2022,matched,,,0.6675,
ocd-person/f9f2479f-0c37-47d1-a4eb-666146e2856f,Tim Kearney,PA,D,upper,26,-0.825,0.7063,2022,matched,,,0.7063,
ocd-person/2c5551d6-71a8-4099-b1a4-a30721320869,Tim O'Neal,PA,R,lower,48,0.979,0.2552,2022,matched,,,0.2552,
ocd-person/686cdc9c-8133-4c1b-a7f0-34b420884559,Tim Twardzik,PA,R,lower,123,1.18,0.205,2022,matched,,,0.205,
ocd-person/f9a1f1ab-9538-424c-87f1-65e2a4f4bfc7,Tina Marie Davis,PA,D,lower,141,-0.753,0.6883,2022,matched,,,0.6883,
ocd-person/8e174923-d514-4240-b6cd-cbb7927410ba,Tina Pickett,PA,R,lower,110,1.038,0.2405,2022,matched,,,0.2405,
ocd-person/f3b4fe8c-05f9-4610-81ef-354c0fcb0cdd,Tina Tartaglione,PA,D,upper,2,-0.599,0.6498,2022,matched,,,0.6498,
ocd-person/7f6b3c0e-4446-4243-ae49-d2d33ab30273,Tom Jones,PA,R,lower,98,1.789,0.0528,2022,matched,,,0.0528,
ocd-person/bda0ab75-036f-49bd-9dd5-cfc9c55eec02,Tom Mehaffie,PA,R,lower,106,0.576,0.356,2022,matched,,,0.356,
ocd-person/fe79a0f0-7dfd-442a-8b79-f8792613a4de,Tony Williams,PA,D,upper,8,0.057,0.4858,2022,matched,,,0.4858,
ocd-person/d9ad47a6-7e74-45f2-93a5-1b7e40ad36db,Tracy Pennycuick,PA,R,upper,24,1.089,0.2278,2022,matched,,,0.2278,
ocd-person/590df273-5587-46bd-98dc-f3943cd1ddd8,Valerie Gaydos,PA,R,lower,44,0.943,0.2642,2022,matched,,,0.2642,
ocd-person/53a598e0-3595-4b19-8f65-4a538bdc7a74,Vincent Hughes,PA,D,upper,7,-0.546,0.6365,2022,matched,,,0.6365,
ocd-person/b93e4f38-764f-4e95-bd51-4d40dba0aaa4,Wayne Fontana,PA,D,upper,42,-0.534,0.6335,2022,matched,,,0.6335,
ocd-person/7b3a6244-335b-4407-957d-b7d6b6ab1d97,Wayne Langerholc,PA,R,upper,35,0.996,0.251,2022,matched,,,0.251,
ocd-person/1300735f-1441-4861-b20f-c1fa3e222c08,Wendy Fink,PA,R,lower,94,1.953,0.0117,2022,matched,,,0.0117,
ocd-person/c3b27985-614c-434d-b3c0-3e032fad4d6c,Zach Mako,PA,R,lower,183,1.093,0.2268,2022,matched,,,0.2268,
ocd-person/9dbec823-aab4-40bb-a26a-e51a896dcc1f,Alana DiMario,RI,D,upper,36,-0.787,0.6967,2022,matched,,,0.6967,
ocd-person/202a1def-abb3-4f77-8ef1-5c453d2d5423,Alex Finkelman,RI,D,lower,74,-0.631,0.6578,2022,matched,,,0.6578,
ocd-person/7769ff96-3f6e-4747-b14b-de0a8648af61,Alex Marszalkowski,RI,D,lower,52,-0.697,0.6743,2022,matched,,,0.6743,
ocd-person/a857e27b-7ced-43ad-bd08-a954e5f781ac,Ana Quezada,RI,D,upper,2,-0.898,0.7245,2022,matched,,,0.7245,
ocd-person/89fadd1c-b02c-45aa-b008-bf31d3fea4a1,Andrew Dimitri,RI,D,upper,25,,,,unmatched,,,,
ocd-person/b9359c6a-fbb2-4165-af9b-a6c63290d851,Anthony DeSimone,RI,D,lower,5,-0.599,0.6498,2022,matched,,,0.6498,
ocd-person/6d4c7be7-4e68-4aa1-9262-81995fcc231e,Arthur Handy,RI,D,lower,18,-0.707,0.6767,2022,matched,,,0.6767,
ocd-person/4352dbd3-90e5-4cf3-9bf6-accff7592c33,Bill O'Brien,RI,D,lower,54,-0.581,0.6452,2022,matched,,,0.6452,
ocd-person/01ddc920-772c-4098-b9f8-8704783940e5,Bob Britto,RI,D,upper,18,-0.569,0.6422,2022,matched,,,0.6422,
ocd-person/53f07987-a534-4194-ba51-2fcd62f0f63e,Bob Phillips,RI,D,lower,51,-0.537,0.6342,2022,matched,,,0.6342,
ocd-person/11bc8a51-bee7-422d-8bb7-6a9177e55735,Bob Quattrocchi,RI,R,lower,41,1.873,0.0318,2022,matched,,,0.0318,
ocd-person/6ddaaa6f-48c9-468e-a744-714728251586,Brandon Potter,RI,D,lower,16,-0.86,0.715,2022,matched,,,0.715,
ocd-person/f0206346-2c07-4316-a556-cee7fe595e9a,Brandon Voas,RI,D,lower,57,-0.609,0.6522,2022,matched,,,0.6522,
ocd-person/632b3bf0-a3f8-4c0d-9818-d03c861318dc,Brian Kennedy,RI,D,lower,38,-0.625,0.6562,2022,matched,,,0.6562,
ocd-person/397f8729-c37c-4882-af7e-d7235e9f06f2,Brian Newberry,RI,R,lower,48,1.018,0.2455,2022,matched,,,0.2455,
ocd-person/177cd512-2835-4b9b-b77c-60fe178ec26e,Brian Thompson,RI,D,upper,20,,,,unmatched,,,,
ocd-person/80931d0d-c52e-492a-8b92-c191aa00c03f,Bridget Valverde,RI,D,upper,35,-0.879,0.7198,2022,matched,,,0.7198,
ocd-person/7daab32c-5d7f-4db2-b141-026d3595f69f,Carol McEntee,RI,D,lower,33,-0.715,0.6787,2022,matched,,,0.6787,
ocd-person/8fad7738-c303-432e-9442-ce2b6dfe87e5,Charlene Lima,RI,D,lower,14,-0.679,0.6698,2022,matched,,,0.6698,
ocd-person/386a8117-95b5-441f-91d0-665effac1af4,Cherie Cruz,RI,D,lower,58,-1.107,0.7768,2022,matched,,,0.7768,
ocd-person/a9ba95ac-22f3-4aeb-8fdd-eb236675d8d4,Chris Blazejewski,RI,D,lower,2,-0.668,0.667,2022,matched,,,0.667,
ocd-person/4f6ac85b-f69f-4916-beaf-a30087ba1214,Chris Paplauskas,RI,R,lower,15,,,,unmatched,,,,
ocd-person/7ca005d1-05b8-4ce2-80b4-04ff7acaa59e,Dan McKee,RI,D,executive,,,,,unmatched,,,,
ocd-person/b12f1651-fc9e-440c-9bc3-ff326505cca4,David Bennett,RI,D,lower,20,-0.713,0.6783,2022,matched,,,0.6783,
ocd-person/75bd1298-3fc9-42cc-87c6-23bdc20a7b56,David Morales,RI,D,lower,7,-0.961,0.7402,2022,matched,,,0.7402,
ocd-person/785df766-de25-496b-a823-e4ad64c462cb,David Place,RI,R,lower,47,1.989,0.0027,2022,matched,,,0.0027,
ocd-person/63bb0194-1993-4149-b39d-23f229c3040e,David Tikoian,RI,D,upper,22,-0.676,0.669,2022,matched,,,0.669,
ocd-person/b747e057-fdd2-480a-beb9-c4ef37ae1e12,Dawn Euer,RI,D,upper,13,-0.895,0.7238,2022,matched,,,0.7238,
ocd-person/3efcf2f9-f7f8-4441-9ec7-4f6d8c17940f,Deb Fellela,RI,D,lower,43,-0.69,0.6725,2022,matched,,,0.6725,
ocd-person/0065fe7b-08cf-4d17-b358-c0c04ab45616,Dick Fascia,RI,R,lower,42,,,,unmatched,,,,
ocd-person/6cb1ca03-2ea8-4ee8-9ecb-faa37f4c5966,Doc Corvese,RI,D,lower,55,-0.68,0.67,2022,matched,,,0.67,
ocd-person/6e9979b1-f131-4d71-8146-71f10bd06e57,Earl Read,RI,D,lower,26,-0.471,0.6178,2022,matched,,,0.6178,
ocd-person/e073b501-75f0-4fc6-9e61-392b9931f070,Edith Ajello,RI,D,lower,1,-0.769,0.6923,2022,matched,,,0.6923,
ocd-person/6913b936-2e96-414a-80d6-6518f5accb7e,Elaine Morgan,RI,R,upper,34,2.176,0.0,2022,matched,,,0.0,
ocd-person/e70e3449-7587-4a64-a940-922d543f5a2d,Enrique Sanchez,RI,D,lower,9,-1.212,0.803,2022,matched,,,0.803,
ocd-person/c5f9a1f5-502b-41b6-8848-bfa359b1bad9,Evan Shanley,RI,D,lower,24,-0.732,0.683,2022,matched,,,0.683,
ocd-person/d688b16c-5bf2-41df-b1c9-e8c5de7e437c,Frank Ciccone,RI,D,upper,7,-0.709,0.6773,2022,matched,,,0.6773,
ocd-person/5d976bb8-2481-45d2-bae9-df4b565d9526,George Nardone,RI,R,lower,28,1.881,0.0297,2022,matched,,,0.0297,
ocd-person/961061c2-4ce9-4ac4-85c4-28b20c800e9d,Gordon Rogers,RI,R,upper,21,2.564,0.0,2022,matched,,,0.0,
ocd-person/44424388-03a6-452b-992b-3c082949f62f,Grace Diaz,RI,D,lower,11,-0.749,0.6873,2022,matched,,,0.6873,
ocd-person/4b45cbc5-99f3-4a08-a154-cac0cc90ae1a,Greg Costantino,RI,D,lower,44,-0.813,0.7032,2020,matched,,,0.7032,
ocd-person/18b9f6aa-ba50-4c0a-953c-fba2720ef2a6,Gregg Amore,RI,D,executive,,,,,unmatched,,,,
ocd-person/75750ad6-0bec-4d81-8561-85036c0d99df,Hanna Gallo,RI,D,upper,27,-0.713,0.6783,2022,matched,,,0.6783,
ocd-person/c2b18728-5409-42b0-a789-d7f5bd717780,Jackie Baginski,RI,D,lower,17,-0.75,0.6875,2022,matched,,,0.6875,
ocd-person/e9b6ecf5-de39-4026-83fa-3766ed43cc49,Jake Bissaillon,RI,D,upper,1,,,,unmatched,,,,
ocd-person/cef11d28-cbbb-4ffd-b8f2-23c71e73f1b3,Jason Knight,RI,D,lower,67,-0.741,0.6853,2022,matched,,,0.6853,
ocd-person/85b2ef21-1f02-4d9e-9f74-a40a2e942f7c,Jay Edwards,RI,D,lower,70,-0.682,0.6705,2020,matched,,,0.6705,
ocd-person/c937560c-277e-4c48-9656-bb385a7910f3,Jenni Furtado,RI,D,lower,64,,,,unmatched,,,,
ocd-person/32458c0f-8b82-4f49-a191-90d68c3f375f,Jennifer Boylan,RI,D,lower,66,-0.702,0.6755,2022,matched,,,0.6755,
ocd-person/c11b7057-fe39-42b6-8a38-91d9e7349118,Jennifer Stewart,RI,D,lower,59,-0.742,0.6855,2022,matched,,,0.6855,
ocd-person/03fdc4f3-715d-4f83-ab31-1a63f86a4dcf,Jessica de la Cruz,RI,R,upper,23,,,,unmatched,,,,
ocd-person/00644fec-e128-4e7f-9af0-8e79d0903da3,Joe Shekarchi,RI,D,lower,23,-0.553,0.6382,2022,matched,,,0.6382,
ocd-person/a5f646b2-0370-494c-aebc-25869f019a1b,John Burke,RI,D,upper,9,-0.59,0.6475,2022,matched,,,0.6475,
ocd-person/f9877000-1919-4f5b-a8b7-f05a1092bdab,John Lombardi,RI,D,lower,8,-0.709,0.6773,2022,matched,,,0.6773,
ocd-person/89e9f600-0af5-471c-89bb-b27142def4c9,Jon Brien,RI,I,lower,49,-0.171,0.5427,2022,matched,,,0.5427,
ocd-person/23ac0ada-a340-4539-a4c9-33e4c437add6,Jonathon Acosta,RI,D,upper,16,-0.871,0.7177,2022,matched,,,0.7177,
ocd-person/be85e7a9-0455-4e02-92f7-834710d0e401,Jose Batista,RI,D,lower,12,-0.646,0.6615,2022,matched,,,0.6615,
ocd-person/ce92c860-ad04-4cc5-91eb-52add74c98e5,Joseph McNamara,RI,D,lower,19,-0.751,0.6877,2022,matched,,,0.6877,
ocd-person/0b700db6-fe30-4fb4-a988-05ae0d618720,Joseph Solomon,RI,D,lower,22,-0.722,0.6805,2022,matched,,,0.6805,
ocd-person/b6a9a38c-0f39-4150-b041-fd6c75f9c8ad,Joshua Giraldo,RI,D,lower,56,-0.697,0.6743,2022,matched,,,0.6743,
ocd-person/6e1cd170-ab5c-4095-9fb2-8e92138f6db3,Julie Casimiro,RI,D,lower,31,-0.692,0.673,2022,matched,,,0.673,
ocd-person/9386224e-9603-4695-8f46-a1033d8534a5,June Speakman,RI,D,lower,68,-0.748,0.687,2022,matched,,,0.687,
ocd-person/38c539f2-0698-4fa2-a761-477608365838,Justine Caldwell,RI,D,lower,30,-0.831,0.7077,2022,matched,,,0.7077,
ocd-person/016b40cf-1be0-4e66-acdf-78a029822e1c,Karen Alzate,RI,D,lower,60,-0.735,0.6837,2022,matched,,,0.6837,
ocd-person/570c899e-34b2-4e30-93e2-79f588ff8aef,Kathleen Fogarty,RI,D,lower,35,-0.799,0.6997,2022,matched,,,0.6997,
ocd-person/bd30e693-11a2-412f-b81a-bebc78d91145,Katie Kazarian,RI,D,lower,63,-0.715,0.6787,2022,matched,,,0.6787,
ocd-person/5ab817c5-d86c-4bf0-9a8f-78ca20cdc56b,Lammis Vargas,RI,D,upper,28,,,,unmatched,,,,
ocd-person/320f08df-f7d3-4ebe-a696-9c2b8d98f75b,Lauren Carson,RI,D,lower,75,-0.723,0.6807,2022,matched,,,0.6807,
ocd-person/ad453635-2239-4a63-a153-a9f925b32621,Leo Felix,RI,D,lower,61,-0.867,0.7167,2022,matched,,,0.7167,
ocd-person/825b006a-e38e-4f0c-81b7-4df73e2a90fa,Linda Ujifusa,RI,D,upper,11,-1.118,0.7795,2022,matched,,,0.7795,
ocd-person/e676d270-0470-40c2-ab57-e8ced3471005,Lori Urso,RI,D,upper,8,,,,unmatched,,,,
ocd-person/71da5365-46a9-4f2c-abc8-308bde2577ec,Lou DiPalma,RI,D,upper,12,-0.704,0.676,2022,matched,,,0.676,
ocd-person/ef7ddd55-3351-4ca9-adfc-aef71505ec95,Lou Raptakis,RI,D,upper,33,-0.344,0.586,2022,matched,,,0.586,
ocd-person/bc0b7591-fb22-44c1-9766-49ea0d70d894,Marie Hopkins,RI,R,lower,21,1.49,0.1275,2022,matched,,,0.1275,
ocd-person/580b2e15-faff-4b83-bbea-fb6110a9f975,Mark McKenney,RI,D,upper,30,-0.717,0.6793,2022,matched,,,0.6793,
ocd-person/ed735cca-8f53-4304-a1ec-9e212744ec17,Marvin Abney,RI,D,lower,73,-0.509,0.6272,2022,matched,,,0.6272,
ocd-person/20543a6c-f763-4297-a19b-c670fbe8a68b,Mary Ann Shallcross-Smith,RI,D,lower,46,,,,unmatched,,,,
ocd-person/cad61cfb-b3e8-417a-934e-1add601d4cba,Mary Messier,RI,D,lower,62,-0.692,0.673,2022,matched,,,0.673,
ocd-person/57b194bd-2b6a-46b8-a7b4-35b629bb0b04,Matt LaMountain,RI,D,upper,31,-0.728,0.682,2022,matched,,,0.682,
ocd-person/bffdb553-5c5c-403e-8e2c-47b34a7b50f5,Matthew Dawson,RI,D,lower,65,-0.684,0.671,2022,matched,,,0.671,
ocd-person/4ad02cf0-3ead-4bc4-84e3-d1c08c3aa11a,Megan Cotter,RI,D,lower,39,-0.969,0.7422,2022,matched,,,0.7422,
ocd-person/2cd8c21d-f576-4060-a311-0459e01ffef6,Meghan Kallman,RI,D,upper,15,-0.874,0.7185,2022,matched,,,0.7185,
ocd-person/e7d41b59-5619-4a67-a1ec-221fdc24e6c3,Melissa Murray,RI,D,upper,24,-0.725,0.6813,2022,matched,,,0.6813,
ocd-person/7c4d8cad-55e5-474d-ac05-8db9a59da7fd,Mia Ackerman,RI,D,lower,45,-0.703,0.6757,2022,matched,,,0.6757,
ocd-person/8318a7d4-6d81-4825-8821-4e7aed69b4dc,Michelle McGaw,RI,D,lower,71,-0.945,0.7362,2022,matched,,,0.7362,
ocd-person/02f4f018-3639-4fb1-aced-f8684161121d,Mike Chippendale,RI,R,lower,40,1.017,0.2458,2022,matched,,,0.2458,
ocd-person/39bdc05c-bda5-4ea9-b4ad-4cc7172adf56,Nathan Biah,RI,D,lower,3,-0.996,0.749,2022,matched,,,0.749,
ocd-person/c5991f11-e719-473e-93c4-cfc52fae3e6d,Pam Lauria,RI,D,upper,32,-0.704,0.676,2022,matched,,,0.676,
ocd-person/45fd70a7-613e-405d-959f-2900eea0f264,Pat Serpa,RI,D,lower,27,-0.639,0.6598,2022,matched,,,0.6598,
ocd-person/d28514b2-da9f-4c03-9590-781d3c1529ad,Paul Santucci,RI,R,lower,53,,,,unmatched,,,,
ocd-person/66e402e8-4f13-44f3-b029-7d1c3aab99b7,Pete Appollonio,RI,D,upper,29,,,,unmatched,,,,
ocd-person/2c4e5251-d011-436c-8d4e-5142d174813e,Peter Neronha,RI,D,executive,,,,,unmatched,,,,
ocd-person/181465b6-b392-4222-acec-456182d23aa5,Ramon Perez,RI,D,lower,13,-0.548,0.637,2022,matched,,,0.637,
ocd-person/da9a4b15-1cbf-4645-bd98-58ce413b68e1,Raymond Hull,RI,D,lower,6,-0.728,0.682,2022,matched,,,0.682,
ocd-person/dd5636ac-e9a1-4d98-8f21-6376b8977706,Rebecca Kislak,RI,D,lower,4,-0.858,0.7145,2022,matched,,,0.7145,
ocd-person/a6d519b0-89bd-45d5-9067-3ae0b421eee7,Robert Craven,RI,D,lower,32,-0.696,0.674,2022,matched,,,0.674,
ocd-person/1378a3d6-95fe-4a21-8fcb-11fefdb97d84,Ryan Pearson,RI,D,upper,19,-0.682,0.6705,2022,matched,,,0.6705,
ocd-person/811001df-7f40-4641-9461-fb2dc02bacce,Sabina Matos,RI,D,executive,,,,,unmatched,,,,
ocd-person/c9229f5a-b4ac-4cf2-b227-a0b4e56cca2f,Sam Azzinaro,RI,D,lower,37,-0.505,0.6262,2022,matched,,,0.6262,
ocd-person/8d466b6a-ea53-46bb-aa86-3131ac76533f,Sam Bell,RI,D,upper,5,-0.863,0.7157,2022,matched,,,0.7157,
ocd-person/3a4fd015-1c56-4d7b-9e57-1a2a6b9b4c9b,Sam Zurier,RI,D,upper,3,-0.697,0.6743,2022,matched,,,0.6743,
ocd-person/1cd78f67-6adb-47c6-98cd-f49ca8eb603f,Scott Slater,RI,D,lower,10,-0.665,0.6663,2022,matched,,,0.6663,
ocd-person/6c7285bd-fdd3-4629-be6f-4a01d19e9c25,Sherry Roberts,RI,R,lower,29,2.118,0.0,2022,matched,,,0.0,
ocd-person/a2ff0de0-40d1-4ac1-a347-e1e9dedb6d30,Stefano Famiglietti,RI,D,upper,4,,,,unmatched,,,,
ocd-person/0b20a11e-e90b-4ff2-aa25-5334a8592071,Stephen Casey,RI,D,lower,50,-0.554,0.6385,2022,matched,,,0.6385,
ocd-person/c5757781-d437-4b9b-b7a1-9bb96c9b74ab,Sue Sosnowski,RI,D,upper,37,-0.538,0.6345,2022,matched,,,0.6345,
ocd-person/160de7ca-e70f-4cd4-b218-e9600c24a5aa,Susan Donovan,RI,D,lower,69,-0.725,0.6813,2022,matched,,,0.6813,
ocd-person/bdccc3f1-4b2d-4f64-8653-ada4322d6a10,Teresa Tanzi,RI,D,lower,34,-0.769,0.6923,2022,matched,,,0.6923,
ocd-person/0e459c44-8d77-408e-9db6-c0e0b79274fd,Terri Cortvriend,RI,D,lower,72,-0.719,0.6797,2022,matched,,,0.6797,
ocd-person/285c33e3-5c40-44d8-9c16-22e49b6a0a81,Thomas Paolino,RI,R,upper,17,0.664,0.334,2022,matched,,,0.334,
ocd-person/b3d5296c-05df-46f5-9a93-4caf96121a84,Tiara Mack,RI,D,upper,6,-0.976,0.744,2022,matched,,,0.744,
ocd-person/2c3d82e7-8bdc-4da9-bbab-e42bb5e223fb,Tina Spears,RI,D,lower,36,-0.722,0.6805,2022,matched,,,0.6805,
ocd-person/9f4a0209-d8b0-42e5-9217-d4fd2f0d67e6,Todd Patalano,RI,D,upper,26,,,,unmatched,,,,
ocd-person/1f8f3c9b-ba19-45de-af45-b0501d0607f0,Tom Noret,RI,D,lower,25,-0.35,0.5875,2022,matched,,,0.5875,
ocd-person/bfb76f36-00b6-47da-89da-e1db5421ff55,Val Lawson,RI,D,upper,14,-0.766,0.6915,2022,matched,,,0.6915,
ocd-person/afeed427-2ef1-4197-840d-7ab06883e186,Victoria Gu,RI,D,upper,38,-0.791,0.6977,2022,matched,,,0.6977,
ocd-person/037e3b02-7f48-4cab-bb04-2524aa9a883d,Walter Felag,RI,D,upper,10,-0.702,0.6755,2022,matched,,,0.6755,
ocd-person/0970c995-247f-4cc0-b0a3-8ee4a0e4ebcb,Adam Duncan,SC,R,lower,2,-0.928,0.732,2022,matched,,,0.732,
ocd-person/10d51991-3dec-499f-8ed2-9c5685de9b00,Alan Morgan,SC,R,lower,18,1.78,0.055,2022,matched,,,0.055,
ocd-person/b9f92b67-9de4-489e-861b-995274f4d20e,Alan Wilson,SC,R,executive,,,,,unmatched,,,,
ocd-person/52d28efd-d83d-4825-8572-c9e30b8d7c77,Allen Blackmon,SC,R,upper,27,,,,unmatched,,,,
ocd-person/86e53967-3383-4df1-b3b6-49aa2b327110,Annie McDaniel,SC,D,lower,41,-0.39,0.5975,2022,matched,,,0.5975,
ocd-person/dbb8fc98-5116-44c4-8009-8c91e514dec1,April Cromer,SC,R,lower,6,1.421,0.1447,2022,matched,,,0.1447,
ocd-person/a45d8c37-372d-4d32-b9a5-cce96299ea3d,Beth Bernstein,SC,D,lower,78,-0.362,0.5905,2022,matched,,,0.5905,
ocd-person/20240c0c-69e5-445f-b8ca-d33dd377e086,Bill Chumley,SC,R,lower,35,1.089,0.2278,2022,matched,,,0.2278,
ocd-person/58d2072a-c96a-49b2-8591-a4e186dc28eb,Bill Clyburn,SC,D,lower,82,-0.441,0.6102,2022,matched,,,0.6102,
ocd-person/066a2879-ab95-4082-803d-9c4dd582f04e,Bill Hager,SC,R,lower,122,1.739,0.0652,2022,matched,,,0.0652,
ocd-person/e27051a1-60e8-4ad9-b1d2-55360e09ea8c,Bill Herbkersman,SC,R,lower,118,0.96,0.26,2022,matched,,,0.26,
ocd-person/d1f25d1c-bd0e-4d0d-be0e-f8f3edad8a3d,Bill Hixon,SC,R,lower,83,1.097,0.2258,2022,matched,,,0.2258,
ocd-person/010940bd-8041-4f17-b425-5f42c8c07526,Bill Taylor,SC,R,lower,86,1.125,0.2188,2022,matched,,,0.2188,
ocd-person/ae3ba290-90f6-4121-874d-ba80e16ccbe7,Bill Whitmire,SC,R,lower,1,1.042,0.2395,2022,matched,,,0.2395,
ocd-person/898bb0dc-8dd1-4c29-b7a6-04f87c7cbd2d,Billy Garrett,SC,R,upper,10,1.307,0.1733,2022,matched,,,0.1733,
ocd-person/ddb2ac02-4d91-4379-8c8b-da2353f2163a,Blake Sanders,SC,R,lower,9,,,,unmatched,,,,
ocd-person/16ba6021-423d-4b0d-b899-d2fe18778c12,Brad Hutto,SC,D,upper,40,-0.372,0.593,2022,matched,,,0.593,
ocd-person/d09020dc-87bc-49b4-a039-2a2809ab88cc,Brandon Cox,SC,R,lower,92,1.174,0.2065,2022,matched,,,0.2065,
ocd-person/f89d05de-1f18-466c-bd51-f718a208407b,Brandon Guffey,SC,R,lower,48,1.207,0.1982,2022,matched,,,0.1982,
ocd-person/aa158d61-1373-4c4a-9ad3-ea74bf422cc3,Brandon Newton,SC,R,lower,45,1.115,0.2213,2022,matched,,,0.2213,
ocd-person/9f665ce8-ed4c-4bef-841f-3036ac03a181,Brian Adams,SC,R,upper,44,1.278,0.1805,2022,matched,,,0.1805,
ocd-person/d2019dc3-160d-4229-b681-280c52561435,Brian Lawson,SC,R,lower,30,0.831,0.2923,2022,matched,,,0.2923,
ocd-person/d4974849-0939-472c-9862-4d760889125e,Bruce Bannister,SC,R,lower,24,1.03,0.2425,2022,matched,,,0.2425,
ocd-person/bbff9a4c-7b59-4538-b869-64ba0c8431ff,Cal Forrest,SC,R,lower,39,1.084,0.229,2022,matched,,,0.229,
ocd-person/c3b55867-85d7-4bf2-b1a0-30dd924ae734,Carl Anderson,SC,D,lower,103,-0.523,0.6308,2022,matched,,,0.6308,
ocd-person/b082de67-acd5-42db-bdfc-643650ad7e34,Carla Schuessler,SC,R,lower,61,0.955,0.2612,2022,matched,,,0.2612,
ocd-person/31de54c6-a271-4c9e-a109-35de035197ce,Carlisle Kennedy,SC,R,upper,23,,,,unmatched,,,,
ocd-person/30329193-5519-45c5-a7de-f841e62b91ac,Case Brittain,SC,R,lower,107,1.058,0.2355,2022,matched,,,0.2355,
ocd-person/2432a9be-a476-4dae-966c-74f01e24fdbb,Chandra Dillard,SC,D,lower,23,-0.419,0.6048,2022,matched,,,0.6048,
ocd-person/08342d93-85d9-498e-a602-85ef9715ebf6,Charlie Hartz,SC,R,lower,81,,,,unmatched,,,,
ocd-person/2ff21c9e-e03e-4f5c-ac4e-7b1e5633969d,Chip Campsen,SC,R,upper,43,1.031,0.2423,2022,matched,,,0.2423,
ocd-person/f9925f2e-d43e-47ff-ba74-f670b65d96e7,Chris Hart,SC,D,lower,73,-0.438,0.6095,2022,matched,,,0.6095,
ocd-person/77bd81c9-3436-4635-a945-11f1cf37ead7,Chris Huff,SC,R,lower,28,,,,unmatched,,,,
ocd-person/728e5331-d2ec-4c21-a271-be37ae8843ff,Chris Wooten,SC,R,lower,69,1.095,0.2263,2022,matched,,,0.2263,
ocd-person/16726551-937d-43ca-a13b-c94c608d1ba3,Cody Mitchell,SC,R,lower,65,0.774,0.3065,2022,matched,,,0.3065,
ocd-person/0a87faa3-3d88-4fd6-a29f-583102f8c89f,Courtney Waters,SC,D,lower,113,,,,unmatched,,,,
ocd-person/52ab3f52-ec8b-4268-bfb2-16322df47839,Craig Gagnon,SC,R,lower,11,1.124,0.219,2022,matched,,,0.219,
ocd-person/fd827c3d-df23-4497-b39e-7c7ab43138fd,Daniel Gibson,SC,R,lower,12,1.617,0.0958,2022,matched,,,0.0958,
ocd-person/0ed8d824-c5b2-47c6-9970-2c475cbfd9ac,Danny Verdin,SC,R,upper,9,1.051,0.2373,2022,matched,,,0.2373,
ocd-person/4eca904a-5153-440d-8e5c-4c9e056a1dd1,Darrell Jackson,SC,D,upper,21,-0.265,0.5663,2022,matched,,,0.5663,
ocd-person/14b0abeb-70fd-404b-9f55-ff2e75e2c7ef,Davey Hiott,SC,R,lower,4,1.051,0.2373,2022,matched,,,0.2373,
ocd-person/0187a0b8-b72e-42f1-82ea-8fdac9b9c484,David Martin,SC,R,lower,26,1.172,0.207,2022,matched,,,0.207,
ocd-person/96fcbf84-e1e8-4e69-bc26-eeced30abaf4,David Vaughan,SC,R,lower,27,1.428,0.143,2022,matched,,,0.143,
ocd-person/10d7814d-009b-4d21-a048-2672f48fe130,David Weeks,SC,D,lower,51,-0.513,0.6282,2022,matched,,,0.6282,
ocd-person/08cc0e0f-26e0-4117-8591-2ac463f6fbe6,Dennis Moss,SC,R,lower,29,-0.398,0.5995,2022,matched,,,0.5995,
ocd-person/4f07a054-384b-4fc7-b60a-f5848ea514d4,Deon Tedder,SC,D,upper,42,,,,unmatched,,,,
ocd-person/65b53c25-26eb-4478-9ddc-b46e29c20543,Dianne Mitchell,SC,R,lower,21,0.774,0.3065,2022,matched,,,0.3065,
ocd-person/7a7a6119-3a67-4b02-9313-d8454421494e,Don Chapman,SC,R,lower,8,0.814,0.2965,2022,matched,,,0.2965,
ocd-person/3a09cbd2-aa21-4fa8-9511-d1f842816e49,Doug Gilliam,SC,R,lower,42,1.198,0.2005,2022,matched,,,0.2005,
ocd-person/6cabdb85-c770-42ce-9eaf-68326c9dc0aa,Ed Sutton,SC,D,upper,20,,,,unmatched,,,,
ocd-person/c699e1e2-e3f4-4b78-8aeb-7bef9374518f,Everett Stubbs,SC,R,upper,17,,,,unmatched,,,,
ocd-person/5861846a-d293-416f-b5ab-227f8fd12b94,Fawn Pedalino,SC,R,lower,64,1.271,0.1823,2022,matched,,,0.1823,
ocd-person/774393b0-877d-4c4b-81cf-daf0494328f9,Gary Brewer,SC,R,lower,114,1.041,0.2398,2022,matched,,,0.2398,
ocd-person/21d2b4a4-f5fa-415b-8394-02e9b63c4ba0,Gil Gatch,SC,R,lower,94,1.132,0.217,2022,matched,,,0.217,
ocd-person/b494d1f6-d98e-4a8c-895c-6cb73ec892b8,Gilda Cobb-Hunter,SC,D,lower,95,,,,unmatched,,,,
ocd-person/ef3c638d-4ad1-4d9d-abbb-1a87b5513a66,Greg Ford,SC,R,lower,98,1.561,0.1098,2022,matched,,,0.1098,
ocd-person/d09cb270-bb44-44e7-86d6-a880ce40d93d,Greg Hembree,SC,R,upper,28,1.022,0.2445,2022,matched,,,0.2445,
ocd-person/c7b115f3-0fa8-4a8b-b01f-9b222f44018f,Hamilton Grant,SC,D,lower,79,,,,unmatched,,,,
ocd-person/7f424e9d-ce81-4413-9438-c5aeee1ec079,Harriet Holman,SC,R,lower,102,,,,unmatched,,,,
ocd-person/8b81073b-87da-4f5c-aacb-f387b69456cc,Harvey Peeler,SC,R,upper,14,1.062,0.2345,2022,matched,,,0.2345,
ocd-person/dbc0a5ad-b105-4cd9-8849-e2a7c77d23f0,Heath Sessions,SC,R,lower,46,0.829,0.2928,2022,matched,,,0.2928,
ocd-person/573c5456-8b53-4a00-9538-1013f0fc12c5,Heather Bauer,SC,D,lower,75,-0.702,0.6755,2020,matched,,,0.6755,
ocd-person/814c55e9-568f-403e-9e8a-ee3859c07300,Heather Crawford,SC,R,lower,68,1.105,0.2238,2022,matched,,,0.2238,
ocd-person/333130a9-ecba-4992-b223-d2af0c9f2a06,Henry McMaster,SC,R,executive,,,,,unmatched,,,,
ocd-person/fd462977-6631-4203-820c-a91b0b4ebcd2,Howard Knapp,SC,I,executive,,,,,unmatched,,,,
ocd-person/6f92ad6a-95c7-4e74-aa91-05fd5448c99a,J.A. Moore,SC,D,lower,15,-0.818,0.7045,2022,matched,,,0.7045,
ocd-person/a34e27e4-59ab-41a6-89ee-1b5d82fcbcf6,J.D. Chaplin,SC,R,upper,29,1.501,0.1248,2020,matched,,,0.1248,
ocd-person/0193ab02-383a-4b92-a810-00fd0bf0fb98,Jackie Hayes,SC,D,lower,55,-0.427,0.6068,2022,matched,,,0.6068,
ocd-person/d5713eed-0ae5-4bf4-9dc8-7c3efdfae317,Jackie Terribile,SC,R,lower,66,,,,unmatched,,,,
ocd-person/4b8dd070-0114-4788-9d4c-21eab54496c0,James Teeple,SC,R,lower,116,,,,unmatched,,,,
ocd-person/3d40ff3f-ddbf-4611-a366-9be7d55b9247,Jason Elliott,SC,R,upper,6,,,,unmatched,,,,
ocd-person/8c2d9f43-2498-4961-a046-bc5c3f8d7fa6,Jason Luck,SC,D,lower,54,,,,unmatched,,,,
ocd-person/00d450b3-f427-4e64-b0bd-45609b0a433b,Jay Jordan,SC,R,lower,63,1.203,0.1992,2022,matched,,,0.1992,
ocd-person/5a7a2735-d539-4aa0-b1a9-2f0e3828a02b,Jay Kilmartin,SC,R,lower,85,1.772,0.057,2022,matched,,,0.057,
ocd-person/99dd735b-3ab4-4362-a2c5-f1b5c9257e52,Jeff Bradley,SC,R,lower,123,1.104,0.224,2022,matched,,,0.224,
ocd-person/7b2dc589-67e0-4286-9a21-73a69a299ef7,Jeff Johnson,SC,R,lower,58,-0.902,0.7255,2022,matched,,,0.7255,
ocd-person/236892d9-be31-4afa-9c3c-e68dff8bf480,Jeff Zell,SC,R,upper,36,,,,unmatched,,,,
ocd-person/2a153d17-d828-4285-a361-fb9f736dd388,Jeffrey Graham,SC,D,upper,35,,,,unmatched,,,,
ocd-person/4ae40a76-8a57-40b1-b4cd-0218170e3ff8,Jermaine Johnson,SC,D,lower,52,-0.902,0.7255,2022,matched,,,0.7255,
ocd-person/56f713aa-3887-4e45-996d-ca60006edd99,Jerry Govan,SC,D,lower,93,-0.484,0.621,2020,matched,,,0.621,
ocd-person/35125937-cf55-4408-883f-6f81e45b0063,Joe Bustos,SC,R,lower,112,1.063,0.2343,2022,matched,,,0.2343,
ocd-person/e6db7b68-2d69-4585-816a-ad2c7ee9b1cc,Joe White,SC,R,lower,40,0.99,0.2525,2022,matched,,,0.2525,
ocd-person/12f4e61d-b847-4a7d-8029-613580ebfd9f,John King,SC,D,lower,49,-0.611,0.6527,2022,matched,,,0.6527,
ocd-person/708261ba-00bd-4cef-bd7e-bd80de59b101,John Lastinger,SC,R,lower,88,1.436,0.141,2020,matched,,,0.141,
ocd-person/f946b369-cfbd-4cc5-84f2-4cc343beb03a,John McCravy,SC,R,lower,13,1.052,0.237,2022,matched,,,0.237,
ocd-person/ec3b270f-6396-440c-89c1-e42262d02477,Jordan Pace,SC,R,lower,117,1.585,0.1038,2022,matched,,,0.1038,
ocd-person/abab175f-5281-4f94-9550-09131ee156ad,Josh Kimbrell,SC,R,upper,11,1.59,0.1025,2022,matched,,,0.1025,
ocd-person/6db09ea1-fe89-497a-8502-dce892c13fe8,Josiah Magnuson,SC,R,lower,38,1.798,0.0505,2022,matched,,,0.0505,
ocd-person/88861a7f-ca46-4ed7-a053-0d463cca48e0,Justin Bamberg,SC,D,lower,90,-0.559,0.6398,2022,matched,,,0.6398,
ocd-person/904331e5-36ae-43d5-8e3e-62a845c7965e,Kambrell Garvin,SC,D,lower,77,-0.839,0.7097,2022,matched,,,0.7097,
ocd-person/946afea5-c89c-4a8f-a80e-a841bf7e899a,Karl Allen,SC,D,upper,7,-0.449,0.6122,2022,matched,,,0.6122,
ocd-person/07274f31-3348-491d-af78-4eefad9d39c8,Kathy Landing,SC,R,lower,80,1.112,0.222,2022,matched,,,0.222,
ocd-person/d38909c5-fdcb-4230-8380-498f6f8cc510,Keishan Scott,SC,D,lower,50,-3.445,1.0,2018,matched,,,1.0,
ocd-person/0fdf2e22-badf-4b5c-be34-969781dc40a3,Kent Williams,SC,D,upper,30,-0.192,0.548,2022,matched,,,0.548,
ocd-person/ad6c27e9-3571-477c-9d94-92127d0020e7,Kevin Hardee,SC,R,lower,105,1.124,0.219,2022,matched,,,0.219,
ocd-person/cc6f617e-1af7-4aa5-a9cc-a2214b2c21e2,Larry Grooms,SC,R,upper,37,1.157,0.2107,2022,matched,,,0.2107,
ocd-person/3ebbdeb2-9bbf-41d3-8175-2d4e901cb9d1,Lee Bright,SC,R,upper,12,,,,unmatched,,,,
ocd-person/16296fb0-76bf-4e65-b7e6-5dc6abceb7b4,Lee Gilreath,SC,R,lower,7,,,,unmatched,,,,
ocd-person/eba98c82-1f71-45c1-951f-40076eb34a8b,Lee Hewitt,SC,R,lower,108,1.003,0.2493,2022,matched,,,0.2493,
ocd-person/a7665bc0-b03c-419e-976c-b3a25ebf358e,Leon Howard,SC,D,lower,76,-0.552,0.638,2022,matched,,,0.638,
ocd-person/3faa0b04-4277-4a07-ae78-bc9cb0d20e07,Leon Stavrinakis,SC,D,lower,119,-0.332,0.583,2022,matched,,,0.583,
ocd-person/a02e7674-1693-446b-8863-3d7df87a20fa,Lonnie Hosey,SC,D,lower,91,-0.449,0.6122,2022,matched,,,0.6122,
ocd-person/e3d0a679-af6a-4861-aac2-be366fda3210,Lucas Atkinson,SC,D,lower,57,-0.56,0.64,2022,matched,,,0.64,
ocd-person/27fb6caf-f757-44a3-8973-6ce72aacd7e2,Luke Rankin,SC,R,upper,33,-0.09,0.5225,2022,matched,,,0.5225,
ocd-person/94b1b04a-1be7-4128-b7ac-0c3b299b7d53,Luke Rankin,SC,R,lower,14,,,,unmatched,,,,
ocd-person/829bd3ab-d117-43fd-b274-f9ff8177c789,Margie Bright Matthews,SC,D,upper,45,-0.465,0.6162,2022,matched,,,0.6162,
ocd-person/9d1ecabb-7f76-4f2e-9951-03599223ca4c,Mark Smith,SC,R,lower,99,1.06,0.235,2022,matched,,,0.235,
ocd-person/45f11431-96b7-4bfe-85f5-ce986002a233,Mark Willis,SC,R,lower,16,1.024,0.244,2022,matched,,,0.244,
ocd-person/1bf0b19d-9fa1-474a-99f2-16e7835064cf,Matt Leber,SC,R,upper,41,,,,unmatched,,,,
ocd-person/b3dcafed-7f7a-4b8b-8a5e-a517d768ed42,Melissa Oremus,SC,R,lower,84,1.186,0.2035,2022,matched,,,0.2035,
ocd-person/32c6ccd9-4b56-4075-a99b-1882f4dd176d,Micah Caskey,SC,R,lower,89,,,,unmatched,,,,
ocd-person/ef901990-e178-4836-b40c-1b5822227650,Michael Johnson,SC,R,upper,16,0.793,0.3017,2022,matched,,,0.3017,
ocd-person/ebf046cf-233e-4c98-b78e-4cefbb07615b,Michael Rivers,SC,D,lower,121,-0.3,0.575,2022,matched,,,0.575,
ocd-person/6ffe4e57-021a-4424-bc36-b933c8e18477,Mike Burns,SC,R,lower,17,1.189,0.2027,2022,matched,,,0.2027,
ocd-person/52d745c3-ccb7-41db-9b4a-624c757b678a,Mike Gambrell,SC,R,upper,4,1.014,0.2465,2022,matched,,,0.2465,
ocd-person/31e694fa-e3e1-4df4-8ca7-4977dbf6e321,Mike Neese,SC,R,lower,44,0.997,0.2508,2022,matched,,,0.2508,
ocd-person/c2a237ba-67b6-4280-9cf2-430f1d10d28e,Mike Reichenbach,SC,R,upper,31,1.128,0.218,2022,matched,,,0.218,
ocd-person/bc549137-780f-4b77-9438-61a92d3dce48,Murrell Smith,SC,R,lower,67,1.06,0.235,2022,matched,,,0.235,
ocd-person/129fde97-b4fa-4004-bfb9-f96169a7c0a5,Nathan Ballentine,SC,R,lower,71,1.035,0.2413,2022,matched,,,0.2413,
ocd-person/73b7f73e-705e-409a-b582-51060e573fd5,Neal Collins,SC,R,lower,5,0.547,0.3632,2022,matched,,,0.3632,
ocd-person/3e43cada-6457-40bf-9f6d-ed024f737177,Overture Walker,SC,D,upper,22,,,,unmatched,,,,
ocd-person/f96c83a2-ed1e-4ff6-b5a7-7bb83afdf2df,Pamela Evette,SC,R,executive,,,,,unmatched,,,,
ocd-person/08f0816c-5d19-47df-90fb-1249e3f50fae,Patrick Haddon,SC,R,lower,19,1.552,0.112,2022,matched,,,0.112,
ocd-person/4774fe34-b398-48bb-98b8-4ce344781e6c,Paul Wickensimer,SC,R,lower,22,,,,unmatched,,,,
ocd-person/ee278d2b-ce89-40bf-af2c-42ede04e3afd,Paula Calhoon,SC,R,lower,87,1.043,0.2393,2022,matched,,,0.2393,
ocd-person/30bbaf18-f705-40eb-a035-be01314f1b44,Phillip Bowers,SC,R,lower,3,1.956,0.011,2020,matched,,,0.011,
ocd-person/92bc68c6-b20b-4eec-a315-b0d5495db8ec,Phillip Lowe,SC,R,lower,60,0.997,0.2508,2022,matched,,,0.2508,
ocd-person/e4ab57f5-cf10-42ea-9c31-a6a4cc1a8c29,Randy Ligon,SC,R,lower,43,0.982,0.2545,2022,matched,,,0.2545,
ocd-person/bfea6436-5d17-4d26-bc37-15f1a975575e,Rex Rice,SC,R,upper,2,1.272,0.182,2022,matched,,,0.182,
ocd-person/69162972-6151-4fe2-b5fe-dee599d86ad3,Richard Cash,SC,R,upper,3,1.68,0.08,2022,matched,,,0.08,
ocd-person/ebfb814e-0b47-4d8f-be94-63718f71a96c,Richie Yow,SC,R,lower,53,1.074,0.2315,2022,matched,,,0.2315,
ocd-person/5bc3db4e-8055-4952-a217-1520e26c8929,Rob Harris,SC,R,lower,36,1.88,0.03,2022,matched,,,0.03,
ocd-person/ea7da5ce-c132-44b0-8b3c-33745f9d3e4b,Robby Robbins,SC,R,lower,97,0.808,0.298,2022,matched,,,0.298,
ocd-person/82c25564-6f95-4fbc-96b8-2ab8a5954a4b,Robert Reese,SC,D,lower,70,-1.326,0.8315,2018,matched,,,0.8315,
ocd-person/1b83cb36-84ea-44b1-b234-14ca1151c7a4,Robert Williams,SC,D,lower,62,-0.436,0.609,2022,matched,,,0.609,
ocd-person/9aa18702-15a2-4281-926b-4e980f2e8aa0,Roger Kirby,SC,D,lower,101,0.419,0.3952,2022,matched,,,0.3952,
ocd-person/a8c8738a-88f3-4a32-a61e-96004425b2c3,Ronnie Cromer,SC,R,upper,18,0.912,0.272,2022,matched,,,0.272,
ocd-person/92a0b883-789a-4291-b2f1-330ec804ba12,Ronnie Sabb,SC,D,upper,32,-0.386,0.5965,2022,matched,,,0.5965,
ocd-person/6a6c75f2-f3be-4764-9b7d-04b13c28b4aa,Rosalyn Henderson-Myers,SC,D,lower,31,,,,unmatched,,,,
ocd-person/bf0e5259-d4e3-472c-a3a0-384eab1e8ae2,Ross Turner,SC,R,upper,8,1.105,0.2238,2022,matched,,,0.2238,
ocd-person/458d191f-6584-4548-b464-a3a24cda3cf3,Russell Ott,SC,D,upper,26,,,,unmatched,,,,
ocd-person/68934441-84b3-48c7-b8a5-a694744f9e3b,Ryan McCabe,SC,R,lower,96,0.952,0.262,2022,matched,,,0.262,
ocd-person/60078bba-44b1-4606-9943-470d3b3ffbb2,Sarita Edgerton,SC,R,lower,34,0.911,0.2722,2022,matched,,,0.2722,
ocd-person/afbbce75-a054-458a-ad5f-95ac385510f2,Scott Montgomery,SC,R,lower,32,,,,unmatched,,,,
ocd-person/3265c6c1-e300-4fd3-9d61-1cef57279d67,Sean Bennett,SC,R,upper,38,0.906,0.2735,2022,matched,,,0.2735,
ocd-person/6f3e5d6a-0e85-4af0-9711-1eaa7e3da981,Seth Rose,SC,D,lower,72,-0.548,0.637,2022,matched,,,0.637,
ocd-person/6409590b-b759-47e0-ba61-cfe5aee94228,Shane Martin,SC,R,upper,13,0.968,0.258,2022,matched,,,0.258,
ocd-person/340b7b78-4f07-49ef-8872-dab35cf48c5c,Shane Massey,SC,R,upper,25,1.133,0.2167,2022,matched,,,0.2167,
ocd-person/2bc4de0d-45ee-4cb7-8fda-f0a54a9a7492,Shannon Erickson,SC,R,lower,124,1.044,0.239,2022,matched,,,0.239,
ocd-person/a0512457-cf73-4c3a-8190-d381a90af2d8,Spencer Wetmore,SC,D,lower,115,-0.859,0.7147,2022,matched,,,0.7147,
ocd-person/c706a635-007e-45fa-90c1-0961d0e4cd2f,Stephen Frank,SC,R,lower,20,,,,unmatched,,,,
ocd-person/9837e1c5-5014-4306-9f78-1550b1a9a2c2,Stephen Goldfinch,SC,R,upper,34,0.907,0.2732,2022,matched,,,0.2732,
ocd-person/72f330b5-9ae0-40e6-b1d2-0ab6725cccf2,Steven Long,SC,R,lower,37,1.488,0.128,2022,matched,,,0.128,
ocd-person/36dea3e2-2ea8-47e8-84df-cfc4a28073e7,Sylleste Davis,SC,R,lower,100,1.067,0.2333,2022,matched,,,0.2333,
ocd-person/51410bac-c642-4cd8-9935-dd87b16a6972,Tameika Isaac Devine,SC,D,upper,19,,,,unmatched,,,,
ocd-person/ae65876e-c27c-49ff-a49f-d58bcbbd4bd5,Terry Alexander,SC,D,lower,59,-0.634,0.6585,2022,matched,,,0.6585,
ocd-person/06c7c886-4087-499e-855c-f36b0fa75195,Thomas Alexander,SC,R,upper,1,1.045,0.2388,2022,matched,,,0.2388,
ocd-person/2ac35060-d236-438e-a3ec-6ad2be0f53c6,Thomas Beach,SC,R,lower,10,1.494,0.1265,2022,matched,,,0.1265,
ocd-person/e7352f8b-8faf-42e3-8216-b480056968c0,Tiffany Spann-Wilder,SC,D,lower,109,,,,unmatched,,,,
ocd-person/023895b1-aeb4-410a-84d0-0059b3f10ee3,Tim McGinnis,SC,R,lower,56,0.958,0.2605,2022,matched,,,0.2605,
ocd-person/ad25d5ef-8d4f-425f-9dbd-0b018f1771cc,Todd Rutherford,SC,D,lower,74,-0.363,0.5907,2022,matched,,,0.5907,
ocd-person/25450820-f565-4644-95aa-885948c253c3,Tom Corbin,SC,R,upper,5,1.111,0.2223,2022,matched,,,0.2223,
ocd-person/33fe6bed-f8b0-4002-90fa-870813b72caf,Tom Davis,SC,R,upper,46,0.949,0.2628,2022,matched,,,0.2628,
ocd-person/74b41634-f393-47b4-807b-124c14277ecb,Tom Fernandez,SC,R,upper,39,,,,unmatched,,,,
ocd-person/3635c44f-6b49-4e42-bbd7-10dac688f92f,Tom Hartnett,SC,R,lower,110,1.076,0.231,2022,matched,,,0.231,
ocd-person/b01d47f8-2131-4fe5-a611-d1b571696346,Tom Young,SC,R,upper,24,0.943,0.2642,2022,matched,,,0.2642,
ocd-person/7a31b7ee-6b6c-487b-bc69-c3c323357c05,Tommy Pope,SC,R,lower,47,0.724,0.319,2022,matched,,,0.319,
ocd-person/3b778652-2293-4f1d-ae0c-7d2308cbe9af,Travis Moore,SC,R,lower,33,0.801,0.2997,2022,matched,,,0.2997,
ocd-person/f8956197-cf73-4a14-927d-c3a0f62cff4c,Val Guest,SC,R,lower,106,1.071,0.2323,2022,matched,,,0.2323,
ocd-person/7d11e90b-a028-4947-89d1-ac0788530446,Wendell Gilliard,SC,D,lower,111,-0.847,0.7117,2022,matched,,,0.7117,
ocd-person/7a7e6769-eee4-4bb5-8246-a6463457f342,Wendell Jones,SC,D,lower,25,-1.259,0.8147,2022,matched,,,0.8147,
ocd-person/cccdb27c-0ed3-4d26-b2e1-5dd7c94e79ab,Wes Climer,SC,R,upper,15,1.161,0.2097,2022,matched,,,0.2097,
ocd-person/eba4b1a4-14ca-44dd-93ab-25cdd3cbd5fd,Weston Newton,SC,R,lower,120,1.05,0.2375,2022,matched,,,0.2375,
ocd-person/40032da4-e72a-445f-b2df-7975724e64bb,William Bailey,SC,R,lower,104,0.86,0.285,2022,matched,,,0.285,
ocd-person/d3d7563b-420c-4498-8bc5-4f9d6ed90806,Aaron Aylward,SD,R,lower,6,1.105,0.2238,2020,matched,,,0.2238,
ocd-person/02f0edff-2879-4fbb-9b23-796358690d07,Al Novstrup,SD,R,lower,3,,,,unmatched,,,,
ocd-person/f9dd87da-ac23-450d-9574-1efa95ef0d81,Amber Arlint,SD,R,lower,12,1.149,0.2127,2022,matched,,,0.2127,
ocd-person/ae4b500c-4a37-43ed-a3a2-dbb08071e265,Amber Hulse,SD,R,upper,30,,,,unmatched,,,,
ocd-person/169a8374-daaa-4884-9add-d1719eabd966,Arch Beal,SD,R,upper,12,,,,unmatched,,,,
ocd-person/3b05e975-1b79-42ec-94e8-7a258142dd46,Bethany Soye,SD,R,lower,9,1.273,0.1818,2022,matched,,,0.1818,
ocd-person/1e3d4ebf-2669-4b20-acd4-e339d24f73c3,Bobbi Andera,SD,R,lower,10,,,,unmatched,,,,
ocd-person/713ca571-304b-48f0-a853-b49fa859134e,Brandei Schaefbauer,SD,R,lower,3,1.433,0.1417,2022,matched,,,0.1417,
ocd-person/a5c12215-2e38-4d1f-a8b0-cc6ce0e859ca,Brandon Wipf,SD,R,upper,22,,,,unmatched,,,,
ocd-person/d9d8a84f-96df-4dbf-b638-d63e216166d4,Brian Mulder,SD,R,lower,11,1.237,0.1907,2022,matched,,,0.1907,
ocd-person/5a5c92d7-0b2c-418e-a0ce-8ba0a6e4790a,Carl Perry,SD,R,upper,3,,,,unmatched,,,,
ocd-person/6dabb48d-f267-4fb3-9e8c-0a3c182d44d3,Casey Crabtree,SD,R,upper,8,1.161,0.2097,2022,matched,,,0.2097,
ocd-person/85616a5d-63b7-4794-8eb0-63ab7b121761,Chris Karr,SD,R,upper,11,,,,unmatched,,,,
ocd-person/87c4b9d3-1e14-4c64-af35-e9a95a1f4bf3,Chris Kassin,SD,R,lower,17,,,,unmatched,,,,
ocd-person/132b0654-ebb2-4b6b-81b3-d39b41110d45,Curt Massie,SD,R,lower,33,0.437,0.3907,2022,matched,,,0.3907,
ocd-person/6dce0110-114c-467d-adb2-50e0309a8079,Curt Voight,SD,R,upper,33,,,,unmatched,,,,
ocd-person/4d2f522f-336a-4794-8b89-48d65d250f6e,David Kull,SD,R,lower,2,1.125,0.2188,2022,matched,,,0.2188,
ocd-person/ce0a6958-a2d1-4e9e-ab06-943bc84a271a,Drew Peterson,SD,R,lower,19,1.168,0.208,2022,matched,,,0.208,
ocd-person/d458ae29-45a8-4406-a5c0-c256ec743172,Dylan Jordan,SD,R,lower,4,,,,unmatched,,,,
ocd-person/589ced64-f78f-447d-ab9a-8ead6965c61b,Eric Emery,SD,D,lower,26A,,,,unmatched,,,,
ocd-person/c123398a-d235-488f-ba5f-cc71983a66de,Erik Muckey,SD,D,lower,15,,,,unmatched,,,,
ocd-person/85bda678-d416-4caa-b439-8a579288f2ec,Erin Healy,SD,D,lower,10,-0.777,0.6943,2020,matched,,,0.6943,
ocd-person/dda7bd46-d880-453e-b830-269e79425a9a,Ernie Otten,SD,R,upper,6,1.103,0.2243,2020,matched,,,0.2243,
ocd-person/4d53d676-05f1-409a-8ef8-762d97143443,Glen Vilhauer,SD,R,upper,5,,,,unmatched,,,,
ocd-person/4a052dc7-31aa-4a24-b72d-7e922ce7bf8b,Greg Blanc,SD,R,upper,35,,,,unmatched,,,,
ocd-person/fe9a44c7-7241-4395-98e3-8445b1bc2d54,Greg Jamison,SD,R,lower,12,1.004,0.249,2022,matched,,,0.249,
ocd-person/229c5337-951c-41d2-9e76-dc74878bcf89,Heather Baxter,SD,R,lower,34,,,,unmatched,,,,
ocd-person/e0548110-ef50-435f-8c99-fbd53a06d8ff,Helene Duhamel,SD,R,upper,32,0.755,0.3113,2020,matched,,,0.3113,
ocd-person/fd692c4a-e6c1-45c1-b970-1fcdbe732cfe,Jack Kolbeck,SD,R,lower,13,,,,unmatched,,,,
ocd-person/bea6d77a-6773-463b-946c-b23b27f5f4c0,Jamie Smith,SD,D,upper,15,0.749,0.3127,2020,matched,,,0.3127,
ocd-person/3900be26-2367-48af-8083-6ec4b4f18cf1,Jana Hunt,SD,R,lower,28A,,,,unmatched,,,,
ocd-person/94fa8c46-b27a-452e-85b2-27baca009678,Jeff Bathke,SD,R,lower,20,1.267,0.1833,2022,matched,,,0.1833,
ocd-person/7d5691be-08ff-4684-978d-81aaa8bdd99b,Jessica Bahmuller,SD,R,lower,19,1.291,0.1773,2022,matched,,,0.1773,
ocd-person/98281de1-c8bc-4c3a-9a5b-6a45c96c6087,Jim Halverson,SD,R,lower,21,,,,unmatched,,,,
ocd-person/c8ca77f5-97e7-4604-aec3-fe4ee5e7dc31,Jim Mehlhaff,SD,R,upper,24,1.22,0.195,2022,matched,,,0.195,
ocd-person/2d13f154-7e05-462c-b8d9-da5c5556d8b9,John Carley,SD,R,upper,29,1.454,0.1365,2022,matched,,,0.1365,
ocd-person/123a6b73-d0a1-4263-96fd-a65373159918,John Hughes,SD,R,lower,13,,,,unmatched,,,,
ocd-person/de36e5d9-b079-4778-bd29-2d7a161488f6,John Shubeck,SD,R,lower,16,,,,unmatched,,,,
ocd-person/fe5950b8-b6e8-4a95-87b5-fd569f43b286,John Sjaarda,SD,R,lower,2,1.495,0.1262,2022,matched,,,0.1262,
ocd-person/912b0c53-5674-42b0-8f22-8ccd01c3264c,Jon Hansen,SD,R,lower,25,1.131,0.2172,2020,matched,,,0.2172,
ocd-person/6ca3c0b7-e0d2-4d68-8b33-725c378ff130,Josephine Garcia,SD,R,lower,5,,,,unmatched,,,,
ocd-person/3a454e94-ca27-4e34-b603-c2768c047bc3,Joy Hohn,SD,R,upper,9,,,,unmatched,,,,
ocd-person/8fabf252-4409-4c1f-b754-ab54759ea3ce,Julie Auch,SD,R,lower,18,,,,unmatched,,,,
ocd-person/892b6289-0bd8-441d-94bf-30e6f1cfce49,Kadyn Wittman,SD,D,lower,15,-1.099,0.7748,2022,matched,,,0.7748,
ocd-person/0baaa53b-6468-4de4-98ce-bf1e218f8d38,Kaley Nolz,SD,R,lower,20,,,,unmatched,,,,
ocd-person/0c864308-04a8-4b22-af5b-5d718046b99f,Karla Lems,SD,R,lower,16,1.338,0.1655,2022,matched,,,0.1655,
ocd-person/f2a2616a-c0d4-45d2-8c52-2c8d7dac5e26,Kathy Rice,SD,R,lower,29,1.462,0.1345,2022,matched,,,0.1345,
ocd-person/8125bf75-9ccc-41c4-b76b-3e84dc083c43,Kent Roe,SD,R,lower,4,,,,unmatched,,,,
ocd-person/708ee344-687f-499a-9f52-48cb79686167,Keri Weems,SD,R,lower,11,,,,unmatched,,,,
ocd-person/1de26fd7-bcde-486b-b290-afdee6756c7c,Kevin Jensen,SD,R,upper,16,1.531,0.1173,2022,matched,,,0.1173,
ocd-person/e94f9d65-3b95-40cb-b3c2-74126023b55f,Kevin Van Diepen,SD,R,lower,22,,,,unmatched,,,,
ocd-person/bd74c8bf-cc11-4bfc-a721-269a01a6ccb1,Kyle Schoenfish,SD,R,upper,19,0.609,0.3478,2020,matched,,,0.3478,
ocd-person/7eefd193-a618-4a9b-b416-cd495239ead6,Lana Greenfield,SD,R,lower,22,,,,unmatched,,,,
ocd-person/b41fff76-c4dd-4e5c-b7f5-c6480a6b1710,Larry Rhoden,SD,R,executive,,,,,unmatched,,,,
ocd-person/5e23171d-49a3-471f-a6f8-24b057f2d836,Larry Zikmund,SD,R,upper,14,1.134,0.2165,2020,matched,,,0.2165,
ocd-person/a5c8c5c0-c02e-49cf-834b-f8e9d118935a,Lauren Nelson,SD,R,upper,18,-0.843,0.7107,2020,matched,,,0.7107,
ocd-person/950b0ec2-1c69-4c81-ab1d-c61464519e26,Les Heinemann,SD,R,lower,25,1.127,0.2182,2018,matched,,,0.2182,
ocd-person/81df3498-7677-4749-9753-c1ae9799e444,Liz Larson,SD,D,upper,10,-1.212,0.803,2020,matched,,,0.803,
ocd-person/2b581087-9814-4f0d-80e5-b29a6e7aee67,Liz May,SD,R,lower,27,1.332,0.167,2020,matched,,,0.167,
ocd-person/533da64d-d703-4d56-9d65-8bf3b730d552,Logan Manhart,SD,R,lower,1,,,,unmatched,,,,
ocd-person/04b57e8f-1cbe-4637-84a5-6b2257413d18,Mark Lapka,SD,R,upper,23,,,,unmatched,,,,
ocd-person/b305d3f4-6e90-44ab-a228-3ed2933e2989,Marty Jackley,SD,R,executive,,,,,unmatched,,,,
ocd-person/7dc4b8d9-148b-4622-a6de-b27dc27030be,Marty Overweg,SD,R,lower,21,1.186,0.2035,2020,matched,,,0.2035,
ocd-person/e03644b8-7ddd-4ae0-a734-6f6e76e735ba,Mary Fitzgerald,SD,R,lower,31,1.32,0.17,2022,matched,,,0.17,
ocd-person/8ea8be55-3862-4034-b0c9-8aa418dfc915,Matt Roby,SD,R,lower,5,,,,unmatched,,,,
ocd-person/82afbbac-f85b-47ec-aad9-c7218f35d44c,Mellissa Heermann,SD,R,lower,7,1.064,0.234,2022,matched,,,0.234,
ocd-person/9f5c460a-6f5d-4198-8be2-e78a9d4980bf,Michael Rohl,SD,R,upper,1,1.048,0.238,2022,matched,,,0.238,
ocd-person/082e4c6e-c16a-4bfa-8c17-9c46952da446,Mike Derby,SD,R,lower,34,1.124,0.219,2022,matched,,,0.219,
ocd-person/0121d607-e75c-4427-bd76-a6e01434afca,Mike Stevens,SD,R,lower,18,0.676,0.331,2020,matched,,,0.331,
ocd-person/f611d7e5-8438-49da-a323-374bbf0af218,Mike Weisgram,SD,R,lower,24,0.973,0.2568,2022,matched,,,0.2568,
ocd-person/e4192363-de65-4632-8224-6d59098f1e61,Monae Johnson,SD,R,executive,,,,,unmatched,,,,
ocd-person/5cfb95b9-aa6a-4285-89d1-04770ae033fd,MyKala Voita,SD,R,upper,21,,,,unmatched,,,,
ocd-person/1f9d8833-6a73-4985-b33e-635b6bc194b7,Nick Fosness,SD,R,lower,1,,,,unmatched,,,,
ocd-person/00ed522e-529c-4ec7-bec2-90e124a2b3df,Nicole Uhre-Balk,SD,D,lower,32,,,,unmatched,,,,
ocd-person/169a02e3-c161-4cca-8adb-10e55934a94f,Paul Miskimins,SD,R,upper,20,,,,unmatched,,,,
ocd-person/8dc5a857-0514-4a81-8215-a2f21a069075,Peri Pourier,SD,R,lower,27,-0.637,0.6593,2020,matched,,,0.6593,
ocd-person/cc4fe32a-b912-4876-96e5-32341ccdd06d,Phil Jensen,SD,R,lower,33,1.176,0.206,2022,matched,,,0.206,
ocd-person/73f418c4-6d07-4ef5-924f-1664738d2b46,Randy Deibert,SD,R,upper,31,1.037,0.2408,2022,matched,,,0.2408,
ocd-person/6ce3a563-339c-4bf4-8a70-0f5de85e5693,Rebecca Reimer,SD,R,lower,26B,1.161,0.2097,2020,matched,,,0.2097,
ocd-person/d2b91681-6a72-42f8-94f6-c489309798b7,Red Dawn Foster,SD,D,upper,27,-0.25,0.5625,2020,matched,,,0.5625,
ocd-person/69b0ca35-e513-4250-90fd-3a8c44dbeae8,Roger DeGroot,SD,R,lower,7,0.71,0.3225,2022,matched,,,0.3225,
ocd-person/3ff2f0b9-b570-4980-941f-9616ea0bbc55,Sam Marty,SD,R,upper,28,,,,unmatched,,,,
ocd-person/f6efc9b6-c985-4765-bd47-8da24d06712b,Scott Moore,SD,R,lower,23,1.147,0.2132,2022,matched,,,0.2132,
ocd-person/18602d7b-fb7f-495b-bf94-2b0da2aae00f,Scott Odenbach,SD,R,lower,31,1.382,0.1545,2022,matched,,,0.1545,
ocd-person/138b5508-01b0-43ed-b8b6-ce9b9d07806f,Spencer Gosch,SD,R,lower,23,1.274,0.1815,2020,matched,,,0.1815,
ocd-person/229f3180-5808-47f9-b473-3da3c9585bc5,Stephanie Sauder,SD,R,upper,4,,,,unmatched,,,,
ocd-person/a86e2b88-677f-4819-9fc2-0e9ba4c04377,Steve Duffy,SD,R,lower,32,0.961,0.2598,2022,matched,,,0.2598,
ocd-person/d8b7a70b-2c34-4319-aaaf-54112c5ca471,Steve Kolbeck,SD,R,upper,2,0.653,0.3367,2022,matched,,,0.3367,
ocd-person/10c3de09-4e65-4885-bbbb-78b2903a36e2,Sue Peterson,SD,R,upper,13,,,,unmatched,,,,
ocd-person/c2149a50-34ee-42c5-8440-e1c5ddcf66e4,Sydney Davis,SD,R,upper,17,,,,unmatched,,,,
ocd-person/f06bd3c9-8cac-4cc6-be62-f949e51f28eb,Taffy Howard,SD,R,upper,34,,,,unmatched,,,,
ocd-person/e195011d-04f8-4e39-a9f9-b804495b3f2c,Tamara Grove,SD,R,upper,26,,,,unmatched,,,,
ocd-person/ba249bd9-5b3e-42f3-a367-061bf63d620a,Taylor Rehfeldt,SD,R,lower,14,1.029,0.2428,2022,matched,,,0.2428,
ocd-person/5f9be535-0a3a-4661-a651-f65dbd39ce2b,Terri Jorgenson,SD,R,lower,29,,,,unmatched,,,,
ocd-person/052b96bd-7f02-4518-ba11-b1a55084149e,Tesa Schwans,SD,R,lower,9,,,,unmatched,,,,
ocd-person/6a9db533-590a-4481-980b-b5efe3412d9b,Tim Czmowski,SD,R,lower,6,,,,unmatched,,,,
ocd-person/e12868fa-61b7-4ad5-9f68-bcfca817057d,Tim Goodwin,SD,R,lower,30,1.265,0.1838,2020,matched,,,0.1838,
ocd-person/6206c534-4bec-4228-b86f-5005547c6957,Tim Reed,SD,R,upper,7,0.715,0.3213,2022,matched,,,0.3213,
ocd-person/3c82e6e9-348f-40cd-818e-76d4901d9ec5,Tim Reisch,SD,R,lower,8,1.297,0.1758,2022,matched,,,0.1758,
ocd-person/cc78d0ae-544c-4b45-8073-4aed3ee1a513,Tim Walburg,SD,R,lower,8,,,,unmatched,,,,
ocd-person/ebadc687-f53a-4ec4-9c37-b362a2ea6842,Tina Mulally,SD,R,lower,35,1.203,0.1992,2022,matched,,,0.1992,
ocd-person/f6b50a35-18e6-4e0c-bdd9-071f4a99bbed,Tom Pischke,SD,R,upper,25,1.276,0.181,2022,matched,,,0.181,
ocd-person/a0e95faf-3b79-4657-bdd2-3a496d04e03c,Tony Kayser,SD,R,lower,14,,,,unmatched,,,,
ocd-person/74bc4404-28a3-413b-b01f-3f303da1c8a9,Tony Randolph,SD,R,lower,35,1.428,0.143,2022,matched,,,0.143,
ocd-person/c8d6a31f-a4e9-454a-a75a-28b668c1b729,Tony Venhuizen,SD,R,executive,,,,,unmatched,,,,
ocd-person/1e73baba-bddd-4b8c-901d-a1324f3194eb,Travis Ismay,SD,R,lower,28B,,,,unmatched,,,,
ocd-person/e7bb9291-fd90-4db8-b3e6-c90ebc41c997,Trish Ladner,SD,R,lower,30,1.125,0.2188,2022,matched,,,0.2188,
ocd-person/46a0838c-0bb9-446a-8828-21a3f2124d1b,Will Mortenson,SD,R,lower,24,0.877,0.2807,2022,matched,,,0.2807,
ocd-person/705bda08-a613-4be4-9c90-ac7e30eef6bf,William Shorma,SD,R,lower,17,1.241,0.1897,2020,matched,,,0.1897,
ocd-person/b3bd4f95-946f-4b4b-b58f-ab78345847b7,Adam Lowe,TN,R,upper,1,1.117,0.2208,2022,matched,,,0.2208,
ocd-person/6dc4d8e8-aa2c-423b-8f5c-8ed4666a27db,Aftyn Behn,TN,D,lower,51,,,,unmatched,,,,
ocd-person/ad23d4a9-9a62-40a5-94a5-246f7741c3e2,Andrew Farmer,TN,R,lower,17,1.045,0.2388,2022,matched,,,0.2388,
ocd-person/785aed65-3e87-42fe-8e71-307ce08f44ae,Antonio Parkinson,TN,D,lower,98,-0.658,0.6645,2022,matched,,,0.6645,
ocd-person/0b5b90de-2d94-424f-ab28-b434696cb5a9,Aron Maberry,TN,R,lower,68,,,,unmatched,,,,
ocd-person/5110ee0d-fc68-4126-8ff2-7db3814afe66,Becky Jo Alexander,TN,R,lower,7,1.13,0.2175,2022,matched,,,0.2175,
ocd-person/592971a7-2e11-4bed-a57d-71187e174329,Becky Massey,TN,R,upper,6,1.12,0.22,2022,matched,,,0.22,
ocd-person/d94cf7a2-1ba6-46f2-bdbf-54ace20b8dfc,Bill Lee,TN,R,executive,,,,,unmatched,,,,
ocd-person/46b6a1b2-f0c0-4e9a-a506-a81e12e329f5,Bill Powers,TN,R,upper,22,1.144,0.214,2022,matched,,,0.214,
ocd-person/e0272220-99f1-4cfb-9d29-946b86279e0b,Bo Mitchell,TN,D,lower,50,-0.548,0.637,2022,matched,,,0.637,
ocd-person/86d5ff12-369b-41a4-9626-237425063c1b,Bo Watson,TN,R,upper,11,1.083,0.2293,2022,matched,,,0.2293,
ocd-person/c8a26be8-8de1-434b-864a-21697f8f15d4,Bob Freeman,TN,D,lower,56,-0.623,0.6558,2022,matched,,,0.6558,
ocd-person/841e5585-a49a-4754-95d4-682d974b4ff4,Bobby Harshbarger,TN,R,upper,4,,,,unmatched,,,,
ocd-person/d3f48e28-4ee5-4027-9670-0d617ca6048e,Brent Taylor,TN,R,upper,31,0.799,0.3003,2022,matched,,,0.3003,
ocd-person/de8e2d6f-efd8-45f5-b261-5963db78b909,Brock Martin,TN,R,lower,79,1.125,0.2188,2022,matched,,,0.2188,
ocd-person/a9676141-e809-4554-9d0c-283916c36f63,Bryan Terry,TN,R,lower,48,1.136,0.216,2022,matched,,,0.216,
ocd-person/1e3046c6-b44b-43dd-9cb2-937f40e97a6a,Bud Hulsey,TN,R,lower,2,0.405,0.3987,2022,matched,,,0.3987,
ocd-person/625050ba-cb23-4c09-b62b-818e544d987d,Caleb Hemmer,TN,D,lower,59,-0.629,0.6573,2022,matched,,,0.6573,
ocd-person/421c9380-99f4-47ff-9d70-5c5eced05a89,Cameron Sexton,TN,R,lower,25,1.172,0.207,2022,matched,,,0.207,
ocd-person/0ce3dbf9-c880-480b-a623-7d9da870bb01,Charlane Oliver,TN,D,upper,19,-0.639,0.6598,2022,matched,,,0.6598,
ocd-person/7c874269-afdd-4d41-a9da-b0ddb903bb6f,Charlie Baum,TN,R,lower,37,1.126,0.2185,2022,matched,,,0.2185,
ocd-person/35764262-91cb-4a03-a2ee-5c87a0f5026e,Chris Hurt,TN,R,lower,82,0.759,0.3103,2022,matched,,,0.3103,
ocd-person/5854880e-f10d-4c24-9593-4ae567fec8d7,Chris Todd,TN,R,lower,73,1.17,0.2075,2022,matched,,,0.2075,
ocd-person/7fa67dd6-999c-4116-a136-32633710f6b0,Clark Boyd,TN,R,lower,46,1.17,0.2075,2022,matched,,,0.2075,
ocd-person/bdfd00ac-13a8-4208-b687-e46e980d79de,Clay Doggett,TN,R,lower,70,1.238,0.1905,2022,matched,,,0.1905,
ocd-person/311de632-eabb-46da-b547-5fbd73b97769,Dan Howell,TN,R,lower,22,1.118,0.2205,2022,matched,,,0.2205,
ocd-person/4d4a531e-1122-4155-a4e3-9c7069aaebc7,Dave Wright,TN,R,lower,19,1.12,0.22,2022,matched,,,0.22,
ocd-person/646c2358-84c6-46bf-aca7-555283f31744,David Hawk,TN,R,lower,5,1.137,0.2157,2022,matched,,,0.2157,
ocd-person/80bf42b1-4942-4187-af19-94e830333ce2,Dawn White,TN,R,upper,13,1.211,0.1972,2022,matched,,,0.1972,
ocd-person/d07683be-bda8-4af9-be0b-9bf3c1e441e7,Debra Moody,TN,R,lower,81,1.126,0.2185,2022,matched,,,0.2185,
ocd-person/67643e56-9e53-437b-999d-987f8b0692c1,Dennis Powers,TN,R,lower,36,1.149,0.2127,2022,matched,,,0.2127,
ocd-person/57b51b23-1a38-47dd-bd4f-49954df01971,Doc Kumar,TN,R,lower,66,1.112,0.222,2022,matched,,,0.222,
ocd-person/a94ac42a-6b1e-4ecf-acd4-32c2e463e059,Ed Butler,TN,R,lower,41,1.292,0.177,2022,matched,,,0.177,
ocd-person/93024b02-926b-4414-8826-147b14739a2b,Ed Jackson,TN,R,upper,25,1.184,0.204,2022,matched,,,0.204,
ocd-person/4c4c679e-fb3d-4ad2-bdfe-f7c077f2d82a,Elaine Davis,TN,R,lower,18,1.139,0.2152,2022,matched,,,0.2152,
ocd-person/f0cdd239-6095-49bc-9d82-e8ebd7c10254,Esther Helton-Haynes,TN,R,lower,30,,,,unmatched,,,,
ocd-person/f539ae98-f5d7-4290-9835-f64a1ab0a8c7,Ferrell Haile,TN,R,upper,18,1.166,0.2085,2022,matched,,,0.2085,
ocd-person/a9c952eb-ff76-4d8c-9dbd-820b8909622e,Fred Atchley,TN,R,lower,12,,,,unmatched,,,,
ocd-person/740ad1ee-4445-41ef-b6b9-1d31185b4916,G.A. Hardaway,TN,D,lower,93,-0.53,0.6325,2022,matched,,,0.6325,
ocd-person/15ba8ea2-6fd3-47e2-8a3c-98e87712b367,Gabby Salinas,TN,D,lower,96,-0.84,0.71,2020,matched,,,0.71,
ocd-person/2c60cce4-42aa-44e7-85fe-ab30d8e38979,Gary Hicks,TN,R,lower,9,1.145,0.2137,2022,matched,,,0.2137,
ocd-person/7e3d4405-71b3-44f8-8e51-9d329ce10838,Gino Bulso,TN,R,lower,61,1.115,0.2213,2022,matched,,,0.2213,
ocd-person/4dbbf89b-69ab-459f-97ee-c53866e81296,Gloria Johnson,TN,D,lower,90,-1.018,0.7545,2022,matched,,,0.7545,
ocd-person/3fb15ce3-c606-4e25-bc6f-1c374bb52cf6,Greg Martin,TN,R,lower,26,1.314,0.1715,2022,matched,,,0.1715,
ocd-person/1035ecfa-8b33-472b-8aa9-2c6286c7fb59,Greg Vital,TN,R,lower,29,1.148,0.213,2022,matched,,,0.213,
ocd-person/2b7b0735-2adf-4d15-8dab-e32cf871d1d9,Harold Love,TN,D,lower,58,-0.509,0.6272,2022,matched,,,0.6272,
ocd-person/b4356789-3561-4110-ad59-00c7cf36e0fd,Heidi Campbell,TN,D,upper,20,-0.791,0.6977,2022,matched,,,0.6977,
ocd-person/96432d4d-ecdf-4fa0-8a20-e8a5636fb7dd,Iris Rudder,TN,R,lower,39,1.223,0.1942,2022,matched,,,0.1942,
ocd-person/83e732c5-55af-4d56-b3ed-9ff358ed641e,Jack Johnson,TN,R,upper,27,1.101,0.2248,2022,matched,,,0.2248,
ocd-person/f954892c-82e4-48ff-ae0c-c7e10c251335,Jake McCalmon,TN,R,lower,63,1.484,0.129,2022,matched,,,0.129,
ocd-person/f48dc5f3-1c31-4654-a6be-1b9d20ecb3b2,Janice Bowling,TN,R,upper,16,1.318,0.1705,2022,matched,,,0.1705,
ocd-person/7a2b1f85-6a85-41af-8b81-44d585e0041a,Jason Powell,TN,D,lower,53,-0.567,0.6418,2022,matched,,,0.6418,
ocd-person/984fd95f-0554-4b7b-aa3e-b72af6ae1aee,Jason Zachary,TN,R,lower,14,1.403,0.1492,2022,matched,,,0.1492,
ocd-person/380a255b-fef0-4cd9-9f33-3d5b5d163c68,Jay Reedy,TN,R,lower,74,1.176,0.206,2022,matched,,,0.206,
ocd-person/eda112b7-c5bc-4d24-95b8-3651090e1da4,Jeff Yarbro,TN,D,upper,21,-0.397,0.5993,2022,matched,,,0.5993,
ocd-person/c01a4deb-373d-48a9-b4a2-19125c6e1fe2,Jeremy Faison,TN,R,lower,11,1.143,0.2142,2022,matched,,,0.2142,
ocd-person/27331b48-e198-4de9-ac44-e30509c8c26b,Jerome Moon,TN,R,lower,8,1.107,0.2233,2022,matched,,,0.2233,
ocd-person/108691a2-9f24-41c5-b4c8-606c7cdf036b,Jesse Chism,TN,D,lower,85,-0.511,0.6278,2022,matched,,,0.6278,
ocd-person/b37537b4-ac38-4d83-ba16-025fcb7f0dc6,Jessie Seal,TN,R,upper,8,,,,unmatched,,,,
ocd-person/2689e641-85b8-4753-bd0f-28e2cdfc1568,Jody Barrett,TN,R,lower,69,0.918,0.2705,2022,matched,,,0.2705,
ocd-person/7a3177a1-118c-48ce-bbb8-17ebb1240e00,Joe Towns,TN,D,lower,84,-0.266,0.5665,2022,matched,,,0.5665,
ocd-person/fccb09fc-b331-4bba-8b84-fbd4ab3e3227,Joey Hensley,TN,R,upper,28,1.163,0.2092,2022,matched,,,0.2092,
ocd-person/87464fca-8690-4e1e-a7aa-499008a9c0b1,John Clemmons,TN,D,lower,55,-0.486,0.6215,2022,matched,,,0.6215,
ocd-person/d1ead0ef-cc7a-48b3-9fec-0afc8b9d013d,John Crawford,TN,R,lower,1,1.147,0.2132,2022,matched,,,0.2132,
ocd-person/927edca0-8b67-40c6-b786-4cbfac5b344f,John Gillespie,TN,R,lower,97,1.062,0.2345,2022,matched,,,0.2345,
ocd-person/cb6c477c-ceb7-41af-ab96-b03debc1b7e3,John Stevens,TN,R,upper,24,1.056,0.236,2022,matched,,,0.236,
ocd-person/8aeb3cc6-b0ca-4af6-ae9d-06aca0c6ae14,Johnny Garrett,TN,R,lower,45,,,,unmatched,,,,
ocd-person/36e97a50-c2e3-42a4-8f2d-97b4f176ddb1,Johnny Shaw,TN,D,lower,80,-0.239,0.5597,2022,matched,,,0.5597,
ocd-person/8a5fa491-f871-4b57-962e-8db9adf2c8c3,Jonathan Skrmetti,TN,R,executive,,,,,unmatched,,,,
ocd-person/7d04ddd1-fbe5-452e-a649-1ca3aac0e0a3,Justin Jones,TN,D,lower,52,-0.697,0.6743,2022,matched,,,0.6743,
ocd-person/34114218-f0eb-4864-8f4a-156c4cc71cdb,Justin Lafferty,TN,R,lower,89,1.137,0.2157,2022,matched,,,0.2157,
ocd-person/df116f27-98bd-497d-a5bc-9f1d7ddff506,Justin Pearson,TN,D,lower,86,,,,unmatched,,,,
ocd-person/807f5a72-fe61-460c-86a3-c65a6b9eaca1,Karen Camper,TN,D,lower,87,-0.193,0.5483,2022,matched,,,0.5483,
ocd-person/51baddf9-a3d9-47c6-81e5-00b6608c6767,Kelly Keisling,TN,R,lower,38,1.144,0.214,2022,matched,,,0.214,
ocd-person/908edc68-a862-455c-a609-7619977252d1,Ken Yager,TN,R,upper,12,1.039,0.2403,2022,matched,,,0.2403,
ocd-person/872517bf-9780-44e2-9532-87dfd816ec4c,Kerry Roberts,TN,R,upper,23,1.158,0.2105,2022,matched,,,0.2105,
ocd-person/96936d32-69d1-4956-a3e7-12833239e2bb,Kevin Raper,TN,R,lower,24,1.178,0.2055,2022,matched,,,0.2055,
ocd-person/6246e527-70a9-4591-bb46-6354c6e11107,Kevin Vaughan,TN,R,lower,95,1.11,0.2225,2018,matched,,,0.2225,
ocd-person/1ea53db6-5fee-4603-9f8e-fd63694b45fa,Kip Capley,TN,R,lower,71,1.356,0.161,2022,matched,,,0.161,
ocd-person/65b1d39e-414c-46c2-9aca-8cea5b6cba8b,Kirk Haston,TN,R,lower,72,1.134,0.2165,2022,matched,,,0.2165,
ocd-person/3e7acb18-4b9e-45d5-9787-dbce0f1959d8,Larry Miller,TN,D,lower,88,-0.17,0.5425,2022,matched,,,0.5425,
ocd-person/f7006293-9fb3-4053-bd79-d77f84c6e59a,Lee Reeves,TN,R,lower,65,,,,unmatched,,,,
ocd-person/44fda210-d5be-4785-ae5e-0072b4111a67,London Lamar,TN,D,upper,33,-0.7,0.675,2022,matched,,,0.675,
ocd-person/df1bd786-8e1a-4c9d-bd7a-bf8250213dc3,Lowell Russell,TN,R,lower,21,1.1,0.225,2022,matched,,,0.225,
ocd-person/a8461189-9673-4d76-a01d-fa7dddc33a28,Mark Cochran,TN,R,lower,23,1.205,0.1987,2022,matched,,,0.1987,
ocd-person/47dee87e-231d-4c39-b0a2-6905a85ddbf8,Mark Pody,TN,R,upper,17,0.854,0.2865,2022,matched,,,0.2865,
ocd-person/8765a8d9-17ac-4a88-90e3-ef1f7d1b4e61,Mark White,TN,R,lower,83,1.098,0.2255,2022,matched,,,0.2255,
ocd-person/ec8815da-568a-436a-88ed-1e9da240fe80,Mary Littleton,TN,R,lower,78,1.189,0.2027,2022,matched,,,0.2027,
ocd-person/7bad87b9-12ec-4e74-a3ec-945bc78c5f5f,Michael Hale,TN,R,lower,40,0.148,0.463,2022,matched,,,0.463,
ocd-person/4ac298c0-370f-4b1d-b41c-29d3ec4f6f09,Michael Lankford,TN,R,lower,75,,,,unmatched,,,,
ocd-person/6e3a4ce2-b37c-4bd0-8def-100aba672a50,Michele Carringer,TN,R,lower,16,1.111,0.2223,2022,matched,,,0.2223,
ocd-person/435383cc-dc4b-40cb-a55f-d554dcd9d6b7,Michele Reneau,TN,R,lower,27,,,,unmatched,,,,
ocd-person/092dd5d6-fb25-494c-ad16-78f0034df92f,Mike Sparks,TN,R,lower,49,1.229,0.1927,2022,matched,,,0.1927,
ocd-person/eb738f26-e0b1-4c51-af77-024bfed96183,Monty Fritts,TN,R,lower,32,1.58,0.105,2022,matched,,,0.105,
ocd-person/88788ad3-d3e0-4846-9bd7-bc7b7f0b9759,Page Walley,TN,R,upper,26,1.104,0.224,2022,matched,,,0.224,
ocd-person/2670b6b7-f648-454d-a70e-bd84792d304d,Pat Marsh,TN,R,lower,62,1.177,0.2057,2022,matched,,,0.2057,
ocd-person/8e49fca4-e0d8-4273-adab-265632163d86,Paul Bailey,TN,R,upper,15,1.126,0.2185,2022,matched,,,0.2185,
ocd-person/1793564f-19a5-4ac9-91c3-7cbb47843c2b,Paul Rose,TN,R,upper,32,0.882,0.2795,2022,matched,,,0.2795,
ocd-person/3c4af105-7b55-4c00-af88-af574ea05493,Paul Sherrell,TN,R,lower,43,1.116,0.221,2022,matched,,,0.221,
ocd-person/e00c236d-6153-4618-96f8-12e6a1d639aa,Randy McNally,TN,R,upper,5,1.135,0.2162,2022,matched,,,0.2162,
ocd-person/9c949092-7bff-4859-bea7-46d9c37ed513,Raumesh Akbari,TN,D,upper,29,-0.555,0.6388,2022,matched,,,0.6388,
ocd-person/22be6e69-17be-43cf-aba3-bf06d4c7b54c,Renea Jones,TN,R,lower,4,-0.697,0.6743,2022,matched,,,0.6743,
ocd-person/9d744074-d7ae-4004-8912-bae320633c46,Richard Briggs,TN,R,upper,7,1.146,0.2135,2022,matched,,,0.2135,
ocd-person/c79fb980-4ee3-40ce-9737-62e369c61fe0,Rick Eldridge,TN,R,lower,10,1.206,0.1985,2022,matched,,,0.1985,
ocd-person/e38dc213-a42e-43ec-8924-236dc2d9ef35,Rick Scarbrough,TN,R,lower,33,,,,unmatched,,,,
ocd-person/c8be1020-e805-46a9-a8b0-79e206b57540,Robert Stevens,TN,R,lower,13,1.28,0.18,2022,matched,,,0.18,
ocd-person/e7a2a416-0d33-4d78-8ee5-cf79628df4bd,Ron Gant,TN,R,lower,94,1.163,0.2092,2022,matched,,,0.2092,
ocd-person/7429d345-6ad7-421c-936b-3ef9755c6d1f,Ron Travis,TN,R,lower,31,1.16,0.21,2022,matched,,,0.21,
ocd-person/12e6200c-0859-4582-9f55-31dd55eb3b0e,Ronnie Glynn,TN,D,lower,67,-0.82,0.705,2022,matched,,,0.705,
ocd-person/271c14e0-433b-42ce-91c5-c01ad5ccfc41,Rush Bricken,TN,R,lower,47,1.112,0.222,2022,matched,,,0.222,
ocd-person/b8b305e5-ff02-4f8d-8ef1-61a4a7ecf54a,Rusty Crowe,TN,R,upper,3,1.168,0.208,2022,matched,,,0.208,
ocd-person/d00c0511-6872-4f2a-9d48-cf8d2a60e199,Rusty Grills,TN,R,lower,77,1.115,0.2213,2022,matched,,,0.2213,
ocd-person/df3f9935-b7e2-4f76-a461-115487c57721,Ryan Williams,TN,R,lower,42,1.172,0.207,2022,matched,,,0.207,
ocd-person/810d9aeb-b666-4acc-b098-deaf265df277,Sam McKenzie,TN,D,lower,15,-0.065,0.5162,2022,matched,,,0.5162,
ocd-person/f1eb839c-83c6-471f-865e-1d87344fb58c,Sara Kyle,TN,D,upper,30,-0.576,0.644,2022,matched,,,0.644,
ocd-person/da306a9e-f227-4cf4-bfd8-c7d6cb4c7eac,Scott Cepicky,TN,R,lower,64,1.16,0.21,2022,matched,,,0.21,
ocd-person/fa4bd8d0-c567-4434-a24a-6d0bf9759f0b,Shane Reeves,TN,R,upper,14,1.192,0.202,2022,matched,,,0.202,
ocd-person/93b13ac4-5a82-40fb-b646-2fe7c07f8ac1,Shaundelle Brooks,TN,D,lower,60,1.113,0.2218,2018,matched,,,0.2218,
ocd-person/37dddeca-88ef-4254-b6f2-b2ddd6526665,Steve Southerland,TN,R,upper,9,1.15,0.2125,2022,matched,,,0.2125,
ocd-person/b593203d-3346-4a33-8a97-94cc9614d5c5,Susan Lynn,TN,R,lower,57,1.169,0.2077,2022,matched,,,0.2077,
ocd-person/5cec9957-0b24-47d0-94b6-6f41e8f259bc,Tandy Darby,TN,R,lower,76,0.92,0.27,2022,matched,,,0.27,
ocd-person/d3ad0df9-8812-46b9-8fb3-6433036a1a9f,Tim Hicks,TN,R,lower,6,1.241,0.1897,2022,matched,,,0.1897,
ocd-person/78c1a569-dcc0-446c-a995-f871964df056,Tim Rudd,TN,R,lower,34,1.154,0.2115,2022,matched,,,0.2115,
ocd-person/206d00d3-65a9-4922-82d8-48f09a411863,Timothy Hill,TN,R,lower,3,1.183,0.2042,2020,matched,,,0.2042,
ocd-person/d5d2e89a-5467-4f69-a77d-70caaa351086,Todd Gardenhire,TN,R,upper,10,0.829,0.2928,2022,matched,,,0.2928,
ocd-person/a7947036-fe6d-4ace-8e6e-78445dc4e19f,Todd Warner,TN,R,lower,92,0.379,0.4052,2022,matched,,,0.4052,
ocd-person/6567e0e2-9ecf-4129-b838-e3618b4cf786,Tom Hatcher,TN,R,upper,2,,,,unmatched,,,,
ocd-person/37db89c5-6814-450a-8259-5e6d1a046e4f,Tom Leatherwood,TN,R,lower,99,0.975,0.2562,2022,matched,,,0.2562,
ocd-person/ed22e9c7-ddb2-4772-b664-04d4e31cce5b,Tommy Stinnett,TN,R,lower,20,,,,unmatched,,,,
ocd-person/8036dedc-9be1-4935-9a37-df3f95033110,Torrey Harris,TN,D,lower,91,-0.83,0.7075,2022,matched,,,0.7075,
ocd-person/ee804d8a-2f07-4271-83a7-0179f4c3445c,Vincent Dixie,TN,D,lower,54,-0.752,0.688,2022,matched,,,0.688,
ocd-person/5026d19f-d4ec-47b2-b106-f318a45e8585,William Lamberth,TN,R,lower,44,1.194,0.2015,2022,matched,,,0.2015,
ocd-person/33aa517f-98cc-4c9a-8bae-5b41542555fa,William Slater,TN,R,lower,35,1.363,0.1593,2022,matched,,,0.1593,
ocd-person/73d17744-fdda-495d-b5a8-c44342fc5b38,Yusuf Hakeem,TN,D,lower,28,-0.733,0.6833,2022,matched,,,0.6833,
ocd-person/dd3e49ca-2b2b-4a83-ae63-0ade6ccef73f,A.J. Louderback,TX,R,lower,30,,,,unmatched,,,,
ocd-person/7f748f58-e6f2-4c86-ad01-52c7ca3435ca,Adam Hinojosa,TX,R,upper,27,1.297,0.1758,2022,matched,,,0.1758,
ocd-person/c55d85ff-7172-42d4-9c8f-da2f258dc19b,Aicha Davis,TX,D,lower,109,-0.237,0.5593,2022,matched,,,0.5593,
ocd-person/1493b76f-b77d-48db-9ecd-26d0e2dfc843,Alan Schoolcraft,TX,R,lower,44,,,,unmatched,,,,
ocd-person/2fd6fcd3-9676-42a4-b879-e317576ff18f,Alma Allen,TX,D,lower,131,-0.456,0.614,2022,matched,,,0.614,
ocd-person/4f98520b-d88b-4053-acc5-3cb2fff14660,Ana Hernandez,TX,D,lower,143,-0.343,0.5857,2022,matched,,,0.5857,
ocd-person/7f893a20-0547-4ad9-9a94-1084a9ef6469,Ana-Maria Rodriguez Ramos,TX,D,lower,102,-0.878,0.7195,2022,matched,,,0.7195,
ocd-person/ee8cc382-84b7-47e3-824f-e05cf6455161,Andy Hopper,TX,R,lower,64,1.203,0.1992,2022,matched,,,0.1992,
ocd-person/895887ba-73cd-4321-827d-bb06d4eedfdf,Angela Paxton,TX,R,upper,8,1.276,0.181,2022,matched,,,0.181,
ocd-person/aa0d12c3-c318-4c97-a0d4-c63795ec50d9,Angelia Orr,TX,R,lower,13,1.09,0.2275,2022,matched,,,0.2275,
ocd-person/2a9478ef-b573-4de6-ab96-bb3f6091346f,Angie Button,TX,R,lower,112,1.051,0.2373,2022,matched,,,0.2373,
ocd-person/45f3ddfb-5994-4f05-b2c8-e0e3b2a99c47,Ann Johnson,TX,D,lower,134,-0.891,0.7228,2022,matched,,,0.7228,
ocd-person/3caafbc8-6561-4bf8-8247-aaf398573ba8,Armando Walle,TX,D,lower,140,-0.558,0.6395,2022,matched,,,0.6395,
ocd-person/9c37e80d-af10-4433-a78a-408b2b798fb6,Barbara Gervin-Hawkins,TX,D,lower,120,,,,unmatched,,,,
ocd-person/ba43365e-63dc-4bdc-aadc-e3939aa7465b,Ben Bumgarner,TX,R,lower,63,1.117,0.2208,2022,matched,,,0.2208,
ocd-person/013d69b7-a958-490c-a4a2-7224a30efa08,Bob Hall,TX,R,upper,2,1.335,0.1663,2022,matched,,,0.1663,
ocd-person/51591894-e9ff-48d3-81c5-897ec1c5e600,Bobby Guerra,TX,D,lower,41,-0.388,0.597,2022,matched,,,0.597,
ocd-person/3475b324-1c9b-4513-90e6-063aba5ac04e,Borris Miles,TX,D,upper,13,-0.454,0.6135,2022,matched,,,0.6135,
ocd-person/e3533cbc-f3ab-46bc-a591-c68657f82527,Brad Buckley,TX,R,lower,54,1.205,0.1987,2022,matched,,,0.1987,
ocd-person/c15c9bf3-f28a-4c01-9a10-383bc7a05cb9,Brent Hagenbuch,TX,R,upper,30,,,,unmatched,,,,
ocd-person/469f1932-49dc-4a46-8341-b2cd9bc0f96d,Brent Money,TX,R,lower,2,,,,unmatched,,,,
ocd-person/44a23037-5ccd-4781-9e93-c4b950f74355,Brian Birdwell,TX,R,upper,22,1.189,0.2027,2022,matched,,,0.2027,
ocd-person/b1bf46ac-e99e-49f6-8f40-cf07aca12187,Brian Harrison,TX,R,lower,10,1.331,0.1673,2022,matched,,,0.1673,
ocd-person/065c24a0-401a-4dc5-a19c-e7d96dcbffc5,Briscoe Cain,TX,R,lower,128,1.309,0.1728,2022,matched,,,0.1728,
ocd-person/83030f8b-5f1f-4475-b564-a07ae42f6d98,Brooks Landgraf,TX,R,lower,81,1.192,0.202,2022,matched,,,0.202,
ocd-person/8326538c-c907-43b2-a6db-76434036afd7,Bryan Hughes,TX,R,upper,1,1.091,0.2273,2022,matched,,,0.2273,
ocd-person/f4976334-0e0e-4474-b5b4-3264e8d73f1d,Candy Noble,TX,R,lower,89,1.334,0.1665,2022,matched,,,0.1665,
ocd-person/8f7f161e-6ef4-4c12-8eea-de88a313b36c,Carl Tepper,TX,R,lower,84,1.52,0.12,2022,matched,,,0.12,
ocd-person/e78373de-6d96-44db-b552-6da34ed992fc,Carol Alvarado,TX,D,upper,6,-0.187,0.5467,2022,matched,,,0.5467,
ocd-person/5c40c2b0-07c1-4c73-b15b-14d0ef6df40e,Caroline Fairly,TX,R,lower,87,,,,unmatched,,,,
ocd-person/72920206-cbe7-4429-b42b-c6fc746a1d56,Caroline Harris Davila,TX,R,lower,52,,,,unmatched,,,,
ocd-person/64221b86-e3ca-4b67-b2bb-3f4f9641e133,Carrie Isaac,TX,R,lower,73,1.266,0.1835,2022,matched,,,0.1835,
ocd-person/f331962f-370b-4b74-876e-aa6a8e2e58e2,Cas Garcia Hernandez,TX,D,lower,115,-0.771,0.6927,2022,matched,,,0.6927,
ocd-person/33f871c9-15a6-4094-9181-ff822cd9eca4,Cecil Bell,TX,R,lower,3,1.08,0.23,2022,matched,,,0.23,
ocd-person/e6ccd3a9-8f52-46d4-af8d-d0301a8e3a05,Charlene Ward Johnson,TX,D,lower,139,1.336,0.166,2020,matched,,,0.166,
ocd-person/41f4a5e2-a2d5-4e54-aae3-9c99f9ea5eba,Charles Cunningham,TX,R,lower,127,1.099,0.2253,2022,matched,,,0.2253,
ocd-person/6522ba2d-f263-455a-9470-cec0aa03033b,Charles Perry,TX,R,upper,28,1.162,0.2095,2022,matched,,,0.2095,
ocd-person/d7d0bd69-2615-4d0c-84df-4cdb75809343,Charles Schwertner,TX,R,upper,5,1.093,0.2268,2022,matched,,,0.2268,
ocd-person/65a42043-6243-4f79-b1e0-69b3b8b4af29,Charlie Geren,TX,R,lower,99,0.971,0.2572,2022,matched,,,0.2572,
ocd-person/a5e2021c-8221-41ba-b45c-cc89d13b2af2,Chris Turner,TX,D,lower,101,-0.407,0.6018,2022,matched,,,0.6018,
ocd-person/26090510-8782-4d64-b981-3d1cde573090,Christian Manuel,TX,D,lower,22,,,,unmatched,,,,
ocd-person/791e4399-56bb-4d4c-8561-71f0979fb999,Christina Morales,TX,D,lower,145,-0.651,0.6627,2022,matched,,,0.6627,
ocd-person/72766791-084c-4a20-a12c-6e809b51e95c,Chuy Hinojosa,TX,D,upper,20,0.309,0.4228,2022,matched,,,0.4228,
ocd-person/6feda596-fd20-429b-ae4e-bedab7e5a1c5,Claudia Ordaz,TX,D,lower,79,,,,unmatched,,,,
ocd-person/baafecd4-6f74-4a97-b564-691c1e938291,Cody Harris,TX,R,lower,8,1.075,0.2313,2022,matched,,,0.2313,
ocd-person/3194ee5e-f4d8-4449-8ff6-ec47c0822a3d,Cody Vasut,TX,R,lower,25,1.082,0.2295,2022,matched,,,0.2295,
ocd-person/43bbf34a-6bc4-41f9-9bdc-3e944c5b8495,Cole Hefner,TX,R,lower,5,1.153,0.2117,2020,matched,,,0.2117,
ocd-person/3e0f0e51-20c0-4da4-82b5-ff81606148d0,César Blanco,TX,D,upper,29,-0.403,0.6008,2022,matched,,,0.6008,
ocd-person/7952d7d7-0fe5-4712-9967-6cb9bcedff05,Dade Phelan,TX,R,lower,21,1.147,0.2132,2022,matched,,,0.2132,
ocd-person/22c1bff3-e936-4398-8d7c-95233e85b5c5,Dan Patrick,TX,R,executive,,,,,unmatched,,,,
ocd-person/f602a657-8951-4dcb-9bd8-c04bcce4ba56,Daniel Alders,TX,R,lower,6,,,,unmatched,,,,
ocd-person/2d5f629c-76a7-455b-aff7-262d8c1c23f6,David Cook,TX,R,lower,96,1.354,0.1615,2022,matched,,,0.1615,
ocd-person/15ce6502-645c-4031-994d-b228e1c69bb4,David Lowe,TX,R,lower,91,1.426,0.1435,2022,matched,,,0.1435,
ocd-person/36338558-c2b0-4b43-b656-261dccbee871,David Spiller,TX,R,lower,68,1.077,0.2308,2022,matched,,,0.2308,
ocd-person/42c40e86-b355-4724-8582-995125377240,Denise Villalobos,TX,R,lower,34,,,,unmatched,,,,
ocd-person/e05f502a-0d27-4c51-8cad-d3b5eca585b1,Dennis Paul,TX,R,lower,129,1.064,0.234,2022,matched,,,0.234,
ocd-person/7847295c-78f3-4f8c-adb6-3536fca2782e,Diego Bernal,TX,D,lower,123,-0.584,0.646,2022,matched,,,0.646,
ocd-person/0941f4bf-2ac8-48d0-8675-191514e06850,Don McLaughlin,TX,R,lower,80,-0.71,0.6775,2018,matched,,,0.6775,
ocd-person/9f80cd7f-1067-4322-8777-62bc129cd6f2,Donna Campbell,TX,R,upper,25,1.399,0.1502,2022,matched,,,0.1502,
ocd-person/349071fd-3c36-43c6-aaca-6d7f9d04322d,Donna Howard,TX,D,lower,48,-0.529,0.6322,2022,matched,,,0.6322,
ocd-person/40f0e868-e021-4453-8675-a9d2357e41e1,Drew Darby,TX,R,lower,72,0.931,0.2672,2022,matched,,,0.2672,
ocd-person/fff5eb4f-2c41-4d00-a1c5-e566a15b063e,Dustin Burrows,TX,R,lower,83,1.117,0.2208,2022,matched,,,0.2208,
ocd-person/c84056d0-47e0-4a0c-94e1-9f90c2d90a15,Eddie Morales,TX,D,lower,74,-0.651,0.6627,2022,matched,,,0.6627,
ocd-person/34590156-1109-4ab6-84bc-bbe07764f365,Ellen Troxclair,TX,R,lower,19,1.218,0.1955,2022,matched,,,0.1955,
ocd-person/2cadcb59-210a-4a71-af9f-7dba9ab06112,Erin Gámez,TX,D,lower,38,,,,unmatched,,,,
ocd-person/b55d57f4-bd06-4487-8860-0b6eeb9a1dea,Erin Zwiener,TX,D,lower,45,-1.118,0.7795,2022,matched,,,0.7795,
ocd-person/5ff88048-ebd8-4ac3-af9c-d02e1305ef37,Gary Gates,TX,R,lower,28,1.213,0.1967,2022,matched,,,0.1967,
ocd-person/26617394-4276-4aa7-878c-d20552b260a4,Gary VanDeaver,TX,R,lower,1,1.036,0.241,2022,matched,,,0.241,
ocd-person/5556a81a-eca2-451d-bb29-74cfb00d1959,Gene Wu,TX,D,lower,137,-0.603,0.6507,2022,matched,,,0.6507,
ocd-person/1f9ed42e-27de-4cd1-b2bf-f890ee33cb49,Gina Hinojosa,TX,D,lower,49,-0.836,0.709,2020,matched,,,0.709,
ocd-person/40ecf6ee-92a4-4daf-b950-ac70b6cdfeee,Giovanni Capriglione,TX,R,lower,98,1.204,0.199,2022,matched,,,0.199,
ocd-person/d73f10ee-69f2-4ca8-ac00-405c453a62d7,Greg Abbott,TX,R,executive,,,,,unmatched,,,,
ocd-person/d0fbfb15-2f0c-4167-b8b4-d6135bbb6616,Greg Bonnen,TX,R,lower,24,1.071,0.2323,2022,matched,,,0.2323,
ocd-person/85d064ed-6f3d-4a81-93ee-1baf49c7f2c3,Harold Dutton,TX,D,lower,142,-0.037,0.5092,2022,matched,,,0.5092,
ocd-person/92b45572-c15c-4270-8356-6c3db1846c7b,Helen Kerwin,TX,R,lower,58,,,,unmatched,,,,
ocd-person/ef5a2ea8-61b0-484c-bbe1-b52c5ad2f075,Hillary Hickland,TX,R,lower,55,,,,unmatched,,,,
ocd-person/5c2743d2-fe0e-41d6-969d-de830d5787f8,Hubert Vo,TX,D,lower,149,-0.559,0.6398,2022,matched,,,0.6398,
ocd-person/a43f2db5-4b24-4dfa-af7f-a2c7cbc5ea21,J.M. Lozano,TX,R,lower,43,0.376,0.406,2022,matched,,,0.406,
ocd-person/6cbb02e6-5876-47a1-86aa-98566fe0073a,James Frank,TX,R,lower,69,1.177,0.2057,2022,matched,,,0.2057,
ocd-person/5e4e2fd2-e8a9-46f3-aab5-ffbc782afa8b,James Talarico,TX,D,lower,50,-0.846,0.7115,2022,matched,,,0.7115,
ocd-person/ff63d52e-ec3f-4749-9b96-8e8323cd655f,Jane Nelson,TX,R,executive,,,,,unmatched,,,,
ocd-person/a732704e-9b03-449c-b24f-f4c567b5acdd,Janie Lopez,TX,R,lower,37,1.113,0.2218,2022,matched,,,0.2218,
ocd-person/0deb3053-0d5d-46b4-93d2-8eb9de0c4ffd,Janis Holt,TX,R,lower,18,1.558,0.1105,2022,matched,,,0.1105,
ocd-person/e926ca11-64dd-4e15-97bd-1f7b0915de36,Jared Patterson,TX,R,lower,106,1.265,0.1838,2022,matched,,,0.1838,
ocd-person/37886d81-901f-43b4-841b-f3ffbfeeb257,Jay Dean,TX,R,lower,7,1.132,0.217,2022,matched,,,0.217,
ocd-person/988efb07-ace2-4419-ac40-ccec69ebe875,Jeff Barry,TX,R,lower,29,,,,unmatched,,,,
ocd-person/40a678a3-7d85-486e-bf38-5d070142aa83,Jeff Leach,TX,R,lower,67,1.154,0.2115,2022,matched,,,0.2115,
ocd-person/8eeb1aad-24b6-487b-bbc0-31c2238b1ccd,Jessica González,TX,D,lower,104,,,,unmatched,,,,
ocd-person/45cd43ff-77b3-467c-aa61-890ebee8ece5,Jo Jones,TX,D,lower,147,-0.644,0.661,2022,matched,,,0.661,
ocd-person/1997b231-45f7-4f29-a435-9f52e60ebea4,Joan Huffman,TX,R,upper,17,1.084,0.229,2022,matched,,,0.229,
ocd-person/b39cf891-a259-422c-945a-94b65430ea0a,Joanne Shofner,TX,R,lower,11,,,,unmatched,,,,
ocd-person/5898294d-5b10-4aaf-a084-b8522e69623c,Joe Moody,TX,D,lower,78,-0.496,0.624,2022,matched,,,0.624,
ocd-person/4e07d8dc-f5b5-47e7-a1de-83f36d3b734f,John Bryant,TX,D,lower,114,-0.525,0.6312,2022,matched,,,0.6312,
ocd-person/53b19d1e-5b07-4f6e-87a9-27baecddaf70,John Bucy,TX,D,lower,136,-1.031,0.7577,2022,matched,,,0.7577,
ocd-person/fbd66d9f-2a93-4cbf-b75d-b51cb01e955e,John Lujan,TX,R,lower,118,1.194,0.2015,2022,matched,,,0.2015,
ocd-person/f926d7a8-7ec7-4020-9e18-5a475565fd41,John McQueeney,TX,R,lower,97,,,,unmatched,,,,
ocd-person/3cac81cd-62ca-41d6-aa4a-8e4156244dec,John Smithee,TX,R,lower,86,1.102,0.2245,2022,matched,,,0.2245,
ocd-person/ab211984-06a9-447c-9ded-564d200bee60,Jon Rosenthal,TX,D,lower,135,-0.873,0.7183,2022,matched,,,0.7183,
ocd-person/1ec50565-379f-4a8b-ab18-c54d31df9929,Josey Garcia,TX,D,lower,124,1.029,0.2428,2022,matched,,,0.2428,
ocd-person/8bb90ee9-e764-44da-b27f-b5bc3cdb394e,José Menéndez,TX,D,upper,26,,,,unmatched,,,,
ocd-person/c7aad3b7-ca16-4989-bf68-87ed72498a6b,Judith Zaffirini,TX,D,upper,21,0.297,0.4258,2020,matched,,,0.4258,
ocd-person/1205faf4-7ced-4d21-aa8c-aad9239e3157,Katrina Pierson,TX,R,lower,33,,,,unmatched,,,,
ocd-person/fe47f6d5-2db3-495b-8da6-5cd12e0dc677,Keith Bell,TX,R,lower,4,1.1,0.225,2022,matched,,,0.225,
ocd-person/d9f32e07-7835-4edf-b986-7a2cf16d608b,Ken King,TX,R,lower,88,1.03,0.2425,2022,matched,,,0.2425,
ocd-person/1c1b6320-5ed6-4739-9f53-389b724b0305,Ken Paxton,TX,R,executive,,,,,unmatched,,,,
ocd-person/2b79c268-eaf3-4915-a0e0-faec03b652d8,Keresa Richardson,TX,R,lower,61,,,,unmatched,,,,
ocd-person/aa6deb86-b21b-4ed2-ad67-bd6217238afc,Kevin Sparks,TX,R,upper,31,1.293,0.1768,2022,matched,,,0.1768,
ocd-person/2609ba13-abf1-40b5-9f4c-a4c1135e56e2,Lacey Hull,TX,R,lower,138,1.409,0.1477,2022,matched,,,0.1477,
ocd-person/9dc31ea5-fd89-4909-a9bf-d732ea02282a,Lauren Simmons,TX,D,lower,146,-1.21,0.8025,2022,matched,,,0.8025,
ocd-person/5d3626bb-c865-4c92-a717-a72036c6ce5a,Linda Garcia,TX,D,lower,107,1.029,0.2428,2022,matched,,,0.2428,
ocd-person/b91e1420-1732-4063-9f3d-edcc5e71d416,Liz Campos,TX,D,lower,119,-0.643,0.6607,2022,matched,,,0.6607,
ocd-person/28eb71be-bce7-4b32-908d-289ecc265c3c,Lois Kolkhorst,TX,R,upper,18,1.023,0.2443,2022,matched,,,0.2443,
ocd-person/ab3ddc65-0fb9-476b-993f-b3dc4050127e,Lulu Flores,TX,D,lower,51,1.241,0.1897,2022,matched,,,0.1897,
ocd-person/e2d786e9-5e46-4807-be42-546203016996,Mando Martinez,TX,D,lower,39,-0.345,0.5862,2022,matched,,,0.5862,
ocd-person/a61b0fd1-9fdf-4b4c-abe6-b790cc856023,Mano DeAyala,TX,R,lower,133,1.1,0.225,2022,matched,,,0.225,
ocd-person/d34eead2-bd19-49ce-8131-6d314d58e6a1,Marc LaHood,TX,R,lower,121,0.055,0.4863,2018,matched,,,0.4863,
ocd-person/2c0a4352-9871-4122-97fd-832ec998e907,Mark Dorazio,TX,R,lower,122,1.182,0.2045,2022,matched,,,0.2045,
ocd-person/26244d6a-f0d5-4dbe-b9ed-a38df74a7bac,Mary Ann Perez,TX,D,lower,144,-0.62,0.655,2022,matched,,,0.655,
ocd-person/93379bbe-5fb3-400f-853a-d0b3553e7772,Mary González,TX,D,lower,75,,,,unmatched,,,,
ocd-person/07951419-b5d5-430b-a3e6-678e1d4aec21,Matt Morgan,TX,R,lower,26,0.353,0.4118,2022,matched,,,0.4118,
ocd-person/71555c46-28b0-4887-98a1-997dc7482e75,Matt Shaheen,TX,R,lower,66,1.241,0.1897,2022,matched,,,0.1897,
ocd-person/1399b6ba-cbfa-45ca-bf91-6ba89fe777bf,Mayes Middleton,TX,R,upper,11,,,,unmatched,,,,
ocd-person/b69579f7-74de-4a71-86ba-033264cc5bc7,Mihaela Pleșa,TX,D,lower,70,,,,unmatched,,,,
ocd-person/4b70019b-d7c1-4414-bcb1-7bf917081ed5,Mike Olcott,TX,R,lower,60,1.265,0.1838,2022,matched,,,0.1838,
ocd-person/df010291-7350-4262-9220-4c576730b2db,Mike Schofield,TX,R,lower,132,1.18,0.205,2022,matched,,,0.205,
ocd-person/96dfe856-d5b0-4f7a-86f6-06c2175a4d4a,Mitch Little,TX,R,lower,65,,,,unmatched,,,,
ocd-person/06aed58e-f403-43a5-b4b9-8785a4acf981,Molly Cook,TX,D,upper,15,-0.824,0.706,2022,matched,,,0.706,
ocd-person/2639e096-d327-4c4d-823f-759b1ce373e0,Morgan Meyer,TX,R,lower,108,1.126,0.2185,2022,matched,,,0.2185,
ocd-person/c6308fcd-b1e1-4ce3-9a29-c05e420e8012,Nate Schatzline,TX,R,lower,93,1.69,0.0775,2022,matched,,,0.0775,
ocd-person/dee454b1-6da0-4b1b-a232-033e7de8551f,Nathan Johnson,TX,D,upper,16,-0.733,0.6833,2022,matched,,,0.6833,
ocd-person/ea169f77-0bd8-4ca0-ac59-f894c9a09e71,Nicole Collier,TX,D,lower,95,-0.593,0.6482,2022,matched,,,0.6482,
ocd-person/896e8f9c-7dca-4f7d-8554-c0324cfa7265,Oscar Longoria,TX,D,lower,35,-0.108,0.527,2022,matched,,,0.527,
ocd-person/0e79cc57-2894-432e-9aca-505a41d4de2c,Pat Curry,TX,R,lower,56,,,,unmatched,,,,
ocd-person/a9f861bf-1a13-4d3b-816a-69589e9b25e7,Paul Bettencourt,TX,R,upper,7,1.091,0.2273,2022,matched,,,0.2273,
ocd-person/89b43853-82e0-434c-9946-4fd9057e1842,Paul Dyson,TX,R,lower,14,,,,unmatched,,,,
ocd-person/51a281ff-2983-4b4b-baf4-63ee17812835,Penny Morales Shaw,TX,D,lower,148,-0.918,0.7295,2022,matched,,,0.7295,
ocd-person/682e8ef8-8fc1-4490-a04d-63a7c6d92185,Pete Flores,TX,R,upper,24,1.187,0.2032,2022,matched,,,0.2032,
ocd-person/98bef50a-73c7-4139-9b8e-628d0e89d659,Phil King,TX,R,upper,10,1.102,0.2245,2022,matched,,,0.2245,
ocd-person/12d67093-ab4c-425d-afa3-e5777db09d1c,Philip Cortez,TX,D,lower,117,-0.375,0.5938,2022,matched,,,0.5938,
ocd-person/f72eb41b-2ff9-434f-96cf-75b9724289ab,Rafael Anchía,TX,D,lower,103,,,,unmatched,,,,
ocd-person/c0fc4283-3ed5-4165-a066-80de16f492b7,Ramon Romero,TX,D,lower,90,-0.007,0.5018,2022,matched,,,0.5018,
ocd-person/01ce2f6b-0500-4baa-a47f-386f9c6286b0,Ray Lopez,TX,D,lower,125,-0.266,0.5665,2022,matched,,,0.5665,
ocd-person/69ef7d69-9a5e-42be-b463-8873cb52ad10,Rhetta Bowers,TX,D,lower,113,-0.845,0.7112,2022,matched,,,0.7112,
ocd-person/f8e0a89e-889a-4fcf-8a0a-1e0e091d89d0,Richard Hayes,TX,R,lower,57,1.305,0.1738,2022,matched,,,0.1738,
ocd-person/d4a94a68-02a7-44c0-901f-9cd57350229a,Richard Raymond,TX,D,lower,42,-0.122,0.5305,2022,matched,,,0.5305,
ocd-person/26b83cfe-10c0-4ac6-ae02-dac30e2856b1,Robert Nichols,TX,R,upper,3,1.015,0.2463,2022,matched,,,0.2463,
ocd-person/68767ec3-151c-413f-aeb8-f35dd6c5f35c,Roland Gutierrez,TX,D,upper,19,-0.896,0.724,2022,matched,,,0.724,
ocd-person/72bad853-b403-49c2-9a99-32c5fb3222c7,Ron Reynolds,TX,D,lower,27,-0.483,0.6208,2022,matched,,,0.6208,
ocd-person/d6f40682-7b90-4735-980c-7c95ef402a78,Royce West,TX,D,upper,23,-0.361,0.5902,2022,matched,,,0.5902,
ocd-person/f0ede995-2253-4f7b-a922-6da34e4de194,Ryan Guillen,TX,R,lower,31,0.468,0.383,2022,matched,,,0.383,
ocd-person/4fb2e1fd-fbb3-4a55-8417-761da2f6048e,Salman Bhojani,TX,D,lower,92,-0.784,0.696,2022,matched,,,0.696,
ocd-person/2db06a9d-ae17-4881-98b4-5172fdfca19f,Sam Harless,TX,R,lower,126,1.186,0.2035,2022,matched,,,0.2035,
ocd-person/20cda9bf-a1e6-4427-8115-e5655ddd8eb0,Sarah Eckhardt,TX,D,upper,14,-0.687,0.6718,2022,matched,,,0.6718,
ocd-person/ace50d18-fc98-4460-9d90-928c0e88c79a,Senfronia Thompson,TX,D,lower,141,-0.249,0.5623,2022,matched,,,0.5623,
ocd-person/b7c4e0e7-4949-4dff-bc4c-fdaaada3f37d,Sergio Muñoz,TX,D,lower,36,,,,unmatched,,,,
ocd-person/ddebb940-33f9-4b5c-a8fa-e22c63a594e9,Shelby Slawson,TX,R,lower,59,1.132,0.217,2022,matched,,,0.217,
ocd-person/89e814c4-6091-4156-b3b5-42a7980f8b4d,Shelley Luther,TX,R,lower,62,1.251,0.1873,2022,matched,,,0.1873,
ocd-person/97805dd7-1f42-482c-bac3-049dfccda311,Sheryl Cole,TX,D,lower,46,-0.474,0.6185,2022,matched,,,0.6185,
ocd-person/97fc1e34-35fb-470f-a098-4ba8f0c3c8d4,Stan Gerdes,TX,R,lower,17,1.206,0.1985,2022,matched,,,0.1985,
ocd-person/2662f888-95e0-4de3-be5b-3d023623c447,Stan Kitzman,TX,R,lower,85,1.141,0.2147,2022,matched,,,0.2147,
ocd-person/a4e4115b-d488-4e93-8354-80e361c0c260,Stan Lambert,TX,R,lower,71,1.248,0.188,2022,matched,,,0.188,
ocd-person/6c80914d-b07b-4d27-95e2-0e5aa2b0c7d9,Steve Toth,TX,R,lower,15,1.603,0.0993,2022,matched,,,0.0993,
ocd-person/51927936-c6fc-453b-8afd-5f0b53de7d46,Suleman Lalani,TX,D,lower,76,-0.691,0.6727,2022,matched,,,0.6727,
ocd-person/fa4817bf-6dc6-4deb-9965-cf3f208ec976,Tan Parker,TX,R,upper,12,1.18,0.205,2022,matched,,,0.205,
ocd-person/9647d335-a650-4aa7-b11f-973c4e86b5a6,Taylor Rehmet,TX,D,upper,9,,,,unmatched,,,,
ocd-person/cee6cb7a-8d88-4c34-be27-dd10d1f31768,Terri Leo-Wilson,TX,R,lower,23,,,,unmatched,,,,
ocd-person/3e4ae7d4-dbb2-4991-8b44-8ada6023d7da,Terry Canales,TX,D,lower,40,-0.084,0.521,2022,matched,,,0.521,
ocd-person/bdecc388-4028-48e2-b211-75c59c1c5ec2,Terry Meza,TX,D,lower,105,-1.088,0.772,2022,matched,,,0.772,
ocd-person/ec19bc97-3146-4100-8294-329b88aec0e8,Terry Wilson,TX,R,lower,20,1.13,0.2175,2022,matched,,,0.2175,
ocd-person/9447575b-d8a1-45dd-bd68-77b12fe347ab,Todd Hunter,TX,R,lower,32,0.818,0.2955,2022,matched,,,0.2955,
ocd-person/d4d5c127-1ef6-445d-a89b-d9f02c812365,Tom Craddick,TX,R,lower,82,1.082,0.2295,2022,matched,,,0.2295,
ocd-person/79ffab1c-4d79-4cfa-89b4-5f7ee95ca1bf,Tom Oliverson,TX,R,lower,130,0.892,0.277,2022,matched,,,0.277,
ocd-person/0acfbb85-b501-45ce-9a9b-90537090a455,Toni Rose,TX,D,lower,110,-0.575,0.6438,2022,matched,,,0.6438,
ocd-person/1ca78d00-1ede-4486-b14e-16bd81ba73e4,Tony Tinderholt,TX,R,lower,94,1.284,0.179,2022,matched,,,0.179,
ocd-person/68f05872-16c8-4d3a-ab5f-ea667ca52b27,Trent Ashby,TX,R,lower,9,0.919,0.2702,2022,matched,,,0.2702,
ocd-person/07f5e898-8d5d-435a-bf97-7bfb26fce5ac,Trey Martinez Fischer,TX,D,lower,116,,,,unmatched,,,,
ocd-person/afd236d4-4266-4777-8d3d-be7616a7e43f,Trey Wharton,TX,R,lower,12,,,,unmatched,,,,
ocd-person/7298c6a9-c6be-41cd-a2ba-0cc79c851373,Valoree Swanson,TX,R,lower,150,1.183,0.2042,2022,matched,,,0.2042,
ocd-person/6b2d7f89-d7e0-44d1-b861-3167915f6925,Venton Jones,TX,D,lower,100,-0.7,0.675,2022,matched,,,0.675,
ocd-person/25157308-7474-4600-8b83-173d79e16a21,Vikki Goodwin,TX,D,lower,47,-0.983,0.7458,2022,matched,,,0.7458,
ocd-person/5236ee6e-a57c-4d81-90b4-50a9abde8e5e,Vince Perez,TX,D,lower,77,-0.62,0.655,2022,matched,,,0.655,
ocd-person/436ab2a5-12ca-4a9c-b8ec-73b1bae4ee68,Wes Virdell,TX,R,lower,53,1.834,0.0415,2022,matched,,,0.0415,
ocd-person/e7a379ec-9de2-48a2-918b-5ba58e1fd3f3,Will Metcalf,TX,R,lower,16,1.065,0.2338,2022,matched,,,0.2338,
ocd-person/3f38bf62-86ba-4833-9737-2e084ae6255d,Yvonne Davis,TX,D,lower,111,-0.237,0.5593,2022,matched,,,0.5593,
ocd-person/eac36970-1c63-4b4c-81b1-3a39536bd69d,Andrew Stoddard,UT,D,lower,40,-0.78,0.695,2022,matched,,,0.695,
ocd-person/d987aff4-abcf-4f2a-826d-b5741d065d44,Angela Romero,UT,D,lower,25,-0.702,0.6755,2022,matched,,,0.6755,
ocd-person/6b86542a-9b8a-418f-a275-6c261cdd86d2,Ann Millner,UT,R,upper,5,0.941,0.2648,2022,matched,,,0.2648,
ocd-person/7c0df02d-1ef0-4fa9-b708-ccafff35649e,Anthony Loubet,UT,R,lower,27,1.472,0.132,2022,matched,,,0.132,
ocd-person/6d3d4043-1ec3-454c-a517-4036722c50ee,Ariel Defay,UT,R,lower,15,,,,unmatched,,,,
ocd-person/8a770a9d-d24e-4468-9194-fa2ff1f422e3,Ashlee Matthews,UT,D,lower,37,-0.776,0.694,2022,matched,,,0.694,
ocd-person/b8751ce0-ba9b-44a0-8658-9cc9dc5f4c2c,Brady Brammer,UT,R,upper,21,,,,unmatched,,,,
ocd-person/3e388e2d-1b4a-49dc-9aa5-38353166e08f,Bridger Bolinder,UT,R,lower,29,1.896,0.026,2022,matched,,,0.026,
ocd-person/036ab735-ad82-450e-a5ca-098b1436cb90,Cal Musselman,UT,R,upper,4,,,,unmatched,,,,
ocd-person/8e452a53-e405-49f9-9031-77d8a9f63bd3,Cal Roberts,UT,R,lower,46,1.214,0.1965,2020,matched,,,0.1965,
ocd-person/b4977f98-8a0d-4e4b-a43f-b8ee80adba2b,Candice Pierucci,UT,R,lower,49,1.266,0.1835,2022,matched,,,0.1835,
ocd-person/8967df77-dc79-46e0-873c-b79f9cf73e1f,Carl Albrecht,UT,R,lower,70,1.217,0.1957,2022,matched,,,0.1957,
ocd-person/8d06fd93-cc42-47e3-a00c-2229718b7226,Carol Moss,UT,D,lower,34,-0.686,0.6715,2022,matched,,,0.6715,
ocd-person/5d8ada2a-75c6-4aa6-b359-29720794fb7e,Casey Snider,UT,R,lower,5,1.034,0.2415,2022,matched,,,0.2415,
ocd-person/54fcc31c-a3e5-47ea-a044-d1223c6bce65,Cheryl Acton,UT,R,lower,38,1.353,0.1618,2022,matched,,,0.1618,
ocd-person/3acc854e-2a4d-43ff-9cfb-63d527bb8186,Chris Wilson,UT,R,upper,2,1.112,0.222,2022,matched,,,0.222,
ocd-person/052622aa-50ab-47c7-84b8-175d144a9d59,Christine Watkins,UT,R,lower,67,-0.55,0.6375,2022,matched,,,0.6375,
ocd-person/12581dac-c07b-40a8-b309-3c9ea167f913,Clint Okerlund,UT,R,lower,42,,,,unmatched,,,,
ocd-person/2fb1aaec-83c2-41f3-b98a-8a8a34e7301e,Colin Jack,UT,R,lower,73,1.32,0.17,2022,matched,,,0.17,
ocd-person/8487aadf-5bd8-46b1-97a3-2db855c534a0,Cory Maloy,UT,R,lower,52,1.323,0.1693,2022,matched,,,0.1693,
ocd-person/6540aa74-9456-4b29-9b56-cadd31104db2,Dan McCay,UT,R,upper,18,1.164,0.209,2022,matched,,,0.209,
ocd-person/e26d3225-27da-440d-ac85-cad08bdb5ade,Dave Shallenberger,UT,R,lower,58,1.546,0.1135,2020,matched,,,0.1135,
ocd-person/78b7c95c-45a7-40cb-a82c-681db75f9529,David Hinkins,UT,R,upper,26,0.637,0.3407,2022,matched,,,0.3407,
ocd-person/8bae8ef6-d21e-4eba-94e4-2aad97023cbc,Deidre M. Henderson,UT,R,executive,,,,,unmatched,,,,
ocd-person/34430fff-d52e-4218-a99b-3d2764578bc9,Derek E Brown,UT,R,executive,,,,,unmatched,,,,
ocd-person/ef1c9af3-b4f9-4eeb-b63d-a22f01c84262,Derrin Owens,UT,R,upper,27,1.209,0.1977,2022,matched,,,0.1977,
ocd-person/cbfab19e-80f2-4edc-ae55-08f9e03a6d2f,Don Ipson,UT,R,upper,29,1.157,0.2107,2022,matched,,,0.2107,
ocd-person/ea11beb4-7128-4549-9174-fa7b40cacca8,Doug Fiefia,UT,R,lower,48,,,,unmatched,,,,
ocd-person/b60609f0-e6df-42fc-bbca-9b67a2ed7254,Doug Owens,UT,D,lower,33,-0.789,0.6973,2022,matched,,,0.6973,
ocd-person/725abf07-1cca-47a5-a5a7-223d763f5da0,Doug Welton,UT,R,lower,65,1.244,0.189,2022,matched,,,0.189,
ocd-person/f5149921-03c9-4420-bb21-9b54c19e0c65,Emily Buss,UT,I,upper,11,,,,unmatched,,,,
ocd-person/3ee27d8b-c865-4d86-b33e-9cfb34c3bac4,Evan Vickers,UT,R,upper,28,1.174,0.2065,2022,matched,,,0.2065,
ocd-person/82be86b6-0047-471e-8983-a061e5cc91e2,Grant Miller,UT,D,lower,24,-0.783,0.6957,2022,matched,,,0.6957,
ocd-person/650616ca-3c57-4995-a514-37644fe1fa8f,Heidi Balderree,UT,R,upper,22,,,,unmatched,,,,
ocd-person/efcd1f01-061f-4b35-9202-407576e22e77,Hoang Nguyen,UT,D,lower,23,,,,unmatched,,,,
ocd-person/e68bfc15-5c1f-4903-ac1f-eb8ca44a816a,Jake Fitisemanu,UT,D,lower,30,,,,unmatched,,,,
ocd-person/dd923550-9fd3-4476-9a43-219a199c8057,Jake Sawyer,UT,R,lower,9,,,,unmatched,,,,
ocd-person/cb6f79ec-b7b4-418e-950e-f5f066489929,Jason Kyle,UT,R,lower,8,1.561,0.1098,2022,matched,,,0.1098,
ocd-person/d7b06a16-ad92-4d55-af46-93a1f13253e7,Jason Thompson,UT,R,lower,3,,,,unmatched,,,,
ocd-person/1773d5d5-4967-4af5-9880-3106ace372d7,Jeff Burton,UT,R,lower,64,1.312,0.172,2022,matched,,,0.172,
ocd-person/b32f9174-73af-4db3-877b-1c368bd4e62e,Jen Dailey-Provost,UT,D,lower,22,,,,unmatched,,,,
ocd-person/bd870ade-5b3f-4ed3-9e6f-6bbab93a7d35,Jen Plumb,UT,D,upper,9,-0.655,0.6638,2022,matched,,,0.6638,
ocd-person/3a04e48f-6d8c-47aa-b0aa-0e14994cd961,Jerry Stevenson,UT,R,upper,6,1.147,0.2132,2022,matched,,,0.2132,
ocd-person/598a8b34-ab05-4438-b927-77b20437035d,Jill Koford,UT,R,lower,10,1.445,0.1387,2022,matched,,,0.1387,
ocd-person/89b3cebe-884b-4798-b063-794d359ea891,Jim Dunnigan,UT,R,lower,36,0.321,0.4198,2022,matched,,,0.4198,
ocd-person/b5f1d356-e619-413b-8b9a-fec2d3d48362,John Arthur,UT,D,lower,41,,,,unmatched,,,,
ocd-person/0c8df9e4-cb46-4dc1-ab5b-6d181efd58e0,John Johnson,UT,R,upper,3,1.409,0.1477,2022,matched,,,0.1477,
ocd-person/e214e4ef-2df9-41a2-9113-98715f5a791c,Jon Hawkins,UT,R,lower,55,1.104,0.224,2022,matched,,,0.224,
ocd-person/4fb12ece-15d9-4fd2-9b0a-e96a0dbdd2ad,Jordan Teuscher,UT,R,lower,44,1.399,0.1502,2022,matched,,,0.1502,
ocd-person/0d22b3d0-94f2-4f88-95e9-b830480f4be8,Joseph Elison,UT,R,lower,72,1.599,0.1003,2022,matched,,,0.1003,
ocd-person/3ceb7500-0ea7-46ef-9a75-d00d378b86b7,Karen Kwan,UT,D,upper,12,,,,unmatched,,,,
ocd-person/3c2d4efe-dd4e-48cf-a83b-2a15791706a3,Karen Peterson,UT,R,lower,13,1.201,0.1997,2022,matched,,,0.1997,
ocd-person/59eb30b5-da7b-4161-85b3-8b48c01f4c2b,Karianne Lisonbee,UT,R,lower,14,1.23,0.1925,2022,matched,,,0.1925,
ocd-person/67c6161b-0222-4702-85ce-7409bc5bc86a,Kathleen Riebe,UT,D,upper,15,-0.692,0.673,2022,matched,,,0.673,
ocd-person/37301850-0f06-4bbd-ba85-faa7c4d39906,Katy Hall,UT,R,lower,11,1.42,0.145,2022,matched,,,0.145,
ocd-person/aee56bc8-022b-4351-81c0-9b5050846a8b,Kay Christofferson,UT,R,lower,53,1.135,0.2162,2022,matched,,,0.2162,
ocd-person/7634ce2b-d172-4852-919c-7089eaa38db8,Keith Grover,UT,R,upper,23,1.192,0.202,2022,matched,,,0.202,
ocd-person/c76bd4cf-9149-46e8-a001-e2c81c5942d5,Ken Ivory,UT,R,lower,39,1.164,0.209,2022,matched,,,0.209,
ocd-person/a919fa9b-f3f7-480f-b578-4a49bb4b572e,Keven Stratton,UT,R,upper,24,,,,unmatched,,,,
ocd-person/c421a26f-c1c1-4398-be94-d77d312ea3fe,Kirk Cullimore,UT,R,upper,19,1.188,0.203,2022,matched,,,0.203,
ocd-person/d428d2ed-8644-459a-b374-7535561a1482,Kristen Chevrier,UT,R,lower,54,,,,unmatched,,,,
ocd-person/72df7728-0455-4b7b-9432-745f4365d99e,Leah Hansen,UT,R,lower,51,-1.206,0.8015,2022,matched,,,0.8015,
ocd-person/74f25c67-1e6f-48f1-b3e3-49bbdf85539a,Lincoln Fillmore,UT,R,upper,17,1.09,0.2275,2022,matched,,,0.2275,
ocd-person/cc269dc8-cef7-4e8d-a3fc-0d658d1dcfcc,Lisa Shepherd,UT,R,lower,61,,,,unmatched,,,,
ocd-person/afd0bd15-a816-44ae-b28e-cecf50dda45b,Logan Monson,UT,R,lower,69,,,,unmatched,,,,
ocd-person/6983c74c-3687-4e48-b462-38a80caeb260,Luz Escamilla,UT,D,upper,10,-0.817,0.7043,2022,matched,,,0.7043,
ocd-person/5d383c2b-0450-48db-92bf-e20977953cd8,Mark Strong,UT,R,lower,47,1.255,0.1863,2022,matched,,,0.1863,
ocd-person/ad88a882-c27b-4ceb-8476-b7a3d2a9dd19,Matt MacPherson,UT,R,lower,26,1.398,0.1505,2020,matched,,,0.1505,
ocd-person/861428f5-6456-4c94-b1ed-838b01a7d845,Melissa Ballard,UT,R,lower,20,1.043,0.2393,2022,matched,,,0.2393,
ocd-person/656dec4e-3c95-43b1-9059-f2259300f88b,Mike Kohler,UT,R,lower,59,1.482,0.1295,2022,matched,,,0.1295,
ocd-person/8ffe791d-6a74-412b-a435-ee04045e0ad0,Mike McKell,UT,R,upper,25,1.139,0.2152,2022,matched,,,0.2152,
ocd-person/e9792114-e077-4663-96c4-94d679c66ace,Mike Petersen,UT,R,lower,2,1.581,0.1048,2022,matched,,,0.1048,
ocd-person/d1046a0c-ddd3-4fed-be41-13da161d6231,Mike Schultz,UT,R,lower,12,1.114,0.2215,2022,matched,,,0.2215,
ocd-person/c9f2ef36-ee69-4e91-9da9-6c9311334912,Nate Blouin,UT,D,upper,13,-0.82,0.705,2022,matched,,,0.705,
ocd-person/5b90793c-f90a-4b0e-b9e6-78943bfaab1c,Neil Walter,UT,R,lower,74,1.427,0.1432,2022,matched,,,0.1432,
ocd-person/00670b53-62f7-4c0f-b229-eb1fad6dbbbc,Nelson Abbott,UT,R,lower,57,1.021,0.2448,2022,matched,,,0.2448,
ocd-person/08c69398-e218-46a2-a843-9f1bfe088caa,Nicholeen Peck,UT,R,lower,28,-1.417,0.8542,2018,matched,,,0.8542,
ocd-person/8e36fabe-9e2a-4ccd-b29a-1395d6318560,Norm Thurston,UT,R,lower,62,1.111,0.2223,2022,matched,,,0.2223,
ocd-person/d8c2c3ff-83a7-45f7-88bb-fb01b8cd624e,Paul Cutler,UT,R,lower,18,1.164,0.209,2022,matched,,,0.209,
ocd-person/dbd3789a-5040-4015-9474-ac27b4a32010,Ray Ward,UT,R,lower,19,0.928,0.268,2022,matched,,,0.268,
ocd-person/66ec0903-117f-4006-8e05-e7326330fc63,Rex Shipp,UT,R,lower,71,1.223,0.1942,2022,matched,,,0.1942,
ocd-person/5079192a-3d15-4a00-b0c7-2cf29d320035,Ron Winterton,UT,R,upper,20,1.327,0.1683,2022,matched,,,0.1683,
ocd-person/6944b102-0d94-4267-916f-59fbd6f2bb18,Rosalba Dominguez,UT,D,lower,35,,,,unmatched,,,,
ocd-person/9657724b-ade7-467e-b77d-b77fb98891c5,Ryan Wilcox,UT,R,lower,7,0.978,0.2555,2022,matched,,,0.2555,
ocd-person/b0a5ca40-5e04-495c-80e0-2c5d3608273d,Sahara Hayes,UT,D,lower,32,-1.202,0.8005,2022,matched,,,0.8005,
ocd-person/8c8d32a7-32ed-4ef1-a03d-9661ca98fc5a,Sandra Hollins,UT,D,lower,21,-0.706,0.6765,2022,matched,,,0.6765,
ocd-person/d7a3c337-4395-4e23-9e11-74cb55744f14,Scott Chew,UT,R,lower,68,1.22,0.195,2022,matched,,,0.195,
ocd-person/d1a1c031-9dce-4727-a298-ec92cb34fe40,Scott Sandall,UT,R,upper,1,1.138,0.2155,2022,matched,,,0.2155,
ocd-person/236ec233-4d24-4514-82a5-05a028c1de14,Stephanie Gricius,UT,R,lower,50,1.483,0.1292,2022,matched,,,0.1292,
ocd-person/edf0f18c-4b89-4d34-a2eb-6ce79accdaa7,Stephanie Pitcher,UT,D,upper,14,-0.739,0.6847,2022,matched,,,0.6847,
ocd-person/451ecbcb-42a9-467b-98c7-e0b3e5bd32d3,Stephen Whyte,UT,R,lower,63,1.031,0.2423,2022,matched,,,0.2423,
ocd-person/06d334f0-dd19-4a8e-b1c9-5f1ae1d90e26,Steve Eliason,UT,R,lower,43,1.115,0.2213,2022,matched,,,0.2213,
ocd-person/b5285658-1e71-48a2-8641-a2bc75957b24,Stewart Barlow,UT,R,lower,17,1.091,0.2273,2022,matched,,,0.2273,
ocd-person/5b47c889-e555-4d3c-9b30-97d52ee02960,Stuart Adams,UT,R,upper,7,1.161,0.2097,2022,matched,,,0.2097,
ocd-person/85745a94-5b45-4ac2-a258-1a1f48dc33db,Tiara Auxier,UT,R,lower,4,,,,unmatched,,,,
ocd-person/6d49f384-ea91-41f2-b703-229a0a7452d9,Todd Weiler,UT,R,upper,8,1.087,0.2283,2022,matched,,,0.2283,
ocd-person/faa88790-ac92-4a09-b00e-7049cc8521b6,Tom Peterson,UT,R,lower,1,1.134,0.2165,2022,matched,,,0.2165,
ocd-person/1460f74d-e7af-44a6-8e24-5c3fe8013251,Tracy Miller,UT,R,lower,45,-0.783,0.6957,2022,matched,,,0.6957,
ocd-person/3187c9ea-c509-45f3-9eb4-a8ba2d8fd7d9,Trevor Lee,UT,R,lower,16,1.538,0.1155,2022,matched,,,0.1155,
ocd-person/7e80bacf-6b3d-4f33-b854-06dab80a29bd,Troy Shelley,UT,R,lower,66,,,,unmatched,,,,
ocd-person/8662eb2d-1ff1-4bd2-9a3b-41fa8770cc18,Val Peterson,UT,R,lower,56,1.134,0.2165,2022,matched,,,0.2165,
ocd-person/ba4559e4-0f36-4c48-afb9-3e142b670f86,Verona Mauga,UT,D,lower,31,,,,unmatched,,,,
ocd-person/5cef5a01-f3ea-4c28-aa39-036449806388,Walt Brooks,UT,R,lower,75,1.144,0.214,2022,matched,,,0.214,
ocd-person/c351d354-5397-4f6e-b67d-98c41cea0d2c,Wayne Harper,UT,R,upper,16,1.111,0.2223,2022,matched,,,0.2223,
ocd-person/90da5348-421e-435b-8458-67123462addf,Abbey Duke,VT,D,lower,Chittenden-17,,,,unmatched,,,,
ocd-person/24194dba-4d25-4b8c-be33-8ff50fcd8a8f,Alice Emmons,VT,D,lower,Windsor-3,-0.83,0.7075,2022,matched,,,0.7075,
ocd-person/6c87b7e7-0047-47a6-94b4-9232ac42175f,Alicia Malay,VT,R,lower,Rutland-8,,,,unmatched,,,,
ocd-person/a366bc32-20d8-41a8-a2cf-939650b7a2c2,Alison Clarkson,VT,D,upper,Windsor,-0.668,0.667,2022,matched,,,0.667,
ocd-person/cd4ceb1c-8960-4b10-b6f8-bd0b8ae0c68c,Alyssa Black,VT,D,lower,Chittenden-24,-0.906,0.7265,2022,matched,,,0.7265,
ocd-person/f490d01d-80b7-40ae-9577-572bd1c8567a,Amy Sheldon,VT,D,lower,Addison-1,-0.641,0.6603,2022,matched,,,0.6603,
ocd-person/1463485e-f279-44f6-a368-f75f213dc7cd,Andrew Perchlik,VT,D,upper,Washington,-0.947,0.7368,2022,matched,,,0.7368,
ocd-person/91f08063-02d6-4167-aa23-bbfb2289bbf1,Angela Arsenault,VT,D,lower,Chittenden-2,-0.992,0.748,2022,matched,,,0.748,
ocd-person/c34f492a-7cdf-4830-a28a-0ff2fe7c8f71,Ann Cummings,VT,D,upper,Washington,-0.689,0.6723,2022,matched,,,0.6723,
ocd-person/5321cd58-caae-4d94-8ba0-f1df47d4e75b,Anne Donahue,VT,R,lower,Washington-1,1.383,0.1542,2022,matched,,,0.1542,
ocd-person/70fa5e7e-8ab1-4599-a881-61d12120637c,Anne Watson,VT,D,upper,Washington,-0.992,0.748,2022,matched,,,0.748,
ocd-person/62781794-15d5-4362-82db-d6542a0e2f75,Ashley Bartley,VT,R,lower,Franklin-1,1.226,0.1935,2022,matched,,,0.1935,
ocd-person/26b89cd1-55b7-49ef-b47b-d3b21ed81635,Barbara Rachelson,VT,D,lower,Chittenden-14,-0.856,0.714,2022,matched,,,0.714,
ocd-person/d798a240-afe8-451d-8b56-9d2badd4820c,Becca White,VT,D,upper,Windsor,-0.987,0.7468,2022,matched,,,0.7468,
ocd-person/54f186e0-f30c-410a-bae4-bbd443611e77,Beth Quimby,VT,R,lower,Caledonia-3,,,,unmatched,,,,
ocd-person/c66f104c-310a-40a1-9222-6d366b42e576,Bill Canfield,VT,R,lower,Rutland-10,1.203,0.1992,2020,matched,,,0.1992,
ocd-person/dec4c236-1cd1-465f-969c-0bb4b8a04992,Bob Hooper,VT,D,lower,Chittenden-18,-0.383,0.5958,2020,matched,,,0.5958,
ocd-person/2f1d3491-871e-4eb6-988b-57d3c9ea7a19,Bob Norris,VT,R,upper,Franklin,1.236,0.191,2022,matched,,,0.191,
ocd-person/565d034b-76cd-4303-a045-770d4be05f0a,Bram Kleppner,VT,D,lower,Chittenden-13,,,,unmatched,,,,
ocd-person/7ddd32be-c3f8-4861-9964-89e07127bec8,Brenda Steady,VT,R,lower,Chittenden-25,,,,unmatched,,,,
ocd-person/35504508-c008-4ecd-869f-6d8e33a4ad56,Brian Cina,VT,D,lower,Chittenden-15,-1.042,0.7605,2018,matched,,,0.7605,
ocd-person/d4ead076-6425-4ab7-ad32-b10dce660170,Brian Collamore,VT,R,upper,Rutland,0.943,0.2642,2022,matched,,,0.2642,
ocd-person/d44ada7b-9678-4a17-a66c-aa658b03bf38,Brian Minier,VT,D,lower,Chittenden-11,,,,unmatched,,,,
ocd-person/65f7d469-b06a-41d9-96b6-eb4e14ced390,Bridget Burkhardt,VT,D,lower,Chittenden-8,,,,unmatched,,,,
ocd-person/ec71009f-b56e-4ac5-bc77-4ba172ea59d1,Candice White,VT,D,lower,Washington-2,-0.981,0.7452,2022,matched,,,0.7452,
ocd-person/e9036574-9eac-4f0c-9bd2-1b425e96bb8c,Carol Ode,VT,D,lower,Chittenden-18,-0.657,0.6643,2022,matched,,,0.6643,
ocd-person/b910e00e-ce75-426a-a0cc-29948edfce5d,Carolyn Branagan,VT,R,lower,Franklin-1,1.361,0.1598,2022,matched,,,0.1598,
ocd-person/704de547-43b6-4dfa-bf95-c4137f263e00,Casey Toof,VT,R,lower,Franklin-8,1.334,0.1665,2022,matched,,,0.1665,
ocd-person/5ff8e24a-93df-4bc3-a669-7ea42d42c59b,Charity Clark,VT,D,executive,,,,,unmatched,,,,
ocd-person/8e97e883-e34f-441f-83a2-aa72526fef38,Charlie Kimbell,VT,D,lower,Windsor-5,-0.065,0.5162,2020,matched,,,0.5162,
ocd-person/0f7b93b3-9e96-4e44-8bb4-9c60e4be4b72,Chea Evans,VT,D,lower,Chittenden-5,-0.982,0.7455,2022,matched,,,0.7455,
ocd-person/239a4f3b-c9b4-474b-8e2a-eda545f0ef43,Chloe Tomlinson,VT,D,lower,Chittenden-21,,,,unmatched,,,,
ocd-person/568a47fb-6a5e-4346-800f-ac49018a9099,Chris Keyser,VT,R,lower,Rutland-7,,,,unmatched,,,,
ocd-person/1526326f-c2a8-4103-af27-1805f9a8e32a,Chris Mattos,VT,R,upper,Chittenden North,,,,unmatched,,,,
ocd-person/70fc16c3-0cba-429c-8616-dbcc6b9b7bf7,Chris Morrow,VT,D,lower,Windham-Windsor-Bennington,,,,unmatched,,,,
ocd-person/482c508a-aefd-405c-a252-4d661dced9a4,Chris Pritchard,VT,R,lower,Rutland-Bennington,,,,unmatched,,,,
ocd-person/8a7c0a35-c3bc-4b94-a1c3-c726c8ecaaae,Chris Taylor,VT,R,lower,Chittenden-Franklin,-1.035,0.7588,2022,matched,,,0.7588,
ocd-person/f930a207-e39c-47c9-b82a-d9eca94119c3,Christopher Howland,VT,R,lower,Rutland-4,,,,unmatched,,,,
ocd-person/526f33a9-fcbe-4963-ae6c-abccde1fe4da,Conor Casey,VT,D,lower,Washington-4,-0.962,0.7405,2022,matched,,,0.7405,
ocd-person/c7019f00-84e8-405f-9efe-055112cbb4c4,Daisy Berbeco,VT,D,lower,Chittenden-21,-0.905,0.7263,2022,matched,,,0.7263,
ocd-person/95cd4184-c07f-48a5-993a-e924ad71184f,Dan Noyes,VT,D,lower,Lamoille-2,-0.526,0.6315,2022,matched,,,0.6315,
ocd-person/46a9d6df-bd07-4fa4-b6b9-b91c0fa37f94,Dara Torre,VT,D,lower,Washington-2,-0.979,0.7448,2022,matched,,,0.7448,
ocd-person/31f6e27d-151c-4878-845b-f600ea1742e2,Dave Bosch,VT,R,lower,Rutland-2,,,,unmatched,,,,
ocd-person/f076a53a-1ebd-485d-8d0f-adb7cf0b00be,Dave Weeks,VT,R,upper,Rutland,1.34,0.165,2022,matched,,,0.165,
ocd-person/4d489014-c6ba-41df-9f4f-d8846ee2ebba,Dave Yacovone,VT,D,lower,Lamoille-Washington,-0.857,0.7143,2022,matched,,,0.7143,
ocd-person/500ffe66-07b0-4ebd-9084-d017872daa84,David Durfee,VT,D,lower,Bennington-3,-0.939,0.7348,2022,matched,,,0.7348,
ocd-person/22ae1c1b-d08d-4068-ae58-ea89fecb8a09,Debbie Dolgin,VT,R,lower,Caledonia-Essex,,,,unmatched,,,,
ocd-person/59bc4503-ca5f-413d-ac29-0bf51790dcb8,Debbie Powers,VT,R,lower,Caledonia-1,,,,unmatched,,,,
ocd-person/aff4d081-e7eb-46d9-a62f-3ee78cd568c2,Doug Bishop,VT,D,lower,Chittenden-20,,,,unmatched,,,,
ocd-person/2f46ddc5-1564-4215-b201-cc3c1521f4c4,Edye Graning,VT,D,lower,Chittenden-3,-0.105,0.5262,2022,matched,,,0.5262,
ocd-person/dda44e05-7cb0-49e7-ac32-49963b4aaa7c,Ela Chapin,VT,D,lower,Washington-5,,,,unmatched,,,,
ocd-person/e7232e6f-4a66-45dc-9a4b-ee9d8b763544,Elizabeth Burrows,VT,D,lower,Windsor-1,-0.433,0.6082,2020,matched,,,0.6082,
ocd-person/cb033790-7578-41c3-87b6-c9794b289c77,Emilie Kornheiser,VT,D,lower,Windham-7,-0.985,0.7462,2022,matched,,,0.7462,
ocd-person/0ab172d4-ecc7-46e4-a4f1-ee71429595bd,Emilie Krasnow,VT,D,lower,Chittenden-9,-1.015,0.7537,2022,matched,,,0.7537,
ocd-person/f5c660c9-81e8-4038-9cf2-a7ad838ef980,Emily Carris-Duncan,VT,D,lower,Windham-6,,,,unmatched,,,,
ocd-person/36bd1884-fd78-46b4-9ac3-318ca6358a67,Emily Long,VT,D,lower,Windham-5,,,,unmatched,,,,
ocd-person/ed272e8b-3ef7-47ce-84c9-9163efac3734,Eric Maguire,VT,R,lower,Rutland-5,1.336,0.166,2022,matched,,,0.166,
ocd-person/e334b770-4785-459a-89cd-1e16ef2444ad,Erin Brady,VT,D,lower,Chittenden-2,-0.933,0.7332,2022,matched,,,0.7332,
ocd-person/62b30d56-d938-4882-b763-2c2495ae6fe5,Esme Cole,VT,D,lower,Windsor-6,-0.971,0.7428,2022,matched,,,0.7428,
ocd-person/0aa1e822-d69d-4417-a26e-0ca6935b6b8b,Gayle Pezzo,VT,D,lower,Chittenden-20,,,,unmatched,,,,
ocd-person/39c4dae9-aee7-46f6-858d-e1eece72d79e,Gina Galfetti,VT,R,lower,Washington-Orange,1.013,0.2468,2022,matched,,,0.2468,
ocd-person/91dafbcc-d313-4ef3-a506-0113d4ce1975,Ginny Lyons,VT,D,upper,Chittenden Southeast,-0.731,0.6827,2022,matched,,,0.6827,
ocd-person/c4aa4da8-d01c-485e-8499-03378f12675e,Greg Burtt,VT,R,lower,Caledonia-Washington,,,,unmatched,,,,
ocd-person/a424d253-1d98-4865-a5b7-998d3ffd1bc8,Heather Surprenant,VT,D,lower,Windsor-4,-0.803,0.7007,2020,matched,,,0.7007,
ocd-person/d6336e80-d57f-46df-9c49-9931d8efc0b7,Herb Olson,VT,D,lower,Addison-4,,,,unmatched,,,,
ocd-person/658fc95f-5d9f-4b9d-afa6-1f759f531e09,Ian Goodnow,VT,D,lower,Windham-9,,,,unmatched,,,,
ocd-person/2219c217-1804-40be-8183-ae139cd93f1c,James Gregoire,VT,R,lower,Franklin-6,1.509,0.1228,2022,matched,,,0.1228,
ocd-person/9ce762cd-72a4-4835-876b-71d83b16d44d,Jana Brown,VT,D,lower,Chittenden-1,-1.06,0.765,2022,matched,,,0.765,
ocd-person/fe86164f-d4c6-4ed6-b9f4-db9a7fb70f6a,Jay Hooper,VT,D,lower,Orange-Washington-Addison,-0.383,0.5958,2020,matched,,,0.5958,
ocd-person/5581159f-1776-41de-ab76-72c8fe5167c0,Jed Lipsky,VT,I,lower,Lamoille-1,0.455,0.3862,2022,matched,,,0.3862,
ocd-person/ca098cac-17de-4e6b-ac7c-178d77998970,Jill Krowinski,VT,D,lower,Chittenden-16,-0.853,0.7132,2022,matched,,,0.7132,
ocd-person/6fd23933-f800-459e-a608-bf8690dbf5f9,Jim Casey,VT,R,lower,Addison-Rutland,-0.962,0.7405,2022,matched,,,0.7405,
ocd-person/bd5d142d-90c3-41f6-b8af-7591316951da,Jim Harrison,VT,R,lower,Rutland-11,1.094,0.2265,2022,matched,,,0.2265,
ocd-person/5342eafc-7f58-4ebe-ad1e-0ec4aefe82fe,Jim Masland,VT,D,lower,Windsor-Orange-2,-0.91,0.7275,2022,matched,,,0.7275,
ocd-person/36a9b7c9-0c31-4aff-82da-7d54b3e0721a,Joe Luneau,VT,R,lower,Franklin-3,1.317,0.1708,2022,matched,,,0.1708,
ocd-person/4eba2d1e-5bc7-42e1-bc03-2fdc5f4b4889,Joe Major,VT,D,upper,Windsor,,,,unmatched,,,,
ocd-person/d12670e1-fd0b-4e78-a471-ec5d4ddfafb8,John Bartholomew,VT,D,lower,Windsor-1,-0.921,0.7303,2022,matched,,,0.7303,
ocd-person/b9c3e545-5ef2-4fb2-9128-64a369608dda,John Kascenska,VT,R,lower,Essex-Caledonia,1.292,0.177,2022,matched,,,0.177,
ocd-person/6b0c1c32-609e-4d13-a9c5-699b73bd1470,John O'Brien,VT,D,lower,Windsor-Orange-1,-0.949,0.7372,2018,matched,,,0.7372,
ocd-person/2cb218ea-52a4-4d1f-9732-217940ba260e,John Rodgers,VT,D,executive,,,,,unmatched,,,,
ocd-person/3fc028e6-c73a-4959-8889-63b4e3e50f1c,Jonathan Cooper,VT,D,lower,Bennington-1,,,,unmatched,,,,
ocd-person/54baf00b-c1da-4dc9-95cc-3210c50360e8,Joseph Parsons,VT,R,lower,Orange-Caledonia,1.795,0.0513,2020,matched,,,0.0513,
ocd-person/f668b31d-5c47-4d56-a850-1a1d859c8510,Josh Dobrovich,VT,R,lower,Orange-3,,,,unmatched,,,,
ocd-person/829926f6-054a-45e2-be75-1c1da860f0c4,Jubilee McGill,VT,D,lower,Addison-5,-0.957,0.7392,2022,matched,,,0.7392,
ocd-person/b2d2f2a9-28a3-40c5-a818-9f839adac1fa,Karen Dolan,VT,D,lower,Chittenden-22,-0.697,0.6743,2022,matched,,,0.6743,
ocd-person/f9d0a963-ca4d-4ab2-a761-ad4aa6983055,Kate Lalley,VT,D,lower,Chittenden-6,,,,unmatched,,,,
ocd-person/52b7db57-8a72-4d36-9cfa-5f1a5b69a044,Kate Logan,VT,D,lower,Chittenden-16,-1.025,0.7562,2022,matched,,,0.7562,
ocd-person/2f2db82f-4812-4a06-8dc0-1e03877aabf9,Kate McCann,VT,D,lower,Washington-4,-1.035,0.7588,2022,matched,,,0.7588,
ocd-person/edf5128d-7630-41be-8b16-c183d7cb24e5,Kate Nugent,VT,D,lower,Chittenden-10,0.604,0.349,2022,matched,,,0.349,
ocd-person/8b47b675-97d4-4cdc-a3ae-d44c05594b5c,Kathleen James,VT,D,lower,Bennington-4,-0.808,0.702,2022,matched,,,0.702,
ocd-person/a10e8620-2957-408b-a004-481d6d19a832,Ken Wells,VT,R,lower,Orleans-3,,,,unmatched,,,,
ocd-person/723a6dd0-9f92-4fdf-b506-f6947a3ccfe7,Kenneth Goslant,VT,R,lower,Washington-1,1.253,0.1868,2022,matched,,,0.1868,
ocd-person/06f7e87d-e1f3-4d29-bd2c-11cadb89069e,Kesha Ram Hinsdale,VT,D,upper,Chittenden Southeast,-0.959,0.7398,2022,matched,,,0.7398,
ocd-person/dfe297f7-6d88-48d5-8b81-f2605f791de0,Kevin Christie,VT,D,lower,Windsor-6,,,,unmatched,,,,
ocd-person/c7254a9c-7d0d-499a-adad-25f869fd7406,Kevin Winter,VT,R,lower,Rutland-Windsor,,,,unmatched,,,,
ocd-person/60ea24d4-7a38-4d78-b07d-2fc414be2e4b,Kirk White,VT,D,lower,Windsor-Addison,-0.981,0.7452,2022,matched,,,0.7452,
ocd-person/aa90c35b-88cb-4f97-9d66-70d777f7cae4,Kristi Morris,VT,D,lower,Windsor-3,-0.949,0.7372,2022,matched,,,0.7372,
ocd-person/c5bca102-7637-45de-90fb-183c2c024f43,Larry Hart,VT,R,upper,Orange,,,,unmatched,,,,
ocd-person/b9ffa5dc-833e-4936-9d62-0b653ae44842,Larry Labor,VT,R,lower,Essex-Orleans,1.375,0.1562,2022,matched,,,0.1562,
ocd-person/d6092ff2-3e4d-4c9a-9317-6d243c7bc0e8,Larry Satcowitz,VT,D,lower,Orange-Washington-Addison,-0.944,0.736,2022,matched,,,0.736,
ocd-person/57c62cd8-8701-4af6-9627-b89e735b5632,Laura Sibilia,VT,I,lower,Windham-2,-0.283,0.5707,2022,matched,,,0.5707,
ocd-person/b8a71676-1754-4af0-88e5-c38201cef018,Leanne Harple,VT,D,lower,Orleans-4,,,,unmatched,,,,
ocd-person/5b8b4c48-b09c-4669-a145-c733ae32e293,Leland Morgan,VT,R,lower,Grand Isle-Chittenden,1.58,0.105,2020,matched,,,0.105,
ocd-person/a7ecda71-d1ad-4e61-bc68-16e929cfc11d,Leonora Dodge,VT,D,lower,Chittenden-23,-0.94,0.735,2022,matched,,,0.735,
ocd-person/90a243b6-e5b2-4f16-b19f-612508863535,Leslie Goldman,VT,D,lower,Windham-3,-0.997,0.7492,2022,matched,,,0.7492,
ocd-person/99b59993-b8ed-4046-b343-2958d25a58a4,Lisa Hango,VT,R,lower,Franklin-5,1.384,0.154,2022,matched,,,0.154,
ocd-person/acf44b62-a884-4de2-8deb-055363849c5b,Lori Houghton,VT,D,lower,Chittenden-22,-1.031,0.7577,2022,matched,,,0.7577,
ocd-person/95e547fd-21f0-489d-a558-a8937d6341e5,Lucy Boyden,VT,D,lower,Lamoille-3,-1.239,0.8097,2022,matched,,,0.8097,
ocd-person/d0698c2f-d5fb-475b-abc9-042971d26a5f,Lynn Dickinson,VT,R,lower,Franklin-2,0.901,0.2747,2020,matched,,,0.2747,
ocd-person/1f0c898f-0199-4b66-a432-d81c85ad9528,Marc Mihaly,VT,D,lower,Washington-6,-0.972,0.743,2022,matched,,,0.743,
ocd-person/1f501dde-37ba-49b3-ac83-0c77102ed8c3,Mari Cordes,VT,D,lower,Addison-4,-0.932,0.733,2022,matched,,,0.733,
ocd-person/67ac8d03-20fe-47a8-9997-61467b4a8e30,Mark Higley,VT,R,lower,Orleans-Lamoille,1.347,0.1633,2022,matched,,,0.1633,
ocd-person/73ee356a-069a-4f2c-938d-2bab3d81b49a,Martin LaLonde,VT,D,lower,Chittenden-12,-0.92,0.73,2022,matched,,,0.73,
ocd-person/a1812863-f6a9-4ce2-8131-d701923dd507,Martine Gulick,VT,D,upper,Chittenden Central,-0.513,0.6282,2022,matched,,,0.6282,
ocd-person/730abe31-c817-47fa-bf5b-fe6697996e4c,Marty Feltus,VT,R,lower,Caledonia-3,1.645,0.0887,2020,matched,,,0.0887,
ocd-person/3d835c85-50e3-4a02-8891-baa377f63fa5,Mary Howard,VT,D,lower,Rutland-6,-0.923,0.7308,2022,matched,,,0.7308,
ocd-person/337fe4da-28df-42bf-82b1-e806bb50e8f3,Mary Morrissey,VT,R,lower,Bennington-5,,,,unmatched,,,,
ocd-person/eda9290c-b27b-4b39-bfc2-c760a63506ef,Mary-Katherine Stone,VT,D,lower,Chittenden-14,,,,unmatched,,,,
ocd-person/e3e3144c-e166-4b0f-a7e7-e3e24cd40039,Matt Birong,VT,D,lower,Addison-3,-0.923,0.7308,2022,matched,,,0.7308,
ocd-person/36d8fa28-e00c-4894-96b3-ef2946001d88,Matt Walker,VT,R,lower,Franklin-4,,,,unmatched,,,,
ocd-person/86bf6469-26ea-4367-bda5-b191686ca556,Michael Boutin,VT,R,lower,Washington-3,,,,unmatched,,,,
ocd-person/cffd5316-4723-43a2-bd54-2d41a9e61e16,Michael Marcotte,VT,R,lower,Orleans-Lamoille,0.223,0.4442,2022,matched,,,0.4442,
ocd-person/59b84739-aac0-4d96-bc03-7adbbb7f682e,Michael Nigro,VT,D,lower,Bennington-5,-1.189,0.7973,2022,matched,,,0.7973,
ocd-person/a039bd2d-a206-4976-857e-c6434b26fde1,Michelle Bos-Lun,VT,D,lower,Windham-3,,,,unmatched,,,,
ocd-person/ede0cb44-cafd-43ef-9b1c-3e6efdd759e7,Mike Morgan,VT,R,lower,Grand Isle-Chittenden,1.513,0.1218,2022,matched,,,0.1218,
ocd-person/4258ac6c-c453-4faf-b15c-4cbd8ea91ebd,Mike Mrowicki,VT,D,lower,Windham-4,-0.932,0.733,2022,matched,,,0.733,
ocd-person/1cd9cf7f-581d-4861-ac6f-b3414947419e,Mike Southworth,VT,R,lower,Caledonia-2,,,,unmatched,,,,
ocd-person/682e6ab6-a457-4a67-bf31-5b94ab2b1333,Mike Tagliavia,VT,R,lower,Orange-1,,,,unmatched,,,,
ocd-person/2bf6abc2-667f-494f-896a-812721ee77d3,Mollie Burke,VT,D,lower,Windham-8,-1.01,0.7525,2022,matched,,,0.7525,
ocd-person/64ee14bb-3a28-4062-ba6d-4ec89c25b64c,Monique Priestley,VT,D,lower,Orange-2,-0.978,0.7445,2022,matched,,,0.7445,
ocd-person/4cae5971-93ee-4029-b5ef-4c69574256da,Nader Hashim,VT,D,upper,Windham,-0.994,0.7485,2022,matched,,,0.7485,
ocd-person/44bcd67b-5b5f-4fca-a61a-20f91072c5e7,Patrick Brennan,VT,R,upper,Grand Isle,,,,unmatched,,,,
ocd-person/599c54f9-34b6-4e31-bb50-e36708c3509b,Pattie McCoy,VT,R,lower,Rutland-1,0.931,0.2672,2022,matched,,,0.2672,
ocd-person/7d3fc311-0a19-48c1-a1ff-d8e27f521479,Penny Demar,VT,R,lower,Franklin-7,2.025,0.0,2022,matched,,,0.0,
ocd-person/842ac286-38fb-428e-af54-1176d06b6144,Peter Conlon,VT,D,lower,Addison-2,-0.979,0.7448,2022,matched,,,0.7448,
ocd-person/ba794ad6-45fa-40cc-8642-55e759a94d71,Phil Baruth,VT,D,upper,Chittenden Central,-0.754,0.6885,2022,matched,,,0.6885,
ocd-person/424e2c2d-e874-444f-8a1e-e64e2be1b001,Phil Pouech,VT,D,lower,Chittenden-4,-1.016,0.754,2022,matched,,,0.754,
ocd-person/e8028cf6-fe46-49bf-b8fc-6c9bcd1fa020,Randy Brock,VT,R,upper,Franklin,0.84,0.29,2022,matched,,,0.29,
ocd-person/610c8e4d-f0c3-4792-a5b6-f935eddc8960,Rebecca Holcombe,VT,D,lower,Windsor-Orange-2,-0.823,0.7057,2022,matched,,,0.7057,
ocd-person/9fdba4e0-d367-4fd1-86d6-815042abd075,Rey Garofano,VT,D,lower,Chittenden-23,-0.942,0.7355,2022,matched,,,0.7355,
ocd-person/e997532b-9034-4d46-8c99-c92d763d8d0e,Richard Bailey,VT,R,lower,Lamoille-2,1.301,0.1748,2022,matched,,,0.1748,
ocd-person/5a58d1ac-7e52-457a-b6f4-c46a46d073e2,Richard Nelson,VT,R,lower,Orleans-1,1.691,0.0772,2020,matched,,,0.0772,
ocd-person/9a4f5d0d-7c71-4f80-bcf0-da9b4882d0d7,Richard Westman,VT,R,upper,Lamoille,1.052,0.237,2020,matched,,,0.237,
ocd-person/c6250393-5afe-4ded-9b4e-0c04921077f0,Rob Hunter,VT,D,lower,Bennington-4,,,,unmatched,,,,
ocd-person/825c4e6c-76c1-4c0c-85af-48be726a9108,Rob North,VT,R,lower,Addison-3,1.63,0.0925,2022,matched,,,0.0925,
ocd-person/aabafc36-7412-443d-9fbb-f94ed291dcf7,Rob Plunkett,VT,D,upper,Bennington,,,,unmatched,,,,
ocd-person/b463b201-086b-4f98-ab96-75a136e8be35,Robin Scheu,VT,D,lower,Addison-1,-0.873,0.7183,2022,matched,,,0.7183,
ocd-person/ec8b2fa8-32e3-43ef-a8e9-101958b5d652,Russ Ingalls,VT,R,upper,Essex,2.014,0.0,2022,matched,,,0.0,
ocd-person/84f2c6bd-5fe7-486c-b2ad-555bf69654e8,Ruth Hardy,VT,D,upper,Addison,-0.623,0.6558,2022,matched,,,0.6558,
ocd-person/a7824782-070e-47c0-992e-2a508f3da243,Sam Douglass,VT,R,upper,Orleans,,,,unmatched,,,,
ocd-person/86633f19-1d0c-437d-93b8-e715452c0d2c,Sandy Pinsonault,VT,R,lower,Bennington-Rutland,,,,unmatched,,,,
ocd-person/19d6cf01-f77c-4db7-8765-af838a00bc75,Sarah L. Copeland Hanzas,VT,D,executive,,,,,unmatched,,,,
ocd-person/c028faa3-479d-440c-b2a5-e4320933c10f,Sarita Austin,VT,D,lower,Chittenden-19,-1.037,0.7592,2022,matched,,,0.7592,
ocd-person/4d7ff594-22ad-4a37-b2ed-2190c6be9e54,Saudia Lamont,VT,D,lower,Lamoille-Washington,-0.987,0.7468,2022,matched,,,0.7468,
ocd-person/d626c3d1-769d-456c-a073-f1efb326fe1d,Scott Beck,VT,R,upper,Caledonia,,,,unmatched,,,,
ocd-person/b64a9bcc-5c1d-4e8b-931f-81f89ea5137e,Scott Campbell,VT,D,lower,Caledonia-Essex,-0.977,0.7442,2018,matched,,,0.7442,
ocd-person/28f82298-2bd5-4f82-9e4a-3e2261f0062c,Seth Bongartz,VT,D,upper,Bennington,,,,unmatched,,,,
ocd-person/e9419bea-beed-4507-bb1d-250a32ea800f,Shawn Sweeney,VT,D,lower,Chittenden-7,,,,unmatched,,,,
ocd-person/0eb14129-49c2-4e33-9abd-34c8802958f1,Steven Heffernan,VT,R,upper,Addison,,,,unmatched,,,,
ocd-person/3c832fcc-6a3b-415d-9db8-25b87719082c,Tanya Vyhovsky,VT,D,upper,Chittenden Central,-1.005,0.7512,2022,matched,,,0.7512,
ocd-person/c3b31012-c199-42a6-8256-29f07de76343,Teddy Waszazak,VT,D,lower,Washington-3,,,,unmatched,,,,
ocd-person/ba524e3d-a578-4498-8226-6e947840c69f,Terry Williams,VT,R,upper,Rutland,1.595,0.1013,2022,matched,,,0.1013,
ocd-person/f68d3f17-24ca-4b87-8837-6a30737d21d8,Theresa Wood,VT,D,lower,Washington-Chittenden,-0.965,0.7412,2022,matched,,,0.7412,
ocd-person/c3b03c7d-9be1-4da5-994a-aa2980ae35b1,Thomas Chittenden,VT,D,upper,Chittenden Southeast,-0.505,0.6262,2022,matched,,,0.6262,
ocd-person/8210ead4-c6b3-4316-ab90-7564b9f23cdb,Tiff Bluemle,VT,D,lower,Chittenden-13,-0.638,0.6595,2022,matched,,,0.6595,
ocd-person/bd42ebbc-3e03-4929-bbd8-f2fe5141d604,Timothy Corcoran,VT,D,lower,Bennington-2,,,,unmatched,,,,
ocd-person/81ee4925-031e-4d85-b35b-6561eefa9d24,Todd Nielsen,VT,R,lower,Rutland-9,,,,unmatched,,,,
ocd-person/68d53f5e-f99c-4167-9dff-3c802fc6e857,Tom Burditt,VT,R,lower,Rutland-2,1.375,0.1562,2018,matched,,,0.1562,
ocd-person/21e8e7da-7b5c-4ca1-aa06-3dd53ca5c4a5,Tom Charlton,VT,R,lower,Windsor-Windham,,,,unmatched,,,,
ocd-person/fe8a848a-09ff-4cca-b3b7-5f7c2750556f,Tom Oliver,VT,R,lower,Franklin-4,,,,unmatched,,,,
ocd-person/0acb9a2c-6cbb-44b3-828c-4c7ad3fd8ce6,Tom Stevens,VT,D,lower,Washington-Chittenden,-0.82,0.705,2022,matched,,,0.705,
ocd-person/9a5bf877-6bb2-4135-a3de-fc344e84c1c6,Tony Micklus,VT,R,lower,Chittenden-Franklin,,,,unmatched,,,,
ocd-person/a7c7d0f6-8795-4f50-928b-15b6c3831ac4,Topper McFaun,VT,R,lower,Washington-Orange,0.85,0.2875,2022,matched,,,0.2875,
ocd-person/7e019459-6d2e-4c45-8092-72cb8334bf25,Trevor Squirrell,VT,D,lower,Chittenden-3,-1.145,0.7863,2020,matched,,,0.7863,
ocd-person/4da3dea2-48bb-4162-a1a5-ff0525f7cbf6,Troy Headrick,VT,I,lower,Chittenden-15,-0.959,0.7398,2022,matched,,,0.7398,
ocd-person/72cf372e-7fd5-40f8-bd04-ccd85fe57e5e,V.L. Coffin,VT,R,lower,Windsor-2,,,,unmatched,,,,
ocd-person/1ae38fee-1328-4298-aa0a-11b5d0265730,Wayne Laroche,VT,R,lower,Franklin-5,1.112,0.222,2022,matched,,,0.222,
ocd-person/a4282454-4b00-4795-b2b8-ca37f4ce6979,Wendy Critchlow,VT,D,lower,Chittenden-19,,,,unmatched,,,,
ocd-person/5d4b135e-4bed-4f7f-960a-250691fca6a8,Wendy Harrison,VT,D,upper,Windham,-0.892,0.723,2022,matched,,,0.723,
ocd-person/207d01c5-2277-4f1d-9373-66722cfd3f8b,Will Greer,VT,D,lower,Bennington-2,,,,unmatched,,,,
ocd-person/0c2d8e34-55f1-4b34-a6a3-bd7708d2578c,Woody Page,VT,R,lower,Orleans-2,0.86,0.285,2018,matched,,,0.285,
ocd-person/55538705-111f-48b3-9495-7877bbecb1f3,Zak Harvey,VT,R,lower,Rutland-3,,,,unmatched,,,,
ocd-person/70f4c8cf-b715-484a-a7d1-f02508f7a3b7,Zon Eastes,VT,D,lower,Windham-1,,,,unmatched,,,,
ocd-person/4a329580-86d3-4db3-915e-9f1af71e0a5a,Aaron Rouse,VA,D,upper,22,,,,unmatched,,,,
ocd-person/d0de7acb-ce8d-4bb2-b6e5-99cefe5e76a6,Adele McClure,VA,D,lower,2,,,,unmatched,,,,
ocd-person/3a48fc34-a650-4fd5-acea-e703e2b8de90,Alex Askew,VA,D,lower,95,-0.894,0.7235,2022,matched,,,0.7235,
ocd-person/ed935430-db59-4962-91f7-c0eeca2ef8e2,Alfonso Lopez,VA,D,lower,3,-0.996,0.749,2022,matched,,,0.749,
ocd-person/7e0776e4-a915-4758-a7b3-70ca42ce3fe4,Amy Laufer,VA,D,lower,55,,,,unmatched,,,,
ocd-person/7517f920-b2ba-4759-a80a-246816ebb09b,Andrew Rice,VA,R,lower,98,,,,unmatched,,,,
ocd-person/f747c790-f609-4da1-b125-73f1807e1430,Angelia Graves,VA,D,upper,21,,,,unmatched,,,,
ocd-person/9fd6fbd7-5e4e-4426-9d5a-43173ab01489,Anne Ferrell Tata,VA,R,lower,99,1.121,0.2198,2022,matched,,,0.2198,
ocd-person/38f25fcb-2f54-411a-84d5-2d1f748d4183,Atoosa Reaser,VA,D,lower,27,,,,unmatched,,,,
ocd-person/72ecc30c-7175-4aef-9762-fda3ba5b451e,Barbara Favola,VA,D,upper,40,-0.734,0.6835,2022,matched,,,0.6835,
ocd-person/a6f78488-1c78-4409-8c4a-bf0d0920e852,Betsy Carr,VA,D,lower,78,-0.819,0.7047,2022,matched,,,0.7047,
ocd-person/ec14a514-ce1c-4fba-b053-fcf133793445,Bill DeSteph,VA,R,upper,20,1.087,0.2283,2022,matched,,,0.2283,
ocd-person/eacc546e-93d4-4189-92fb-8c969b1b545c,Bill Stanley,VA,R,upper,7,1.078,0.2305,2022,matched,,,0.2305,
ocd-person/ec0c5f08-2974-4f9c-896c-34c9d5d33fac,Bill Wiley,VA,R,lower,32,1.095,0.2263,2022,matched,,,0.2263,
ocd-person/725be36e-2485-4f9f-a15f-86c574cc8d4b,Bonita Anthony,VA,D,lower,92,,,,unmatched,,,,
ocd-person/23775904-887c-4a2c-9424-0683608193ba,Briana Sewell,VA,D,lower,25,-0.834,0.7085,2022,matched,,,0.7085,
ocd-person/adb58f21-f2fd-4830-85b6-f490b0867d14,Bryce Reeves,VA,R,upper,28,1.166,0.2085,2022,matched,,,0.2085,
ocd-person/e2ce02ec-6a92-435d-8ae2-bead5abe5ace,Buddy Fowler,VA,R,lower,59,1.149,0.2127,2022,matched,,,0.2127,
ocd-person/2bb39b59-47d3-4e05-aa76-fc0df791faa7,Charlie Schmidt,VA,D,lower,77,,,,unmatched,,,,
ocd-person/a0b9b444-ee25-48a1-ab61-cf0be462e89d,Charniele Herring,VA,D,lower,4,-0.879,0.7198,2022,matched,,,0.7198,
ocd-person/3a8cbf64-e1b7-43b6-ade9-57808519405a,Chris Head,VA,R,upper,3,,,,unmatched,,,,
ocd-person/bbb38d6c-3b3d-4ce8-bb2f-3d9346ff86f7,Chris Runion,VA,R,lower,35,1.12,0.22,2022,matched,,,0.22,
ocd-person/f17d0fd9-266c-4192-af9b-2cf9a621867a,Christie Craig,VA,R,upper,19,,,,unmatched,,,,
ocd-person/58b46062-f618-4b27-b0ec-3bbb57db839b,Cia Price,VA,D,lower,85,-0.813,0.7032,2022,matched,,,0.7032,
ocd-person/77b071e3-b8fa-4455-b2e6-3d487a8145c8,Cliff Hayes,VA,D,lower,91,-0.798,0.6995,2022,matched,,,0.6995,
ocd-person/ad107e73-7e1e-45dd-ab19-52005a0b948c,Creigh Deeds,VA,D,upper,11,-0.721,0.6803,2022,matched,,,0.6803,
ocd-person/5e5e025d-7e50-4c2f-ba81-720f19aa0d81,Dan Helmer,VA,D,lower,10,-0.827,0.7067,2022,matched,,,0.7067,
ocd-person/3a2855f7-5ff7-4c5e-9d28-803d99f19d3f,Danica Roem,VA,D,upper,30,,,,unmatched,,,,
ocd-person/ebdc449e-b987-4c44-895b-5047e343c0a0,Danny Diggs,VA,R,upper,24,,,,unmatched,,,,
ocd-person/22817a2c-911a-458a-b2a6-b7f237ef68f0,Dave Marsden,VA,D,upper,35,-0.802,0.7005,2022,matched,,,0.7005,
ocd-person/0258144f-e8e8-4710-a80c-362f2077f57b,David Reid,VA,D,lower,28,-0.524,0.631,2022,matched,,,0.631,
ocd-person/73e0de29-93b1-4c5c-af72-6c4a3d3950bd,David Suetterlein,VA,R,upper,4,1.18,0.205,2022,matched,,,0.205,
ocd-person/28a2a753-16db-4236-baf0-398c0cafa259,Debra Gardner,VA,D,lower,76,-0.919,0.7298,2022,matched,,,0.7298,
ocd-person/4ae07d5d-1da3-4370-b796-7698013ca994,Delores McQuinn,VA,D,lower,81,-0.778,0.6945,2022,matched,,,0.6945,
ocd-person/aabaa796-77f3-4b39-a626-ae05944ec484,Delores Oates,VA,R,lower,31,,,,unmatched,,,,
ocd-person/43d936f6-2ae8-42fe-a9a9-a4f139842afa,Destiny LeVere Bolling,VA,D,lower,80,,,,unmatched,,,,
ocd-person/f8cafb3b-ed12-40e9-b062-318790434179,Don Scott,VA,D,lower,88,-0.755,0.6887,2022,matched,,,0.6887,
ocd-person/c3b0c2fc-c7bf-45f8-8ee3-50d5a57bad08,Elizabeth Bennett-Parker,VA,D,upper,39,,,,unmatched,,,,
ocd-person/318cc276-b981-4744-82ff-1c7cc7d0c0b6,Ellen McLaughlin,VA,R,lower,36,,,,unmatched,,,,
ocd-person/f1a906cd-6602-492c-88dc-61887401c346,Emily Jordan,VA,R,upper,17,,,,unmatched,,,,
ocd-person/704cecad-ef53-44e4-ad55-6c7a7e385e5c,Eric Phillips,VA,R,lower,48,,,,unmatched,,,,
ocd-person/0bd1b9d6-e02e-4cb4-91c8-c87466ebf1db,Eric Zehr,VA,R,lower,51,,,,unmatched,,,,
ocd-person/418a32b0-5822-4673-9293-e8363038805b,Garrett McGuire,VA,D,lower,17,1.368,0.158,2022,matched,,,0.158,
ocd-person/2ae6c10e-e6d0-4033-927f-0b067b2ba0fc,Ghazala Hashmi,VA,D,executive,,,,,unmatched,,,,
ocd-person/815f7b31-d344-481a-9922-ad77d16b808a,Glen Sturtevant,VA,R,upper,12,1.148,0.213,2020,matched,,,0.213,
ocd-person/b151be46-5943-466a-afc5-93355840fe90,Gretchen Bulova,VA,D,lower,11,-0.761,0.6903,2022,matched,,,0.6903,
ocd-person/ec11a019-459d-4184-b0d7-8e88ab5f7dd6,Hillary Pugh Kent,VA,R,lower,67,,,,unmatched,,,,
ocd-person/745d2197-96c4-4e10-be1d-19f70c35f541,Holly Seibold,VA,D,lower,12,,,,unmatched,,,,
ocd-person/3f02dc5d-5107-4620-add7-c32a2ea8bf44,Irene Shin,VA,D,lower,8,-0.934,0.7335,2022,matched,,,0.7335,
ocd-person/4524f0db-f682-4b90-9cd5-628eb1d16ca7,Israel O'Quinn,VA,R,lower,44,1.09,0.2275,2022,matched,,,0.2275,
ocd-person/837c9441-c0d2-497e-80e9-955bf152831b,J.J. Singh,VA,D,lower,26,,,,unmatched,,,,
ocd-person/892b7901-d71e-4d8b-b8d0-9034a3d4a066,J.R. Henson,VA,D,lower,19,,,,unmatched,,,,
ocd-person/dae8ce89-647a-407a-9550-60c404a89e29,Jackie Glass,VA,D,lower,93,,,,unmatched,,,,
ocd-person/80c98569-2ce0-44e9-8cf4-632f2dce684c,Jason Ballard,VA,R,lower,42,1.067,0.2333,2022,matched,,,0.2333,
ocd-person/a551cb4b-014c-4423-a9d7-7a35cc0c7bdd,Jay Leftwich,VA,R,lower,90,1.11,0.2225,2022,matched,,,0.2225,
ocd-person/f3e15ab0-8419-43c2-ab7a-f3984419d1eb,Jeion Ward,VA,D,lower,87,-0.782,0.6955,2022,matched,,,0.6955,
ocd-person/27eeaa71-8938-412b-90ce-f83370824485,Jennifer Boysko,VA,D,upper,38,-0.792,0.698,2022,matched,,,0.698,
ocd-person/32dae8e8-9901-4705-b012-f8ce186f8403,Jennifer Carroll Foy,VA,D,upper,33,,,,unmatched,,,,
ocd-person/500ff29f-8ae7-4886-93ec-eec1ad91d299,Jeremy McPike,VA,D,upper,29,-0.816,0.704,2022,matched,,,0.704,
ocd-person/7ef2fdd9-b55d-4ab4-83ea-17c47c2e5227,"Jerrauld C. ""Jay"" Jones",VA,D,executive,,,,,unmatched,,,,
ocd-person/f2a47eb9-0839-48e8-baf2-c2d638bf380b,Jessica Anderson,VA,D,lower,71,1.09,0.2275,2022,matched,,,0.2275,
ocd-person/a0178eeb-c6bb-4e20-9024-f859d4780be6,Joe McNamara,VA,R,lower,40,1.147,0.2132,2022,matched,,,0.2132,
ocd-person/fef2f7f3-d388-4bf6-818f-6a58ae193721,John McAuliff,VA,D,lower,30,,,,unmatched,,,,
ocd-person/986f0601-025b-4fa7-acda-b2d3c2280784,Josh Cole,VA,D,lower,65,-0.912,0.728,2022,matched,,,0.728,
ocd-person/b6db5cc9-d9d3-4cbd-9532-6126a47c2ab3,Josh Thomas,VA,D,lower,21,1.072,0.232,2020,matched,,,0.232,
ocd-person/ee82c166-4df9-4e98-8399-1e10d48dcd06,Justin Pence,VA,R,lower,33,,,,unmatched,,,,
ocd-person/aeba499e-3396-4787-bd81-e9b16a8898f7,Kacey Carnegie,VA,D,lower,89,,,,unmatched,,,,
ocd-person/eb7a5152-f275-4dfe-a303-742f7218fb27,Kannan Srinivasan,VA,D,upper,32,,,,unmatched,,,,
ocd-person/b209f24e-0f1f-4f80-b2d9-1c05ee94ba4e,Karen Hamilton,VA,R,lower,62,1.393,0.1517,2022,matched,,,0.1517,
ocd-person/7c045b50-e18d-422e-b87f-26eb7b61d651,Karen Keys-Gamarra,VA,D,lower,7,,,,unmatched,,,,
ocd-person/7ec1cbe4-667d-4dbb-a840-459449ccd5df,Karrie Delaney,VA,D,lower,9,-0.894,0.7235,2022,matched,,,0.7235,
ocd-person/ddba8b1b-8a1d-42c2-aba5-adc1331ee6f1,Kathy Tran,VA,D,lower,18,-0.872,0.718,2022,matched,,,0.718,
ocd-person/d0263d88-91b1-414d-b58b-1ff0523f75ec,Katrina Callsen,VA,D,lower,54,,,,unmatched,,,,
ocd-person/06c0d909-22c8-4d71-9b6c-cc363a0c9553,Keith Hodges,VA,R,lower,68,1.072,0.232,2022,matched,,,0.232,
ocd-person/bf558d98-23da-41c4-8ae2-4dc45631808c,Kelly Fowler,VA,D,lower,96,-0.884,0.721,2018,matched,,,0.721,
ocd-person/9f8c35c8-2a50-407f-815a-603b9c9d8bad,Kim Adams,VA,D,lower,82,1.097,0.2258,2022,matched,,,0.2258,
ocd-person/b0a785c3-d317-455f-9d0e-ab08a727e44f,Kirk McPike,VA,D,lower,5,,,,unmatched,,,,
ocd-person/fa49c701-d235-4f56-b9af-b772dec36d02,Lamont Bagby,VA,D,upper,14,,,,unmatched,,,,
ocd-person/448bfee3-3314-4608-8531-811fdf9d0c23,Lashrecse Aird,VA,D,upper,13,,,,unmatched,,,,
ocd-person/6840c55c-6496-44ce-8a60-3288e222ddc0,Laura Jane Cohen,VA,D,lower,15,,,,unmatched,,,,
ocd-person/865dace5-518d-4f4f-b393-c197064affe6,Lee Ware,VA,R,lower,72,1.03,0.2425,2022,matched,,,0.2425,
ocd-person/9c41c70b-7162-48e5-a868-aca213cf8f6d,Leslie Mehta,VA,D,lower,73,-0.964,0.741,2022,matched,,,0.741,
ocd-person/ae28ba3f-6c53-463c-ac43-a5549ef51d48,Lily Franklin,VA,D,lower,41,,,,unmatched,,,,
ocd-person/1084ab28-a14a-4814-8501-96cfd1b17d1d,Lindsey Dougherty,VA,D,lower,75,-0.865,0.7163,2020,matched,,,0.7163,
ocd-person/34c31079-0077-4ce5-9985-d0f2a95a12a7,Liz Guzmán,VA,D,lower,22,,,,unmatched,,,,
ocd-person/5be2e2f9-b644-4fb4-bfbf-d4c38e858ee2,Louise Lucas,VA,D,upper,18,-0.832,0.708,2022,matched,,,0.708,
ocd-person/44ebbeab-055c-402b-a56e-bb7487d0da62,Luke Torian,VA,D,lower,24,-0.7,0.675,2022,matched,,,0.675,
ocd-person/e58b604d-0c92-489e-8d03-7d0126d07eeb,Luther Cifers,VA,R,upper,10,,,,unmatched,,,,
ocd-person/b448d4e4-ec11-452e-ae35-2bffc0662f75,Madison Whittle,VA,R,lower,49,,,,unmatched,,,,
ocd-person/48911708-f8c9-4fa5-bf7c-7d035b08874e,Mamie Locke,VA,D,upper,23,-0.735,0.6837,2022,matched,,,0.6837,
ocd-person/ca122856-dfc5-4ba1-84bb-48fdcf7a36f5,Marcus Simon,VA,D,lower,13,-0.908,0.727,2022,matched,,,0.727,
ocd-person/71c20dff-ae7b-4799-bd80-7e0c03c402fc,Margaret Franklin,VA,D,lower,23,,,,unmatched,,,,
ocd-person/3ae2755c-8274-4d09-bad4-243275577ba2,Mark Downey,VA,D,lower,69,-0.904,0.726,2022,matched,,,0.726,
ocd-person/b5ce9d0e-c76e-4424-bb84-57ceb335dc52,Mark Obenshain,VA,R,upper,2,1.108,0.223,2022,matched,,,0.223,
ocd-person/e4396bfa-d22d-457e-b79a-f4bc36046a08,Mark Peake,VA,R,upper,8,1.102,0.2245,2022,matched,,,0.2245,
ocd-person/beaab5ae-3e8d-4c12-b388-a59cdc467771,Marty Martinez,VA,D,lower,29,,,,unmatched,,,,
ocd-person/50a18b88-f257-4234-920f-cfa531a28be4,May Nivar,VA,D,lower,57,,,,unmatched,,,,
ocd-person/cbf3268e-ced2-4aad-8ed1-18e4f37534ec,Michael Feggans,VA,D,lower,97,,,,unmatched,,,,
ocd-person/47e6d456-740e-4707-ae93-4b6efe8c0ce1,Michelle Maldonado,VA,D,lower,20,,,,unmatched,,,,
ocd-person/32b96a0d-662a-4c8f-9b2b-f86365640624,Mike Cherry,VA,R,lower,74,1.264,0.184,2022,matched,,,0.184,
ocd-person/3ceca66a-bf31-47c8-a1a6-e2f789b41be3,Mike Jones,VA,D,upper,15,-1.022,0.7555,2020,matched,,,0.7555,
ocd-person/bf425b62-d078-45bd-957c-baceb4bfad1b,Mike Webert,VA,R,lower,61,1.061,0.2348,2022,matched,,,0.2348,
ocd-person/e766f1e0-8651-4cc2-a394-904fa6f3aea0,Mitchell Cornett,VA,R,lower,46,,,,unmatched,,,,
ocd-person/a7fd18db-f30c-45c6-aa90-bdb6f2ce412b,Nadarius Clark,VA,D,lower,84,-0.792,0.698,2022,matched,,,0.698,
ocd-person/f09abfed-0fb2-4ef3-966c-4cc0246b701d,Nicole Cole,VA,D,lower,66,1.012,0.247,2022,matched,,,0.247,
ocd-person/496f9aa1-91ba-4386-9530-f52ea56e17bf,Otto Wachsmann,VA,R,lower,83,1.103,0.2243,2022,matched,,,0.2243,
ocd-person/c10414ad-5251-4fba-8ad9-a541311f2b9f,Patrick Hope,VA,D,lower,1,-0.821,0.7052,2022,matched,,,0.7052,
ocd-person/d90e6a36-4464-4481-b00d-74ed9964d45e,Paul Krizek,VA,D,lower,16,-0.806,0.7015,2022,matched,,,0.7015,
ocd-person/bbd31428-1b2b-48c6-aa76-cb785e91ca8f,Phil Hernandez,VA,D,lower,94,-0.894,0.7235,2020,matched,,,0.7235,
ocd-person/6a07d7b6-a4b4-42f8-9a06-6a860249f5b9,Phil Scott,VA,R,lower,63,1.216,0.196,2022,matched,,,0.196,
ocd-person/359eaeba-903c-42b4-b9e3-5c5b4e9d721d,Rae Cousins,VA,D,lower,79,,,,unmatched,,,,
ocd-person/52e67ab6-2039-458e-b7a8-9bb5f3694e11,Richard Stuart,VA,R,upper,25,1.041,0.2398,2022,matched,,,0.2398,
ocd-person/658209cc-5e85-4c57-aa94-878089f3d816,Rip Sullivan,VA,D,lower,6,-0.777,0.6943,2022,matched,,,0.6943,
ocd-person/10868c64-b4b8-41ca-90ac-a981f9fa47ff,Rob Bloxom,VA,R,lower,100,1.05,0.2375,2022,matched,,,0.2375,
ocd-person/8ec90d7b-fd5f-4157-b779-1979e7a54e76,Rod Willett,VA,D,lower,58,-0.901,0.7252,2022,matched,,,0.7252,
ocd-person/bf0211bf-d8ac-4343-bcd8-181e2d2e58a6,Russet Perry,VA,D,upper,31,,,,unmatched,,,,
ocd-person/995be769-49d1-40b6-8177-e8ee31087af1,Ryan McDougle,VA,R,upper,26,1.032,0.242,2022,matched,,,0.242,
ocd-person/8a50ceeb-1ded-4586-a04a-19115fddc3c5,Saddam Salim,VA,D,upper,37,,,,unmatched,,,,
ocd-person/6ab67007-e48a-4048-bb7b-20a608a88f77,Sam Rasoul,VA,D,lower,38,-0.864,0.716,2020,matched,,,0.716,
ocd-person/aec7ee58-7da0-41e1-88d0-5c9e68737a0f,Schuyler VanValkenburg,VA,D,upper,16,,,,unmatched,,,,
ocd-person/50a6c704-2ba7-4ecc-a24c-8f55b400709b,Scott Surovell,VA,D,upper,34,-0.791,0.6977,2022,matched,,,0.6977,
ocd-person/2a831795-d6fc-4635-88bf-4fd5f72ab1e7,Scott Wyatt,VA,R,lower,60,1.158,0.2105,2022,matched,,,0.2105,
ocd-person/8329b3a6-9d6f-427e-9342-e53277e7c6ff,Shelly Simonds,VA,D,lower,70,-0.992,0.748,2022,matched,,,0.748,
ocd-person/4caa245e-038f-4a7f-8cb3-ecd9da716885,Stacey Carroll,VA,D,lower,64,,,,unmatched,,,,
ocd-person/138f964d-7137-487b-96d6-ad836b67db83,Stella Pekarsky,VA,D,upper,36,,,,unmatched,,,,
ocd-person/c3391ffd-a783-4d34-81ca-ecad4cd6d16a,Tammy Mulchi,VA,R,upper,9,,,,unmatched,,,,
ocd-person/e142c869-a7a9-411a-8d73-563403f6ddd4,Tara Durant,VA,R,upper,27,,,,unmatched,,,,
ocd-person/cb9573ab-1bf6-45d5-a8d7-476d7bed94a8,Terry Austin,VA,R,lower,37,1.072,0.232,2022,matched,,,0.232,
ocd-person/9303514b-3bce-4ddc-87d2-17a6ba4d6194,Terry Kilgore,VA,R,lower,45,1.022,0.2445,2022,matched,,,0.2445,
ocd-person/d112b6c3-e52f-4da4-a6fe-5866bf3f6799,Tim Griffin,VA,R,lower,53,,,,unmatched,,,,
ocd-person/ba57d68e-01e5-46ed-b305-ec08dece665b,Timmy French,VA,R,upper,1,,,,unmatched,,,,
ocd-person/0d2983ef-93a5-4d84-9fa3-2c796024562a,Todd Pillion,VA,R,upper,6,1.089,0.2278,2022,matched,,,0.2278,
ocd-person/0bba07ba-7713-4ca7-8f44-699c832e0d2a,Tom Garrett,VA,R,lower,56,1.148,0.213,2020,matched,,,0.213,
ocd-person/894118dd-1470-48b7-b84b-831ddba58e1b,Tommy Wright,VA,R,lower,50,1.077,0.2308,2022,matched,,,0.2308,
ocd-person/94fa59c7-00b0-4e15-9887-8af534217476,Tony Wilt,VA,R,lower,34,1.105,0.2238,2022,matched,,,0.2238,
ocd-person/3605a4dd-d800-4820-a50c-6cd3b0ab4511,Travis Hackworth,VA,R,upper,5,1.127,0.2182,2022,matched,,,0.2182,
ocd-person/63c0c8ef-ded6-406e-9d5d-a114fa35e26a,Virgil Thornton,VA,D,lower,86,,,,unmatched,,,,
ocd-person/b251a648-d2d3-4799-8213-e803fed621de,Vivian Watts,VA,D,lower,14,-0.737,0.6843,2022,matched,,,0.6843,
ocd-person/18756686-0b6c-4a7d-ade9-db2cafcac870,Wendell Walker,VA,R,lower,52,1.115,0.2213,2022,matched,,,0.2213,
ocd-person/53937ad8-9c5b-4493-95fc-a18565577dd8,Will Davis,VA,R,lower,39,1.002,0.2495,2020,matched,,,0.2495,
ocd-person/0f77b7d1-a89e-41cd-ae83-28d267dab0e2,Will Morefield,VA,R,lower,43,1.116,0.221,2022,matched,,,0.221,
ocd-person/d3a4b614-4a6f-4b38-b3cc-8990f0f7d4d3,Wren Williams,VA,R,lower,47,1.104,0.224,2022,matched,,,0.224,
